sensor_id,date,pm25_b1,aqi_b2,pm25_b2,area,batch,stuck,pm25,pm25_source,n_valid
S01,2026-07-01,46.9,129.0,46.87142857142857,Gulberg,batch_1,False,46.9,batch_1,2
S01,2026-07-02,49.4,135.0,49.30816326530612,Gulberg,batch_1,False,49.4,batch_1,2
S01,2026-07-03,72.4,160.0,72.93061224489796,Gulberg,batch_1,False,72.4,batch_1,2
S01,2026-07-04,40.6,113.0,40.3734693877551,Gulberg,batch_1,False,40.6,batch_1,2
S01,2026-07-05,44.0,122.0,44.028571428571425,Gulberg,batch_1,False,44.0,batch_1,2
S01,2026-07-06,23.0,74.0,23.03673469387755,Gulberg,batch_1,False,23.0,batch_1,2
S01,2026-07-07,81.5,164.0,80.67755102040816,Gulberg,batch_1,False,81.5,batch_1,2
S01,2026-07-08,62.3,155.0,63.2469387755102,Gulberg,batch_1,False,62.3,batch_1,2
S01,2026-07-09,57.2,152.0,57.436734693877554,Gulberg,batch_1,False,57.2,batch_1,2
S01,2026-07-10,77.8,163.0,78.74081632653062,Gulberg,batch_1,False,77.8,batch_1,2
S01,2026-07-11,50.4,138.0,50.5265306122449,Gulberg,batch_1,False,50.4,batch_1,2
S01,2026-07-12,178.9,229.0,178.75454545454545,Gulberg,batch_1,False,178.9,batch_1,2
S01,2026-07-13,62.4,155.0,63.2469387755102,Gulberg,batch_1,False,62.4,batch_1,2
S01,2026-07-14,40.0,112.0,39.967346938775506,Gulberg,batch_1,False,40.0,batch_1,2
S01,2026-07-15,45.5,126.0,45.6530612244898,Gulberg,batch_1,False,45.5,batch_1,2
S01,2026-07-16,70.6,159.0,70.9938775510204,Gulberg,batch_1,False,70.6,batch_1,2
S01,2026-07-17,79.2,163.0,78.74081632653062,Gulberg,batch_1,False,79.2,batch_1,2
S01,2026-07-18,68.6,158.0,69.05714285714286,Gulberg,batch_1,False,68.6,batch_1,2
S01,2026-07-19,58.8,153.0,59.3734693877551,Gulberg,batch_1,False,58.8,batch_1,2
S01,2026-07-20,52.8,144.0,52.96326530612245,Gulberg,batch_1,False,52.8,batch_1,2
S01,2026-07-21,52.9,144.0,52.96326530612245,Gulberg,batch_1,False,52.9,batch_1,2
S01,2026-07-22,78.0,163.0,78.74081632653062,Gulberg,batch_1,False,78.0,batch_1,2
S01,2026-07-23,76.0,162.0,76.80408163265307,Gulberg,batch_1,False,76.0,batch_1,2
S01,2026-07-24,69.6,158.0,69.05714285714286,Gulberg,batch_1,False,69.6,batch_1,2
S01,2026-07-25,181.2,231.0,180.77272727272728,Gulberg,batch_1,False,181.2,batch_1,2
S01,2026-07-26,71.3,159.0,70.9938775510204,Gulberg,batch_1,False,71.3,batch_1,2
S01,2026-07-27,71.0,159.0,70.9938775510204,Gulberg,batch_1,False,71.0,batch_1,2
S01,2026-07-28,71.4,159.0,70.9938775510204,Gulberg,batch_1,False,71.4,batch_1,2
S01,2026-07-29,51.0,139.0,50.932653061224485,Gulberg,batch_1,False,51.0,batch_1,2
S01,2026-07-30,89.1,168.0,88.42448979591836,Gulberg,batch_1,False,89.1,batch_1,2
S01,2026-07-31,92.2,170.0,92.29795918367347,Gulberg,batch_1,False,92.2,batch_1,2
S01,2026-08-01,63.5,155.0,63.2469387755102,Gulberg,batch_1,False,63.5,batch_1,2
S01,2026-08-02,55.4,151.0,55.5,Gulberg,batch_1,False,55.4,batch_1,2
S01,2026-08-03,63.2,155.0,63.2469387755102,Gulberg,batch_1,False,63.2,batch_1,2
S01,2026-08-04,84.1,166.0,84.55102040816327,Gulberg,batch_1,False,84.1,batch_1,2
S01,2026-08-05,77.0,162.0,76.80408163265307,Gulberg,batch_1,False,77.0,batch_1,2
S01,2026-08-06,75.0,161.0,74.86734693877551,Gulberg,batch_1,False,75.0,batch_1,2
S01,2026-08-07,189.3,239.0,188.84545454545454,Gulberg,batch_1,False,189.3,batch_1,2
S01,2026-08-08,79.2,163.0,78.74081632653062,Gulberg,batch_1,False,79.2,batch_1,2
S01,2026-08-09,47.9,131.0,47.683673469387756,Gulberg,batch_1,False,47.9,batch_1,2
S01,2026-08-10,85.7,167.0,86.48775510204082,Gulberg,batch_1,False,85.7,batch_1,2
S01,2026-08-11,63.8,155.0,63.2469387755102,Gulberg,batch_1,False,63.8,batch_1,2
S01,2026-08-12,67.1,157.0,67.12040816326531,Gulberg,batch_1,False,67.1,batch_1,2
S01,2026-08-13,77.6,162.0,76.80408163265307,Gulberg,batch_1,False,77.6,batch_1,2
S01,2026-08-14,96.7,172.0,96.17142857142858,Gulberg,batch_1,False,96.7,batch_1,2
S01,2026-08-15,85.9,167.0,86.48775510204082,Gulberg,batch_1,False,85.9,batch_1,2
S01,2026-08-16,76.7,162.0,76.80408163265307,Gulberg,batch_1,False,76.7,batch_1,2
S01,2026-08-17,83.4,165.0,82.61428571428571,Gulberg,batch_1,False,83.4,batch_1,2
S01,2026-08-18,65.4,156.0,65.18367346938776,Gulberg,batch_1,False,65.4,batch_1,2
S01,2026-08-19,76.7,162.0,76.80408163265307,Gulberg,batch_1,False,76.7,batch_1,2
S01,2026-08-20,191.7,242.0,191.87272727272727,Gulberg,batch_1,False,191.7,batch_1,2
S01,2026-08-21,92.7,170.0,92.29795918367347,Gulberg,batch_1,False,92.7,batch_1,2
S01,2026-08-22,81.1,164.0,80.67755102040816,Gulberg,batch_1,False,81.1,batch_1,2
S01,2026-08-23,75.9,162.0,76.80408163265307,Gulberg,batch_1,False,75.9,batch_1,2
S01,2026-08-24,78.2,163.0,78.74081632653062,Gulberg,batch_1,False,78.2,batch_1,2
S01,2026-08-25,53.5,145.0,53.36938775510204,Gulberg,batch_1,False,53.5,batch_1,2
S01,2026-08-26,84.3,166.0,84.55102040816327,Gulberg,batch_1,False,84.3,batch_1,2
S01,2026-08-27,71.2,159.0,70.9938775510204,Gulberg,batch_1,False,71.2,batch_1,2
S01,2026-08-28,94.7,171.0,94.23469387755102,Gulberg,batch_1,False,94.7,batch_1,2
S01,2026-08-29,84.5,166.0,84.55102040816327,Gulberg,batch_1,False,84.5,batch_1,2
S01,2026-08-30,89.0,168.0,88.42448979591836,Gulberg,batch_1,False,89.0,batch_1,2
S01,2026-08-31,76.4,162.0,76.80408163265307,Gulberg,batch_1,False,76.4,batch_1,2
S01,2026-09-01,85.7,167.0,86.48775510204082,Gulberg,batch_1,False,85.7,batch_1,2
S01,2026-09-02,88.3,168.0,88.42448979591836,Gulberg,batch_1,False,88.3,batch_1,2
S01,2026-09-03,85.9,167.0,86.48775510204082,Gulberg,batch_1,False,85.9,batch_1,2
S01,2026-09-04,106.6,177.0,105.85510204081632,Gulberg,batch_1,False,106.6,batch_1,2
S01,2026-09-05,110.4,179.0,109.72857142857143,Gulberg,batch_1,False,110.4,batch_1,2
S01,2026-09-06,103.8,176.0,103.91836734693877,Gulberg,batch_1,False,103.8,batch_1,2
S01,2026-09-07,77.4,162.0,76.80408163265307,Gulberg,batch_1,False,77.4,batch_1,2
S01,2026-09-08,96.5,172.0,96.17142857142858,Gulberg,batch_1,False,96.5,batch_1,2
S01,2026-09-09,213.4,263.0,213.06363636363636,Gulberg,batch_1,False,213.4,batch_1,2
S01,2026-09-10,109.5,179.0,109.72857142857143,Gulberg,batch_1,False,109.5,batch_1,2
S01,2026-09-11,88.4,168.0,88.42448979591836,Gulberg,batch_1,False,88.4,batch_1,2
S01,2026-09-12,103.0,176.0,103.91836734693877,Gulberg,batch_1,False,103.0,batch_1,2
S01,2026-09-13,81.6,164.0,80.67755102040816,Gulberg,batch_1,False,81.6,batch_1,2
S01,2026-09-14,83.3,165.0,82.61428571428571,Gulberg,batch_1,False,83.3,batch_1,2
S01,2026-09-15,99.0,173.0,98.10816326530613,Gulberg,batch_1,False,99.0,batch_1,2
S01,2026-09-16,81.3,164.0,80.67755102040816,Gulberg,batch_1,False,81.3,batch_1,2
S01,2026-09-17,83.6,166.0,84.55102040816327,Gulberg,batch_1,False,83.6,batch_1,2
S01,2026-09-18,107.2,178.0,107.79183673469387,Gulberg,batch_1,False,107.2,batch_1,2
S01,2026-09-19,104.3,176.0,103.91836734693877,Gulberg,batch_1,False,104.3,batch_1,2
S01,2026-09-20,104.2,176.0,103.91836734693877,Gulberg,batch_1,False,104.2,batch_1,2
S01,2026-09-21,97.3,173.0,98.10816326530613,Gulberg,batch_1,False,97.3,batch_1,2
S01,2026-09-22,96.7,172.0,96.17142857142858,Gulberg,batch_1,False,96.7,batch_1,2
S01,2026-09-23,91.8,170.0,92.29795918367347,Gulberg,batch_1,False,91.8,batch_1,2
S01,2026-09-24,109.5,179.0,109.72857142857143,Gulberg,batch_1,False,109.5,batch_1,2
S01,2026-09-25,192.0,242.0,191.87272727272727,Gulberg,batch_1,False,192.0,batch_1,2
S01,2026-09-26,96.5,172.0,96.17142857142858,Gulberg,batch_1,False,96.5,batch_1,2
S01,2026-09-27,111.2,180.0,111.66530612244898,Gulberg,batch_1,False,111.2,batch_1,2
S01,2026-09-28,110.8,180.0,111.66530612244898,Gulberg,batch_1,False,110.8,batch_1,2
S01,2026-09-29,88.0,168.0,88.42448979591836,Gulberg,batch_1,False,88.0,batch_1,2
S01,2026-09-30,90.2,169.0,90.36122448979592,Gulberg,batch_1,False,90.2,batch_1,2
S01,2026-10-01,115.7,182.0,115.53877551020409,Gulberg,batch_1,False,115.7,batch_1,2
S01,2026-10-02,124.0,186.0,123.28571428571429,Gulberg,batch_1,False,124.0,batch_1,2
S01,2026-10-03,92.5,170.0,92.29795918367347,Gulberg,batch_1,False,92.5,batch_1,2
S01,2026-10-04,93.2,170.0,92.29795918367347,Gulberg,batch_1,False,93.2,batch_1,2
S01,2026-10-05,109.3,179.0,109.72857142857143,Gulberg,batch_1,False,109.3,batch_1,2
S01,2026-10-06,97.9,173.0,98.10816326530613,Gulberg,batch_1,False,97.9,batch_1,2
S01,2026-10-07,140.4,195.0,140.71632653061226,Gulberg,batch_1,False,140.4,batch_1,2
S01,2026-10-08,115.6,182.0,115.53877551020409,Gulberg,batch_1,False,115.6,batch_1,2
S01,2026-10-09,213.7,264.0,214.07272727272726,Gulberg,batch_1,False,213.7,batch_1,2
S01,2026-10-10,124.5,,,Gulberg,batch_1,False,124.5,batch_1,1
S01,2026-10-11,229.4,279.0,229.20909090909092,Gulberg,batch_1,False,229.4,batch_1,2
S01,2026-10-12,111.1,180.0,111.66530612244898,Gulberg,batch_1,False,111.1,batch_1,2
S01,2026-10-13,99.2,174.0,100.04489795918369,Gulberg,batch_1,False,99.2,batch_1,2
S01,2026-10-14,120.8,185.0,121.34897959183674,Gulberg,batch_1,False,120.8,batch_1,2
S01,2026-10-15,107.2,178.0,107.79183673469387,Gulberg,batch_1,False,107.2,batch_1,2
S01,2026-10-16,114.2,181.0,113.60204081632654,Gulberg,batch_1,False,114.2,batch_1,2
S01,2026-10-17,124.2,186.0,123.28571428571429,Gulberg,batch_1,False,124.2,batch_1,2
S01,2026-10-18,131.4,190.0,131.0326530612245,Gulberg,batch_1,False,131.4,batch_1,2
S01,2026-10-19,119.1,184.0,119.4122448979592,Gulberg,batch_1,False,119.1,batch_1,2
S01,2026-10-20,109.1,179.0,109.72857142857143,Gulberg,batch_1,False,109.1,batch_1,2
S01,2026-10-21,103.8,,,Gulberg,batch_1,False,103.8,batch_1,1
S01,2026-10-22,138.7,194.0,138.7795918367347,Gulberg,batch_1,False,138.7,batch_1,2
S01,2026-10-23,127.9,188.0,127.15918367346939,Gulberg,batch_1,False,127.9,batch_1,2
S01,2026-10-24,123.5,186.0,123.28571428571429,Gulberg,batch_1,False,123.5,batch_1,2
S01,2026-10-25,131.3,190.0,131.0326530612245,Gulberg,batch_1,False,131.3,batch_1,2
S01,2026-10-26,110.4,179.0,109.72857142857143,Gulberg,batch_1,False,110.4,batch_1,2
S01,2026-10-27,115.2,182.0,115.53877551020409,Gulberg,batch_1,False,115.2,batch_1,2
S01,2026-10-28,121.3,185.0,121.34897959183674,Gulberg,batch_1,False,121.3,batch_1,2
S02,2026-07-01,58.2,152.0,57.436734693877554,DHA,batch_2,False,58.2,batch_1,2
S02,2026-07-02,91.6,170.0,92.29795918367347,DHA,batch_2,False,91.6,batch_1,2
S02,2026-07-03,209.7,260.0,210.03636363636363,DHA,batch_2,False,209.7,batch_1,2
S02,2026-07-04,86.3,167.0,86.48775510204082,DHA,batch_2,False,86.3,batch_1,2
S02,2026-07-05,72.0,160.0,72.93061224489796,DHA,batch_2,False,72.0,batch_1,2
S02,2026-07-06,97.4,173.0,98.10816326530613,DHA,batch_2,False,97.4,batch_1,2
S02,2026-07-07,83.4,165.0,82.61428571428571,DHA,batch_2,False,83.4,batch_1,2
S02,2026-07-08,67.0,157.0,67.12040816326531,DHA,batch_2,False,67.0,batch_1,2
S02,2026-07-09,97.7,173.0,98.10816326530613,DHA,batch_2,False,97.7,batch_1,2
S02,2026-07-10,115.1,182.0,115.53877551020409,DHA,batch_2,False,115.1,batch_1,2
S02,2026-07-11,82.7,165.0,82.61428571428571,DHA,batch_2,False,82.7,batch_1,2
S02,2026-07-12,146.7,198.0,146.5265306122449,DHA,batch_2,False,146.7,batch_1,2
S02,2026-07-13,86.7,167.0,86.48775510204082,DHA,batch_2,False,86.7,batch_1,2
S02,2026-07-14,92.7,170.0,92.29795918367347,DHA,batch_2,False,92.7,batch_1,2
S02,2026-07-15,51.3,140.0,51.33877551020408,DHA,batch_2,False,51.3,batch_1,2
S02,2026-07-16,84.7,166.0,84.55102040816327,DHA,batch_2,False,84.7,batch_1,2
S02,2026-07-17,118.7,184.0,119.4122448979592,DHA,batch_2,False,118.7,batch_1,2
S02,2026-07-18,78.2,163.0,78.74081632653062,DHA,batch_2,False,78.2,batch_1,2
S02,2026-07-19,106.3,177.0,105.85510204081632,DHA,batch_2,False,106.3,batch_1,2
S02,2026-07-20,68.0,157.0,67.12040816326531,DHA,batch_2,False,68.0,batch_1,2
S02,2026-07-21,75.5,161.0,74.86734693877551,DHA,batch_2,False,75.5,batch_1,2
S02,2026-07-22,99.6,174.0,100.04489795918369,DHA,batch_2,False,99.6,batch_1,2
S02,2026-07-23,101.7,175.0,101.98163265306124,DHA,batch_2,False,101.7,batch_1,2
S02,2026-07-24,98.4,173.0,98.10816326530613,DHA,batch_2,False,98.4,batch_1,2
S02,2026-07-25,118.2,183.0,117.47551020408164,DHA,batch_2,False,118.2,batch_1,2
S02,2026-07-26,78.0,163.0,78.74081632653062,DHA,batch_2,False,78.0,batch_1,2
S02,2026-07-27,87.2,167.0,86.48775510204082,DHA,batch_2,False,87.2,batch_1,2
S02,2026-07-28,98.2,173.0,98.10816326530613,DHA,batch_2,False,98.2,batch_1,2
S02,2026-07-29,101.3,175.0,101.98163265306124,DHA,batch_2,False,101.3,batch_1,2
S02,2026-07-30,97.3,173.0,98.10816326530613,DHA,batch_2,False,97.3,batch_1,2
S02,2026-07-31,99.8,174.0,100.04489795918369,DHA,batch_2,False,99.8,batch_1,2
S02,2026-08-01,113.3,181.0,113.60204081632654,DHA,batch_2,False,113.3,batch_1,2
S02,2026-08-02,107.5,178.0,107.79183673469387,DHA,batch_2,False,107.5,batch_1,2
S02,2026-08-03,96.6,172.0,96.17142857142858,DHA,batch_2,False,96.6,batch_1,2
S02,2026-08-04,85.0,166.0,84.55102040816327,DHA,batch_2,False,85.0,batch_1,2
S02,2026-08-05,95.1,171.0,94.23469387755102,DHA,batch_2,False,95.1,batch_1,2
S02,2026-08-06,108.3,178.0,107.79183673469387,DHA,batch_2,False,108.3,batch_1,2
S02,2026-08-07,112.1,180.0,111.66530612244898,DHA,batch_2,False,112.1,batch_1,2
S02,2026-08-08,113.5,181.0,113.60204081632654,DHA,batch_2,False,113.5,batch_1,2
S02,2026-08-09,98.1,173.0,98.10816326530613,DHA,batch_2,False,98.1,batch_1,2
S02,2026-08-10,106.6,177.0,105.85510204081632,DHA,batch_2,False,106.6,batch_1,2
S02,2026-08-11,108.6,178.0,107.79183673469387,DHA,batch_2,False,108.6,batch_1,2
S02,2026-08-12,121.3,185.0,121.34897959183674,DHA,batch_2,False,121.3,batch_1,2
S02,2026-08-13,112.7,181.0,113.60204081632654,DHA,batch_2,False,112.7,batch_1,2
S02,2026-08-14,118.4,183.0,117.47551020408164,DHA,batch_2,False,118.4,batch_1,2
S02,2026-08-15,109.2,179.0,109.72857142857143,DHA,batch_2,False,109.2,batch_1,2
S02,2026-08-16,94.5,171.0,94.23469387755102,DHA,batch_2,False,94.5,batch_1,2
S02,2026-08-17,125.7,187.0,125.22244897959183,DHA,batch_2,False,125.7,batch_1,2
S02,2026-08-18,116.6,183.0,117.47551020408164,DHA,batch_2,False,116.6,batch_1,2
S02,2026-08-19,119.0,184.0,119.4122448979592,DHA,batch_2,False,119.0,batch_1,2
S02,2026-08-20,116.1,182.0,115.53877551020409,DHA,batch_2,False,116.1,batch_1,2
S02,2026-08-21,107.6,178.0,107.79183673469387,DHA,batch_2,False,107.6,batch_1,2
S02,2026-08-22,126.3,188.0,127.15918367346939,DHA,batch_2,False,126.3,batch_1,2
S02,2026-08-23,106.4,177.0,105.85510204081632,DHA,batch_2,False,106.4,batch_1,2
S02,2026-08-24,109.4,179.0,109.72857142857143,DHA,batch_2,False,109.4,batch_1,2
S02,2026-08-25,99.8,174.0,100.04489795918369,DHA,batch_2,False,99.8,batch_1,2
S02,2026-08-26,116.3,182.0,115.53877551020409,DHA,batch_2,False,116.3,batch_1,2
S02,2026-08-27,114.1,181.0,113.60204081632654,DHA,batch_2,False,114.1,batch_1,2
S02,2026-08-28,116.6,183.0,117.47551020408164,DHA,batch_2,False,116.6,batch_1,2
S02,2026-08-29,121.2,185.0,121.34897959183674,DHA,batch_2,False,121.2,batch_1,2
S02,2026-08-30,94.7,171.0,94.23469387755102,DHA,batch_2,False,94.7,batch_1,2
S02,2026-08-31,91.4,170.0,92.29795918367347,DHA,batch_2,False,91.4,batch_1,2
S02,2026-09-01,,175.0,101.98163265306124,DHA,batch_2,False,101.98163265306124,batch_2_aqi_inverted,1
S02,2026-09-02,114.6,182.0,115.53877551020409,DHA,batch_2,False,114.6,batch_1,2
S02,2026-09-03,134.3,192.0,134.9061224489796,DHA,batch_2,False,134.3,batch_1,2
S02,2026-09-04,124.2,186.0,123.28571428571429,DHA,batch_2,False,124.2,batch_1,2
S02,2026-09-05,122.1,185.0,121.34897959183674,DHA,batch_2,False,122.1,batch_1,2
S02,2026-09-06,112.5,180.0,111.66530612244898,DHA,batch_2,False,112.5,batch_1,2
S02,2026-09-07,116.0,182.0,115.53877551020409,DHA,batch_2,False,116.0,batch_1,2
S02,2026-09-08,104.3,176.0,103.91836734693877,DHA,batch_2,False,104.3,batch_1,2
S02,2026-09-09,119.7,184.0,119.4122448979592,DHA,batch_2,False,119.7,batch_1,2
S02,2026-09-10,132.7,191.0,132.96938775510205,DHA,batch_2,False,132.7,batch_1,2
S02,2026-09-11,132.6,191.0,132.96938775510205,DHA,batch_2,False,132.6,batch_1,2
S02,2026-09-12,126.3,188.0,127.15918367346939,DHA,batch_2,False,126.3,batch_1,2
S02,2026-09-13,120.1,184.0,119.4122448979592,DHA,batch_2,False,120.1,batch_1,2
S02,2026-09-14,122.0,185.0,121.34897959183674,DHA,batch_2,False,122.0,batch_1,2
S02,2026-09-15,143.9,197.0,144.58979591836737,DHA,batch_2,False,143.9,batch_1,2
S02,2026-09-16,115.7,182.0,115.53877551020409,DHA,batch_2,False,115.7,batch_1,2
S02,2026-09-17,158.0,208.0,157.56363636363636,DHA,batch_2,False,158.0,batch_1,2
S02,2026-09-18,124.1,186.0,123.28571428571429,DHA,batch_2,False,124.1,batch_1,2
S02,2026-09-19,104.5,176.0,103.91836734693877,DHA,batch_2,False,104.5,batch_1,2
S02,2026-09-20,117.3,183.0,117.47551020408164,DHA,batch_2,False,117.3,batch_1,2
S02,2026-09-21,123.9,186.0,123.28571428571429,DHA,batch_2,False,123.9,batch_1,2
S02,2026-09-22,144.4,197.0,144.58979591836737,DHA,batch_2,False,144.4,batch_1,2
S02,2026-09-23,118.0,183.0,117.47551020408164,DHA,batch_2,False,118.0,batch_1,2
S02,2026-09-24,141.4,195.0,140.71632653061226,DHA,batch_2,False,141.4,batch_1,2
S02,2026-09-25,121.8,185.0,121.34897959183674,DHA,batch_2,False,121.8,batch_1,2
S02,2026-09-26,155.8,206.0,155.54545454545453,DHA,batch_2,False,155.8,batch_1,2
S02,2026-09-27,141.6,195.0,140.71632653061226,DHA,batch_2,False,141.6,batch_1,2
S02,2026-09-28,118.1,183.0,117.47551020408164,DHA,batch_2,False,118.1,batch_1,2
S02,2026-09-29,105.2,177.0,105.85510204081632,DHA,batch_2,False,105.2,batch_1,2
S02,2026-09-30,148.8,199.0,148.46326530612248,DHA,batch_2,False,148.8,batch_1,2
S02,2026-10-01,138.0,194.0,138.7795918367347,DHA,batch_2,False,138.0,batch_1,2
S02,2026-10-02,156.3,207.0,156.55454545454546,DHA,batch_2,False,156.3,batch_1,2
S02,2026-10-03,137.8,193.0,136.84285714285716,DHA,batch_2,False,137.8,batch_1,2
S02,2026-10-04,131.9,190.0,131.0326530612245,DHA,batch_2,False,131.9,batch_1,2
S02,2026-10-05,122.1,185.0,121.34897959183674,DHA,batch_2,False,122.1,batch_1,2
S02,2026-10-06,137.1,193.0,136.84285714285716,DHA,batch_2,False,137.1,batch_1,2
S02,2026-10-07,137.9,194.0,138.7795918367347,DHA,batch_2,False,137.9,batch_1,2
S02,2026-10-08,149.4,199.0,148.46326530612248,DHA,batch_2,False,149.4,batch_1,2
S02,2026-10-09,126.9,188.0,127.15918367346939,DHA,batch_2,False,126.9,batch_1,2
S02,2026-10-10,156.9,207.0,156.55454545454546,DHA,batch_2,False,156.9,batch_1,2
S02,2026-10-11,153.8,204.0,153.52727272727273,DHA,batch_2,False,153.8,batch_1,2
S02,2026-10-12,132.8,191.0,132.96938775510205,DHA,batch_2,False,132.8,batch_1,2
S02,2026-10-13,158.2,209.0,158.57272727272726,DHA,batch_2,False,158.2,batch_1,2
S02,2026-10-14,161.3,212.0,161.6,DHA,batch_2,False,161.3,batch_1,2
S02,2026-10-15,154.8,205.0,154.53636363636363,DHA,batch_2,False,154.8,batch_1,2
S02,2026-10-16,165.6,216.0,165.63636363636363,DHA,batch_2,False,165.6,batch_1,2
S02,2026-10-17,158.1,209.0,158.57272727272726,DHA,batch_2,False,158.1,batch_1,2
S02,2026-10-18,117.9,183.0,117.47551020408164,DHA,batch_2,False,117.9,batch_1,2
S02,2026-10-19,132.0,191.0,132.96938775510205,DHA,batch_2,False,132.0,batch_1,2
S02,2026-10-20,145.9,,,DHA,batch_2,False,145.9,batch_1,1
S02,2026-10-21,163.7,214.0,163.61818181818182,DHA,batch_2,False,163.7,batch_1,2
S02,2026-10-22,134.4,192.0,134.9061224489796,DHA,batch_2,False,134.4,batch_1,2
S02,2026-10-23,132.6,191.0,132.96938775510205,DHA,batch_2,False,132.6,batch_1,2
S02,2026-10-24,148.6,199.0,148.46326530612248,DHA,batch_2,False,148.6,batch_1,2
S02,2026-10-25,118.1,183.0,117.47551020408164,DHA,batch_2,False,118.1,batch_1,2
S02,2026-10-26,138.0,194.0,138.7795918367347,DHA,batch_2,False,138.0,batch_1,2
S02,2026-10-27,145.6,198.0,146.5265306122449,DHA,batch_2,False,145.6,batch_1,2
S02,2026-10-28,136.7,193.0,136.84285714285716,DHA,batch_2,False,136.7,batch_1,2
S03,2026-07-01,70.3,159.0,70.9938775510204,Johar Town,batch_1,False,70.3,batch_1,2
S03,2026-07-02,75.8,161.0,74.86734693877551,Johar Town,batch_1,False,75.8,batch_1,2
S03,2026-07-03,74.1,161.0,74.86734693877551,Johar Town,batch_1,False,74.1,batch_1,2
S03,2026-07-04,69.8,158.0,69.05714285714286,Johar Town,batch_1,False,69.8,batch_1,2
S03,2026-07-05,52.1,142.0,52.15102040816326,Johar Town,batch_1,False,52.1,batch_1,2
S03,2026-07-06,83.0,165.0,82.61428571428571,Johar Town,batch_1,False,83.0,batch_1,2
S03,2026-07-07,75.6,161.0,74.86734693877551,Johar Town,batch_1,False,75.6,batch_1,2
S03,2026-07-08,79.2,163.0,78.74081632653062,Johar Town,batch_1,False,79.2,batch_1,2
S03,2026-07-09,80.7,164.0,80.67755102040816,Johar Town,batch_1,False,80.7,batch_1,2
S03,2026-07-10,72.9,160.0,72.93061224489796,Johar Town,batch_1,False,72.9,batch_1,2
S03,2026-07-11,160.8,211.0,160.5909090909091,Johar Town,batch_1,False,160.8,batch_1,2
S03,2026-07-12,57.1,152.0,57.436734693877554,Johar Town,batch_1,False,57.1,batch_1,2
S03,2026-07-13,61.1,154.0,61.310204081632655,Johar Town,batch_1,False,61.1,batch_1,2
S03,2026-07-14,68.3,158.0,69.05714285714286,Johar Town,batch_1,False,68.3,batch_1,2
S03,2026-07-15,92.0,170.0,92.29795918367347,Johar Town,batch_1,False,92.0,batch_1,2
S03,2026-07-16,93.9,171.0,94.23469387755102,Johar Town,batch_1,False,93.9,batch_1,2
S03,2026-07-17,116.7,183.0,117.47551020408164,Johar Town,batch_1,False,116.7,batch_1,2
S03,2026-07-18,96.6,172.0,96.17142857142858,Johar Town,batch_1,False,96.6,batch_1,2
S03,2026-07-19,73.4,160.0,72.93061224489796,Johar Town,batch_1,False,73.4,batch_1,2
S03,2026-07-20,66.2,157.0,67.12040816326531,Johar Town,batch_1,False,66.2,batch_1,2
S03,2026-07-21,53.4,145.0,53.36938775510204,Johar Town,batch_1,False,53.4,batch_1,2
S03,2026-07-22,94.4,171.0,94.23469387755102,Johar Town,batch_1,False,94.4,batch_1,2
S03,2026-07-23,85.6,167.0,86.48775510204082,Johar Town,batch_1,False,85.6,batch_1,2
S03,2026-07-24,89.2,168.0,88.42448979591836,Johar Town,batch_1,False,89.2,batch_1,2
S03,2026-07-25,83.7,166.0,84.55102040816327,Johar Town,batch_1,False,83.7,batch_1,2
S03,2026-07-26,76.9,162.0,76.80408163265307,Johar Town,batch_1,False,76.9,batch_1,2
S03,2026-07-27,48.1,132.0,48.089795918367344,Johar Town,batch_1,False,48.1,batch_1,2
S03,2026-07-28,88.4,168.0,88.42448979591836,Johar Town,batch_1,False,88.4,batch_1,2
S03,2026-07-29,91.7,170.0,92.29795918367347,Johar Town,batch_1,False,91.7,batch_1,2
S03,2026-07-30,92.8,170.0,92.29795918367347,Johar Town,batch_1,False,92.8,batch_1,2
S03,2026-07-31,87.2,167.0,86.48775510204082,Johar Town,batch_1,False,87.2,batch_1,2
S03,2026-08-01,85.7,167.0,86.48775510204082,Johar Town,batch_1,False,85.7,batch_1,2
S03,2026-08-02,110.2,179.0,109.72857142857143,Johar Town,batch_1,False,110.2,batch_1,2
S03,2026-08-03,101.4,175.0,101.98163265306124,Johar Town,batch_1,False,101.4,batch_1,2
S03,2026-08-04,77.3,162.0,76.80408163265307,Johar Town,batch_1,False,77.3,batch_1,2
S03,2026-08-05,78.8,163.0,78.74081632653062,Johar Town,batch_1,False,78.8,batch_1,2
S03,2026-08-06,92.2,170.0,92.29795918367347,Johar Town,batch_1,False,92.2,batch_1,2
S03,2026-08-07,96.1,172.0,96.17142857142858,Johar Town,batch_1,False,96.1,batch_1,2
S03,2026-08-08,82.3,165.0,82.61428571428571,Johar Town,batch_1,False,82.3,batch_1,2
S03,2026-08-09,92.8,170.0,92.29795918367347,Johar Town,batch_1,False,92.8,batch_1,2
S03,2026-08-10,84.0,166.0,84.55102040816327,Johar Town,batch_1,False,84.0,batch_1,2
S03,2026-08-11,83.0,165.0,82.61428571428571,Johar Town,batch_1,False,83.0,batch_1,2
S03,2026-08-12,87.5,168.0,88.42448979591836,Johar Town,batch_1,False,87.5,batch_1,2
S03,2026-08-13,110.6,179.0,109.72857142857143,Johar Town,batch_1,False,110.6,batch_1,2
S03,2026-08-14,94.9,171.0,94.23469387755102,Johar Town,batch_1,False,94.9,batch_1,2
S03,2026-08-15,129.0,189.0,129.09591836734694,Johar Town,batch_1,False,129.0,batch_1,2
S03,2026-08-16,95.5,172.0,96.17142857142858,Johar Town,batch_1,False,95.5,batch_1,2
S03,2026-08-17,90.7,169.0,90.36122448979592,Johar Town,batch_1,False,90.7,batch_1,2
S03,2026-08-18,97.6,173.0,98.10816326530613,Johar Town,batch_1,False,97.6,batch_1,2
S03,2026-08-19,117.5,183.0,117.47551020408164,Johar Town,batch_1,False,117.5,batch_1,2
S03,2026-08-20,98.2,173.0,98.10816326530613,Johar Town,batch_1,False,98.2,batch_1,2
S03,2026-08-21,114.5,181.0,113.60204081632654,Johar Town,batch_1,False,114.5,batch_1,2
S03,2026-08-22,110.2,179.0,109.72857142857143,Johar Town,batch_1,False,110.2,batch_1,2
S03,2026-08-23,109.7,179.0,109.72857142857143,Johar Town,batch_1,False,109.7,batch_1,2
S03,2026-08-24,90.3,169.0,90.36122448979592,Johar Town,batch_1,False,90.3,batch_1,2
S03,2026-08-25,107.0,178.0,107.79183673469387,Johar Town,batch_1,False,107.0,batch_1,2
S03,2026-08-26,94.3,171.0,94.23469387755102,Johar Town,batch_1,False,94.3,batch_1,2
S03,2026-08-27,82.4,165.0,82.61428571428571,Johar Town,batch_1,False,82.4,batch_1,2
S03,2026-08-28,92.3,170.0,92.29795918367347,Johar Town,batch_1,False,92.3,batch_1,2
S03,2026-08-29,107.7,178.0,107.79183673469387,Johar Town,batch_1,False,107.7,batch_1,2
S03,2026-08-30,111.8,180.0,111.66530612244898,Johar Town,batch_1,False,111.8,batch_1,2
S03,2026-08-31,,173.0,98.10816326530613,Johar Town,batch_1,False,98.10816326530613,batch_2_aqi_inverted,1
S03,2026-09-01,101.4,175.0,101.98163265306124,Johar Town,batch_1,False,101.4,batch_1,2
S03,2026-09-02,113.1,181.0,113.60204081632654,Johar Town,batch_1,False,113.1,batch_1,2
S03,2026-09-03,119.2,184.0,119.4122448979592,Johar Town,batch_1,False,119.2,batch_1,2
S03,2026-09-04,130.1,190.0,131.0326530612245,Johar Town,batch_1,False,130.1,batch_1,2
S03,2026-09-05,105.5,177.0,105.85510204081632,Johar Town,batch_1,False,105.5,batch_1,2
S03,2026-09-06,109.8,179.0,109.72857142857143,Johar Town,batch_1,False,109.8,batch_1,2
S03,2026-09-07,119.3,184.0,119.4122448979592,Johar Town,batch_1,False,119.3,batch_1,2
S03,2026-09-08,108.1,178.0,107.79183673469387,Johar Town,batch_1,False,108.1,batch_1,2
S03,2026-09-09,125.5,187.0,125.22244897959183,Johar Town,batch_1,False,125.5,batch_1,2
S03,2026-09-10,111.6,180.0,111.66530612244898,Johar Town,batch_1,False,111.6,batch_1,2
S03,2026-09-11,130.6,190.0,131.0326530612245,Johar Town,batch_1,False,130.6,batch_1,2
S03,2026-09-12,126.9,188.0,127.15918367346939,Johar Town,batch_1,False,126.9,batch_1,2
S03,2026-09-13,89.2,168.0,88.42448979591836,Johar Town,batch_1,False,89.2,batch_1,2
S03,2026-09-14,108.4,178.0,107.79183673469387,Johar Town,batch_1,False,108.4,batch_1,2
S03,2026-09-15,109.2,179.0,109.72857142857143,Johar Town,batch_1,False,109.2,batch_1,2
S03,2026-09-16,124.0,186.0,123.28571428571429,Johar Town,batch_1,False,124.0,batch_1,2
S03,2026-09-17,122.9,186.0,123.28571428571429,Johar Town,batch_1,False,122.9,batch_1,2
S03,2026-09-18,276.9,322.0,271.6909090909091,Johar Town,batch_1,False,276.9,batch_1,2
S03,2026-09-19,120.4,185.0,121.34897959183674,Johar Town,batch_1,False,120.4,batch_1,2
S03,2026-09-20,121.4,185.0,121.34897959183674,Johar Town,batch_1,False,121.4,batch_1,2
S03,2026-09-21,99.4,174.0,100.04489795918369,Johar Town,batch_1,False,99.4,batch_1,2
S03,2026-09-22,116.7,183.0,117.47551020408164,Johar Town,batch_1,False,116.7,batch_1,2
S03,2026-09-23,136.9,193.0,136.84285714285716,Johar Town,batch_1,False,136.9,batch_1,2
S03,2026-09-24,118.5,184.0,119.4122448979592,Johar Town,batch_1,False,118.5,batch_1,2
S03,2026-09-25,114.8,182.0,115.53877551020409,Johar Town,batch_1,False,114.8,batch_1,2
S03,2026-09-26,121.4,185.0,121.34897959183674,Johar Town,batch_1,False,121.4,batch_1,2
S03,2026-09-27,,183.0,117.47551020408164,Johar Town,batch_1,False,117.47551020408164,batch_2_aqi_inverted,1
S03,2026-09-28,125.9,187.0,125.22244897959183,Johar Town,batch_1,False,125.9,batch_1,2
S03,2026-09-29,112.9,181.0,113.60204081632654,Johar Town,batch_1,False,112.9,batch_1,2
S03,2026-09-30,206.5,257.0,207.0090909090909,Johar Town,batch_1,False,206.5,batch_1,2
S03,2026-10-01,138.7,194.0,138.7795918367347,Johar Town,batch_1,False,138.7,batch_1,2
S03,2026-10-02,102.7,175.0,101.98163265306124,Johar Town,batch_1,False,102.7,batch_1,2
S03,2026-10-03,142.0,196.0,142.6530612244898,Johar Town,batch_1,False,142.0,batch_1,2
S03,2026-10-04,110.6,179.0,109.72857142857143,Johar Town,batch_1,False,110.6,batch_1,2
S03,2026-10-05,103.1,176.0,103.91836734693877,Johar Town,batch_1,False,103.1,batch_1,2
S03,2026-10-06,116.9,183.0,117.47551020408164,Johar Town,batch_1,False,116.9,batch_1,2
S03,2026-10-07,135.2,192.0,134.9061224489796,Johar Town,batch_1,False,135.2,batch_1,2
S03,2026-10-08,130.4,190.0,131.0326530612245,Johar Town,batch_1,False,130.4,batch_1,2
S03,2026-10-09,122.2,185.0,121.34897959183674,Johar Town,batch_1,False,122.2,batch_1,2
S03,2026-10-10,136.8,193.0,136.84285714285716,Johar Town,batch_1,False,136.8,batch_1,2
S03,2026-10-11,114.6,182.0,115.53877551020409,Johar Town,batch_1,False,114.6,batch_1,2
S03,2026-10-12,118.5,184.0,119.4122448979592,Johar Town,batch_1,False,118.5,batch_1,2
S03,2026-10-13,114.4,181.0,113.60204081632654,Johar Town,batch_1,False,114.4,batch_1,2
S03,2026-10-14,131.1,190.0,131.0326530612245,Johar Town,batch_1,False,131.1,batch_1,2
S03,2026-10-15,,192.0,134.9061224489796,Johar Town,batch_1,False,134.9061224489796,batch_2_aqi_inverted,1
S03,2026-10-16,140.1,195.0,140.71632653061226,Johar Town,batch_1,False,140.1,batch_1,2
S03,2026-10-17,165.3,216.0,165.63636363636363,Johar Town,batch_1,False,165.3,batch_1,2
S03,2026-10-18,114.8,182.0,115.53877551020409,Johar Town,batch_1,False,114.8,batch_1,2
S03,2026-10-19,141.0,195.0,140.71632653061226,Johar Town,batch_1,False,141.0,batch_1,2
S03,2026-10-20,94.5,171.0,94.23469387755102,Johar Town,batch_1,False,94.5,batch_1,2
S03,2026-10-21,119.1,184.0,119.4122448979592,Johar Town,batch_1,False,119.1,batch_1,2
S03,2026-10-22,142.4,196.0,142.6530612244898,Johar Town,batch_1,False,142.4,batch_1,2
S03,2026-10-23,140.3,195.0,140.71632653061226,Johar Town,batch_1,False,140.3,batch_1,2
S03,2026-10-24,144.7,197.0,144.58979591836737,Johar Town,batch_1,False,144.7,batch_1,2
S03,2026-10-25,127.6,188.0,127.15918367346939,Johar Town,batch_1,False,127.6,batch_1,2
S03,2026-10-26,127.3,188.0,127.15918367346939,Johar Town,batch_1,False,127.3,batch_1,2
S03,2026-10-27,129.2,189.0,129.09591836734694,Johar Town,batch_1,False,129.2,batch_1,2
S03,2026-10-28,137.4,193.0,136.84285714285716,Johar Town,batch_1,False,137.4,batch_1,2
S04,2026-07-01,58.7,153.0,59.3734693877551,Model Town,batch_2,False,58.7,batch_1,2
S04,2026-07-02,84.3,166.0,84.55102040816327,Model Town,batch_2,False,84.3,batch_1,2
S04,2026-07-03,55.2,149.0,54.993877551020404,Model Town,batch_2,False,55.2,batch_1,2
S04,2026-07-04,77.3,162.0,76.80408163265307,Model Town,batch_2,False,77.3,batch_1,2
S04,2026-07-05,38.7,109.0,38.748979591836736,Model Town,batch_2,False,38.7,batch_1,2
S04,2026-07-06,80.2,164.0,80.67755102040816,Model Town,batch_2,False,80.2,batch_1,2
S04,2026-07-07,55.4,151.0,55.5,Model Town,batch_2,False,55.4,batch_1,2
S04,2026-07-08,73.6,160.0,72.93061224489796,Model Town,batch_2,False,73.6,batch_1,2
S04,2026-07-09,77.0,162.0,76.80408163265307,Model Town,batch_2,False,77.0,batch_1,2
S04,2026-07-10,165.6,216.0,165.63636363636363,Model Town,batch_2,False,165.6,batch_1,2
S04,2026-07-11,99.8,174.0,100.04489795918369,Model Town,batch_2,False,99.8,batch_1,2
S04,2026-07-12,75.6,161.0,74.86734693877551,Model Town,batch_2,False,75.6,batch_1,2
S04,2026-07-13,48.3,132.0,48.089795918367344,Model Town,batch_2,False,48.3,batch_1,2
S04,2026-07-14,191.9,242.0,191.87272727272727,Model Town,batch_2,False,191.9,batch_1,2
S04,2026-07-15,75.0,161.0,74.86734693877551,Model Town,batch_2,False,75.0,batch_1,2
S04,2026-07-16,67.7,157.0,67.12040816326531,Model Town,batch_2,False,67.7,batch_1,2
S04,2026-07-17,93.9,171.0,94.23469387755102,Model Town,batch_2,False,93.9,batch_1,2
S04,2026-07-18,161.6,212.0,161.6,Model Town,batch_2,False,161.6,batch_1,2
S04,2026-07-19,90.8,169.0,90.36122448979592,Model Town,batch_2,False,90.8,batch_1,2
S04,2026-07-20,86.4,167.0,86.48775510204082,Model Town,batch_2,False,86.4,batch_1,2
S04,2026-07-21,67.8,157.0,67.12040816326531,Model Town,batch_2,False,67.8,batch_1,2
S04,2026-07-22,86.2,167.0,86.48775510204082,Model Town,batch_2,False,86.2,batch_1,2
S04,2026-07-23,79.1,163.0,78.74081632653062,Model Town,batch_2,False,79.1,batch_1,2
S04,2026-07-24,87.8,168.0,88.42448979591836,Model Town,batch_2,False,87.8,batch_1,2
S04,2026-07-25,63.3,155.0,63.2469387755102,Model Town,batch_2,False,63.3,batch_1,2
S04,2026-07-26,65.6,156.0,65.18367346938776,Model Town,batch_2,False,65.6,batch_1,2
S04,2026-07-27,78.3,163.0,78.74081632653062,Model Town,batch_2,False,78.3,batch_1,2
S04,2026-07-28,52.5,143.0,52.55714285714286,Model Town,batch_2,False,52.5,batch_1,2
S04,2026-07-29,81.5,164.0,80.67755102040816,Model Town,batch_2,False,81.5,batch_1,2
S04,2026-07-30,175.0,225.0,174.71818181818182,Model Town,batch_2,False,175.0,batch_1,2
S04,2026-07-31,82.3,165.0,82.61428571428571,Model Town,batch_2,False,82.3,batch_1,2
S04,2026-08-01,86.9,167.0,86.48775510204082,Model Town,batch_2,False,86.9,batch_1,2
S04,2026-08-02,92.9,170.0,92.29795918367347,Model Town,batch_2,False,92.9,batch_1,2
S04,2026-08-03,66.8,157.0,67.12040816326531,Model Town,batch_2,False,66.8,batch_1,2
S04,2026-08-04,77.0,162.0,76.80408163265307,Model Town,batch_2,False,77.0,batch_1,2
S04,2026-08-05,105.4,177.0,105.85510204081632,Model Town,batch_2,False,105.4,batch_1,2
S04,2026-08-06,99.5,174.0,100.04489795918369,Model Town,batch_2,False,99.5,batch_1,2
S04,2026-08-07,86.3,167.0,86.48775510204082,Model Town,batch_2,False,86.3,batch_1,2
S04,2026-08-08,96.8,172.0,96.17142857142858,Model Town,batch_2,False,96.8,batch_1,2
S04,2026-08-09,64.1,155.0,63.2469387755102,Model Town,batch_2,False,64.1,batch_1,2
S04,2026-08-10,78.2,163.0,78.74081632653062,Model Town,batch_2,False,78.2,batch_1,2
S04,2026-08-11,88.7,168.0,88.42448979591836,Model Town,batch_2,False,88.7,batch_1,2
S04,2026-08-12,92.6,170.0,92.29795918367347,Model Town,batch_2,False,92.6,batch_1,2
S04,2026-08-13,102.2,175.0,101.98163265306124,Model Town,batch_2,False,102.2,batch_1,2
S04,2026-08-14,106.9,178.0,107.79183673469387,Model Town,batch_2,False,106.9,batch_1,2
S04,2026-08-15,98.7,173.0,98.10816326530613,Model Town,batch_2,False,98.7,batch_1,2
S04,2026-08-16,91.9,170.0,92.29795918367347,Model Town,batch_2,False,91.9,batch_1,2
S04,2026-08-17,85.5,166.0,84.55102040816327,Model Town,batch_2,False,85.5,batch_1,2
S04,2026-08-18,72.1,160.0,72.93061224489796,Model Town,batch_2,False,72.1,batch_1,2
S04,2026-08-19,104.5,176.0,103.91836734693877,Model Town,batch_2,False,104.5,batch_1,2
S04,2026-08-20,98.2,173.0,98.10816326530613,Model Town,batch_2,False,98.2,batch_1,2
S04,2026-08-21,109.0,179.0,109.72857142857143,Model Town,batch_2,False,109.0,batch_1,2
S04,2026-08-22,108.3,178.0,107.79183673469387,Model Town,batch_2,False,108.3,batch_1,2
S04,2026-08-23,84.4,166.0,84.55102040816327,Model Town,batch_2,False,84.4,batch_1,2
S04,2026-08-24,81.6,164.0,80.67755102040816,Model Town,batch_2,False,81.6,batch_1,2
S04,2026-08-25,85.2,166.0,84.55102040816327,Model Town,batch_2,False,85.2,batch_1,2
S04,2026-08-26,110.8,180.0,111.66530612244898,Model Town,batch_2,False,110.8,batch_1,2
S04,2026-08-27,91.8,170.0,92.29795918367347,Model Town,batch_2,False,91.8,batch_1,2
S04,2026-08-28,122.0,185.0,121.34897959183674,Model Town,batch_2,False,122.0,batch_1,2
S04,2026-08-29,103.2,176.0,103.91836734693877,Model Town,batch_2,False,103.2,batch_1,2
S04,2026-08-30,97.7,173.0,98.10816326530613,Model Town,batch_2,False,97.7,batch_1,2
S04,2026-08-31,223.6,273.0,223.15454545454546,Model Town,batch_2,False,223.6,batch_1,2
S04,2026-09-01,101.3,175.0,101.98163265306124,Model Town,batch_2,False,101.3,batch_1,2
S04,2026-09-02,100.1,174.0,100.04489795918369,Model Town,batch_2,False,100.1,batch_1,2
S04,2026-09-03,121.1,185.0,121.34897959183674,Model Town,batch_2,False,121.1,batch_1,2
S04,2026-09-04,100.3,174.0,100.04489795918369,Model Town,batch_2,False,100.3,batch_1,2
S04,2026-09-05,115.7,182.0,115.53877551020409,Model Town,batch_2,False,115.7,batch_1,2
S04,2026-09-06,102.1,175.0,101.98163265306124,Model Town,batch_2,False,102.1,batch_1,2
S04,2026-09-07,74.4,161.0,74.86734693877551,Model Town,batch_2,False,74.4,batch_1,2
S04,2026-09-08,75.5,161.0,74.86734693877551,Model Town,batch_2,False,75.5,batch_1,2
S04,2026-09-09,99.8,174.0,100.04489795918369,Model Town,batch_2,False,99.8,batch_1,2
S04,2026-09-10,100.6,174.0,100.04489795918369,Model Town,batch_2,False,100.6,batch_1,2
S04,2026-09-11,89.1,168.0,88.42448979591836,Model Town,batch_2,False,89.1,batch_1,2
S04,2026-09-12,94.1,171.0,94.23469387755102,Model Town,batch_2,False,94.1,batch_1,2
S04,2026-09-13,100.2,174.0,100.04489795918369,Model Town,batch_2,False,100.2,batch_1,2
S04,2026-09-14,88.5,168.0,88.42448979591836,Model Town,batch_2,False,88.5,batch_1,2
S04,2026-09-15,128.2,189.0,129.09591836734694,Model Town,batch_2,False,128.2,batch_1,2
S04,2026-09-16,99.3,174.0,100.04489795918369,Model Town,batch_2,False,99.3,batch_1,2
S04,2026-09-17,128.1,,,Model Town,batch_2,False,128.1,batch_1,1
S04,2026-09-18,135.6,192.0,134.9061224489796,Model Town,batch_2,False,135.6,batch_1,2
S04,2026-09-19,106.2,177.0,105.85510204081632,Model Town,batch_2,False,106.2,batch_1,2
S04,2026-09-20,98.8,173.0,98.10816326530613,Model Town,batch_2,False,98.8,batch_1,2
S04,2026-09-21,96.3,172.0,96.17142857142858,Model Town,batch_2,False,96.3,batch_1,2
S04,2026-09-22,102.3,175.0,101.98163265306124,Model Town,batch_2,False,102.3,batch_1,2
S04,2026-09-23,106.7,177.0,105.85510204081632,Model Town,batch_2,False,106.7,batch_1,2
S04,2026-09-24,103.9,176.0,103.91836734693877,Model Town,batch_2,False,103.9,batch_1,2
S04,2026-09-25,124.2,186.0,123.28571428571429,Model Town,batch_2,False,124.2,batch_1,2
S04,2026-09-26,111.7,180.0,111.66530612244898,Model Town,batch_2,False,111.7,batch_1,2
S04,2026-09-27,138.2,194.0,138.7795918367347,Model Town,batch_2,False,138.2,batch_1,2
S04,2026-09-28,117.3,183.0,117.47551020408164,Model Town,batch_2,False,117.3,batch_1,2
S04,2026-09-29,,176.0,103.91836734693877,Model Town,batch_2,False,103.91836734693877,batch_2_aqi_inverted,1
S04,2026-09-30,122.0,,,Model Town,batch_2,False,122.0,batch_1,1
S04,2026-10-01,128.3,189.0,129.09591836734694,Model Town,batch_2,False,128.3,batch_1,2
S04,2026-10-02,136.9,193.0,136.84285714285716,Model Town,batch_2,False,136.9,batch_1,2
S04,2026-10-03,99.1,174.0,100.04489795918369,Model Town,batch_2,False,99.1,batch_1,2
S04,2026-10-04,98.6,173.0,98.10816326530613,Model Town,batch_2,False,98.6,batch_1,2
S04,2026-10-05,99.8,174.0,100.04489795918369,Model Town,batch_2,False,99.8,batch_1,2
S04,2026-10-06,111.9,180.0,111.66530612244898,Model Town,batch_2,False,111.9,batch_1,2
S04,2026-10-07,77.1,162.0,76.80408163265307,Model Town,batch_2,False,77.1,batch_1,2
S04,2026-10-08,115.2,182.0,115.53877551020409,Model Town,batch_2,False,115.2,batch_1,2
S04,2026-10-09,143.6,196.0,142.6530612244898,Model Town,batch_2,False,143.6,batch_1,2
S04,2026-10-10,110.4,179.0,109.72857142857143,Model Town,batch_2,False,110.4,batch_1,2
S04,2026-10-11,120.4,185.0,121.34897959183674,Model Town,batch_2,False,120.4,batch_1,2
S04,2026-10-12,117.5,183.0,117.47551020408164,Model Town,batch_2,False,117.5,batch_1,2
S04,2026-10-13,120.7,185.0,121.34897959183674,Model Town,batch_2,False,120.7,batch_1,2
S04,2026-10-14,131.3,190.0,131.0326530612245,Model Town,batch_2,False,131.3,batch_1,2
S04,2026-10-15,141.6,195.0,140.71632653061226,Model Town,batch_2,False,141.6,batch_1,2
S04,2026-10-16,150.0,200.0,150.4,Model Town,batch_2,False,150.0,batch_1,2
S04,2026-10-17,123.4,186.0,123.28571428571429,Model Town,batch_2,False,123.4,batch_1,2
S04,2026-10-18,111.4,180.0,111.66530612244898,Model Town,batch_2,False,111.4,batch_1,2
S04,2026-10-19,122.7,186.0,123.28571428571429,Model Town,batch_2,False,122.7,batch_1,2
S04,2026-10-20,211.8,262.0,212.05454545454546,Model Town,batch_2,False,211.8,batch_1,2
S04,2026-10-21,128.8,189.0,129.09591836734694,Model Town,batch_2,False,128.8,batch_1,2
S04,2026-10-22,133.9,191.0,132.96938775510205,Model Town,batch_2,False,133.9,batch_1,2
S04,2026-10-23,143.2,196.0,142.6530612244898,Model Town,batch_2,False,143.2,batch_1,2
S04,2026-10-24,157.6,208.0,157.56363636363636,Model Town,batch_2,False,157.6,batch_1,2
S04,2026-10-25,128.3,189.0,129.09591836734694,Model Town,batch_2,False,128.3,batch_1,2
S04,2026-10-26,140.4,195.0,140.71632653061226,Model Town,batch_2,False,140.4,batch_1,2
S04,2026-10-27,130.9,190.0,131.0326530612245,Model Town,batch_2,False,130.9,batch_1,2
S04,2026-10-28,132.6,191.0,132.96938775510205,Model Town,batch_2,False,132.6,batch_1,2
S05,2026-07-01,28.0,85.0,28.26734693877551,Wagah,batch_1,False,28.0,batch_1,2
S05,2026-07-02,47.5,130.0,47.27755102040816,Wagah,batch_1,False,47.5,batch_1,2
S05,2026-07-03,65.2,156.0,65.18367346938776,Wagah,batch_1,False,65.2,batch_1,2
S05,2026-07-04,63.6,155.0,63.2469387755102,Wagah,batch_1,False,63.6,batch_1,2
S05,2026-07-05,38.9,109.0,38.748979591836736,Wagah,batch_1,False,38.9,batch_1,2
S05,2026-07-06,24.0,76.0,23.987755102040815,Wagah,batch_1,False,24.0,batch_1,2
S05,2026-07-07,25.1,78.0,24.93877551020408,Wagah,batch_1,False,25.1,batch_1,2
S05,2026-07-08,66.6,157.0,67.12040816326531,Wagah,batch_1,False,66.6,batch_1,2
S05,2026-07-09,64.2,156.0,65.18367346938776,Wagah,batch_1,False,64.2,batch_1,2
S05,2026-07-10,53.1,144.0,52.96326530612245,Wagah,batch_1,False,53.1,batch_1,2
S05,2026-07-11,52.7,143.0,52.55714285714286,Wagah,batch_1,False,52.7,batch_1,2
S05,2026-07-12,42.6,119.0,42.810204081632655,Wagah,batch_1,False,42.6,batch_1,2
S05,2026-07-13,47.7,131.0,47.683673469387756,Wagah,batch_1,False,47.7,batch_1,2
S05,2026-07-14,43.3,120.0,43.21632653061224,Wagah,batch_1,False,43.3,batch_1,2
S05,2026-07-15,59.0,153.0,59.3734693877551,Wagah,batch_1,False,59.0,batch_1,2
S05,2026-07-16,66.0,156.0,65.18367346938776,Wagah,batch_1,False,66.0,batch_1,2
S05,2026-07-17,173.3,224.0,173.70909090909092,Wagah,batch_1,False,173.3,batch_1,2
S05,2026-07-18,59.5,153.0,59.3734693877551,Wagah,batch_1,False,59.5,batch_1,2
S05,2026-07-19,48.2,132.0,48.089795918367344,Wagah,batch_1,False,48.2,batch_1,2
S05,2026-07-20,62.7,155.0,63.2469387755102,Wagah,batch_1,False,62.7,batch_1,2
S05,2026-07-21,39.4,111.0,39.56122448979592,Wagah,batch_1,False,39.4,batch_1,2
S05,2026-07-22,76.0,162.0,76.80408163265307,Wagah,batch_1,False,76.0,batch_1,2
S05,2026-07-23,62.7,155.0,63.2469387755102,Wagah,batch_1,False,62.7,batch_1,2
S05,2026-07-24,55.1,149.0,54.993877551020404,Wagah,batch_1,False,55.1,batch_1,2
S05,2026-07-25,128.5,189.0,129.09591836734694,Wagah,batch_1,False,128.5,batch_1,2
S05,2026-07-26,30.4,89.0,30.169387755102036,Wagah,batch_1,False,30.4,batch_1,2
S05,2026-07-27,79.0,163.0,78.74081632653062,Wagah,batch_1,False,79.0,batch_1,2
S05,2026-07-28,45.4,125.0,45.2469387755102,Wagah,batch_1,False,45.4,batch_1,2
S05,2026-07-29,62.7,155.0,63.2469387755102,Wagah,batch_1,False,62.7,batch_1,2
S05,2026-07-30,70.8,159.0,70.9938775510204,Wagah,batch_1,False,70.8,batch_1,2
S05,2026-07-31,63.9,155.0,63.2469387755102,Wagah,batch_1,False,63.9,batch_1,2
S05,2026-08-01,58.5,153.0,59.3734693877551,Wagah,batch_1,False,58.5,batch_1,2
S05,2026-08-02,85.8,167.0,86.48775510204082,Wagah,batch_1,False,85.8,batch_1,2
S05,2026-08-03,52.9,144.0,52.96326530612245,Wagah,batch_1,False,52.9,batch_1,2
S05,2026-08-04,44.7,124.0,44.840816326530614,Wagah,batch_1,False,44.7,batch_1,2
S05,2026-08-05,137.2,193.0,136.84285714285716,Wagah,batch_1,False,137.2,batch_1,2
S05,2026-08-06,56.8,152.0,57.436734693877554,Wagah,batch_1,False,56.8,batch_1,2
S05,2026-08-07,67.6,,,Wagah,batch_1,False,67.6,batch_1,1
S05,2026-08-08,60.3,153.0,59.3734693877551,Wagah,batch_1,False,60.3,batch_1,2
S05,2026-08-09,67.7,157.0,67.12040816326531,Wagah,batch_1,False,67.7,batch_1,2
S05,2026-08-10,200.0,250.0,199.94545454545454,Wagah,batch_1,False,200.0,batch_1,2
S05,2026-08-11,70.2,159.0,70.9938775510204,Wagah,batch_1,False,70.2,batch_1,2
S05,2026-08-12,87.6,168.0,88.42448979591836,Wagah,batch_1,False,87.6,batch_1,2
S05,2026-08-13,77.0,162.0,76.80408163265307,Wagah,batch_1,False,77.0,batch_1,2
S05,2026-08-14,67.8,157.0,67.12040816326531,Wagah,batch_1,False,67.8,batch_1,2
S05,2026-08-15,84.1,166.0,84.55102040816327,Wagah,batch_1,False,84.1,batch_1,2
S05,2026-08-16,66.0,156.0,65.18367346938776,Wagah,batch_1,False,66.0,batch_1,2
S05,2026-08-17,72.3,160.0,72.93061224489796,Wagah,batch_1,False,72.3,batch_1,2
S05,2026-08-18,67.8,157.0,67.12040816326531,Wagah,batch_1,False,67.8,batch_1,2
S05,2026-08-19,95.9,172.0,96.17142857142858,Wagah,batch_1,False,95.9,batch_1,2
S05,2026-08-20,64.2,155.0,63.2469387755102,Wagah,batch_1,False,64.2,batch_1,2
S05,2026-08-21,72.3,160.0,72.93061224489796,Wagah,batch_1,False,72.3,batch_1,2
S05,2026-08-22,110.5,179.0,109.72857142857143,Wagah,batch_1,False,110.5,batch_1,2
S05,2026-08-23,67.3,157.0,67.12040816326531,Wagah,batch_1,False,67.3,batch_1,2
S05,2026-08-24,51.2,140.0,51.33877551020408,Wagah,batch_1,False,51.2,batch_1,2
S05,2026-08-25,73.6,160.0,72.93061224489796,Wagah,batch_1,False,73.6,batch_1,2
S05,2026-08-26,86.7,167.0,86.48775510204082,Wagah,batch_1,False,86.7,batch_1,2
S05,2026-08-27,79.1,163.0,78.74081632653062,Wagah,batch_1,False,79.1,batch_1,2
S05,2026-08-28,60.1,153.0,59.3734693877551,Wagah,batch_1,False,60.1,batch_1,2
S05,2026-08-29,67.9,157.0,67.12040816326531,Wagah,batch_1,False,67.9,batch_1,2
S05,2026-08-30,53.6,146.0,53.77551020408163,Wagah,batch_1,False,53.6,batch_1,2
S05,2026-08-31,92.6,170.0,92.29795918367347,Wagah,batch_1,False,92.6,batch_1,2
S05,2026-09-01,51.1,139.0,50.932653061224485,Wagah,batch_1,False,51.1,batch_1,2
S05,2026-09-02,70.6,159.0,70.9938775510204,Wagah,batch_1,False,70.6,batch_1,2
S05,2026-09-03,90.6,169.0,90.36122448979592,Wagah,batch_1,False,90.6,batch_1,2
S05,2026-09-04,,159.0,70.9938775510204,Wagah,batch_1,False,70.9938775510204,batch_2_aqi_inverted,1
S05,2026-09-05,87.4,167.0,86.48775510204082,Wagah,batch_1,False,87.4,batch_1,2
S05,2026-09-06,68.0,157.0,67.12040816326531,Wagah,batch_1,False,68.0,batch_1,2
S05,2026-09-07,76.3,162.0,76.80408163265307,Wagah,batch_1,False,76.3,batch_1,2
S05,2026-09-08,71.0,159.0,70.9938775510204,Wagah,batch_1,False,71.0,batch_1,2
S05,2026-09-09,79.4,163.0,78.74081632653062,Wagah,batch_1,False,79.4,batch_1,2
S05,2026-09-10,100.9,174.0,100.04489795918369,Wagah,batch_1,False,100.9,batch_1,2
S05,2026-09-11,76.3,162.0,76.80408163265307,Wagah,batch_1,False,76.3,batch_1,2
S05,2026-09-12,90.3,169.0,90.36122448979592,Wagah,batch_1,False,90.3,batch_1,2
S05,2026-09-13,89.7,169.0,90.36122448979592,Wagah,batch_1,False,89.7,batch_1,2
S05,2026-09-14,61.3,154.0,61.310204081632655,Wagah,batch_1,False,61.3,batch_1,2
S05,2026-09-15,59.7,153.0,59.3734693877551,Wagah,batch_1,False,59.7,batch_1,2
S05,2026-09-16,81.9,165.0,82.61428571428571,Wagah,batch_1,False,81.9,batch_1,2
S05,2026-09-17,66.8,157.0,67.12040816326531,Wagah,batch_1,False,66.8,batch_1,2
S05,2026-09-18,97.1,172.0,96.17142857142858,Wagah,batch_1,False,97.1,batch_1,2
S05,2026-09-19,98.1,173.0,98.10816326530613,Wagah,batch_1,False,98.1,batch_1,2
S05,2026-09-20,67.2,157.0,67.12040816326531,Wagah,batch_1,False,67.2,batch_1,2
S05,2026-09-21,90.3,169.0,90.36122448979592,Wagah,batch_1,False,90.3,batch_1,2
S05,2026-09-22,96.9,172.0,96.17142857142858,Wagah,batch_1,False,96.9,batch_1,2
S05,2026-09-23,93.4,171.0,94.23469387755102,Wagah,batch_1,False,93.4,batch_1,2
S05,2026-09-24,111.4,180.0,111.66530612244898,Wagah,batch_1,False,111.4,batch_1,2
S05,2026-09-25,94.0,171.0,94.23469387755102,Wagah,batch_1,False,94.0,batch_1,2
S05,2026-09-26,87.5,168.0,88.42448979591836,Wagah,batch_1,False,87.5,batch_1,2
S05,2026-09-27,86.2,167.0,86.48775510204082,Wagah,batch_1,False,86.2,batch_1,2
S05,2026-09-28,71.5,159.0,70.9938775510204,Wagah,batch_1,False,71.5,batch_1,2
S05,2026-09-29,79.0,163.0,78.74081632653062,Wagah,batch_1,False,79.0,batch_1,2
S05,2026-09-30,93.0,170.0,92.29795918367347,Wagah,batch_1,False,93.0,batch_1,2
S05,2026-10-01,101.3,175.0,101.98163265306124,Wagah,batch_1,False,101.3,batch_1,2
S05,2026-10-02,107.2,178.0,107.79183673469387,Wagah,batch_1,False,107.2,batch_1,2
S05,2026-10-03,72.8,160.0,72.93061224489796,Wagah,batch_1,False,72.8,batch_1,2
S05,2026-10-04,126.8,188.0,127.15918367346939,Wagah,batch_1,False,126.8,batch_1,2
S05,2026-10-05,76.5,162.0,76.80408163265307,Wagah,batch_1,False,76.5,batch_1,2
S05,2026-10-06,97.6,173.0,98.10816326530613,Wagah,batch_1,False,97.6,batch_1,2
S05,2026-10-07,100.0,174.0,100.04489795918369,Wagah,batch_1,False,100.0,batch_1,2
S05,2026-10-08,95.7,,,Wagah,batch_1,False,95.7,batch_1,1
S05,2026-10-09,112.2,180.0,111.66530612244898,Wagah,batch_1,False,112.2,batch_1,2
S05,2026-10-10,90.8,169.0,90.36122448979592,Wagah,batch_1,False,90.8,batch_1,2
S05,2026-10-11,95.1,171.0,94.23469387755102,Wagah,batch_1,False,95.1,batch_1,2
S05,2026-10-12,115.7,182.0,115.53877551020409,Wagah,batch_1,False,115.7,batch_1,2
S05,2026-10-13,88.4,168.0,88.42448979591836,Wagah,batch_1,False,88.4,batch_1,2
S05,2026-10-14,101.4,175.0,101.98163265306124,Wagah,batch_1,False,101.4,batch_1,2
S05,2026-10-15,94.4,171.0,94.23469387755102,Wagah,batch_1,False,94.4,batch_1,2
S05,2026-10-16,117.5,183.0,117.47551020408164,Wagah,batch_1,False,117.5,batch_1,2
S05,2026-10-17,96.4,172.0,96.17142857142858,Wagah,batch_1,False,96.4,batch_1,2
S05,2026-10-18,102.8,175.0,101.98163265306124,Wagah,batch_1,False,102.8,batch_1,2
S05,2026-10-19,107.6,178.0,107.79183673469387,Wagah,batch_1,False,107.6,batch_1,2
S05,2026-10-20,94.6,171.0,94.23469387755102,Wagah,batch_1,False,94.6,batch_1,2
S05,2026-10-21,111.2,180.0,111.66530612244898,Wagah,batch_1,False,111.2,batch_1,2
S05,2026-10-22,115.5,182.0,115.53877551020409,Wagah,batch_1,False,115.5,batch_1,2
S05,2026-10-23,,187.0,125.22244897959183,Wagah,batch_1,False,125.22244897959183,batch_2_aqi_inverted,1
S05,2026-10-24,116.4,182.0,115.53877551020409,Wagah,batch_1,False,116.4,batch_1,2
S05,2026-10-25,118.6,184.0,119.4122448979592,Wagah,batch_1,False,118.6,batch_1,2
S05,2026-10-26,96.2,172.0,96.17142857142858,Wagah,batch_1,False,96.2,batch_1,2
S05,2026-10-27,86.1,167.0,86.48775510204082,Wagah,batch_1,False,86.1,batch_1,2
S05,2026-10-28,88.5,168.0,88.42448979591836,Wagah,batch_1,False,88.5,batch_1,2
S06,2026-07-01,,139.0,50.932653061224485,Thokar Niaz Baig,batch_2,False,50.932653061224485,batch_2_aqi_inverted,1
S06,2026-07-02,56.5,152.0,57.436734693877554,Thokar Niaz Baig,batch_2,False,56.5,batch_1,2
S06,2026-07-03,48.7,133.0,48.49591836734694,Thokar Niaz Baig,batch_2,False,48.7,batch_1,2
S06,2026-07-04,52.6,143.0,52.55714285714286,Thokar Niaz Baig,batch_2,False,52.6,batch_1,2
S06,2026-07-05,39.3,110.0,39.155102040816324,Thokar Niaz Baig,batch_2,False,39.3,batch_1,2
S06,2026-07-06,44.4,123.0,44.43469387755102,Thokar Niaz Baig,batch_2,False,44.4,batch_1,2
S06,2026-07-07,29.4,87.0,29.218367346938777,Thokar Niaz Baig,batch_2,False,29.4,batch_1,2
S06,2026-07-08,34.8,99.0,34.92448979591836,Thokar Niaz Baig,batch_2,False,34.8,batch_1,2
S06,2026-07-09,30.5,90.0,30.644897959183673,Thokar Niaz Baig,batch_2,False,30.5,batch_1,2
S06,2026-07-10,60.3,153.0,59.3734693877551,Thokar Niaz Baig,batch_2,False,60.3,batch_1,2
S06,2026-07-11,44.5,123.0,44.43469387755102,Thokar Niaz Baig,batch_2,False,44.5,batch_1,2
S06,2026-07-12,26.3,81.0,26.365306122448978,Thokar Niaz Baig,batch_2,False,26.3,batch_1,2
S06,2026-07-13,30.0,89.0,30.169387755102036,Thokar Niaz Baig,batch_2,False,30.0,batch_1,2
S06,2026-07-14,50.3,137.0,50.12040816326531,Thokar Niaz Baig,batch_2,False,50.3,batch_1,2
S06,2026-07-15,52.4,143.0,52.55714285714286,Thokar Niaz Baig,batch_2,False,52.4,batch_1,2
S06,2026-07-16,46.1,127.0,46.05918367346939,Thokar Niaz Baig,batch_2,False,46.1,batch_1,2
S06,2026-07-17,76.2,162.0,76.80408163265307,Thokar Niaz Baig,batch_2,False,76.2,batch_1,2
S06,2026-07-18,54.7,148.0,54.587755102040816,Thokar Niaz Baig,batch_2,False,54.7,batch_1,2
S06,2026-07-19,54.9,149.0,54.993877551020404,Thokar Niaz Baig,batch_2,False,54.9,batch_1,2
S06,2026-07-20,47.1,130.0,47.27755102040816,Thokar Niaz Baig,batch_2,False,47.1,batch_1,2
S06,2026-07-21,44.1,122.0,44.028571428571425,Thokar Niaz Baig,batch_2,False,44.1,batch_1,2
S06,2026-07-22,59.2,153.0,59.3734693877551,Thokar Niaz Baig,batch_2,False,59.2,batch_1,2
S06,2026-07-23,74.9,161.0,74.86734693877551,Thokar Niaz Baig,batch_2,False,74.9,batch_1,2
S06,2026-07-24,59.6,153.0,59.3734693877551,Thokar Niaz Baig,batch_2,False,59.6,batch_1,2
S06,2026-07-25,68.4,158.0,69.05714285714286,Thokar Niaz Baig,batch_2,False,68.4,batch_1,2
S06,2026-07-26,44.7,124.0,44.840816326530614,Thokar Niaz Baig,batch_2,False,44.7,batch_1,2
S06,2026-07-27,71.1,159.0,70.9938775510204,Thokar Niaz Baig,batch_2,False,71.1,batch_1,2
S06,2026-07-28,41.5,116.0,41.59183673469388,Thokar Niaz Baig,batch_2,False,41.5,batch_1,2
S06,2026-07-29,84.9,166.0,84.55102040816327,Thokar Niaz Baig,batch_2,False,84.9,batch_1,2
S06,2026-07-30,50.2,137.0,50.12040816326531,Thokar Niaz Baig,batch_2,False,50.2,batch_1,2
S06,2026-07-31,62.8,155.0,63.2469387755102,Thokar Niaz Baig,batch_2,False,62.8,batch_1,2
S06,2026-08-01,177.3,,,Thokar Niaz Baig,batch_2,False,177.3,batch_1,1
S06,2026-08-02,68.5,158.0,69.05714285714286,Thokar Niaz Baig,batch_2,False,68.5,batch_1,2
S06,2026-08-03,79.7,163.0,78.74081632653062,Thokar Niaz Baig,batch_2,False,79.7,batch_1,2
S06,2026-08-04,54.2,147.0,54.18163265306123,Thokar Niaz Baig,batch_2,False,54.2,batch_1,2
S06,2026-08-05,93.0,170.0,92.29795918367347,Thokar Niaz Baig,batch_2,False,93.0,batch_1,2
S06,2026-08-06,59.2,153.0,59.3734693877551,Thokar Niaz Baig,batch_2,False,59.2,batch_1,2
S06,2026-08-07,90.6,169.0,90.36122448979592,Thokar Niaz Baig,batch_2,False,90.6,batch_1,2
S06,2026-08-08,74.0,161.0,74.86734693877551,Thokar Niaz Baig,batch_2,False,74.0,batch_1,2
S06,2026-08-09,80.3,164.0,80.67755102040816,Thokar Niaz Baig,batch_2,False,80.3,batch_1,2
S06,2026-08-10,50.0,137.0,50.12040816326531,Thokar Niaz Baig,batch_2,False,50.0,batch_1,2
S06,2026-08-11,46.9,129.0,46.87142857142857,Thokar Niaz Baig,batch_2,False,46.9,batch_1,2
S06,2026-08-12,66.3,157.0,67.12040816326531,Thokar Niaz Baig,batch_2,False,66.3,batch_1,2
S06,2026-08-13,63.5,155.0,63.2469387755102,Thokar Niaz Baig,batch_2,False,63.5,batch_1,2
S06,2026-08-14,77.6,162.0,76.80408163265307,Thokar Niaz Baig,batch_2,False,77.6,batch_1,2
S06,2026-08-15,52.4,142.0,52.15102040816326,Thokar Niaz Baig,batch_2,False,52.4,batch_1,2
S06,2026-08-16,40.7,114.0,40.779591836734696,Thokar Niaz Baig,batch_2,False,40.7,batch_1,2
S06,2026-08-17,65.3,156.0,65.18367346938776,Thokar Niaz Baig,batch_2,False,65.3,batch_1,2
S06,2026-08-18,83.0,165.0,82.61428571428571,Thokar Niaz Baig,batch_2,False,83.0,batch_1,2
S06,2026-08-19,74.8,161.0,74.86734693877551,Thokar Niaz Baig,batch_2,False,74.8,batch_1,2
S06,2026-08-20,83.3,165.0,82.61428571428571,Thokar Niaz Baig,batch_2,False,83.3,batch_1,2
S06,2026-08-21,79.6,163.0,78.74081632653062,Thokar Niaz Baig,batch_2,False,79.6,batch_1,2
S06,2026-08-22,76.9,162.0,76.80408163265307,Thokar Niaz Baig,batch_2,False,76.9,batch_1,2
S06,2026-08-23,51.5,140.0,51.33877551020408,Thokar Niaz Baig,batch_2,False,51.5,batch_1,2
S06,2026-08-24,55.9,151.0,55.5,Thokar Niaz Baig,batch_2,False,55.9,batch_1,2
S06,2026-08-25,81.6,164.0,80.67755102040816,Thokar Niaz Baig,batch_2,False,81.6,batch_1,2
S06,2026-08-26,60.5,154.0,61.310204081632655,Thokar Niaz Baig,batch_2,False,60.5,batch_1,2
S06,2026-08-27,76.6,162.0,76.80408163265307,Thokar Niaz Baig,batch_2,False,76.6,batch_1,2
S06,2026-08-28,97.1,172.0,96.17142857142858,Thokar Niaz Baig,batch_2,False,97.1,batch_1,2
S06,2026-08-29,80.4,164.0,80.67755102040816,Thokar Niaz Baig,batch_2,False,80.4,batch_1,2
S06,2026-08-30,74.6,161.0,74.86734693877551,Thokar Niaz Baig,batch_2,False,74.6,batch_1,2
S06,2026-08-31,64.8,156.0,65.18367346938776,Thokar Niaz Baig,batch_2,False,64.8,batch_1,2
S06,2026-09-01,79.1,163.0,78.74081632653062,Thokar Niaz Baig,batch_2,False,79.1,batch_1,2
S06,2026-09-02,88.9,168.0,88.42448979591836,Thokar Niaz Baig,batch_2,False,88.9,batch_1,2
S06,2026-09-03,74.8,161.0,74.86734693877551,Thokar Niaz Baig,batch_2,False,74.8,batch_1,2
S06,2026-09-04,70.4,159.0,70.9938775510204,Thokar Niaz Baig,batch_2,False,70.4,batch_1,2
S06,2026-09-05,60.5,154.0,61.310204081632655,Thokar Niaz Baig,batch_2,False,60.5,batch_1,2
S06,2026-09-06,82.3,165.0,82.61428571428571,Thokar Niaz Baig,batch_2,False,82.3,batch_1,2
S06,2026-09-07,77.1,162.0,76.80408163265307,Thokar Niaz Baig,batch_2,False,77.1,batch_1,2
S06,2026-09-08,104.4,176.0,103.91836734693877,Thokar Niaz Baig,batch_2,False,104.4,batch_1,2
S06,2026-09-09,82.3,165.0,82.61428571428571,Thokar Niaz Baig,batch_2,False,82.3,batch_1,2
S06,2026-09-10,86.9,167.0,86.48775510204082,Thokar Niaz Baig,batch_2,False,86.9,batch_1,2
S06,2026-09-11,93.4,171.0,94.23469387755102,Thokar Niaz Baig,batch_2,False,93.4,batch_1,2
S06,2026-09-12,90.3,169.0,90.36122448979592,Thokar Niaz Baig,batch_2,False,90.3,batch_1,2
S06,2026-09-13,77.9,163.0,78.74081632653062,Thokar Niaz Baig,batch_2,False,77.9,batch_1,2
S06,2026-09-14,67.2,157.0,67.12040816326531,Thokar Niaz Baig,batch_2,False,67.2,batch_1,2
S06,2026-09-15,78.7,163.0,78.74081632653062,Thokar Niaz Baig,batch_2,False,78.7,batch_1,2
S06,2026-09-16,85.0,166.0,84.55102040816327,Thokar Niaz Baig,batch_2,False,85.0,batch_1,2
S06,2026-09-17,91.7,170.0,92.29795918367347,Thokar Niaz Baig,batch_2,False,91.7,batch_1,2
S06,2026-09-18,103.9,176.0,103.91836734693877,Thokar Niaz Baig,batch_2,False,103.9,batch_1,2
S06,2026-09-19,90.4,169.0,90.36122448979592,Thokar Niaz Baig,batch_2,False,90.4,batch_1,2
S06,2026-09-20,68.1,158.0,69.05714285714286,Thokar Niaz Baig,batch_2,False,68.1,batch_1,2
S06,2026-09-21,150.9,201.0,150.5,Thokar Niaz Baig,batch_2,False,150.9,batch_1,2
S06,2026-09-22,80.0,164.0,80.67755102040816,Thokar Niaz Baig,batch_2,False,80.0,batch_1,2
S06,2026-09-23,95.1,171.0,94.23469387755102,Thokar Niaz Baig,batch_2,False,95.1,batch_1,2
S06,2026-09-24,96.5,172.0,96.17142857142858,Thokar Niaz Baig,batch_2,False,96.5,batch_1,2
S06,2026-09-25,63.2,155.0,63.2469387755102,Thokar Niaz Baig,batch_2,False,63.2,batch_1,2
S06,2026-09-26,,173.0,98.10816326530613,Thokar Niaz Baig,batch_2,False,98.10816326530613,batch_2_aqi_inverted,1
S06,2026-09-27,94.2,171.0,94.23469387755102,Thokar Niaz Baig,batch_2,False,94.2,batch_1,2
S06,2026-09-28,68.6,158.0,69.05714285714286,Thokar Niaz Baig,batch_2,False,68.6,batch_1,2
S06,2026-09-29,77.8,163.0,78.74081632653062,Thokar Niaz Baig,batch_2,False,77.8,batch_1,2
S06,2026-09-30,92.1,170.0,92.29795918367347,Thokar Niaz Baig,batch_2,False,92.1,batch_1,2
S06,2026-10-01,92.9,170.0,92.29795918367347,Thokar Niaz Baig,batch_2,False,92.9,batch_1,2
S06,2026-10-02,96.8,172.0,96.17142857142858,Thokar Niaz Baig,batch_2,False,96.8,batch_1,2
S06,2026-10-03,101.6,175.0,101.98163265306124,Thokar Niaz Baig,batch_2,False,101.6,batch_1,2
S06,2026-10-04,84.0,166.0,84.55102040816327,Thokar Niaz Baig,batch_2,False,84.0,batch_1,2
S06,2026-10-05,69.4,158.0,69.05714285714286,Thokar Niaz Baig,batch_2,False,69.4,batch_1,2
S06,2026-10-06,100.8,174.0,100.04489795918369,Thokar Niaz Baig,batch_2,False,100.8,batch_1,2
S06,2026-10-07,84.2,,,Thokar Niaz Baig,batch_2,False,84.2,batch_1,1
S06,2026-10-08,101.0,174.0,100.04489795918369,Thokar Niaz Baig,batch_2,False,101.0,batch_1,2
S06,2026-10-09,99.5,174.0,100.04489795918369,Thokar Niaz Baig,batch_2,False,99.5,batch_1,2
S06,2026-10-10,87.8,168.0,88.42448979591836,Thokar Niaz Baig,batch_2,False,87.8,batch_1,2
S06,2026-10-11,200.9,251.0,200.95454545454544,Thokar Niaz Baig,batch_2,False,200.9,batch_1,2
S06,2026-10-12,100.8,174.0,100.04489795918369,Thokar Niaz Baig,batch_2,False,100.8,batch_1,2
S06,2026-10-13,87.2,167.0,86.48775510204082,Thokar Niaz Baig,batch_2,False,87.2,batch_1,2
S06,2026-10-14,105.3,177.0,105.85510204081632,Thokar Niaz Baig,batch_2,False,105.3,batch_1,2
S06,2026-10-15,107.2,178.0,107.79183673469387,Thokar Niaz Baig,batch_2,False,107.2,batch_1,2
S06,2026-10-16,116.4,182.0,115.53877551020409,Thokar Niaz Baig,batch_2,False,116.4,batch_1,2
S06,2026-10-17,120.0,184.0,119.4122448979592,Thokar Niaz Baig,batch_2,False,120.0,batch_1,2
S06,2026-10-18,97.4,173.0,98.10816326530613,Thokar Niaz Baig,batch_2,False,97.4,batch_1,2
S06,2026-10-19,90.2,169.0,90.36122448979592,Thokar Niaz Baig,batch_2,False,90.2,batch_1,2
S06,2026-10-20,87.0,167.0,86.48775510204082,Thokar Niaz Baig,batch_2,False,87.0,batch_1,2
S06,2026-10-21,87.9,168.0,88.42448979591836,Thokar Niaz Baig,batch_2,False,87.9,batch_1,2
S06,2026-10-22,91.8,170.0,92.29795918367347,Thokar Niaz Baig,batch_2,False,91.8,batch_1,2
S06,2026-10-23,105.3,177.0,105.85510204081632,Thokar Niaz Baig,batch_2,False,105.3,batch_1,2
S06,2026-10-24,122.0,185.0,121.34897959183674,Thokar Niaz Baig,batch_2,False,122.0,batch_1,2
S06,2026-10-25,111.3,180.0,111.66530612244898,Thokar Niaz Baig,batch_2,False,111.3,batch_1,2
S06,2026-10-26,93.5,171.0,94.23469387755102,Thokar Niaz Baig,batch_2,False,93.5,batch_1,2
S06,2026-10-27,127.3,188.0,127.15918367346939,Thokar Niaz Baig,batch_2,False,127.3,batch_1,2
S06,2026-10-28,101.0,174.0,100.04489795918369,Thokar Niaz Baig,batch_2,False,101.0,batch_1,2
S07,2026-07-01,41.3,115.0,41.18571428571428,Allama Iqbal Town,batch_1,False,41.3,batch_1,2
S07,2026-07-02,36.2,103.0,36.31224489795918,Allama Iqbal Town,batch_1,False,36.2,batch_1,2
S07,2026-07-03,54.1,147.0,54.18163265306123,Allama Iqbal Town,batch_1,False,54.1,batch_1,2
S07,2026-07-04,58.8,153.0,59.3734693877551,Allama Iqbal Town,batch_1,False,58.8,batch_1,2
S07,2026-07-05,40.0,112.0,39.967346938775506,Allama Iqbal Town,batch_1,False,40.0,batch_1,2
S07,2026-07-06,21.7,71.0,21.610204081632652,Allama Iqbal Town,batch_1,False,21.7,batch_1,2
S07,2026-07-07,27.9,84.0,27.791836734693874,Allama Iqbal Town,batch_1,False,27.9,batch_1,2
S07,2026-07-08,42.2,118.0,42.40408163265306,Allama Iqbal Town,batch_1,False,42.2,batch_1,2
S07,2026-07-09,66.0,156.0,65.18367346938776,Allama Iqbal Town,batch_1,False,66.0,batch_1,2
S07,2026-07-10,72.2,160.0,72.93061224489796,Allama Iqbal Town,batch_1,False,72.2,batch_1,2
S07,2026-07-11,36.6,104.0,36.71836734693878,Allama Iqbal Town,batch_1,False,36.6,batch_1,2
S07,2026-07-12,44.8,124.0,44.840816326530614,Allama Iqbal Town,batch_1,False,44.8,batch_1,2
S07,2026-07-13,29.6,88.0,29.693877551020407,Allama Iqbal Town,batch_1,False,29.6,batch_1,2
S07,2026-07-14,23.4,75.0,23.51224489795918,Allama Iqbal Town,batch_1,False,23.4,batch_1,2
S07,2026-07-15,52.6,143.0,52.55714285714286,Allama Iqbal Town,batch_1,False,52.6,batch_1,2
S07,2026-07-16,54.2,147.0,54.18163265306123,Allama Iqbal Town,batch_1,False,54.2,batch_1,2
S07,2026-07-17,57.0,152.0,57.436734693877554,Allama Iqbal Town,batch_1,False,57.0,batch_1,2
S07,2026-07-18,48.8,134.0,48.90204081632653,Allama Iqbal Town,batch_1,False,48.8,batch_1,2
S07,2026-07-19,48.0,132.0,48.089795918367344,Allama Iqbal Town,batch_1,False,48.0,batch_1,2
S07,2026-07-20,43.7,121.0,43.62244897959184,Allama Iqbal Town,batch_1,False,43.7,batch_1,2
S07,2026-07-21,52.7,143.0,52.55714285714286,Allama Iqbal Town,batch_1,False,52.7,batch_1,2
S07,2026-07-22,39.7,111.0,39.56122448979592,Allama Iqbal Town,batch_1,False,39.7,batch_1,2
S07,2026-07-23,66.9,157.0,67.12040816326531,Allama Iqbal Town,batch_1,False,66.9,batch_1,2
S07,2026-07-24,67.2,157.0,67.12040816326531,Allama Iqbal Town,batch_1,False,67.2,batch_1,2
S07,2026-07-25,58.5,153.0,59.3734693877551,Allama Iqbal Town,batch_1,False,58.5,batch_1,2
S07,2026-07-26,48.5,133.0,48.49591836734694,Allama Iqbal Town,batch_1,False,48.5,batch_1,2
S07,2026-07-27,43.3,120.0,43.21632653061224,Allama Iqbal Town,batch_1,False,43.3,batch_1,2
S07,2026-07-28,45.5,126.0,45.6530612244898,Allama Iqbal Town,batch_1,False,45.5,batch_1,2
S07,2026-07-29,53.7,146.0,53.77551020408163,Allama Iqbal Town,batch_1,False,53.7,batch_1,2
S07,2026-07-30,42.2,118.0,42.40408163265306,Allama Iqbal Town,batch_1,False,42.2,batch_1,2
S07,2026-07-31,89.8,169.0,90.36122448979592,Allama Iqbal Town,batch_1,False,89.8,batch_1,2
S07,2026-08-01,71.3,159.0,70.9938775510204,Allama Iqbal Town,batch_1,False,71.3,batch_1,2
S07,2026-08-02,73.8,160.0,72.93061224489796,Allama Iqbal Town,batch_1,False,73.8,batch_1,2
S07,2026-08-03,55.7,151.0,55.5,Allama Iqbal Town,batch_1,False,55.7,batch_1,2
S07,2026-08-04,42.9,119.0,42.810204081632655,Allama Iqbal Town,batch_1,False,42.9,batch_1,2
S07,2026-08-05,,199.0,148.46326530612248,Allama Iqbal Town,batch_1,False,148.46326530612248,batch_2_aqi_inverted,1
S07,2026-08-06,61.5,154.0,61.310204081632655,Allama Iqbal Town,batch_1,False,61.5,batch_1,2
S07,2026-08-07,55.8,151.0,55.5,Allama Iqbal Town,batch_1,False,55.8,batch_1,2
S07,2026-08-08,82.3,165.0,82.61428571428571,Allama Iqbal Town,batch_1,False,82.3,batch_1,2
S07,2026-08-09,60.6,154.0,61.310204081632655,Allama Iqbal Town,batch_1,False,60.6,batch_1,2
S07,2026-08-10,66.5,157.0,67.12040816326531,Allama Iqbal Town,batch_1,False,66.5,batch_1,2
S07,2026-08-11,162.5,213.0,162.60909090909092,Allama Iqbal Town,batch_1,False,162.5,batch_1,2
S07,2026-08-12,43.6,121.0,43.62244897959184,Allama Iqbal Town,batch_1,False,43.6,batch_1,2
S07,2026-08-13,54.5,148.0,54.587755102040816,Allama Iqbal Town,batch_1,False,54.5,batch_1,2
S07,2026-08-14,60.1,153.0,59.3734693877551,Allama Iqbal Town,batch_1,False,60.1,batch_1,2
S07,2026-08-15,41.0,115.0,41.18571428571428,Allama Iqbal Town,batch_1,False,41.0,batch_1,2
S07,2026-08-16,39.3,110.0,39.155102040816324,Allama Iqbal Town,batch_1,False,39.3,batch_1,2
S07,2026-08-17,73.4,,,Allama Iqbal Town,batch_1,False,73.4,batch_1,1
S07,2026-08-18,72.0,160.0,72.93061224489796,Allama Iqbal Town,batch_1,False,72.0,batch_1,2
S07,2026-08-19,58.0,152.0,57.436734693877554,Allama Iqbal Town,batch_1,False,58.0,batch_1,2
S07,2026-08-20,98.2,173.0,98.10816326530613,Allama Iqbal Town,batch_1,False,98.2,batch_1,2
S07,2026-08-21,70.2,159.0,70.9938775510204,Allama Iqbal Town,batch_1,False,70.2,batch_1,2
S07,2026-08-22,92.3,170.0,92.29795918367347,Allama Iqbal Town,batch_1,False,92.3,batch_1,2
S07,2026-08-23,86.2,167.0,86.48775510204082,Allama Iqbal Town,batch_1,False,86.2,batch_1,2
S07,2026-08-24,52.3,142.0,52.15102040816326,Allama Iqbal Town,batch_1,False,52.3,batch_1,2
S07,2026-08-25,71.8,159.0,70.9938775510204,Allama Iqbal Town,batch_1,True,,stuck_excluded,0
S07,2026-08-26,71.8,159.0,70.9938775510204,Allama Iqbal Town,batch_1,True,,stuck_excluded,0
S07,2026-08-27,71.8,159.0,70.9938775510204,Allama Iqbal Town,batch_1,True,,stuck_excluded,0
S07,2026-08-28,44.3,123.0,44.43469387755102,Allama Iqbal Town,batch_1,False,44.3,batch_1,2
S07,2026-08-29,83.4,165.0,82.61428571428571,Allama Iqbal Town,batch_1,False,83.4,batch_1,2
S07,2026-08-30,57.3,152.0,57.436734693877554,Allama Iqbal Town,batch_1,False,57.3,batch_1,2
S07,2026-08-31,62.0,154.0,61.310204081632655,Allama Iqbal Town,batch_1,False,62.0,batch_1,2
S07,2026-09-01,68.0,157.0,67.12040816326531,Allama Iqbal Town,batch_1,False,68.0,batch_1,2
S07,2026-09-02,79.5,163.0,78.74081632653062,Allama Iqbal Town,batch_1,False,79.5,batch_1,2
S07,2026-09-03,75.2,161.0,74.86734693877551,Allama Iqbal Town,batch_1,False,75.2,batch_1,2
S07,2026-09-04,84.6,166.0,84.55102040816327,Allama Iqbal Town,batch_1,False,84.6,batch_1,2
S07,2026-09-05,92.1,170.0,92.29795918367347,Allama Iqbal Town,batch_1,False,92.1,batch_1,2
S07,2026-09-06,48.0,132.0,48.089795918367344,Allama Iqbal Town,batch_1,False,48.0,batch_1,2
S07,2026-09-07,122.0,185.0,121.34897959183674,Allama Iqbal Town,batch_1,False,122.0,batch_1,2
S07,2026-09-08,55.5,151.0,55.5,Allama Iqbal Town,batch_1,False,55.5,batch_1,2
S07,2026-09-09,78.1,163.0,78.74081632653062,Allama Iqbal Town,batch_1,False,78.1,batch_1,2
S07,2026-09-10,62.0,154.0,61.310204081632655,Allama Iqbal Town,batch_1,False,62.0,batch_1,2
S07,2026-09-11,79.7,164.0,80.67755102040816,Allama Iqbal Town,batch_1,False,79.7,batch_1,2
S07,2026-09-12,62.4,155.0,63.2469387755102,Allama Iqbal Town,batch_1,False,62.4,batch_1,2
S07,2026-09-13,81.3,164.0,80.67755102040816,Allama Iqbal Town,batch_1,False,81.3,batch_1,2
S07,2026-09-14,65.0,156.0,65.18367346938776,Allama Iqbal Town,batch_1,False,65.0,batch_1,2
S07,2026-09-15,73.1,160.0,72.93061224489796,Allama Iqbal Town,batch_1,False,73.1,batch_1,2
S07,2026-09-16,101.5,175.0,101.98163265306124,Allama Iqbal Town,batch_1,False,101.5,batch_1,2
S07,2026-09-17,79.8,164.0,80.67755102040816,Allama Iqbal Town,batch_1,False,79.8,batch_1,2
S07,2026-09-18,94.8,171.0,94.23469387755102,Allama Iqbal Town,batch_1,False,94.8,batch_1,2
S07,2026-09-19,94.6,171.0,94.23469387755102,Allama Iqbal Town,batch_1,False,94.6,batch_1,2
S07,2026-09-20,93.7,171.0,94.23469387755102,Allama Iqbal Town,batch_1,False,93.7,batch_1,2
S07,2026-09-21,74.0,161.0,74.86734693877551,Allama Iqbal Town,batch_1,False,74.0,batch_1,2
S07,2026-09-22,74.9,161.0,74.86734693877551,Allama Iqbal Town,batch_1,False,74.9,batch_1,2
S07,2026-09-23,81.4,164.0,80.67755102040816,Allama Iqbal Town,batch_1,False,81.4,batch_1,2
S07,2026-09-24,95.3,172.0,96.17142857142858,Allama Iqbal Town,batch_1,False,95.3,batch_1,2
S07,2026-09-25,110.9,180.0,111.66530612244898,Allama Iqbal Town,batch_1,False,110.9,batch_1,2
S07,2026-09-26,86.0,167.0,86.48775510204082,Allama Iqbal Town,batch_1,False,86.0,batch_1,2
S07,2026-09-27,53.7,146.0,53.77551020408163,Allama Iqbal Town,batch_1,False,53.7,batch_1,2
S07,2026-09-28,89.7,169.0,90.36122448979592,Allama Iqbal Town,batch_1,False,89.7,batch_1,2
S07,2026-09-29,82.0,165.0,82.61428571428571,Allama Iqbal Town,batch_1,False,82.0,batch_1,2
S07,2026-09-30,94.1,171.0,94.23469387755102,Allama Iqbal Town,batch_1,False,94.1,batch_1,2
S07,2026-10-01,76.0,162.0,76.80408163265307,Allama Iqbal Town,batch_1,False,76.0,batch_1,2
S07,2026-10-02,90.5,169.0,90.36122448979592,Allama Iqbal Town,batch_1,False,90.5,batch_1,2
S07,2026-10-03,102.6,175.0,101.98163265306124,Allama Iqbal Town,batch_1,False,102.6,batch_1,2
S07,2026-10-04,71.6,159.0,70.9938775510204,Allama Iqbal Town,batch_1,False,71.6,batch_1,2
S07,2026-10-05,88.5,168.0,88.42448979591836,Allama Iqbal Town,batch_1,False,88.5,batch_1,2
S07,2026-10-06,84.6,,,Allama Iqbal Town,batch_1,False,84.6,batch_1,1
S07,2026-10-07,83.0,165.0,82.61428571428571,Allama Iqbal Town,batch_1,False,83.0,batch_1,2
S07,2026-10-08,88.9,168.0,88.42448979591836,Allama Iqbal Town,batch_1,False,88.9,batch_1,2
S07,2026-10-09,88.5,168.0,88.42448979591836,Allama Iqbal Town,batch_1,False,88.5,batch_1,2
S07,2026-10-10,97.7,173.0,98.10816326530613,Allama Iqbal Town,batch_1,False,97.7,batch_1,2
S07,2026-10-11,92.7,170.0,92.29795918367347,Allama Iqbal Town,batch_1,False,92.7,batch_1,2
S07,2026-10-12,82.4,165.0,82.61428571428571,Allama Iqbal Town,batch_1,False,82.4,batch_1,2
S07,2026-10-13,76.0,162.0,76.80408163265307,Allama Iqbal Town,batch_1,False,76.0,batch_1,2
S07,2026-10-14,60.6,154.0,61.310204081632655,Allama Iqbal Town,batch_1,False,60.6,batch_1,2
S07,2026-10-15,107.7,178.0,107.79183673469387,Allama Iqbal Town,batch_1,False,107.7,batch_1,2
S07,2026-10-16,115.4,182.0,115.53877551020409,Allama Iqbal Town,batch_1,False,115.4,batch_1,2
S07,2026-10-17,108.2,178.0,107.79183673469387,Allama Iqbal Town,batch_1,False,108.2,batch_1,2
S07,2026-10-18,119.1,184.0,119.4122448979592,Allama Iqbal Town,batch_1,False,119.1,batch_1,2
S07,2026-10-19,88.4,168.0,88.42448979591836,Allama Iqbal Town,batch_1,False,88.4,batch_1,2
S07,2026-10-20,109.2,179.0,109.72857142857143,Allama Iqbal Town,batch_1,False,109.2,batch_1,2
S07,2026-10-21,91.8,170.0,92.29795918367347,Allama Iqbal Town,batch_1,False,91.8,batch_1,2
S07,2026-10-22,96.7,172.0,96.17142857142858,Allama Iqbal Town,batch_1,False,96.7,batch_1,2
S07,2026-10-23,109.9,179.0,109.72857142857143,Allama Iqbal Town,batch_1,False,109.9,batch_1,2
S07,2026-10-24,124.1,186.0,123.28571428571429,Allama Iqbal Town,batch_1,False,124.1,batch_1,2
S07,2026-10-25,94.7,171.0,94.23469387755102,Allama Iqbal Town,batch_1,False,94.7,batch_1,2
S07,2026-10-26,75.7,161.0,74.86734693877551,Allama Iqbal Town,batch_1,False,75.7,batch_1,2
S07,2026-10-27,107.1,178.0,107.79183673469387,Allama Iqbal Town,batch_1,False,107.1,batch_1,2
S07,2026-10-28,102.4,175.0,101.98163265306124,Allama Iqbal Town,batch_1,False,102.4,batch_1,2
S08,2026-07-01,74.3,161.0,74.86734693877551,Shadman,batch_2,False,74.3,batch_1,2
S08,2026-07-02,80.3,164.0,80.67755102040816,Shadman,batch_2,False,80.3,batch_1,2
S08,2026-07-03,75.7,161.0,74.86734693877551,Shadman,batch_2,False,75.7,batch_1,2
S08,2026-07-04,88.5,168.0,88.42448979591836,Shadman,batch_2,False,88.5,batch_1,2
S08,2026-07-05,77.3,162.0,76.80408163265307,Shadman,batch_2,False,77.3,batch_1,2
S08,2026-07-06,90.2,169.0,90.36122448979592,Shadman,batch_2,False,90.2,batch_1,2
S08,2026-07-07,62.6,155.0,63.2469387755102,Shadman,batch_2,False,62.6,batch_1,2
S08,2026-07-08,87.3,167.0,86.48775510204082,Shadman,batch_2,False,87.3,batch_1,2
S08,2026-07-09,103.2,176.0,103.91836734693877,Shadman,batch_2,False,103.2,batch_1,2
S08,2026-07-10,122.1,185.0,121.34897959183674,Shadman,batch_2,False,122.1,batch_1,2
S08,2026-07-11,89.6,169.0,90.36122448979592,Shadman,batch_2,False,89.6,batch_1,2
S08,2026-07-12,76.6,162.0,76.80408163265307,Shadman,batch_2,False,76.6,batch_1,2
S08,2026-07-13,79.1,163.0,78.74081632653062,Shadman,batch_2,False,79.1,batch_1,2
S08,2026-07-14,95.0,171.0,94.23469387755102,Shadman,batch_2,False,95.0,batch_1,2
S08,2026-07-15,101.8,175.0,101.98163265306124,Shadman,batch_2,False,101.8,batch_1,2
S08,2026-07-16,91.4,170.0,92.29795918367347,Shadman,batch_2,False,91.4,batch_1,2
S08,2026-07-17,110.5,179.0,109.72857142857143,Shadman,batch_2,False,110.5,batch_1,2
S08,2026-07-18,90.9,169.0,90.36122448979592,Shadman,batch_2,False,90.9,batch_1,2
S08,2026-07-19,94.8,171.0,94.23469387755102,Shadman,batch_2,False,94.8,batch_1,2
S08,2026-07-20,87.5,168.0,88.42448979591836,Shadman,batch_2,False,87.5,batch_1,2
S08,2026-07-21,78.4,163.0,78.74081632653062,Shadman,batch_2,False,78.4,batch_1,2
S08,2026-07-22,78.8,163.0,78.74081632653062,Shadman,batch_2,False,78.8,batch_1,2
S08,2026-07-23,111.3,180.0,111.66530612244898,Shadman,batch_2,False,111.3,batch_1,2
S08,2026-07-24,117.0,183.0,117.47551020408164,Shadman,batch_2,False,117.0,batch_1,2
S08,2026-07-25,99.8,174.0,100.04489795918369,Shadman,batch_2,False,99.8,batch_1,2
S08,2026-07-26,88.3,168.0,88.42448979591836,Shadman,batch_2,False,88.3,batch_1,2
S08,2026-07-27,70.7,159.0,70.9938775510204,Shadman,batch_2,False,70.7,batch_1,2
S08,2026-07-28,101.2,175.0,101.98163265306124,Shadman,batch_2,False,101.2,batch_1,2
S08,2026-07-29,97.1,172.0,96.17142857142858,Shadman,batch_2,False,97.1,batch_1,2
S08,2026-07-30,97.4,173.0,98.10816326530613,Shadman,batch_2,False,97.4,batch_1,2
S08,2026-07-31,113.1,181.0,113.60204081632654,Shadman,batch_2,False,113.1,batch_1,2
S08,2026-08-01,82.7,165.0,82.61428571428571,Shadman,batch_2,False,82.7,batch_1,2
S08,2026-08-02,168.7,219.0,168.66363636363636,Shadman,batch_2,False,168.7,batch_1,2
S08,2026-08-03,80.5,164.0,80.67755102040816,Shadman,batch_2,False,80.5,batch_1,2
S08,2026-08-04,99.4,174.0,100.04489795918369,Shadman,batch_2,False,99.4,batch_1,2
S08,2026-08-05,105.6,177.0,105.85510204081632,Shadman,batch_2,False,105.6,batch_1,2
S08,2026-08-06,107.6,178.0,107.79183673469387,Shadman,batch_2,False,107.6,batch_1,2
S08,2026-08-07,114.3,181.0,113.60204081632654,Shadman,batch_2,False,114.3,batch_1,2
S08,2026-08-08,82.2,165.0,82.61428571428571,Shadman,batch_2,False,82.2,batch_1,2
S08,2026-08-09,69.0,158.0,69.05714285714286,Shadman,batch_2,False,69.0,batch_1,2
S08,2026-08-10,95.5,172.0,96.17142857142858,Shadman,batch_2,False,95.5,batch_1,2
S08,2026-08-11,93.8,171.0,94.23469387755102,Shadman,batch_2,False,93.8,batch_1,2
S08,2026-08-12,98.7,173.0,98.10816326530613,Shadman,batch_2,False,98.7,batch_1,2
S08,2026-08-13,113.3,181.0,113.60204081632654,Shadman,batch_2,False,113.3,batch_1,2
S08,2026-08-14,112.7,181.0,113.60204081632654,Shadman,batch_2,False,112.7,batch_1,2
S08,2026-08-15,238.1,288.0,238.2909090909091,Shadman,batch_2,False,238.1,batch_1,2
S08,2026-08-16,88.9,168.0,88.42448979591836,Shadman,batch_2,False,88.9,batch_1,2
S08,2026-08-17,109.4,179.0,109.72857142857143,Shadman,batch_2,False,109.4,batch_1,2
S08,2026-08-18,102.9,175.0,101.98163265306124,Shadman,batch_2,False,102.9,batch_1,2
S08,2026-08-19,127.3,188.0,127.15918367346939,Shadman,batch_2,False,127.3,batch_1,2
S08,2026-08-20,111.8,180.0,111.66530612244898,Shadman,batch_2,False,111.8,batch_1,2
S08,2026-08-21,110.5,179.0,109.72857142857143,Shadman,batch_2,False,110.5,batch_1,2
S08,2026-08-22,97.7,173.0,98.10816326530613,Shadman,batch_2,False,97.7,batch_1,2
S08,2026-08-23,91.2,169.0,90.36122448979592,Shadman,batch_2,False,91.2,batch_1,2
S08,2026-08-24,111.6,180.0,111.66530612244898,Shadman,batch_2,False,111.6,batch_1,2
S08,2026-08-25,122.8,186.0,123.28571428571429,Shadman,batch_2,False,122.8,batch_1,2
S08,2026-08-26,107.9,178.0,107.79183673469387,Shadman,batch_2,False,107.9,batch_1,2
S08,2026-08-27,218.9,269.0,219.11818181818182,Shadman,batch_2,False,218.9,batch_1,2
S08,2026-08-28,109.2,179.0,109.72857142857143,Shadman,batch_2,False,109.2,batch_1,2
S08,2026-08-29,,182.0,115.53877551020409,Shadman,batch_2,False,115.53877551020409,batch_2_aqi_inverted,1
S08,2026-08-30,111.0,180.0,111.66530612244898,Shadman,batch_2,False,111.0,batch_1,2
S08,2026-08-31,111.8,180.0,111.66530612244898,Shadman,batch_2,False,111.8,batch_1,2
S08,2026-09-01,114.0,181.0,113.60204081632654,Shadman,batch_2,False,114.0,batch_1,2
S08,2026-09-02,145.2,197.0,144.58979591836737,Shadman,batch_2,False,145.2,batch_1,2
S08,2026-09-03,137.5,193.0,136.84285714285716,Shadman,batch_2,False,137.5,batch_1,2
S08,2026-09-04,117.6,183.0,117.47551020408164,Shadman,batch_2,False,117.6,batch_1,2
S08,2026-09-05,143.3,196.0,142.6530612244898,Shadman,batch_2,False,143.3,batch_1,2
S08,2026-09-06,,173.0,98.10816326530613,Shadman,batch_2,False,98.10816326530613,batch_2_aqi_inverted,1
S08,2026-09-07,95.7,,,Shadman,batch_2,False,95.7,batch_1,1
S08,2026-09-08,119.4,184.0,119.4122448979592,Shadman,batch_2,False,119.4,batch_1,2
S08,2026-09-09,113.7,181.0,113.60204081632654,Shadman,batch_2,False,113.7,batch_1,2
S08,2026-09-10,94.8,171.0,94.23469387755102,Shadman,batch_2,False,94.8,batch_1,2
S08,2026-09-11,143.5,196.0,142.6530612244898,Shadman,batch_2,False,143.5,batch_1,2
S08,2026-09-12,129.3,189.0,129.09591836734694,Shadman,batch_2,False,129.3,batch_1,2
S08,2026-09-13,114.3,181.0,113.60204081632654,Shadman,batch_2,False,114.3,batch_1,2
S08,2026-09-14,109.5,179.0,109.72857142857143,Shadman,batch_2,False,109.5,batch_1,2
S08,2026-09-15,111.2,180.0,111.66530612244898,Shadman,batch_2,False,111.2,batch_1,2
S08,2026-09-16,95.8,172.0,96.17142857142858,Shadman,batch_2,False,95.8,batch_1,2
S08,2026-09-17,116.7,183.0,117.47551020408164,Shadman,batch_2,False,116.7,batch_1,2
S08,2026-09-18,192.0,242.0,191.87272727272727,Shadman,batch_2,False,192.0,batch_1,2
S08,2026-09-19,122.1,185.0,121.34897959183674,Shadman,batch_2,False,122.1,batch_1,2
S08,2026-09-20,110.4,179.0,109.72857142857143,Shadman,batch_2,False,110.4,batch_1,2
S08,2026-09-21,93.1,170.0,92.29795918367347,Shadman,batch_2,False,93.1,batch_1,2
S08,2026-09-22,119.1,184.0,119.4122448979592,Shadman,batch_2,False,119.1,batch_1,2
S08,2026-09-23,127.1,188.0,127.15918367346939,Shadman,batch_2,False,127.1,batch_1,2
S08,2026-09-24,122.3,185.0,121.34897959183674,Shadman,batch_2,False,122.3,batch_1,2
S08,2026-09-25,146.3,198.0,146.5265306122449,Shadman,batch_2,False,146.3,batch_1,2
S08,2026-09-26,129.9,189.0,129.09591836734694,Shadman,batch_2,False,129.9,batch_1,2
S08,2026-09-27,114.7,182.0,115.53877551020409,Shadman,batch_2,False,114.7,batch_1,2
S08,2026-09-28,101.3,175.0,101.98163265306124,Shadman,batch_2,False,101.3,batch_1,2
S08,2026-09-29,124.8,187.0,125.22244897959183,Shadman,batch_2,False,124.8,batch_1,2
S08,2026-09-30,134.5,192.0,134.9061224489796,Shadman,batch_2,False,134.5,batch_1,2
S08,2026-10-01,129.4,189.0,129.09591836734694,Shadman,batch_2,False,129.4,batch_1,2
S08,2026-10-02,139.0,194.0,138.7795918367347,Shadman,batch_2,False,139.0,batch_1,2
S08,2026-10-03,,203.0,152.51818181818183,Shadman,batch_2,False,152.51818181818183,batch_2_aqi_inverted,1
S08,2026-10-04,137.8,194.0,138.7795918367347,Shadman,batch_2,False,137.8,batch_1,2
S08,2026-10-05,97.5,173.0,98.10816326530613,Shadman,batch_2,False,97.5,batch_1,2
S08,2026-10-06,116.8,183.0,117.47551020408164,Shadman,batch_2,False,116.8,batch_1,2
S08,2026-10-07,130.6,190.0,131.0326530612245,Shadman,batch_2,False,130.6,batch_1,2
S08,2026-10-08,139.9,195.0,140.71632653061226,Shadman,batch_2,False,139.9,batch_1,2
S08,2026-10-09,143.1,196.0,142.6530612244898,Shadman,batch_2,False,143.1,batch_1,2
S08,2026-10-10,,196.0,142.6530612244898,Shadman,batch_2,False,142.6530612244898,batch_2_aqi_inverted,1
S08,2026-10-11,,189.0,129.09591836734694,Shadman,batch_2,False,129.09591836734694,batch_2_aqi_inverted,1
S08,2026-10-12,127.4,188.0,127.15918367346939,Shadman,batch_2,False,127.4,batch_1,2
S08,2026-10-13,140.7,195.0,140.71632653061226,Shadman,batch_2,False,140.7,batch_1,2
S08,2026-10-14,139.5,194.0,138.7795918367347,Shadman,batch_2,False,139.5,batch_1,2
S08,2026-10-15,224.5,274.0,224.16363636363639,Shadman,batch_2,False,224.5,batch_1,2
S08,2026-10-16,146.3,198.0,146.5265306122449,Shadman,batch_2,False,146.3,batch_1,2
S08,2026-10-17,173.3,224.0,173.70909090909092,Shadman,batch_2,False,173.3,batch_1,2
S08,2026-10-18,129.0,189.0,129.09591836734694,Shadman,batch_2,False,129.0,batch_1,2
S08,2026-10-19,107.5,178.0,107.79183673469387,Shadman,batch_2,False,107.5,batch_1,2
S08,2026-10-20,141.9,196.0,142.6530612244898,Shadman,batch_2,False,141.9,batch_1,2
S08,2026-10-21,145.6,198.0,146.5265306122449,Shadman,batch_2,False,145.6,batch_1,2
S08,2026-10-22,156.9,,,Shadman,batch_2,False,156.9,batch_1,1
S08,2026-10-23,137.5,193.0,136.84285714285716,Shadman,batch_2,False,137.5,batch_1,2
S08,2026-10-24,131.9,190.0,131.0326530612245,Shadman,batch_2,False,131.9,batch_1,2
S08,2026-10-25,145.0,197.0,144.58979591836737,Shadman,batch_2,False,145.0,batch_1,2
S08,2026-10-26,140.7,195.0,140.71632653061226,Shadman,batch_2,False,140.7,batch_1,2
S08,2026-10-27,115.1,182.0,115.53877551020409,Shadman,batch_2,False,115.1,batch_1,2
S08,2026-10-28,135.4,192.0,134.9061224489796,Shadman,batch_2,False,135.4,batch_1,2
S09,2026-07-01,64.7,156.0,65.18367346938776,Cantt,batch_1,False,64.7,batch_1,2
S09,2026-07-02,75.2,161.0,74.86734693877551,Cantt,batch_1,False,75.2,batch_1,2
S09,2026-07-03,68.3,158.0,69.05714285714286,Cantt,batch_1,False,68.3,batch_1,2
S09,2026-07-04,70.0,158.0,69.05714285714286,Cantt,batch_1,False,70.0,batch_1,2
S09,2026-07-05,151.8,202.0,151.5090909090909,Cantt,batch_1,False,151.8,batch_1,2
S09,2026-07-06,58.7,153.0,59.3734693877551,Cantt,batch_1,False,58.7,batch_1,2
S09,2026-07-07,40.5,113.0,40.3734693877551,Cantt,batch_1,False,40.5,batch_1,2
S09,2026-07-08,64.6,156.0,65.18367346938776,Cantt,batch_1,False,64.6,batch_1,2
S09,2026-07-09,74.6,161.0,74.86734693877551,Cantt,batch_1,False,74.6,batch_1,2
S09,2026-07-10,80.6,164.0,80.67755102040816,Cantt,batch_1,False,80.6,batch_1,2
S09,2026-07-11,55.6,151.0,55.5,Cantt,batch_1,False,55.6,batch_1,2
S09,2026-07-12,49.8,136.0,49.714285714285715,Cantt,batch_1,False,49.8,batch_1,2
S09,2026-07-13,66.1,156.0,65.18367346938776,Cantt,batch_1,False,66.1,batch_1,2
S09,2026-07-14,51.8,141.0,51.744897959183675,Cantt,batch_1,False,51.8,batch_1,2
S09,2026-07-15,70.1,159.0,70.9938775510204,Cantt,batch_1,False,70.1,batch_1,2
S09,2026-07-16,94.3,171.0,94.23469387755102,Cantt,batch_1,False,94.3,batch_1,2
S09,2026-07-17,66.5,157.0,67.12040816326531,Cantt,batch_1,False,66.5,batch_1,2
S09,2026-07-18,67.5,157.0,67.12040816326531,Cantt,batch_1,False,67.5,batch_1,2
S09,2026-07-19,83.0,165.0,82.61428571428571,Cantt,batch_1,False,83.0,batch_1,2
S09,2026-07-20,45.8,126.0,45.6530612244898,Cantt,batch_1,False,45.8,batch_1,2
S09,2026-07-21,67.3,157.0,67.12040816326531,Cantt,batch_1,False,67.3,batch_1,2
S09,2026-07-22,104.6,176.0,103.91836734693877,Cantt,batch_1,False,104.6,batch_1,2
S09,2026-07-23,86.9,167.0,86.48775510204082,Cantt,batch_1,False,86.9,batch_1,2
S09,2026-07-24,96.3,172.0,96.17142857142858,Cantt,batch_1,False,96.3,batch_1,2
S09,2026-07-25,76.4,162.0,76.80408163265307,Cantt,batch_1,False,76.4,batch_1,2
S09,2026-07-26,60.0,153.0,59.3734693877551,Cantt,batch_1,False,60.0,batch_1,2
S09,2026-07-27,53.3,145.0,53.36938775510204,Cantt,batch_1,False,53.3,batch_1,2
S09,2026-07-28,76.5,162.0,76.80408163265307,Cantt,batch_1,False,76.5,batch_1,2
S09,2026-07-29,83.6,166.0,84.55102040816327,Cantt,batch_1,False,83.6,batch_1,2
S09,2026-07-30,108.5,178.0,107.79183673469387,Cantt,batch_1,False,108.5,batch_1,2
S09,2026-07-31,85.0,166.0,84.55102040816327,Cantt,batch_1,False,85.0,batch_1,2
S09,2026-08-01,88.9,168.0,88.42448979591836,Cantt,batch_1,False,88.9,batch_1,2
S09,2026-08-02,77.7,162.0,76.80408163265307,Cantt,batch_1,False,77.7,batch_1,2
S09,2026-08-03,61.3,154.0,61.310204081632655,Cantt,batch_1,False,61.3,batch_1,2
S09,2026-08-04,80.6,164.0,80.67755102040816,Cantt,batch_1,False,80.6,batch_1,2
S09,2026-08-05,96.9,172.0,96.17142857142858,Cantt,batch_1,False,96.9,batch_1,2
S09,2026-08-06,98.8,173.0,98.10816326530613,Cantt,batch_1,False,98.8,batch_1,2
S09,2026-08-07,84.5,166.0,84.55102040816327,Cantt,batch_1,False,84.5,batch_1,2
S09,2026-08-08,122.0,,,Cantt,batch_1,False,122.0,batch_1,1
S09,2026-08-09,79.8,164.0,80.67755102040816,Cantt,batch_1,False,79.8,batch_1,2
S09,2026-08-10,93.6,171.0,94.23469387755102,Cantt,batch_1,False,93.6,batch_1,2
S09,2026-08-11,77.3,162.0,76.80408163265307,Cantt,batch_1,False,77.3,batch_1,2
S09,2026-08-12,102.1,175.0,101.98163265306124,Cantt,batch_1,False,102.1,batch_1,2
S09,2026-08-13,92.5,170.0,92.29795918367347,Cantt,batch_1,False,92.5,batch_1,2
S09,2026-08-14,95.4,,,Cantt,batch_1,False,95.4,batch_1,1
S09,2026-08-15,105.3,177.0,105.85510204081632,Cantt,batch_1,False,105.3,batch_1,2
S09,2026-08-16,110.4,179.0,109.72857142857143,Cantt,batch_1,False,110.4,batch_1,2
S09,2026-08-17,80.2,164.0,80.67755102040816,Cantt,batch_1,False,80.2,batch_1,2
S09,2026-08-18,80.3,164.0,80.67755102040816,Cantt,batch_1,False,80.3,batch_1,2
S09,2026-08-19,83.0,165.0,82.61428571428571,Cantt,batch_1,False,83.0,batch_1,2
S09,2026-08-20,88.1,168.0,88.42448979591836,Cantt,batch_1,False,88.1,batch_1,2
S09,2026-08-21,222.6,272.0,222.14545454545456,Cantt,batch_1,False,222.6,batch_1,2
S09,2026-08-22,108.6,178.0,107.79183673469387,Cantt,batch_1,False,108.6,batch_1,2
S09,2026-08-23,211.2,261.0,211.04545454545456,Cantt,batch_1,False,211.2,batch_1,2
S09,2026-08-24,93.1,170.0,92.29795918367347,Cantt,batch_1,False,93.1,batch_1,2
S09,2026-08-25,97.6,173.0,98.10816326530613,Cantt,batch_1,False,97.6,batch_1,2
S09,2026-08-26,104.2,176.0,103.91836734693877,Cantt,batch_1,False,104.2,batch_1,2
S09,2026-08-27,116.8,183.0,117.47551020408164,Cantt,batch_1,False,116.8,batch_1,2
S09,2026-08-28,95.6,172.0,96.17142857142858,Cantt,batch_1,False,95.6,batch_1,2
S09,2026-08-29,103.5,176.0,103.91836734693877,Cantt,batch_1,False,103.5,batch_1,2
S09,2026-08-30,74.9,161.0,74.86734693877551,Cantt,batch_1,False,74.9,batch_1,2
S09,2026-08-31,71.2,159.0,70.9938775510204,Cantt,batch_1,False,71.2,batch_1,2
S09,2026-09-01,94.2,171.0,94.23469387755102,Cantt,batch_1,False,94.2,batch_1,2
S09,2026-09-02,98.1,173.0,98.10816326530613,Cantt,batch_1,False,98.1,batch_1,2
S09,2026-09-03,106.9,178.0,107.79183673469387,Cantt,batch_1,False,106.9,batch_1,2
S09,2026-09-04,115.9,182.0,115.53877551020409,Cantt,batch_1,False,115.9,batch_1,2
S09,2026-09-05,122.3,185.0,121.34897959183674,Cantt,batch_1,False,122.3,batch_1,2
S09,2026-09-06,98.5,173.0,98.10816326530613,Cantt,batch_1,False,98.5,batch_1,2
S09,2026-09-07,92.7,170.0,92.29795918367347,Cantt,batch_1,False,92.7,batch_1,2
S09,2026-09-08,88.2,168.0,88.42448979591836,Cantt,batch_1,False,88.2,batch_1,2
S09,2026-09-09,114.0,181.0,113.60204081632654,Cantt,batch_1,False,114.0,batch_1,2
S09,2026-09-10,102.8,175.0,101.98163265306124,Cantt,batch_1,False,102.8,batch_1,2
S09,2026-09-11,109.1,179.0,109.72857142857143,Cantt,batch_1,False,109.1,batch_1,2
S09,2026-09-12,116.3,182.0,115.53877551020409,Cantt,batch_1,False,116.3,batch_1,2
S09,2026-09-13,103.2,176.0,103.91836734693877,Cantt,batch_1,False,103.2,batch_1,2
S09,2026-09-14,98.8,173.0,98.10816326530613,Cantt,batch_1,False,98.8,batch_1,2
S09,2026-09-15,90.3,169.0,90.36122448979592,Cantt,batch_1,False,90.3,batch_1,2
S09,2026-09-16,111.4,180.0,111.66530612244898,Cantt,batch_1,False,111.4,batch_1,2
S09,2026-09-17,140.5,195.0,140.71632653061226,Cantt,batch_1,False,140.5,batch_1,2
S09,2026-09-18,100.8,174.0,100.04489795918369,Cantt,batch_1,False,100.8,batch_1,2
S09,2026-09-19,99.3,174.0,100.04489795918369,Cantt,batch_1,False,99.3,batch_1,2
S09,2026-09-20,115.5,182.0,115.53877551020409,Cantt,batch_1,False,115.5,batch_1,2
S09,2026-09-21,105.2,177.0,105.85510204081632,Cantt,batch_1,False,105.2,batch_1,2
S09,2026-09-22,120.9,185.0,121.34897959183674,Cantt,batch_1,False,120.9,batch_1,2
S09,2026-09-23,102.4,175.0,101.98163265306124,Cantt,batch_1,False,102.4,batch_1,2
S09,2026-09-24,128.7,,,Cantt,batch_1,False,128.7,batch_1,1
S09,2026-09-25,124.2,186.0,123.28571428571429,Cantt,batch_1,False,124.2,batch_1,2
S09,2026-09-26,105.0,177.0,105.85510204081632,Cantt,batch_1,False,105.0,batch_1,2
S09,2026-09-27,102.5,175.0,101.98163265306124,Cantt,batch_1,False,102.5,batch_1,2
S09,2026-09-28,106.4,177.0,105.85510204081632,Cantt,batch_1,False,106.4,batch_1,2
S09,2026-09-29,98.0,173.0,98.10816326530613,Cantt,batch_1,False,98.0,batch_1,2
S09,2026-09-30,128.6,189.0,129.09591836734694,Cantt,batch_1,False,128.6,batch_1,2
S09,2026-10-01,,190.0,131.0326530612245,Cantt,batch_1,False,131.0326530612245,batch_2_aqi_inverted,1
S09,2026-10-02,118.1,183.0,117.47551020408164,Cantt,batch_1,False,118.1,batch_1,2
S09,2026-10-03,118.3,183.0,117.47551020408164,Cantt,batch_1,False,118.3,batch_1,2
S09,2026-10-04,,187.0,125.22244897959183,Cantt,batch_1,False,125.22244897959183,batch_2_aqi_inverted,1
S09,2026-10-05,109.3,179.0,109.72857142857143,Cantt,batch_1,False,109.3,batch_1,2
S09,2026-10-06,135.9,193.0,136.84285714285716,Cantt,batch_1,False,135.9,batch_1,2
S09,2026-10-07,125.2,187.0,125.22244897959183,Cantt,batch_1,False,125.2,batch_1,2
S09,2026-10-08,116.0,182.0,115.53877551020409,Cantt,batch_1,False,116.0,batch_1,2
S09,2026-10-09,115.2,182.0,115.53877551020409,Cantt,batch_1,False,115.2,batch_1,2
S09,2026-10-10,136.8,193.0,136.84285714285716,Cantt,batch_1,False,136.8,batch_1,2
S09,2026-10-11,112.4,180.0,111.66530612244898,Cantt,batch_1,False,112.4,batch_1,2
S09,2026-10-12,115.6,182.0,115.53877551020409,Cantt,batch_1,False,115.6,batch_1,2
S09,2026-10-13,82.0,165.0,82.61428571428571,Cantt,batch_1,False,82.0,batch_1,2
S09,2026-10-14,123.0,186.0,123.28571428571429,Cantt,batch_1,False,123.0,batch_1,2
S09,2026-10-15,112.8,181.0,113.60204081632654,Cantt,batch_1,False,112.8,batch_1,2
S09,2026-10-16,114.7,182.0,115.53877551020409,Cantt,batch_1,False,114.7,batch_1,2
S09,2026-10-17,142.7,,,Cantt,batch_1,False,142.7,batch_1,1
S09,2026-10-18,117.7,183.0,117.47551020408164,Cantt,batch_1,False,117.7,batch_1,2
S09,2026-10-19,113.3,181.0,113.60204081632654,Cantt,batch_1,False,113.3,batch_1,2
S09,2026-10-20,145.1,197.0,144.58979591836737,Cantt,batch_1,False,145.1,batch_1,2
S09,2026-10-21,138.3,194.0,138.7795918367347,Cantt,batch_1,False,138.3,batch_1,2
S09,2026-10-22,152.7,203.0,152.51818181818183,Cantt,batch_1,False,152.7,batch_1,2
S09,2026-10-23,150.9,201.0,150.5,Cantt,batch_1,False,150.9,batch_1,2
S09,2026-10-24,141.5,195.0,140.71632653061226,Cantt,batch_1,False,141.5,batch_1,2
S09,2026-10-25,144.0,197.0,144.58979591836737,Cantt,batch_1,False,144.0,batch_1,2
S09,2026-10-26,112.5,180.0,111.66530612244898,Cantt,batch_1,False,112.5,batch_1,2
S09,2026-10-27,113.2,181.0,113.60204081632654,Cantt,batch_1,False,113.2,batch_1,2
S09,2026-10-28,113.6,181.0,113.60204081632654,Cantt,batch_1,False,113.6,batch_1,2
S10,2026-07-01,67.6,157.0,67.12040816326531,Faisal Town,batch_2,False,67.6,batch_1,2
S10,2026-07-02,167.1,217.0,166.64545454545456,Faisal Town,batch_2,False,167.1,batch_1,2
S10,2026-07-03,80.5,164.0,80.67755102040816,Faisal Town,batch_2,False,80.5,batch_1,2
S10,2026-07-04,94.1,171.0,94.23469387755102,Faisal Town,batch_2,False,94.1,batch_1,2
S10,2026-07-05,71.1,159.0,70.9938775510204,Faisal Town,batch_2,False,71.1,batch_1,2
S10,2026-07-06,189.9,240.0,189.85454545454547,Faisal Town,batch_2,False,189.9,batch_1,2
S10,2026-07-07,75.5,161.0,74.86734693877551,Faisal Town,batch_2,False,75.5,batch_1,2
S10,2026-07-08,82.4,165.0,82.61428571428571,Faisal Town,batch_2,False,82.4,batch_1,2
S10,2026-07-09,76.3,162.0,76.80408163265307,Faisal Town,batch_2,False,76.3,batch_1,2
S10,2026-07-10,81.0,164.0,80.67755102040816,Faisal Town,batch_2,False,81.0,batch_1,2
S10,2026-07-11,99.4,174.0,100.04489795918369,Faisal Town,batch_2,False,99.4,batch_1,2
S10,2026-07-12,71.7,159.0,70.9938775510204,Faisal Town,batch_2,False,71.7,batch_1,2
S10,2026-07-13,75.6,161.0,74.86734693877551,Faisal Town,batch_2,False,75.6,batch_1,2
S10,2026-07-14,71.9,159.0,70.9938775510204,Faisal Town,batch_2,False,71.9,batch_1,2
S10,2026-07-15,70.2,,,Faisal Town,batch_2,False,70.2,batch_1,1
S10,2026-07-16,77.7,162.0,76.80408163265307,Faisal Town,batch_2,False,77.7,batch_1,2
S10,2026-07-17,91.7,170.0,92.29795918367347,Faisal Town,batch_2,False,91.7,batch_1,2
S10,2026-07-18,100.2,174.0,100.04489795918369,Faisal Town,batch_2,False,100.2,batch_1,2
S10,2026-07-19,61.3,154.0,61.310204081632655,Faisal Town,batch_2,False,61.3,batch_1,2
S10,2026-07-20,92.0,170.0,92.29795918367347,Faisal Town,batch_2,False,92.0,batch_1,2
S10,2026-07-21,82.8,165.0,82.61428571428571,Faisal Town,batch_2,False,82.8,batch_1,2
S10,2026-07-22,79.1,163.0,78.74081632653062,Faisal Town,batch_2,False,79.1,batch_1,2
S10,2026-07-23,92.7,170.0,92.29795918367347,Faisal Town,batch_2,False,92.7,batch_1,2
S10,2026-07-24,98.3,173.0,98.10816326530613,Faisal Town,batch_2,False,98.3,batch_1,2
S10,2026-07-25,74.0,161.0,74.86734693877551,Faisal Town,batch_2,False,74.0,batch_1,2
S10,2026-07-26,78.8,163.0,78.74081632653062,Faisal Town,batch_2,False,78.8,batch_1,2
S10,2026-07-27,76.9,162.0,76.80408163265307,Faisal Town,batch_2,False,76.9,batch_1,2
S10,2026-07-28,59.5,153.0,59.3734693877551,Faisal Town,batch_2,False,59.5,batch_1,2
S10,2026-07-29,95.9,172.0,96.17142857142858,Faisal Town,batch_2,False,95.9,batch_1,2
S10,2026-07-30,85.2,166.0,84.55102040816327,Faisal Town,batch_2,False,85.2,batch_1,2
S10,2026-07-31,87.9,168.0,88.42448979591836,Faisal Town,batch_2,False,87.9,batch_1,2
S10,2026-08-01,89.9,169.0,90.36122448979592,Faisal Town,batch_2,False,89.9,batch_1,2
S10,2026-08-02,89.9,169.0,90.36122448979592,Faisal Town,batch_2,False,89.9,batch_1,2
S10,2026-08-03,85.2,166.0,84.55102040816327,Faisal Town,batch_2,False,85.2,batch_1,2
S10,2026-08-04,83.4,165.0,82.61428571428571,Faisal Town,batch_2,False,83.4,batch_1,2
S10,2026-08-05,93.6,,,Faisal Town,batch_2,False,93.6,batch_1,1
S10,2026-08-06,87.9,168.0,88.42448979591836,Faisal Town,batch_2,False,87.9,batch_1,2
S10,2026-08-07,100.4,174.0,100.04489795918369,Faisal Town,batch_2,False,100.4,batch_1,2
S10,2026-08-08,101.4,175.0,101.98163265306124,Faisal Town,batch_2,False,101.4,batch_1,2
S10,2026-08-09,81.4,164.0,80.67755102040816,Faisal Town,batch_2,False,81.4,batch_1,2
S10,2026-08-10,84.9,166.0,84.55102040816327,Faisal Town,batch_2,False,84.9,batch_1,2
S10,2026-08-11,93.6,,,Faisal Town,batch_2,False,93.6,batch_1,1
S10,2026-08-12,92.5,170.0,92.29795918367347,Faisal Town,batch_2,False,92.5,batch_1,2
S10,2026-08-13,85.4,166.0,84.55102040816327,Faisal Town,batch_2,False,85.4,batch_1,2
S10,2026-08-14,119.1,184.0,119.4122448979592,Faisal Town,batch_2,False,119.1,batch_1,2
S10,2026-08-15,112.7,181.0,113.60204081632654,Faisal Town,batch_2,False,112.7,batch_1,2
S10,2026-08-16,162.7,213.0,162.60909090909092,Faisal Town,batch_2,False,162.7,batch_1,2
S10,2026-08-17,107.2,178.0,107.79183673469387,Faisal Town,batch_2,False,107.2,batch_1,2
S10,2026-08-18,75.5,161.0,74.86734693877551,Faisal Town,batch_2,False,75.5,batch_1,2
S10,2026-08-19,104.6,176.0,103.91836734693877,Faisal Town,batch_2,False,104.6,batch_1,2
S10,2026-08-20,98.5,173.0,98.10816326530613,Faisal Town,batch_2,False,98.5,batch_1,2
S10,2026-08-21,208.3,258.0,208.01818181818183,Faisal Town,batch_2,False,208.3,batch_1,2
S10,2026-08-22,92.9,170.0,92.29795918367347,Faisal Town,batch_2,False,92.9,batch_1,2
S10,2026-08-23,100.2,174.0,100.04489795918369,Faisal Town,batch_2,False,100.2,batch_1,2
S10,2026-08-24,76.2,162.0,76.80408163265307,Faisal Town,batch_2,False,76.2,batch_1,2
S10,2026-08-25,75.2,161.0,74.86734693877551,Faisal Town,batch_2,False,75.2,batch_1,2
S10,2026-08-26,102.4,175.0,101.98163265306124,Faisal Town,batch_2,False,102.4,batch_1,2
S10,2026-08-27,115.1,182.0,115.53877551020409,Faisal Town,batch_2,False,115.1,batch_1,2
S10,2026-08-28,115.0,182.0,115.53877551020409,Faisal Town,batch_2,False,115.0,batch_1,2
S10,2026-08-29,87.4,167.0,86.48775510204082,Faisal Town,batch_2,False,87.4,batch_1,2
S10,2026-08-30,91.4,170.0,92.29795918367347,Faisal Town,batch_2,False,91.4,batch_1,2
S10,2026-08-31,89.0,168.0,88.42448979591836,Faisal Town,batch_2,False,89.0,batch_1,2
S10,2026-09-01,79.9,164.0,80.67755102040816,Faisal Town,batch_2,False,79.9,batch_1,2
S10,2026-09-02,105.4,177.0,105.85510204081632,Faisal Town,batch_2,False,105.4,batch_1,2
S10,2026-09-03,114.4,181.0,113.60204081632654,Faisal Town,batch_2,False,114.4,batch_1,2
S10,2026-09-04,111.7,180.0,111.66530612244898,Faisal Town,batch_2,False,111.7,batch_1,2
S10,2026-09-05,91.7,170.0,92.29795918367347,Faisal Town,batch_2,False,91.7,batch_1,2
S10,2026-09-06,127.6,188.0,127.15918367346939,Faisal Town,batch_2,False,127.6,batch_1,2
S10,2026-09-07,90.3,169.0,90.36122448979592,Faisal Town,batch_2,False,90.3,batch_1,2
S10,2026-09-08,113.6,181.0,113.60204081632654,Faisal Town,batch_2,False,113.6,batch_1,2
S10,2026-09-09,125.8,187.0,125.22244897959183,Faisal Town,batch_2,False,125.8,batch_1,2
S10,2026-09-10,110.8,180.0,111.66530612244898,Faisal Town,batch_2,False,110.8,batch_1,2
S10,2026-09-11,122.7,186.0,123.28571428571429,Faisal Town,batch_2,False,122.7,batch_1,2
S10,2026-09-12,98.1,173.0,98.10816326530613,Faisal Town,batch_2,False,98.1,batch_1,2
S10,2026-09-13,103.2,176.0,103.91836734693877,Faisal Town,batch_2,False,103.2,batch_1,2
S10,2026-09-14,109.2,179.0,109.72857142857143,Faisal Town,batch_2,False,109.2,batch_1,2
S10,2026-09-15,106.1,177.0,105.85510204081632,Faisal Town,batch_2,False,106.1,batch_1,2
S10,2026-09-16,121.3,185.0,121.34897959183674,Faisal Town,batch_2,False,121.3,batch_1,2
S10,2026-09-17,113.8,181.0,113.60204081632654,Faisal Town,batch_2,False,113.8,batch_1,2
S10,2026-09-18,133.1,191.0,132.96938775510205,Faisal Town,batch_2,False,133.1,batch_1,2
S10,2026-09-19,106.4,177.0,105.85510204081632,Faisal Town,batch_2,False,106.4,batch_1,2
S10,2026-09-20,116.6,183.0,117.47551020408164,Faisal Town,batch_2,False,116.6,batch_1,2
S10,2026-09-21,100.8,174.0,100.04489795918369,Faisal Town,batch_2,False,100.8,batch_1,2
S10,2026-09-22,89.8,169.0,90.36122448979592,Faisal Town,batch_2,False,89.8,batch_1,2
S10,2026-09-23,124.9,187.0,125.22244897959183,Faisal Town,batch_2,False,124.9,batch_1,2
S10,2026-09-24,92.7,170.0,92.29795918367347,Faisal Town,batch_2,False,92.7,batch_1,2
S10,2026-09-25,116.7,183.0,117.47551020408164,Faisal Town,batch_2,False,116.7,batch_1,2
S10,2026-09-26,109.4,179.0,109.72857142857143,Faisal Town,batch_2,False,109.4,batch_1,2
S10,2026-09-27,129.9,189.0,129.09591836734694,Faisal Town,batch_2,False,129.9,batch_1,2
S10,2026-09-28,121.4,185.0,121.34897959183674,Faisal Town,batch_2,False,121.4,batch_1,2
S10,2026-09-29,100.9,174.0,100.04489795918369,Faisal Town,batch_2,False,100.9,batch_1,2
S10,2026-09-30,106.1,177.0,105.85510204081632,Faisal Town,batch_2,False,106.1,batch_1,2
S10,2026-10-01,121.7,185.0,121.34897959183674,Faisal Town,batch_2,False,121.7,batch_1,2
S10,2026-10-02,115.7,182.0,115.53877551020409,Faisal Town,batch_2,False,115.7,batch_1,2
S10,2026-10-03,143.1,196.0,142.6530612244898,Faisal Town,batch_2,False,143.1,batch_1,2
S10,2026-10-04,98.5,173.0,98.10816326530613,Faisal Town,batch_2,False,98.5,batch_1,2
S10,2026-10-05,137.0,193.0,136.84285714285716,Faisal Town,batch_2,False,137.0,batch_1,2
S10,2026-10-06,122.1,185.0,121.34897959183674,Faisal Town,batch_2,False,122.1,batch_1,2
S10,2026-10-07,131.1,190.0,131.0326530612245,Faisal Town,batch_2,False,131.1,batch_1,2
S10,2026-10-08,132.4,191.0,132.96938775510205,Faisal Town,batch_2,False,132.4,batch_1,2
S10,2026-10-09,114.1,181.0,113.60204081632654,Faisal Town,batch_2,False,114.1,batch_1,2
S10,2026-10-10,,194.0,138.7795918367347,Faisal Town,batch_2,False,138.7795918367347,batch_2_aqi_inverted,1
S10,2026-10-11,123.4,186.0,123.28571428571429,Faisal Town,batch_2,False,123.4,batch_1,2
S10,2026-10-12,107.8,178.0,107.79183673469387,Faisal Town,batch_2,False,107.8,batch_1,2
S10,2026-10-13,134.3,192.0,134.9061224489796,Faisal Town,batch_2,False,134.3,batch_1,2
S10,2026-10-14,140.1,195.0,140.71632653061226,Faisal Town,batch_2,False,140.1,batch_1,2
S10,2026-10-15,148.0,199.0,148.46326530612248,Faisal Town,batch_2,False,148.0,batch_1,2
S10,2026-10-16,148.1,199.0,148.46326530612248,Faisal Town,batch_2,False,148.1,batch_1,2
S10,2026-10-17,126.8,188.0,127.15918367346939,Faisal Town,batch_2,False,126.8,batch_1,2
S10,2026-10-18,133.4,191.0,132.96938775510205,Faisal Town,batch_2,False,133.4,batch_1,2
S10,2026-10-19,135.8,192.0,134.9061224489796,Faisal Town,batch_2,False,135.8,batch_1,2
S10,2026-10-20,136.4,193.0,136.84285714285716,Faisal Town,batch_2,False,136.4,batch_1,2
S10,2026-10-21,103.3,176.0,103.91836734693877,Faisal Town,batch_2,False,103.3,batch_1,2
S10,2026-10-22,137.9,194.0,138.7795918367347,Faisal Town,batch_2,False,137.9,batch_1,2
S10,2026-10-23,252.7,303.0,252.51818181818183,Faisal Town,batch_2,False,252.7,batch_1,2
S10,2026-10-24,,314.0,263.6181818181818,Faisal Town,batch_2,False,263.6181818181818,batch_2_aqi_inverted,1
S10,2026-10-25,130.0,189.0,129.09591836734694,Faisal Town,batch_2,False,130.0,batch_1,2
S10,2026-10-26,132.4,191.0,132.96938775510205,Faisal Town,batch_2,False,132.4,batch_1,2
S10,2026-10-27,131.4,190.0,131.0326530612245,Faisal Town,batch_2,False,131.4,batch_1,2
S10,2026-10-28,151.7,202.0,151.5090909090909,Faisal Town,batch_2,False,151.7,batch_1,2
S11,2026-07-01,51.0,139.0,50.932653061224485,Township,batch_1,False,51.0,batch_1,2
S11,2026-07-02,24.7,77.0,24.463265306122448,Township,batch_1,False,24.7,batch_1,2
S11,2026-07-03,36.7,104.0,36.71836734693878,Township,batch_1,False,36.7,batch_1,2
S11,2026-07-04,39.3,110.0,39.155102040816324,Township,batch_1,False,39.3,batch_1,2
S11,2026-07-05,,152.0,57.436734693877554,Township,batch_1,False,57.436734693877554,batch_2_aqi_inverted,1
S11,2026-07-06,23.1,74.0,23.03673469387755,Township,batch_1,False,23.1,batch_1,2
S11,2026-07-07,39.6,111.0,39.56122448979592,Township,batch_1,False,39.6,batch_1,2
S11,2026-07-08,38.0,107.0,37.936734693877554,Township,batch_1,False,38.0,batch_1,2
S11,2026-07-09,32.5,94.0,32.5469387755102,Township,batch_1,False,32.5,batch_1,2
S11,2026-07-10,55.0,149.0,54.993877551020404,Township,batch_1,False,55.0,batch_1,2
S11,2026-07-11,41.5,116.0,41.59183673469388,Township,batch_1,False,41.5,batch_1,2
S11,2026-07-12,32.3,93.0,32.07142857142857,Township,batch_1,False,32.3,batch_1,2
S11,2026-07-13,18.9,65.0,18.757142857142856,Township,batch_1,False,18.9,batch_1,2
S11,2026-07-14,37.9,107.0,37.936734693877554,Township,batch_1,False,37.9,batch_1,2
S11,2026-07-15,61.9,154.0,61.310204081632655,Township,batch_1,False,61.9,batch_1,2
S11,2026-07-16,43.2,120.0,43.21632653061224,Township,batch_1,False,43.2,batch_1,2
S11,2026-07-17,39.3,110.0,39.155102040816324,Township,batch_1,False,39.3,batch_1,2
S11,2026-07-18,28.9,86.0,28.74285714285714,Township,batch_1,False,28.9,batch_1,2
S11,2026-07-19,21.5,71.0,21.610204081632652,Township,batch_1,False,21.5,batch_1,2
S11,2026-07-20,37.1,105.0,37.124489795918365,Township,batch_1,False,37.1,batch_1,2
S11,2026-07-21,41.8,117.0,41.99795918367347,Township,batch_1,False,41.8,batch_1,2
S11,2026-07-22,52.3,142.0,52.15102040816326,Township,batch_1,False,52.3,batch_1,2
S11,2026-07-23,53.4,145.0,53.36938775510204,Township,batch_1,False,53.4,batch_1,2
S11,2026-07-24,58.7,153.0,59.3734693877551,Township,batch_1,False,58.7,batch_1,2
S11,2026-07-25,70.7,159.0,70.9938775510204,Township,batch_1,False,70.7,batch_1,2
S11,2026-07-26,189.2,239.0,188.84545454545454,Township,batch_1,False,189.2,batch_1,2
S11,2026-07-27,52.3,142.0,52.15102040816326,Township,batch_1,False,52.3,batch_1,2
S11,2026-07-28,30.8,90.0,30.644897959183673,Township,batch_1,False,30.8,batch_1,2
S11,2026-07-29,38.0,107.0,37.936734693877554,Township,batch_1,False,38.0,batch_1,2
S11,2026-07-30,47.2,130.0,47.27755102040816,Township,batch_1,False,47.2,batch_1,2
S11,2026-07-31,66.9,157.0,67.12040816326531,Township,batch_1,False,66.9,batch_1,2
S11,2026-08-01,60.6,154.0,61.310204081632655,Township,batch_1,False,60.6,batch_1,2
S11,2026-08-02,62.7,155.0,63.2469387755102,Township,batch_1,False,62.7,batch_1,2
S11,2026-08-03,165.4,216.0,165.63636363636363,Township,batch_1,False,165.4,batch_1,2
S11,2026-08-04,44.5,123.0,44.43469387755102,Township,batch_1,False,44.5,batch_1,2
S11,2026-08-05,35.8,102.0,35.906122448979595,Township,batch_1,False,35.8,batch_1,2
S11,2026-08-06,57.5,152.0,57.436734693877554,Township,batch_1,False,57.5,batch_1,2
S11,2026-08-07,69.2,158.0,69.05714285714286,Township,batch_1,False,69.2,batch_1,2
S11,2026-08-08,50.0,137.0,50.12040816326531,Township,batch_1,False,50.0,batch_1,2
S11,2026-08-09,52.3,142.0,52.15102040816326,Township,batch_1,False,52.3,batch_1,2
S11,2026-08-10,31.0,91.0,31.120408163265303,Township,batch_1,False,31.0,batch_1,2
S11,2026-08-11,47.1,129.0,46.87142857142857,Township,batch_1,False,47.1,batch_1,2
S11,2026-08-12,59.3,153.0,59.3734693877551,Township,batch_1,False,59.3,batch_1,2
S11,2026-08-13,,156.0,65.18367346938776,Township,batch_1,False,65.18367346938776,batch_2_aqi_inverted,1
S11,2026-08-14,77.7,162.0,76.80408163265307,Township,batch_1,False,77.7,batch_1,2
S11,2026-08-15,52.6,143.0,52.55714285714286,Township,batch_1,False,52.6,batch_1,2
S11,2026-08-16,147.1,198.0,146.5265306122449,Township,batch_1,False,147.1,batch_1,2
S11,2026-08-17,60.9,154.0,61.310204081632655,Township,batch_1,False,60.9,batch_1,2
S11,2026-08-18,45.2,125.0,45.2469387755102,Township,batch_1,False,45.2,batch_1,2
S11,2026-08-19,53.0,144.0,52.96326530612245,Township,batch_1,False,53.0,batch_1,2
S11,2026-08-20,78.0,163.0,78.74081632653062,Township,batch_1,False,78.0,batch_1,2
S11,2026-08-21,89.7,169.0,90.36122448979592,Township,batch_1,False,89.7,batch_1,2
S11,2026-08-22,74.1,161.0,74.86734693877551,Township,batch_1,False,74.1,batch_1,2
S11,2026-08-23,67.4,157.0,67.12040816326531,Township,batch_1,False,67.4,batch_1,2
S11,2026-08-24,63.7,155.0,63.2469387755102,Township,batch_1,False,63.7,batch_1,2
S11,2026-08-25,45.2,125.0,45.2469387755102,Township,batch_1,False,45.2,batch_1,2
S11,2026-08-26,57.7,152.0,57.436734693877554,Township,batch_1,False,57.7,batch_1,2
S11,2026-08-27,74.1,161.0,74.86734693877551,Township,batch_1,False,74.1,batch_1,2
S11,2026-08-28,88.6,168.0,88.42448979591836,Township,batch_1,False,88.6,batch_1,2
S11,2026-08-29,100.3,174.0,100.04489795918369,Township,batch_1,False,100.3,batch_1,2
S11,2026-08-30,69.2,158.0,69.05714285714286,Township,batch_1,False,69.2,batch_1,2
S11,2026-08-31,70.4,159.0,70.9938775510204,Township,batch_1,False,70.4,batch_1,2
S11,2026-09-01,47.8,,,Township,batch_1,False,47.8,batch_1,1
S11,2026-09-02,79.0,163.0,78.74081632653062,Township,batch_1,False,79.0,batch_1,2
S11,2026-09-03,101.4,175.0,101.98163265306124,Township,batch_1,False,101.4,batch_1,2
S11,2026-09-04,70.4,159.0,70.9938775510204,Township,batch_1,False,70.4,batch_1,2
S11,2026-09-05,69.2,158.0,69.05714285714286,Township,batch_1,False,69.2,batch_1,2
S11,2026-09-06,167.8,218.0,167.65454545454546,Township,batch_1,False,167.8,batch_1,2
S11,2026-09-07,57.3,152.0,57.436734693877554,Township,batch_1,False,57.3,batch_1,2
S11,2026-09-08,67.8,157.0,67.12040816326531,Township,batch_1,False,67.8,batch_1,2
S11,2026-09-09,77.6,162.0,76.80408163265307,Township,batch_1,False,77.6,batch_1,2
S11,2026-09-10,76.8,162.0,76.80408163265307,Township,batch_1,False,76.8,batch_1,2
S11,2026-09-11,75.0,161.0,74.86734693877551,Township,batch_1,False,75.0,batch_1,2
S11,2026-09-12,73.7,160.0,72.93061224489796,Township,batch_1,False,73.7,batch_1,2
S11,2026-09-13,79.8,164.0,80.67755102040816,Township,batch_1,False,79.8,batch_1,2
S11,2026-09-14,57.0,152.0,57.436734693877554,Township,batch_1,False,57.0,batch_1,2
S11,2026-09-15,63.2,155.0,63.2469387755102,Township,batch_1,False,63.2,batch_1,2
S11,2026-09-16,82.3,165.0,82.61428571428571,Township,batch_1,False,82.3,batch_1,2
S11,2026-09-17,86.4,167.0,86.48775510204082,Township,batch_1,False,86.4,batch_1,2
S11,2026-09-18,67.4,157.0,67.12040816326531,Township,batch_1,False,67.4,batch_1,2
S11,2026-09-19,96.1,172.0,96.17142857142858,Township,batch_1,False,96.1,batch_1,2
S11,2026-09-20,71.5,159.0,70.9938775510204,Township,batch_1,False,71.5,batch_1,2
S11,2026-09-21,59.6,153.0,59.3734693877551,Township,batch_1,False,59.6,batch_1,2
S11,2026-09-22,59.1,153.0,59.3734693877551,Township,batch_1,False,59.1,batch_1,2
S11,2026-09-23,95.0,171.0,94.23469387755102,Township,batch_1,False,95.0,batch_1,2
S11,2026-09-24,63.4,155.0,63.2469387755102,Township,batch_1,False,63.4,batch_1,2
S11,2026-09-25,96.1,172.0,96.17142857142858,Township,batch_1,False,96.1,batch_1,2
S11,2026-09-26,97.5,173.0,98.10816326530613,Township,batch_1,False,97.5,batch_1,2
S11,2026-09-27,76.3,162.0,76.80408163265307,Township,batch_1,False,76.3,batch_1,2
S11,2026-09-28,96.3,,,Township,batch_1,False,96.3,batch_1,1
S11,2026-09-29,67.4,157.0,67.12040816326531,Township,batch_1,False,67.4,batch_1,2
S11,2026-09-30,92.5,170.0,92.29795918367347,Township,batch_1,False,92.5,batch_1,2
S11,2026-10-01,94.2,171.0,94.23469387755102,Township,batch_1,False,94.2,batch_1,2
S11,2026-10-02,115.9,182.0,115.53877551020409,Township,batch_1,False,115.9,batch_1,2
S11,2026-10-03,87.8,168.0,88.42448979591836,Township,batch_1,False,87.8,batch_1,2
S11,2026-10-04,89.9,169.0,90.36122448979592,Township,batch_1,False,89.9,batch_1,2
S11,2026-10-05,82.3,165.0,82.61428571428571,Township,batch_1,False,82.3,batch_1,2
S11,2026-10-06,64.8,156.0,65.18367346938776,Township,batch_1,False,64.8,batch_1,2
S11,2026-10-07,88.2,168.0,88.42448979591836,Township,batch_1,False,88.2,batch_1,2
S11,2026-10-08,89.6,169.0,90.36122448979592,Township,batch_1,False,89.6,batch_1,2
S11,2026-10-09,100.2,174.0,100.04489795918369,Township,batch_1,False,100.2,batch_1,2
S11,2026-10-10,100.4,174.0,100.04489795918369,Township,batch_1,False,100.4,batch_1,2
S11,2026-10-11,104.8,176.0,103.91836734693877,Township,batch_1,False,104.8,batch_1,2
S11,2026-10-12,56.9,152.0,57.436734693877554,Township,batch_1,False,56.9,batch_1,2
S11,2026-10-13,87.0,167.0,86.48775510204082,Township,batch_1,False,87.0,batch_1,2
S11,2026-10-14,78.2,163.0,78.74081632653062,Township,batch_1,False,78.2,batch_1,2
S11,2026-10-15,107.2,178.0,107.79183673469387,Township,batch_1,False,107.2,batch_1,2
S11,2026-10-16,129.3,189.0,129.09591836734694,Township,batch_1,False,129.3,batch_1,2
S11,2026-10-17,94.9,171.0,94.23469387755102,Township,batch_1,False,94.9,batch_1,2
S11,2026-10-18,83.0,165.0,82.61428571428571,Township,batch_1,False,83.0,batch_1,2
S11,2026-10-19,83.1,165.0,82.61428571428571,Township,batch_1,False,83.1,batch_1,2
S11,2026-10-20,75.4,161.0,74.86734693877551,Township,batch_1,False,75.4,batch_1,2
S11,2026-10-21,183.0,233.0,182.79090909090908,Township,batch_1,False,183.0,batch_1,2
S11,2026-10-22,107.5,178.0,107.79183673469387,Township,batch_1,False,107.5,batch_1,2
S11,2026-10-23,138.0,194.0,138.7795918367347,Township,batch_1,False,138.0,batch_1,2
S11,2026-10-24,89.4,169.0,90.36122448979592,Township,batch_1,False,89.4,batch_1,2
S11,2026-10-25,99.7,174.0,100.04489795918369,Township,batch_1,False,99.7,batch_1,2
S11,2026-10-26,113.7,181.0,113.60204081632654,Township,batch_1,False,113.7,batch_1,2
S11,2026-10-27,94.0,171.0,94.23469387755102,Township,batch_1,False,94.0,batch_1,2
S11,2026-10-28,116.2,182.0,115.53877551020409,Township,batch_1,False,116.2,batch_1,2
S12,2026-07-01,61.0,154.0,61.310204081632655,Walled City,batch_2,False,61.0,batch_1,2
S12,2026-07-02,97.7,173.0,98.10816326530613,Walled City,batch_2,False,97.7,batch_1,2
S12,2026-07-03,84.9,166.0,84.55102040816327,Walled City,batch_2,False,84.9,batch_1,2
S12,2026-07-04,86.4,167.0,86.48775510204082,Walled City,batch_2,False,86.4,batch_1,2
S12,2026-07-05,93.0,170.0,92.29795918367347,Walled City,batch_2,False,93.0,batch_1,2
S12,2026-07-06,176.8,227.0,176.73636363636365,Walled City,batch_2,False,176.8,batch_1,2
S12,2026-07-07,196.3,246.0,195.9090909090909,Walled City,batch_2,False,196.3,batch_1,2
S12,2026-07-08,112.7,181.0,113.60204081632654,Walled City,batch_2,False,112.7,batch_1,2
S12,2026-07-09,85.3,166.0,84.55102040816327,Walled City,batch_2,False,85.3,batch_1,2
S12,2026-07-10,97.2,173.0,98.10816326530613,Walled City,batch_2,False,97.2,batch_1,2
S12,2026-07-11,100.9,174.0,100.04489795918369,Walled City,batch_2,False,100.9,batch_1,2
S12,2026-07-12,95.5,172.0,96.17142857142858,Walled City,batch_2,False,95.5,batch_1,2
S12,2026-07-13,87.2,167.0,86.48775510204082,Walled City,batch_2,False,87.2,batch_1,2
S12,2026-07-14,74.1,161.0,74.86734693877551,Walled City,batch_2,False,74.1,batch_1,2
S12,2026-07-15,85.9,,,Walled City,batch_2,False,85.9,batch_1,1
S12,2026-07-16,92.2,170.0,92.29795918367347,Walled City,batch_2,False,92.2,batch_1,2
S12,2026-07-17,102.5,175.0,101.98163265306124,Walled City,batch_2,False,102.5,batch_1,2
S12,2026-07-18,100.1,174.0,100.04489795918369,Walled City,batch_2,False,100.1,batch_1,2
S12,2026-07-19,92.2,170.0,92.29795918367347,Walled City,batch_2,False,92.2,batch_1,2
S12,2026-07-20,97.4,173.0,98.10816326530613,Walled City,batch_2,False,97.4,batch_1,2
S12,2026-07-21,110.0,179.0,109.72857142857143,Walled City,batch_2,False,110.0,batch_1,2
S12,2026-07-22,92.4,170.0,92.29795918367347,Walled City,batch_2,False,92.4,batch_1,2
S12,2026-07-23,88.8,168.0,88.42448979591836,Walled City,batch_2,False,88.8,batch_1,2
S12,2026-07-24,94.5,171.0,94.23469387755102,Walled City,batch_2,False,94.5,batch_1,2
S12,2026-07-25,100.4,174.0,100.04489795918369,Walled City,batch_2,False,100.4,batch_1,2
S12,2026-07-26,104.6,176.0,103.91836734693877,Walled City,batch_2,False,104.6,batch_1,2
S12,2026-07-27,79.1,163.0,78.74081632653062,Walled City,batch_2,False,79.1,batch_1,2
S12,2026-07-28,110.3,179.0,109.72857142857143,Walled City,batch_2,False,110.3,batch_1,2
S12,2026-07-29,,169.0,90.36122448979592,Walled City,batch_2,False,90.36122448979592,batch_2_aqi_inverted,1
S12,2026-07-30,116.0,182.0,115.53877551020409,Walled City,batch_2,False,116.0,batch_1,2
S12,2026-07-31,109.9,179.0,109.72857142857143,Walled City,batch_2,False,109.9,batch_1,2
S12,2026-08-01,110.7,179.0,109.72857142857143,Walled City,batch_2,False,110.7,batch_1,2
S12,2026-08-02,104.8,176.0,103.91836734693877,Walled City,batch_2,False,104.8,batch_1,2
S12,2026-08-03,82.5,165.0,82.61428571428571,Walled City,batch_2,False,82.5,batch_1,2
S12,2026-08-04,106.1,177.0,105.85510204081632,Walled City,batch_2,False,106.1,batch_1,2
S12,2026-08-05,88.0,168.0,88.42448979591836,Walled City,batch_2,False,88.0,batch_1,2
S12,2026-08-06,101.2,175.0,101.98163265306124,Walled City,batch_2,False,101.2,batch_1,2
S12,2026-08-07,118.6,184.0,119.4122448979592,Walled City,batch_2,False,118.6,batch_1,2
S12,2026-08-08,181.3,232.0,181.78181818181818,Walled City,batch_2,False,181.3,batch_1,2
S12,2026-08-09,200.7,251.0,200.95454545454544,Walled City,batch_2,False,200.7,batch_1,2
S12,2026-08-10,101.9,175.0,101.98163265306124,Walled City,batch_2,False,101.9,batch_1,2
S12,2026-08-11,81.0,164.0,80.67755102040816,Walled City,batch_2,False,81.0,batch_1,2
S12,2026-08-12,114.7,182.0,115.53877551020409,Walled City,batch_2,False,114.7,batch_1,2
S12,2026-08-13,109.8,179.0,109.72857142857143,Walled City,batch_2,False,109.8,batch_1,2
S12,2026-08-14,119.5,184.0,119.4122448979592,Walled City,batch_2,False,119.5,batch_1,2
S12,2026-08-15,115.5,182.0,115.53877551020409,Walled City,batch_2,False,115.5,batch_1,2
S12,2026-08-16,114.4,181.0,113.60204081632654,Walled City,batch_2,False,114.4,batch_1,2
S12,2026-08-17,108.9,179.0,109.72857142857143,Walled City,batch_2,False,108.9,batch_1,2
S12,2026-08-18,183.1,233.0,182.79090909090908,Walled City,batch_2,False,183.1,batch_1,2
S12,2026-08-19,107.5,178.0,107.79183673469387,Walled City,batch_2,False,107.5,batch_1,2
S12,2026-08-20,95.5,172.0,96.17142857142858,Walled City,batch_2,False,95.5,batch_1,2
S12,2026-08-21,127.0,188.0,127.15918367346939,Walled City,batch_2,False,127.0,batch_1,2
S12,2026-08-22,131.6,190.0,131.0326530612245,Walled City,batch_2,False,131.6,batch_1,2
S12,2026-08-23,116.7,183.0,117.47551020408164,Walled City,batch_2,False,116.7,batch_1,2
S12,2026-08-24,118.3,183.0,117.47551020408164,Walled City,batch_2,False,118.3,batch_1,2
S12,2026-08-25,131.7,190.0,131.0326530612245,Walled City,batch_2,False,131.7,batch_1,2
S12,2026-08-26,133.9,191.0,132.96938775510205,Walled City,batch_2,False,133.9,batch_1,2
S12,2026-08-27,142.2,196.0,142.6530612244898,Walled City,batch_2,False,142.2,batch_1,2
S12,2026-08-28,144.4,197.0,144.58979591836737,Walled City,batch_2,False,144.4,batch_1,2
S12,2026-08-29,113.5,181.0,113.60204081632654,Walled City,batch_2,False,113.5,batch_1,2
S12,2026-08-30,121.5,185.0,121.34897959183674,Walled City,batch_2,False,121.5,batch_1,2
S12,2026-08-31,111.2,180.0,111.66530612244898,Walled City,batch_2,False,111.2,batch_1,2
S12,2026-09-01,93.7,171.0,94.23469387755102,Walled City,batch_2,False,93.7,batch_1,2
S12,2026-09-02,119.8,184.0,119.4122448979592,Walled City,batch_2,False,119.8,batch_1,2
S12,2026-09-03,138.4,194.0,138.7795918367347,Walled City,batch_2,False,138.4,batch_1,2
S12,2026-09-04,133.6,191.0,132.96938775510205,Walled City,batch_2,False,133.6,batch_1,2
S12,2026-09-05,122.5,186.0,123.28571428571429,Walled City,batch_2,False,122.5,batch_1,2
S12,2026-09-06,109.0,179.0,109.72857142857143,Walled City,batch_2,False,109.0,batch_1,2
S12,2026-09-07,119.8,184.0,119.4122448979592,Walled City,batch_2,False,119.8,batch_1,2
S12,2026-09-08,113.3,181.0,113.60204081632654,Walled City,batch_2,False,113.3,batch_1,2
S12,2026-09-09,135.4,192.0,134.9061224489796,Walled City,batch_2,False,135.4,batch_1,2
S12,2026-09-10,141.7,196.0,142.6530612244898,Walled City,batch_2,False,141.7,batch_1,2
S12,2026-09-11,135.7,192.0,134.9061224489796,Walled City,batch_2,False,135.7,batch_1,2
S12,2026-09-12,114.9,182.0,115.53877551020409,Walled City,batch_2,False,114.9,batch_1,2
S12,2026-09-13,116.0,182.0,115.53877551020409,Walled City,batch_2,False,116.0,batch_1,2
S12,2026-09-14,138.8,194.0,138.7795918367347,Walled City,batch_2,False,138.8,batch_1,2
S12,2026-09-15,125.3,187.0,125.22244897959183,Walled City,batch_2,False,125.3,batch_1,2
S12,2026-09-16,141.8,196.0,142.6530612244898,Walled City,batch_2,False,141.8,batch_1,2
S12,2026-09-17,120.9,185.0,121.34897959183674,Walled City,batch_2,False,120.9,batch_1,2
S12,2026-09-18,171.5,222.0,171.6909090909091,Walled City,batch_2,False,171.5,batch_1,2
S12,2026-09-19,111.1,180.0,111.66530612244898,Walled City,batch_2,False,111.1,batch_1,2
S12,2026-09-20,131.0,190.0,131.0326530612245,Walled City,batch_2,False,131.0,batch_1,2
S12,2026-09-21,99.9,174.0,100.04489795918369,Walled City,batch_2,False,99.9,batch_1,2
S12,2026-09-22,231.6,281.0,231.22727272727275,Walled City,batch_2,False,231.6,batch_1,2
S12,2026-09-23,132.0,191.0,132.96938775510205,Walled City,batch_2,False,132.0,batch_1,2
S12,2026-09-24,127.4,188.0,127.15918367346939,Walled City,batch_2,False,127.4,batch_1,2
S12,2026-09-25,125.0,187.0,125.22244897959183,Walled City,batch_2,False,125.0,batch_1,2
S12,2026-09-26,142.3,196.0,142.6530612244898,Walled City,batch_2,False,142.3,batch_1,2
S12,2026-09-27,136.0,193.0,136.84285714285716,Walled City,batch_2,False,136.0,batch_1,2
S12,2026-09-28,115.0,182.0,115.53877551020409,Walled City,batch_2,False,115.0,batch_1,2
S12,2026-09-29,129.8,189.0,129.09591836734694,Walled City,batch_2,False,129.8,batch_1,2
S12,2026-09-30,143.4,196.0,142.6530612244898,Walled City,batch_2,False,143.4,batch_1,2
S12,2026-10-01,134.2,192.0,134.9061224489796,Walled City,batch_2,False,134.2,batch_1,2
S12,2026-10-02,140.1,195.0,140.71632653061226,Walled City,batch_2,False,140.1,batch_1,2
S12,2026-10-03,136.2,193.0,136.84285714285716,Walled City,batch_2,False,136.2,batch_1,2
S12,2026-10-04,123.3,186.0,123.28571428571429,Walled City,batch_2,False,123.3,batch_1,2
S12,2026-10-05,126.4,188.0,127.15918367346939,Walled City,batch_2,False,126.4,batch_1,2
S12,2026-10-06,112.0,180.0,111.66530612244898,Walled City,batch_2,False,112.0,batch_1,2
S12,2026-10-07,134.3,192.0,134.9061224489796,Walled City,batch_2,False,134.3,batch_1,2
S12,2026-10-08,141.3,195.0,140.71632653061226,Walled City,batch_2,False,141.3,batch_1,2
S12,2026-10-09,145.6,197.0,144.58979591836737,Walled City,batch_2,False,145.6,batch_1,2
S12,2026-10-10,148.3,199.0,148.46326530612248,Walled City,batch_2,False,148.3,batch_1,2
S12,2026-10-11,121.7,185.0,121.34897959183674,Walled City,batch_2,False,121.7,batch_1,2
S12,2026-10-12,119.8,184.0,119.4122448979592,Walled City,batch_2,False,119.8,batch_1,2
S12,2026-10-13,125.2,187.0,125.22244897959183,Walled City,batch_2,False,125.2,batch_1,2
S12,2026-10-14,125.7,187.0,125.22244897959183,Walled City,batch_2,False,125.7,batch_1,2
S12,2026-10-15,155.2,206.0,155.54545454545453,Walled City,batch_2,False,155.2,batch_1,2
S12,2026-10-16,143.5,196.0,142.6530612244898,Walled City,batch_2,False,143.5,batch_1,2
S12,2026-10-17,146.0,198.0,146.5265306122449,Walled City,batch_2,False,146.0,batch_1,2
S12,2026-10-18,129.8,189.0,129.09591836734694,Walled City,batch_2,False,129.8,batch_1,2
S12,2026-10-19,131.9,190.0,131.0326530612245,Walled City,batch_2,False,131.9,batch_1,2
S12,2026-10-20,141.9,196.0,142.6530612244898,Walled City,batch_2,False,141.9,batch_1,2
S12,2026-10-21,149.3,199.0,148.46326530612248,Walled City,batch_2,False,149.3,batch_1,2
S12,2026-10-22,139.9,195.0,140.71632653061226,Walled City,batch_2,False,139.9,batch_1,2
S12,2026-10-23,153.0,204.0,153.52727272727273,Walled City,batch_2,False,153.0,batch_1,2
S12,2026-10-24,140.2,195.0,140.71632653061226,Walled City,batch_2,False,140.2,batch_1,2
S12,2026-10-25,142.4,196.0,142.6530612244898,Walled City,batch_2,False,142.4,batch_1,2
S12,2026-10-26,132.4,191.0,132.96938775510205,Walled City,batch_2,False,132.4,batch_1,2
S12,2026-10-27,164.1,215.0,164.62727272727273,Walled City,batch_2,False,164.1,batch_1,2
S12,2026-10-28,158.7,209.0,158.57272727272726,Walled City,batch_2,False,158.7,batch_1,2
S13,2026-07-01,99.5,174.0,100.04489795918369,Raiwind Road,batch_1,False,99.5,batch_1,2
S13,2026-07-02,102.9,175.0,101.98163265306124,Raiwind Road,batch_1,False,102.9,batch_1,2
S13,2026-07-03,89.1,168.0,88.42448979591836,Raiwind Road,batch_1,False,89.1,batch_1,2
S13,2026-07-04,63.5,155.0,63.2469387755102,Raiwind Road,batch_1,False,63.5,batch_1,2
S13,2026-07-05,78.0,163.0,78.74081632653062,Raiwind Road,batch_1,False,78.0,batch_1,2
S13,2026-07-06,58.4,152.0,57.436734693877554,Raiwind Road,batch_1,False,58.4,batch_1,2
S13,2026-07-07,66.4,157.0,67.12040816326531,Raiwind Road,batch_1,False,66.4,batch_1,2
S13,2026-07-08,74.0,161.0,74.86734693877551,Raiwind Road,batch_1,False,74.0,batch_1,2
S13,2026-07-09,74.0,161.0,74.86734693877551,Raiwind Road,batch_1,False,74.0,batch_1,2
S13,2026-07-10,92.0,170.0,92.29795918367347,Raiwind Road,batch_1,False,92.0,batch_1,2
S13,2026-07-11,77.0,162.0,76.80408163265307,Raiwind Road,batch_1,False,77.0,batch_1,2
S13,2026-07-12,76.4,162.0,76.80408163265307,Raiwind Road,batch_1,False,76.4,batch_1,2
S13,2026-07-13,69.0,158.0,69.05714285714286,Raiwind Road,batch_1,False,69.0,batch_1,2
S13,2026-07-14,83.3,165.0,82.61428571428571,Raiwind Road,batch_1,False,83.3,batch_1,2
S13,2026-07-15,89.2,168.0,88.42448979591836,Raiwind Road,batch_1,False,89.2,batch_1,2
S13,2026-07-16,87.4,167.0,86.48775510204082,Raiwind Road,batch_1,False,87.4,batch_1,2
S13,2026-07-17,99.6,174.0,100.04489795918369,Raiwind Road,batch_1,False,99.6,batch_1,2
S13,2026-07-18,104.2,176.0,103.91836734693877,Raiwind Road,batch_1,False,104.2,batch_1,2
S13,2026-07-19,58.0,152.0,57.436734693877554,Raiwind Road,batch_1,False,58.0,batch_1,2
S13,2026-07-20,,160.0,72.93061224489796,Raiwind Road,batch_1,False,72.93061224489796,batch_2_aqi_inverted,1
S13,2026-07-21,70.1,159.0,70.9938775510204,Raiwind Road,batch_1,False,70.1,batch_1,2
S13,2026-07-22,80.2,164.0,80.67755102040816,Raiwind Road,batch_1,False,80.2,batch_1,2
S13,2026-07-23,68.1,158.0,69.05714285714286,Raiwind Road,batch_1,False,68.1,batch_1,2
S13,2026-07-24,71.6,159.0,70.9938775510204,Raiwind Road,batch_1,False,71.6,batch_1,2
S13,2026-07-25,60.3,153.0,59.3734693877551,Raiwind Road,batch_1,False,60.3,batch_1,2
S13,2026-07-26,80.9,164.0,80.67755102040816,Raiwind Road,batch_1,False,80.9,batch_1,2
S13,2026-07-27,,162.0,76.80408163265307,Raiwind Road,batch_1,False,76.80408163265307,batch_2_aqi_inverted,1
S13,2026-07-28,101.9,175.0,101.98163265306124,Raiwind Road,batch_1,False,101.9,batch_1,2
S13,2026-07-29,93.7,171.0,94.23469387755102,Raiwind Road,batch_1,False,93.7,batch_1,2
S13,2026-07-30,73.3,160.0,72.93061224489796,Raiwind Road,batch_1,False,73.3,batch_1,2
S13,2026-07-31,107.0,178.0,107.79183673469387,Raiwind Road,batch_1,False,107.0,batch_1,2
S13,2026-08-01,247.3,297.0,247.37272727272727,Raiwind Road,batch_1,False,247.3,batch_1,2
S13,2026-08-02,105.1,177.0,105.85510204081632,Raiwind Road,batch_1,False,105.1,batch_1,2
S13,2026-08-03,181.3,,,Raiwind Road,batch_1,False,181.3,batch_1,1
S13,2026-08-04,82.2,165.0,82.61428571428571,Raiwind Road,batch_1,False,82.2,batch_1,2
S13,2026-08-05,99.8,174.0,100.04489795918369,Raiwind Road,batch_1,False,99.8,batch_1,2
S13,2026-08-06,97.7,173.0,98.10816326530613,Raiwind Road,batch_1,False,97.7,batch_1,2
S13,2026-08-07,91.2,169.0,90.36122448979592,Raiwind Road,batch_1,False,91.2,batch_1,2
S13,2026-08-08,94.6,171.0,94.23469387755102,Raiwind Road,batch_1,False,94.6,batch_1,2
S13,2026-08-09,98.9,173.0,98.10816326530613,Raiwind Road,batch_1,False,98.9,batch_1,2
S13,2026-08-10,99.0,,,Raiwind Road,batch_1,False,99.0,batch_1,1
S13,2026-08-11,115.1,182.0,115.53877551020409,Raiwind Road,batch_1,False,115.1,batch_1,2
S13,2026-08-12,100.9,174.0,100.04489795918369,Raiwind Road,batch_1,False,100.9,batch_1,2
S13,2026-08-13,122.1,185.0,121.34897959183674,Raiwind Road,batch_1,False,122.1,batch_1,2
S13,2026-08-14,106.3,177.0,105.85510204081632,Raiwind Road,batch_1,False,106.3,batch_1,2
S13,2026-08-15,,176.0,103.91836734693877,Raiwind Road,batch_1,False,103.91836734693877,batch_2_aqi_inverted,1
S13,2026-08-16,97.1,172.0,96.17142857142858,Raiwind Road,batch_1,False,97.1,batch_1,2
S13,2026-08-17,97.2,173.0,98.10816326530613,Raiwind Road,batch_1,False,97.2,batch_1,2
S13,2026-08-18,107.2,178.0,107.79183673469387,Raiwind Road,batch_1,False,107.2,batch_1,2
S13,2026-08-19,98.1,173.0,98.10816326530613,Raiwind Road,batch_1,False,98.1,batch_1,2
S13,2026-08-20,99.7,174.0,100.04489795918369,Raiwind Road,batch_1,False,99.7,batch_1,2
S13,2026-08-21,123.9,186.0,123.28571428571429,Raiwind Road,batch_1,False,123.9,batch_1,2
S13,2026-08-22,119.2,184.0,119.4122448979592,Raiwind Road,batch_1,False,119.2,batch_1,2
S13,2026-08-23,120.0,184.0,119.4122448979592,Raiwind Road,batch_1,False,120.0,batch_1,2
S13,2026-08-24,91.3,169.0,90.36122448979592,Raiwind Road,batch_1,False,91.3,batch_1,2
S13,2026-08-25,97.9,173.0,98.10816326530613,Raiwind Road,batch_1,False,97.9,batch_1,2
S13,2026-08-26,119.4,184.0,119.4122448979592,Raiwind Road,batch_1,False,119.4,batch_1,2
S13,2026-08-27,108.6,178.0,107.79183673469387,Raiwind Road,batch_1,False,108.6,batch_1,2
S13,2026-08-28,124.0,186.0,123.28571428571429,Raiwind Road,batch_1,False,124.0,batch_1,2
S13,2026-08-29,110.3,179.0,109.72857142857143,Raiwind Road,batch_1,False,110.3,batch_1,2
S13,2026-08-30,110.0,179.0,109.72857142857143,Raiwind Road,batch_1,False,110.0,batch_1,2
S13,2026-08-31,88.6,168.0,88.42448979591836,Raiwind Road,batch_1,False,88.6,batch_1,2
S13,2026-09-01,105.5,177.0,105.85510204081632,Raiwind Road,batch_1,False,105.5,batch_1,2
S13,2026-09-02,75.4,161.0,74.86734693877551,Raiwind Road,batch_1,False,75.4,batch_1,2
S13,2026-09-03,132.5,191.0,132.96938775510205,Raiwind Road,batch_1,False,132.5,batch_1,2
S13,2026-09-04,129.5,189.0,129.09591836734694,Raiwind Road,batch_1,False,129.5,batch_1,2
S13,2026-09-05,105.0,177.0,105.85510204081632,Raiwind Road,batch_1,False,105.0,batch_1,2
S13,2026-09-06,131.0,190.0,131.0326530612245,Raiwind Road,batch_1,False,131.0,batch_1,2
S13,2026-09-07,119.9,184.0,119.4122448979592,Raiwind Road,batch_1,False,119.9,batch_1,2
S13,2026-09-08,95.0,171.0,94.23469387755102,Raiwind Road,batch_1,False,95.0,batch_1,2
S13,2026-09-09,108.8,179.0,109.72857142857143,Raiwind Road,batch_1,False,108.8,batch_1,2
S13,2026-09-10,109.2,179.0,109.72857142857143,Raiwind Road,batch_1,False,109.2,batch_1,2
S13,2026-09-11,128.3,189.0,129.09591836734694,Raiwind Road,batch_1,False,128.3,batch_1,2
S13,2026-09-12,113.4,181.0,113.60204081632654,Raiwind Road,batch_1,False,113.4,batch_1,2
S13,2026-09-13,90.9,169.0,90.36122448979592,Raiwind Road,batch_1,False,90.9,batch_1,2
S13,2026-09-14,109.2,179.0,109.72857142857143,Raiwind Road,batch_1,False,109.2,batch_1,2
S13,2026-09-15,123.1,186.0,123.28571428571429,Raiwind Road,batch_1,False,123.1,batch_1,2
S13,2026-09-16,120.2,184.0,119.4122448979592,Raiwind Road,batch_1,False,120.2,batch_1,2
S13,2026-09-17,132.3,191.0,132.96938775510205,Raiwind Road,batch_1,False,132.3,batch_1,2
S13,2026-09-18,130.3,190.0,131.0326530612245,Raiwind Road,batch_1,False,130.3,batch_1,2
S13,2026-09-19,132.9,191.0,132.96938775510205,Raiwind Road,batch_1,False,132.9,batch_1,2
S13,2026-09-20,121.2,185.0,121.34897959183674,Raiwind Road,batch_1,False,121.2,batch_1,2
S13,2026-09-21,112.5,180.0,111.66530612244898,Raiwind Road,batch_1,False,112.5,batch_1,2
S13,2026-09-22,117.1,183.0,117.47551020408164,Raiwind Road,batch_1,False,117.1,batch_1,2
S13,2026-09-23,250.5,301.0,250.5,Raiwind Road,batch_1,False,250.5,batch_1,2
S13,2026-09-24,136.9,193.0,136.84285714285716,Raiwind Road,batch_1,False,136.9,batch_1,2
S13,2026-09-25,110.8,180.0,111.66530612244898,Raiwind Road,batch_1,False,110.8,batch_1,2
S13,2026-09-26,134.9,192.0,134.9061224489796,Raiwind Road,batch_1,False,134.9,batch_1,2
S13,2026-09-27,120.8,185.0,121.34897959183674,Raiwind Road,batch_1,False,120.8,batch_1,2
S13,2026-09-28,123.2,186.0,123.28571428571429,Raiwind Road,batch_1,False,123.2,batch_1,2
S13,2026-09-29,121.4,185.0,121.34897959183674,Raiwind Road,batch_1,False,121.4,batch_1,2
S13,2026-09-30,123.1,186.0,123.28571428571429,Raiwind Road,batch_1,False,123.1,batch_1,2
S13,2026-10-01,116.5,182.0,115.53877551020409,Raiwind Road,batch_1,False,116.5,batch_1,2
S13,2026-10-02,143.4,196.0,142.6530612244898,Raiwind Road,batch_1,False,143.4,batch_1,2
S13,2026-10-03,136.9,193.0,136.84285714285716,Raiwind Road,batch_1,False,136.9,batch_1,2
S13,2026-10-04,130.6,190.0,131.0326530612245,Raiwind Road,batch_1,False,130.6,batch_1,2
S13,2026-10-05,135.5,192.0,134.9061224489796,Raiwind Road,batch_1,False,135.5,batch_1,2
S13,2026-10-06,117.5,183.0,117.47551020408164,Raiwind Road,batch_1,False,117.5,batch_1,2
S13,2026-10-07,129.7,189.0,129.09591836734694,Raiwind Road,batch_1,False,129.7,batch_1,2
S13,2026-10-08,127.1,188.0,127.15918367346939,Raiwind Road,batch_1,False,127.1,batch_1,2
S13,2026-10-09,132.8,191.0,132.96938775510205,Raiwind Road,batch_1,False,132.8,batch_1,2
S13,2026-10-10,120.0,184.0,119.4122448979592,Raiwind Road,batch_1,False,120.0,batch_1,2
S13,2026-10-11,119.7,,,Raiwind Road,batch_1,False,119.7,batch_1,1
S13,2026-10-12,98.6,173.0,98.10816326530613,Raiwind Road,batch_1,False,98.6,batch_1,2
S13,2026-10-13,230.1,280.0,230.21818181818182,Raiwind Road,batch_1,False,230.1,batch_1,2
S13,2026-10-14,157.9,208.0,157.56363636363636,Raiwind Road,batch_1,False,157.9,batch_1,2
S13,2026-10-15,146.6,198.0,146.5265306122449,Raiwind Road,batch_1,False,146.6,batch_1,2
S13,2026-10-16,131.5,190.0,131.0326530612245,Raiwind Road,batch_1,False,131.5,batch_1,2
S13,2026-10-17,135.4,192.0,134.9061224489796,Raiwind Road,batch_1,False,135.4,batch_1,2
S13,2026-10-18,135.1,192.0,134.9061224489796,Raiwind Road,batch_1,False,135.1,batch_1,2
S13,2026-10-19,136.6,193.0,136.84285714285716,Raiwind Road,batch_1,False,136.6,batch_1,2
S13,2026-10-20,133.3,191.0,132.96938775510205,Raiwind Road,batch_1,False,133.3,batch_1,2
S13,2026-10-21,146.8,198.0,146.5265306122449,Raiwind Road,batch_1,False,146.8,batch_1,2
S13,2026-10-22,120.4,185.0,121.34897959183674,Raiwind Road,batch_1,False,120.4,batch_1,2
S13,2026-10-23,152.2,203.0,152.51818181818183,Raiwind Road,batch_1,False,152.2,batch_1,2
S13,2026-10-24,157.7,208.0,157.56363636363636,Raiwind Road,batch_1,False,157.7,batch_1,2
S13,2026-10-25,133.5,191.0,132.96938775510205,Raiwind Road,batch_1,False,133.5,batch_1,2
S13,2026-10-26,123.8,186.0,123.28571428571429,Raiwind Road,batch_1,False,123.8,batch_1,2
S13,2026-10-27,128.6,189.0,129.09591836734694,Raiwind Road,batch_1,False,128.6,batch_1,2
S13,2026-10-28,144.5,197.0,144.58979591836737,Raiwind Road,batch_1,False,144.5,batch_1,2
S14,2026-07-01,60.0,153.0,59.3734693877551,Bahria Town,batch_2,False,60.0,batch_1,2
S14,2026-07-02,54.1,147.0,54.18163265306123,Bahria Town,batch_2,False,54.1,batch_1,2
S14,2026-07-03,52.3,142.0,52.15102040816326,Bahria Town,batch_2,False,52.3,batch_1,2
S14,2026-07-04,54.5,148.0,54.587755102040816,Bahria Town,batch_2,False,54.5,batch_1,2
S14,2026-07-05,20.9,70.0,21.13469387755102,Bahria Town,batch_2,False,20.9,batch_1,2
S14,2026-07-06,42.3,118.0,42.40408163265306,Bahria Town,batch_2,False,42.3,batch_1,2
S14,2026-07-07,41.5,116.0,41.59183673469388,Bahria Town,batch_2,False,41.5,batch_1,2
S14,2026-07-08,54.5,148.0,54.587755102040816,Bahria Town,batch_2,False,54.5,batch_1,2
S14,2026-07-09,68.8,158.0,69.05714285714286,Bahria Town,batch_2,False,68.8,batch_1,2
S14,2026-07-10,65.4,156.0,65.18367346938776,Bahria Town,batch_2,False,65.4,batch_1,2
S14,2026-07-11,46.1,127.0,46.05918367346939,Bahria Town,batch_2,False,46.1,batch_1,2
S14,2026-07-12,164.7,215.0,164.62727272727273,Bahria Town,batch_2,False,164.7,batch_1,2
S14,2026-07-13,59.8,153.0,59.3734693877551,Bahria Town,batch_2,False,59.8,batch_1,2
S14,2026-07-14,59.6,153.0,59.3734693877551,Bahria Town,batch_2,False,59.6,batch_1,2
S14,2026-07-15,58.6,153.0,59.3734693877551,Bahria Town,batch_2,False,58.6,batch_1,2
S14,2026-07-16,46.3,128.0,46.46530612244898,Bahria Town,batch_2,False,46.3,batch_1,2
S14,2026-07-17,35.2,100.0,35.4,Bahria Town,batch_2,False,35.2,batch_1,2
S14,2026-07-18,73.6,160.0,72.93061224489796,Bahria Town,batch_2,False,73.6,batch_1,2
S14,2026-07-19,70.0,158.0,69.05714285714286,Bahria Town,batch_2,False,70.0,batch_1,2
S14,2026-07-20,42.6,118.0,42.40408163265306,Bahria Town,batch_2,False,42.6,batch_1,2
S14,2026-07-21,150.0,200.0,150.4,Bahria Town,batch_2,False,150.0,batch_1,2
S14,2026-07-22,54.5,148.0,54.587755102040816,Bahria Town,batch_2,False,54.5,batch_1,2
S14,2026-07-23,178.3,229.0,178.75454545454545,Bahria Town,batch_2,False,178.3,batch_1,2
S14,2026-07-24,58.7,153.0,59.3734693877551,Bahria Town,batch_2,False,58.7,batch_1,2
S14,2026-07-25,57.8,152.0,57.436734693877554,Bahria Town,batch_2,False,57.8,batch_1,2
S14,2026-07-26,49.8,136.0,49.714285714285715,Bahria Town,batch_2,False,49.8,batch_1,2
S14,2026-07-27,45.0,124.0,44.840816326530614,Bahria Town,batch_2,False,45.0,batch_1,2
S14,2026-07-28,52.9,144.0,52.96326530612245,Bahria Town,batch_2,False,52.9,batch_1,2
S14,2026-07-29,56.7,152.0,57.436734693877554,Bahria Town,batch_2,False,56.7,batch_1,2
S14,2026-07-30,184.1,234.0,183.8,Bahria Town,batch_2,False,184.1,batch_1,2
S14,2026-07-31,68.8,158.0,69.05714285714286,Bahria Town,batch_2,False,68.8,batch_1,2
S14,2026-08-01,65.7,156.0,65.18367346938776,Bahria Town,batch_2,False,65.7,batch_1,2
S14,2026-08-02,60.2,153.0,59.3734693877551,Bahria Town,batch_2,False,60.2,batch_1,2
S14,2026-08-03,61.3,154.0,61.310204081632655,Bahria Town,batch_2,False,61.3,batch_1,2
S14,2026-08-04,63.7,155.0,63.2469387755102,Bahria Town,batch_2,False,63.7,batch_1,2
S14,2026-08-05,61.7,154.0,61.310204081632655,Bahria Town,batch_2,False,61.7,batch_1,2
S14,2026-08-06,70.5,159.0,70.9938775510204,Bahria Town,batch_2,False,70.5,batch_1,2
S14,2026-08-07,66.5,157.0,67.12040816326531,Bahria Town,batch_2,False,66.5,batch_1,2
S14,2026-08-08,61.5,154.0,61.310204081632655,Bahria Town,batch_2,False,61.5,batch_1,2
S14,2026-08-09,55.0,149.0,54.993877551020404,Bahria Town,batch_2,False,55.0,batch_1,2
S14,2026-08-10,58.5,153.0,59.3734693877551,Bahria Town,batch_2,False,58.5,batch_1,2
S14,2026-08-11,51.2,140.0,51.33877551020408,Bahria Town,batch_2,False,51.2,batch_1,2
S14,2026-08-12,33.8,97.0,33.9734693877551,Bahria Town,batch_2,False,33.8,batch_1,2
S14,2026-08-13,,159.0,70.9938775510204,Bahria Town,batch_2,False,70.9938775510204,batch_2_aqi_inverted,1
S14,2026-08-14,62.8,155.0,63.2469387755102,Bahria Town,batch_2,False,62.8,batch_1,2
S14,2026-08-15,75.2,161.0,74.86734693877551,Bahria Town,batch_2,False,75.2,batch_1,2
S14,2026-08-16,60.2,153.0,59.3734693877551,Bahria Town,batch_2,False,60.2,batch_1,2
S14,2026-08-17,69.1,158.0,69.05714285714286,Bahria Town,batch_2,False,69.1,batch_1,2
S14,2026-08-18,51.9,141.0,51.744897959183675,Bahria Town,batch_2,False,51.9,batch_1,2
S14,2026-08-19,51.5,141.0,51.744897959183675,Bahria Town,batch_2,False,51.5,batch_1,2
S14,2026-08-20,78.2,163.0,78.74081632653062,Bahria Town,batch_2,False,78.2,batch_1,2
S14,2026-08-21,76.5,162.0,76.80408163265307,Bahria Town,batch_2,False,76.5,batch_1,2
S14,2026-08-22,61.9,154.0,61.310204081632655,Bahria Town,batch_2,False,61.9,batch_1,2
S14,2026-08-23,80.6,164.0,80.67755102040816,Bahria Town,batch_2,False,80.6,batch_1,2
S14,2026-08-24,55.5,151.0,55.5,Bahria Town,batch_2,False,55.5,batch_1,2
S14,2026-08-25,60.6,154.0,61.310204081632655,Bahria Town,batch_2,False,60.6,batch_1,2
S14,2026-08-26,88.1,168.0,88.42448979591836,Bahria Town,batch_2,False,88.1,batch_1,2
S14,2026-08-27,89.4,169.0,90.36122448979592,Bahria Town,batch_2,False,89.4,batch_1,2
S14,2026-08-28,72.1,160.0,72.93061224489796,Bahria Town,batch_2,False,72.1,batch_1,2
S14,2026-08-29,77.6,162.0,76.80408163265307,Bahria Town,batch_2,False,77.6,batch_1,2
S14,2026-08-30,60.8,154.0,61.310204081632655,Bahria Town,batch_2,False,60.8,batch_1,2
S14,2026-08-31,82.1,165.0,82.61428571428571,Bahria Town,batch_2,False,82.1,batch_1,2
S14,2026-09-01,84.2,166.0,84.55102040816327,Bahria Town,batch_2,False,84.2,batch_1,2
S14,2026-09-02,102.2,175.0,101.98163265306124,Bahria Town,batch_2,False,102.2,batch_1,2
S14,2026-09-03,114.5,181.0,113.60204081632654,Bahria Town,batch_2,False,114.5,batch_1,2
S14,2026-09-04,81.8,165.0,82.61428571428571,Bahria Town,batch_2,False,81.8,batch_1,2
S14,2026-09-05,93.9,171.0,94.23469387755102,Bahria Town,batch_2,False,93.9,batch_1,2
S14,2026-09-06,56.4,151.0,55.5,Bahria Town,batch_2,False,56.4,batch_1,2
S14,2026-09-07,77.4,162.0,76.80408163265307,Bahria Town,batch_2,False,77.4,batch_1,2
S14,2026-09-08,82.4,165.0,82.61428571428571,Bahria Town,batch_2,False,82.4,batch_1,2
S14,2026-09-09,72.7,160.0,72.93061224489796,Bahria Town,batch_2,False,72.7,batch_1,2
S14,2026-09-10,82.8,165.0,82.61428571428571,Bahria Town,batch_2,False,82.8,batch_1,2
S14,2026-09-11,103.8,176.0,103.91836734693877,Bahria Town,batch_2,False,103.8,batch_1,2
S14,2026-09-12,94.7,171.0,94.23469387755102,Bahria Town,batch_2,False,94.7,batch_1,2
S14,2026-09-13,102.9,175.0,101.98163265306124,Bahria Town,batch_2,False,102.9,batch_1,2
S14,2026-09-14,97.3,173.0,98.10816326530613,Bahria Town,batch_2,False,97.3,batch_1,2
S14,2026-09-15,61.3,154.0,61.310204081632655,Bahria Town,batch_2,False,61.3,batch_1,2
S14,2026-09-16,81.7,165.0,82.61428571428571,Bahria Town,batch_2,False,81.7,batch_1,2
S14,2026-09-17,82.2,165.0,82.61428571428571,Bahria Town,batch_2,False,82.2,batch_1,2
S14,2026-09-18,106.0,177.0,105.85510204081632,Bahria Town,batch_2,False,106.0,batch_1,2
S14,2026-09-19,96.5,172.0,96.17142857142858,Bahria Town,batch_2,False,96.5,batch_1,2
S14,2026-09-20,74.8,161.0,74.86734693877551,Bahria Town,batch_2,False,74.8,batch_1,2
S14,2026-09-21,72.8,160.0,72.93061224489796,Bahria Town,batch_2,False,72.8,batch_1,2
S14,2026-09-22,100.0,174.0,100.04489795918369,Bahria Town,batch_2,False,100.0,batch_1,2
S14,2026-09-23,161.7,212.0,161.6,Bahria Town,batch_2,False,161.7,batch_1,2
S14,2026-09-24,74.3,161.0,74.86734693877551,Bahria Town,batch_2,False,74.3,batch_1,2
S14,2026-09-25,101.6,175.0,101.98163265306124,Bahria Town,batch_2,False,101.6,batch_1,2
S14,2026-09-26,93.7,171.0,94.23469387755102,Bahria Town,batch_2,False,93.7,batch_1,2
S14,2026-09-27,84.0,166.0,84.55102040816327,Bahria Town,batch_2,False,84.0,batch_1,2
S14,2026-09-28,76.3,162.0,76.80408163265307,Bahria Town,batch_2,False,76.3,batch_1,2
S14,2026-09-29,108.3,178.0,107.79183673469387,Bahria Town,batch_2,False,108.3,batch_1,2
S14,2026-09-30,119.1,184.0,119.4122448979592,Bahria Town,batch_2,False,119.1,batch_1,2
S14,2026-10-01,104.8,176.0,103.91836734693877,Bahria Town,batch_2,False,104.8,batch_1,2
S14,2026-10-02,95.0,171.0,94.23469387755102,Bahria Town,batch_2,False,95.0,batch_1,2
S14,2026-10-03,88.0,168.0,88.42448979591836,Bahria Town,batch_2,False,88.0,batch_1,2
S14,2026-10-04,91.0,169.0,90.36122448979592,Bahria Town,batch_2,False,91.0,batch_1,2
S14,2026-10-05,113.4,181.0,113.60204081632654,Bahria Town,batch_2,False,113.4,batch_1,2
S14,2026-10-06,95.7,172.0,96.17142857142858,Bahria Town,batch_2,False,95.7,batch_1,2
S14,2026-10-07,113.7,181.0,113.60204081632654,Bahria Town,batch_2,False,113.7,batch_1,2
S14,2026-10-08,120.2,184.0,119.4122448979592,Bahria Town,batch_2,False,120.2,batch_1,2
S14,2026-10-09,116.2,182.0,115.53877551020409,Bahria Town,batch_2,False,116.2,batch_1,2
S14,2026-10-10,91.0,169.0,90.36122448979592,Bahria Town,batch_2,False,91.0,batch_1,2
S14,2026-10-11,112.2,180.0,111.66530612244898,Bahria Town,batch_2,False,112.2,batch_1,2
S14,2026-10-12,79.5,163.0,78.74081632653062,Bahria Town,batch_2,False,79.5,batch_1,2
S14,2026-10-13,87.4,167.0,86.48775510204082,Bahria Town,batch_2,False,87.4,batch_1,2
S14,2026-10-14,106.8,177.0,105.85510204081632,Bahria Town,batch_2,False,106.8,batch_1,2
S14,2026-10-15,218.4,268.0,218.10909090909092,Bahria Town,batch_2,False,218.4,batch_1,2
S14,2026-10-16,115.6,182.0,115.53877551020409,Bahria Town,batch_2,False,115.6,batch_1,2
S14,2026-10-17,122.5,186.0,123.28571428571429,Bahria Town,batch_2,False,122.5,batch_1,2
S14,2026-10-18,103.7,176.0,103.91836734693877,Bahria Town,batch_2,False,103.7,batch_1,2
S14,2026-10-19,88.0,168.0,88.42448979591836,Bahria Town,batch_2,False,88.0,batch_1,2
S14,2026-10-20,100.8,174.0,100.04489795918369,Bahria Town,batch_2,False,100.8,batch_1,2
S14,2026-10-21,88.5,168.0,88.42448979591836,Bahria Town,batch_2,False,88.5,batch_1,2
S14,2026-10-22,132.1,191.0,132.96938775510205,Bahria Town,batch_2,False,132.1,batch_1,2
S14,2026-10-23,108.6,178.0,107.79183673469387,Bahria Town,batch_2,False,108.6,batch_1,2
S14,2026-10-24,108.9,179.0,109.72857142857143,Bahria Town,batch_2,False,108.9,batch_1,2
S14,2026-10-25,123.0,186.0,123.28571428571429,Bahria Town,batch_2,False,123.0,batch_1,2
S14,2026-10-26,72.3,160.0,72.93061224489796,Bahria Town,batch_2,False,72.3,batch_1,2
S14,2026-10-27,119.6,184.0,119.4122448979592,Bahria Town,batch_2,False,119.6,batch_1,2
S14,2026-10-28,,182.0,115.53877551020409,Bahria Town,batch_2,False,115.53877551020409,batch_2_aqi_inverted,1
S15,2026-07-01,43.4,121.0,43.62244897959184,Airport Road,batch_1,False,43.4,batch_1,2
S15,2026-07-02,39.1,110.0,39.155102040816324,Airport Road,batch_1,False,39.1,batch_1,2
S15,2026-07-03,55.3,150.0,55.4,Airport Road,batch_1,False,55.3,batch_1,2
S15,2026-07-04,38.4,108.0,38.34285714285714,Airport Road,batch_1,False,38.4,batch_1,2
S15,2026-07-05,56.1,151.0,55.5,Airport Road,batch_1,False,56.1,batch_1,2
S15,2026-07-06,44.7,124.0,44.840816326530614,Airport Road,batch_1,False,44.7,batch_1,2
S15,2026-07-07,28.0,85.0,28.26734693877551,Airport Road,batch_1,False,28.0,batch_1,2
S15,2026-07-08,58.0,152.0,57.436734693877554,Airport Road,batch_1,False,58.0,batch_1,2
S15,2026-07-09,73.8,160.0,72.93061224489796,Airport Road,batch_1,False,73.8,batch_1,2
S15,2026-07-10,63.7,155.0,63.2469387755102,Airport Road,batch_1,False,63.7,batch_1,2
S15,2026-07-11,36.7,104.0,36.71836734693878,Airport Road,batch_1,False,36.7,batch_1,2
S15,2026-07-12,44.9,124.0,44.840816326530614,Airport Road,batch_1,False,44.9,batch_1,2
S15,2026-07-13,140.3,195.0,140.71632653061226,Airport Road,batch_1,False,140.3,batch_1,2
S15,2026-07-14,42.1,117.0,41.99795918367347,Airport Road,batch_1,False,42.1,batch_1,2
S15,2026-07-15,61.0,154.0,61.310204081632655,Airport Road,batch_1,False,61.0,batch_1,2
S15,2026-07-16,70.7,159.0,70.9938775510204,Airport Road,batch_1,False,70.7,batch_1,2
S15,2026-07-17,77.8,163.0,78.74081632653062,Airport Road,batch_1,False,77.8,batch_1,2
S15,2026-07-18,50.0,137.0,50.12040816326531,Airport Road,batch_1,False,50.0,batch_1,2
S15,2026-07-19,53.1,144.0,52.96326530612245,Airport Road,batch_1,False,53.1,batch_1,2
S15,2026-07-20,35.0,99.0,34.92448979591836,Airport Road,batch_1,False,35.0,batch_1,2
S15,2026-07-21,46.7,128.0,46.46530612244898,Airport Road,batch_1,False,46.7,batch_1,2
S15,2026-07-22,49.7,136.0,49.714285714285715,Airport Road,batch_1,False,49.7,batch_1,2
S15,2026-07-23,37.7,106.0,37.53061224489796,Airport Road,batch_1,False,37.7,batch_1,2
S15,2026-07-24,56.3,151.0,55.5,Airport Road,batch_1,False,56.3,batch_1,2
S15,2026-07-25,58.2,,,Airport Road,batch_1,False,58.2,batch_1,1
S15,2026-07-26,65.9,156.0,65.18367346938776,Airport Road,batch_1,False,65.9,batch_1,2
S15,2026-07-27,74.5,161.0,74.86734693877551,Airport Road,batch_1,False,74.5,batch_1,2
S15,2026-07-28,43.3,120.0,43.21632653061224,Airport Road,batch_1,False,43.3,batch_1,2
S15,2026-07-29,61.6,154.0,61.310204081632655,Airport Road,batch_1,False,61.6,batch_1,2
S15,2026-07-30,72.4,160.0,72.93061224489796,Airport Road,batch_1,False,72.4,batch_1,2
S15,2026-07-31,97.7,173.0,98.10816326530613,Airport Road,batch_1,False,97.7,batch_1,2
S15,2026-08-01,58.1,152.0,57.436734693877554,Airport Road,batch_1,False,58.1,batch_1,2
S15,2026-08-02,48.2,132.0,48.089795918367344,Airport Road,batch_1,False,48.2,batch_1,2
S15,2026-08-03,50.1,137.0,50.12040816326531,Airport Road,batch_1,False,50.1,batch_1,2
S15,2026-08-04,46.5,128.0,46.46530612244898,Airport Road,batch_1,False,46.5,batch_1,2
S15,2026-08-05,71.5,159.0,70.9938775510204,Airport Road,batch_1,False,71.5,batch_1,2
S15,2026-08-06,82.1,165.0,82.61428571428571,Airport Road,batch_1,False,82.1,batch_1,2
S15,2026-08-07,75.3,161.0,74.86734693877551,Airport Road,batch_1,False,75.3,batch_1,2
S15,2026-08-08,70.7,159.0,70.9938775510204,Airport Road,batch_1,False,70.7,batch_1,2
S15,2026-08-09,78.8,163.0,78.74081632653062,Airport Road,batch_1,False,78.8,batch_1,2
S15,2026-08-10,55.8,151.0,55.5,Airport Road,batch_1,False,55.8,batch_1,2
S15,2026-08-11,70.0,159.0,70.9938775510204,Airport Road,batch_1,False,70.0,batch_1,2
S15,2026-08-12,64.5,156.0,65.18367346938776,Airport Road,batch_1,False,64.5,batch_1,2
S15,2026-08-13,60.2,153.0,59.3734693877551,Airport Road,batch_1,False,60.2,batch_1,2
S15,2026-08-14,90.5,169.0,90.36122448979592,Airport Road,batch_1,False,90.5,batch_1,2
S15,2026-08-15,76.1,162.0,76.80408163265307,Airport Road,batch_1,False,76.1,batch_1,2
S15,2026-08-16,79.1,163.0,78.74081632653062,Airport Road,batch_1,False,79.1,batch_1,2
S15,2026-08-17,67.3,157.0,67.12040816326531,Airport Road,batch_1,False,67.3,batch_1,2
S15,2026-08-18,71.0,159.0,70.9938775510204,Airport Road,batch_1,False,71.0,batch_1,2
S15,2026-08-19,61.3,,,Airport Road,batch_1,False,61.3,batch_1,1
S15,2026-08-20,109.4,179.0,109.72857142857143,Airport Road,batch_1,False,109.4,batch_1,2
S15,2026-08-21,86.3,167.0,86.48775510204082,Airport Road,batch_1,False,86.3,batch_1,2
S15,2026-08-22,92.7,170.0,92.29795918367347,Airport Road,batch_1,False,92.7,batch_1,2
S15,2026-08-23,197.7,248.0,197.92727272727274,Airport Road,batch_1,False,197.7,batch_1,2
S15,2026-08-24,57.9,152.0,57.436734693877554,Airport Road,batch_1,False,57.9,batch_1,2
S15,2026-08-25,63.2,155.0,63.2469387755102,Airport Road,batch_1,False,63.2,batch_1,2
S15,2026-08-26,68.3,158.0,69.05714285714286,Airport Road,batch_1,False,68.3,batch_1,2
S15,2026-08-27,79.9,164.0,80.67755102040816,Airport Road,batch_1,False,79.9,batch_1,2
S15,2026-08-28,68.3,158.0,69.05714285714286,Airport Road,batch_1,False,68.3,batch_1,2
S15,2026-08-29,73.6,160.0,72.93061224489796,Airport Road,batch_1,False,73.6,batch_1,2
S15,2026-08-30,78.7,163.0,78.74081632653062,Airport Road,batch_1,False,78.7,batch_1,2
S15,2026-08-31,74.9,161.0,74.86734693877551,Airport Road,batch_1,False,74.9,batch_1,2
S15,2026-09-01,75.0,161.0,74.86734693877551,Airport Road,batch_1,False,75.0,batch_1,2
S15,2026-09-02,95.4,172.0,96.17142857142858,Airport Road,batch_1,False,95.4,batch_1,2
S15,2026-09-03,91.1,169.0,90.36122448979592,Airport Road,batch_1,False,91.1,batch_1,2
S15,2026-09-04,103.8,176.0,103.91836734693877,Airport Road,batch_1,False,103.8,batch_1,2
S15,2026-09-05,111.1,180.0,111.66530612244898,Airport Road,batch_1,False,111.1,batch_1,2
S15,2026-09-06,88.1,168.0,88.42448979591836,Airport Road,batch_1,False,88.1,batch_1,2
S15,2026-09-07,58.2,152.0,57.436734693877554,Airport Road,batch_1,False,58.2,batch_1,2
S15,2026-09-08,79.3,163.0,78.74081632653062,Airport Road,batch_1,False,79.3,batch_1,2
S15,2026-09-09,84.3,166.0,84.55102040816327,Airport Road,batch_1,False,84.3,batch_1,2
S15,2026-09-10,108.5,178.0,107.79183673469387,Airport Road,batch_1,False,108.5,batch_1,2
S15,2026-09-11,90.2,169.0,90.36122448979592,Airport Road,batch_1,False,90.2,batch_1,2
S15,2026-09-12,78.1,163.0,78.74081632653062,Airport Road,batch_1,False,78.1,batch_1,2
S15,2026-09-13,75.6,161.0,74.86734693877551,Airport Road,batch_1,False,75.6,batch_1,2
S15,2026-09-14,62.5,155.0,63.2469387755102,Airport Road,batch_1,False,62.5,batch_1,2
S15,2026-09-15,44.5,123.0,44.43469387755102,Airport Road,batch_1,False,44.5,batch_1,2
S15,2026-09-16,111.1,180.0,111.66530612244898,Airport Road,batch_1,False,111.1,batch_1,2
S15,2026-09-17,93.5,171.0,94.23469387755102,Airport Road,batch_1,False,93.5,batch_1,2
S15,2026-09-18,81.3,164.0,80.67755102040816,Airport Road,batch_1,False,81.3,batch_1,2
S15,2026-09-19,111.9,180.0,111.66530612244898,Airport Road,batch_1,False,111.9,batch_1,2
S15,2026-09-20,107.9,178.0,107.79183673469387,Airport Road,batch_1,False,107.9,batch_1,2
S15,2026-09-21,83.5,165.0,82.61428571428571,Airport Road,batch_1,False,83.5,batch_1,2
S15,2026-09-22,67.4,157.0,67.12040816326531,Airport Road,batch_1,False,67.4,batch_1,2
S15,2026-09-23,84.8,166.0,84.55102040816327,Airport Road,batch_1,False,84.8,batch_1,2
S15,2026-09-24,94.5,171.0,94.23469387755102,Airport Road,batch_1,False,94.5,batch_1,2
S15,2026-09-25,99.8,174.0,100.04489795918369,Airport Road,batch_1,False,99.8,batch_1,2
S15,2026-09-26,82.7,165.0,82.61428571428571,Airport Road,batch_1,False,82.7,batch_1,2
S15,2026-09-27,100.8,174.0,100.04489795918369,Airport Road,batch_1,False,100.8,batch_1,2
S15,2026-09-28,170.2,221.0,170.6818181818182,Airport Road,batch_1,False,170.2,batch_1,2
S15,2026-09-29,74.0,161.0,74.86734693877551,Airport Road,batch_1,False,74.0,batch_1,2
S15,2026-09-30,115.4,182.0,115.53877551020409,Airport Road,batch_1,False,115.4,batch_1,2
S15,2026-10-01,102.3,175.0,101.98163265306124,Airport Road,batch_1,False,102.3,batch_1,2
S15,2026-10-02,109.1,179.0,109.72857142857143,Airport Road,batch_1,False,109.1,batch_1,2
S15,2026-10-03,82.5,165.0,82.61428571428571,Airport Road,batch_1,False,82.5,batch_1,2
S15,2026-10-04,86.1,167.0,86.48775510204082,Airport Road,batch_1,False,86.1,batch_1,2
S15,2026-10-05,96.5,172.0,96.17142857142858,Airport Road,batch_1,False,96.5,batch_1,2
S15,2026-10-06,103.7,176.0,103.91836734693877,Airport Road,batch_1,False,103.7,batch_1,2
S15,2026-10-07,87.2,167.0,86.48775510204082,Airport Road,batch_1,False,87.2,batch_1,2
S15,2026-10-08,89.0,168.0,88.42448979591836,Airport Road,batch_1,False,89.0,batch_1,2
S15,2026-10-09,112.9,181.0,113.60204081632654,Airport Road,batch_1,False,112.9,batch_1,2
S15,2026-10-10,98.9,173.0,98.10816326530613,Airport Road,batch_1,False,98.9,batch_1,2
S15,2026-10-11,78.4,163.0,78.74081632653062,Airport Road,batch_1,False,78.4,batch_1,2
S15,2026-10-12,72.5,160.0,72.93061224489796,Airport Road,batch_1,False,72.5,batch_1,2
S15,2026-10-13,87.9,168.0,88.42448979591836,Airport Road,batch_1,False,87.9,batch_1,2
S15,2026-10-14,114.8,182.0,115.53877551020409,Airport Road,batch_1,False,114.8,batch_1,2
S15,2026-10-15,123.1,186.0,123.28571428571429,Airport Road,batch_1,False,123.1,batch_1,2
S15,2026-10-16,114.1,181.0,113.60204081632654,Airport Road,batch_1,False,114.1,batch_1,2
S15,2026-10-17,108.9,179.0,109.72857142857143,Airport Road,batch_1,False,108.9,batch_1,2
S15,2026-10-18,96.2,172.0,96.17142857142858,Airport Road,batch_1,False,96.2,batch_1,2
S15,2026-10-19,70.3,,,Airport Road,batch_1,False,70.3,batch_1,1
S15,2026-10-20,112.1,180.0,111.66530612244898,Airport Road,batch_1,False,112.1,batch_1,2
S15,2026-10-21,110.5,179.0,109.72857142857143,Airport Road,batch_1,False,110.5,batch_1,2
S15,2026-10-22,102.6,175.0,101.98163265306124,Airport Road,batch_1,False,102.6,batch_1,2
S15,2026-10-23,131.0,190.0,131.0326530612245,Airport Road,batch_1,False,131.0,batch_1,2
S15,2026-10-24,96.8,172.0,96.17142857142858,Airport Road,batch_1,False,96.8,batch_1,2
S15,2026-10-25,118.1,183.0,117.47551020408164,Airport Road,batch_1,False,118.1,batch_1,2
S15,2026-10-26,79.9,164.0,80.67755102040816,Airport Road,batch_1,False,79.9,batch_1,2
S15,2026-10-27,133.6,191.0,132.96938775510205,Airport Road,batch_1,False,133.6,batch_1,2
S15,2026-10-28,93.2,170.0,92.29795918367347,Airport Road,batch_1,False,93.2,batch_1,2
