sensor_id,target_date,h,y,cutoff,"current: ridge300 on mean7, base feats",ridge300 on mean7 + robust feats,ridge300 on median7 + robust feats,"ridge300 on median7, clipped target",per-horizon ridge300 on median7,lgbm huber-loss on median7,blend ridge(median7) + lgbm huber
S01,2026-08-10,1,85.7,2026-08-09,69.92808891434282,71.42713364154989,73.84667142996997,71.27353295343967,72.27336718214272,75.05628002914239,74.45147572955618
S02,2026-08-10,1,106.6,2026-08-09,98.14578743747333,97.95603728059298,95.26983333364137,94.3699533151149,96.64129391807296,89.3406579882331,92.30524566093723
S03,2026-08-10,1,84.0,2026-08-09,87.94889326057108,89.45346378737176,90.88180505413412,89.31495445820019,91.71842908240147,85.08138725998833,87.98159615706123
S04,2026-08-10,1,78.2,2026-08-09,83.10614355774925,83.62807002142924,84.96268518825077,83.13538395348053,86.54334888044919,76.62031734040954,80.79150126433015
S05,2026-08-10,1,200.0,2026-08-09,63.13734431827501,63.53398498289878,62.84456131614613,59.9938503288032,62.11674500910648,51.68186996871186,57.26321564242899
S06,2026-08-10,1,50.0,2026-08-09,77.08577098346684,78.1551293717181,79.37279405419375,76.8528290393637,82.18666246915511,77.2411278461085,78.30696095015112
S07,2026-08-10,1,66.5,2026-08-09,64.59952023579896,64.02547852150782,62.14694687294798,59.561864609041905,62.99964458847896,57.78559504526539,59.96627095910668
S08,2026-08-10,1,95.5,2026-08-09,92.33262015472096,94.44941940087921,96.70575871010118,95.68300408745472,98.54877978622252,88.44900076787467,92.57737973898793
S09,2026-08-10,1,93.6,2026-08-09,86.26391565026451,87.1377215501225,85.69813167000042,83.5336797905423,86.27201354065525,79.28658481456496,82.49235824228269
S10,2026-08-10,1,84.9,2026-08-09,90.10777411161123,89.72339124629877,88.25125362802109,86.9510397998574,87.48441558571562,84.22441749047846,86.23783555924977
S11,2026-08-10,1,31.0,2026-08-09,56.014636794219655,55.54425304449326,54.30813462197476,50.76433221895046,52.835638867405365,51.01614438482328,52.66213950339902
S12,2026-08-10,1,101.9,2026-08-09,102.02431564109357,102.49694789050338,97.63333390320169,96.8485599600734,101.05477209500211,100.40477700552592,99.01905545436381
S13,2026-08-10,1,99.0,2026-08-09,92.45560059769454,93.79436560086936,94.13287789473678,92.55124377731374,96.37613393958135,86.06023372599913,90.09655581036796
S14,2026-08-10,1,58.5,2026-08-09,68.2018973774263,66.17056344937014,64.48111105479973,61.71716969690273,64.46339653283965,56.2404288080782,60.360769931438966
S15,2026-08-10,1,55.8,2026-08-09,71.43557721823632,73.59545670667688,74.49529702820192,71.50547499467616,75.33282926355153,71.06411956567543,72.77970829693868
S01,2026-08-11,2,63.8,2026-08-09,69.01989097096231,70.50091447206105,72.93608232220461,70.91909046797936,75.91843773788287,73.69615528954346,73.31611880587403
S02,2026-08-11,2,108.6,2026-08-09,97.23758949409282,97.02981811110413,94.35924422587603,94.0155108296546,96.3492468924228,95.8488227258985,95.10403347588726
S03,2026-08-11,2,83.0,2026-08-09,87.04069531719057,88.52724461788291,89.97121594636876,88.9605119727399,92.91634385556539,88.56584882000521,89.268532383187
S04,2026-08-11,2,88.7,2026-08-09,82.19794561436873,82.70185085194039,84.05209608048543,82.78094146802023,84.21383301799041,79.21376321187093,81.63292964617818
S05,2026-08-11,2,70.2,2026-08-09,62.229146374894505,62.60776581340994,61.93397220838078,59.6394078433429,59.70118105248663,50.37975449283573,56.156863350608255
S06,2026-08-11,2,46.9,2026-08-09,76.17757304008634,77.22891020222927,78.4622049464284,76.4983865539034,81.62513970026048,73.93726793725526,76.19973644184182
S07,2026-08-11,2,162.5,2026-08-09,63.691322292418455,63.09925935201898,61.23635776518263,59.20742212358161,59.47617857847942,49.39750562463069,55.31693169490666
S08,2026-08-11,2,93.8,2026-08-09,91.42442221134046,93.52320023139038,95.79516960233582,95.32856160199442,97.43615378553,94.3806726697213,95.08792113602857
S09,2026-08-11,2,77.3,2026-08-09,85.355717706884,86.21150238063368,84.78754256223507,83.17923730508198,84.26011325584588,84.24347796243718,84.51551026233614
S10,2026-08-11,2,93.6,2026-08-09,89.19957616823072,88.79717207680994,87.34066452025573,86.59659731439709,88.25956355876758,85.75968177845971,86.55017314935772
S11,2026-08-11,2,47.1,2026-08-09,55.106438850839154,54.61803387500443,53.39754551420941,50.40988973349016,57.35990190036416,43.72667895008368,48.562112232146546
S12,2026-08-11,2,81.0,2026-08-09,101.11611769771307,101.57072872101453,96.72274479543634,96.4941174746131,100.01860693881166,98.58489851585435,97.65382165564534
S13,2026-08-11,2,115.1,2026-08-09,91.54740265431404,92.86814643138051,93.22228878697143,92.19680129185345,97.00844817480643,89.0306029044659,91.12644584571866
S14,2026-08-11,2,51.2,2026-08-09,67.29369943404579,65.2443442798813,63.57052194703438,61.362727211442426,64.15828127683896,59.65285265923639,61.61168730313538
S15,2026-08-11,2,70.0,2026-08-09,70.52737927485582,72.66923753718805,73.58470792043657,71.15103250921585,74.274672241834,67.17502760725546,70.37986776384602
S01,2026-08-12,3,67.1,2026-08-09,77.20047463807107,78.68816472520848,81.1441403578482,79.99255082124625,80.99066199753285,79.38652547147383,80.26533291466102
S02,2026-08-12,3,121.3,2026-08-09,105.41817316120158,105.21706836425156,102.5673022615196,103.0889711829215,102.28008612465743,98.50996099556329,100.53863162854145
S03,2026-08-12,3,87.5,2026-08-09,95.22127898429933,96.71449487103035,98.17927398201235,98.03397232600679,98.57268840733502,92.65672086500969,95.41799742351103
S04,2026-08-12,3,92.6,2026-08-09,90.3785292814775,90.88910110508783,92.26015411612902,91.85440182128713,92.02968142675542,86.02474430848338,89.14244921230619
S05,2026-08-12,3,87.6,2026-08-09,70.40973004200326,70.79501606655737,70.14203024402435,68.71286819660979,67.932104425327,63.96405364974385,67.05304194688411
S06,2026-08-12,3,66.3,2026-08-09,84.35815670719509,85.4161604553767,86.67026298207199,85.57184690717028,88.05920761288743,89.86019615565245,88.26522956886222
S07,2026-08-12,3,43.6,2026-08-09,71.87190595952721,71.28650960516642,69.4444158008262,68.28088247684849,67.92199301126767,62.90207202674219,66.1732439137842
S08,2026-08-12,3,98.7,2026-08-09,99.6050058784492,101.7104504845378,104.0032276379794,104.4020219552613,104.59358538328199,98.24361897765073,101.12342330781507
S09,2026-08-12,3,102.1,2026-08-09,93.53630137399276,94.3987526337811,92.99560059787865,92.25269765834888,90.92904246663143,91.91010598076747,92.45285328932306
S10,2026-08-12,3,92.5,2026-08-09,97.38015983533948,96.98442232995737,95.54872255589932,95.67005766766398,94.76592824643662,90.5344444218633,93.04158348888132
S11,2026-08-12,3,59.3,2026-08-09,63.28702251794791,62.805284128151854,61.60560354985299,59.48335008675705,62.77243888030541,54.30524347103159,57.95542351044229
S12,2026-08-12,3,114.7,2026-08-09,109.29670136482181,109.75797897416196,104.93080283107992,105.56757782788,104.04624208069393,99.17275831659343,102.05178057383668
S13,2026-08-12,3,100.9,2026-08-09,99.7279863214228,101.05539668452795,101.43034682261502,101.27026164512033,102.67403590326153,91.51659979344895,96.47347330803198
S14,2026-08-12,3,33.8,2026-08-09,75.47428310115455,73.43159453302873,71.77857998267795,70.43618756470931,71.96935526687943,68.91876030983876,70.34867014625836
S15,2026-08-12,3,64.5,2026-08-09,78.70796294196457,80.85648779033548,81.79276595608015,80.22449286248275,79.95292411226175,83.97357366787283,82.88316981197649
S01,2026-08-13,4,77.6,2026-08-09,82.08665941556886,83.58279481828774,86.05007175396025,83.44453037924642,82.11078063739981,84.18914026205036,85.1196060080053
S02,2026-08-13,4,112.7,2026-08-09,110.30435793869935,110.11169845733083,107.47323365763165,106.54095074092164,104.46853834668607,102.81466644763731,105.14395005263448
S03,2026-08-13,4,110.6,2026-08-09,100.1074637617971,101.60912496410961,103.0852053781244,101.48595188400694,99.81540123669727,95.4298048596112,99.2575051188678
S04,2026-08-13,4,102.2,2026-08-09,95.26471405897529,95.78373119816709,97.16608551224107,95.30638137928727,97.69646077869606,89.79702069960048,93.48155310592077
S05,2026-08-13,4,77.0,2026-08-09,75.29591481950105,75.68964615963664,75.0479616401364,72.16484775460995,74.55689264514322,66.32786658030679,70.6879141102216
S06,2026-08-13,4,63.5,2026-08-09,89.24434148469288,90.31079054845596,91.57619437818403,89.02382646517044,90.22374753132208,91.08774102923063,91.33196770370733
S07,2026-08-13,4,54.5,2026-08-09,76.758090737025,76.18113969824567,74.35034719693826,71.73286203484865,73.8556727302201,64.81154304981932,69.5809451233788
S08,2026-08-13,4,113.3,2026-08-09,104.491190655947,106.60508057761706,108.90915903409146,107.85400151326147,108.69046511589627,101.35148920724941,105.13032412067044
S09,2026-08-13,4,92.5,2026-08-09,98.42248615149055,99.29338272686036,97.9015319939907,95.70467721634904,94.77294401068107,94.6920286497784,96.29678032188454
S10,2026-08-13,4,85.4,2026-08-09,102.26634461283727,101.87905242303663,100.45465395201137,99.12203722566414,96.555369333338,93.6867609227305,97.07070743737094
S11,2026-08-13,4,65.18367346938776,2026-08-09,68.17320729544569,67.69991422123111,66.51153494596504,62.9353296447572,58.57481538742993,56.750267449161456,61.63090119756325
S12,2026-08-13,4,109.8,2026-08-09,114.1828861423196,114.65260906724123,109.83673422719197,109.01955738588015,106.65123848145753,105.34917751265736,107.59295586992467
S13,2026-08-13,4,122.1,2026-08-09,104.61417109892058,105.9500267776072,106.33627821872707,104.72224120312049,100.64376160623536,96.87158123488528,101.60392972680617
S14,2026-08-13,4,70.9938775510204,2026-08-09,80.36046787865234,78.326224626108,76.68451137879,73.88816712270948,76.5089563984487,73.21505675324865,74.94978406601933
S15,2026-08-13,4,60.2,2026-08-09,83.59414771946237,85.75111788341474,86.6986973521922,83.6764724204829,84.19343086908219,83.70091902585783,85.19980818902502
S01,2026-08-14,5,96.7,2026-08-09,86.95623381446872,88.47030900803435,90.93465692771532,88.53017686273644,87.60357828445478,88.10047548404657,89.51756620588094
S02,2026-08-14,5,118.4,2026-08-09,115.17393233759923,114.99921264707743,112.35781883138672,111.62659722441168,109.60084199875432,109.73353401189556,111.04567642164113
S03,2026-08-14,5,94.9,2026-08-09,104.97703816069698,106.49663915385621,107.96979055187947,106.57159836749697,106.114887813406,101.45470239890477,104.71224647539212
S04,2026-08-14,5,106.9,2026-08-09,100.13428845787514,100.6712453879137,102.05067068599612,100.39202786277731,100.59528690767948,93.90663668217327,97.97865368408469
S05,2026-08-14,5,67.8,2026-08-09,80.16548921840091,80.57716034938323,79.93254681389148,77.25049423809998,78.98407408841682,69.04455997946853,74.48855339668
S06,2026-08-14,5,77.6,2026-08-09,94.11391588359274,95.19830473820257,96.46077955193911,94.10947294866048,96.3892978130759,96.24053862200859,96.35065908697385
S07,2026-08-14,5,60.1,2026-08-09,81.62766513592486,81.06865388799227,79.23493237069333,76.81850851833869,79.30337701190149,68.43090558220963,73.83291897645148
S08,2026-08-14,5,112.7,2026-08-09,109.36076505484687,111.49259476736367,113.79374420784653,112.93964799675149,112.75000064223134,108.37616825272292,111.08495623028472
S09,2026-08-14,5,95.4,2026-08-09,103.2920605503904,104.18089691660697,102.78611716774577,100.79032369983906,98.88003364940546,98.67879589657717,100.73245653216148
S10,2026-08-14,5,119.1,2026-08-09,107.13591901173713,106.76656661278324,105.33923912576644,104.20768370915417,101.59419921144455,100.20761983575358,102.77342948076
S11,2026-08-14,5,77.7,2026-08-09,73.04278169434556,72.58742841097772,71.39612011972011,68.02097612824724,70.22385523729233,61.04099923015941,66.21855967493975
S12,2026-08-14,5,119.5,2026-08-09,119.05246054121946,119.54012325698784,114.72131940094704,114.10520386937019,108.65259762608777,111.3937882173658,113.05755380915642
S13,2026-08-14,5,106.3,2026-08-09,109.48374549782045,110.8375409673538,111.22086339248213,109.80788768661051,110.2386449514286,102.25058857282364,106.7357259826529
S14,2026-08-14,5,62.8,2026-08-09,85.2300422775522,83.21373881585461,81.56909655254508,78.9738136061995,79.21052557152643,74.8598391059203,78.21446782923269
S15,2026-08-14,5,90.5,2026-08-09,88.46372211836223,90.63863207316135,91.58328252594727,88.76211890397293,89.86479418959834,90.05530906133399,90.81929579364063
S01,2026-08-15,6,85.9,2026-08-09,85.78216469774395,87.29247290440549,89.75152527045663,85.24589215605205,90.29610168703938,84.69896678486569,87.22524602766116
S02,2026-08-15,6,109.2,2026-08-09,113.99986322087446,113.82137654344858,111.17468717412804,108.3423125177273,107.87790754925156,107.60009812930903,109.38739265171853
S03,2026-08-15,6,129.0,2026-08-09,103.80296904397221,105.31880305022736,106.78665889462077,103.28731366081259,103.6752234046517,97.23010199809602,102.00838044635839
S04,2026-08-15,6,98.7,2026-08-09,98.96021934115038,99.49340928428484,100.86753902873744,97.10774315609292,98.11288556543336,86.82647014722846,93.84700458798295
S05,2026-08-15,6,84.1,2026-08-09,78.99142010167614,79.39932424575437,78.7494151566328,73.96620953141559,71.3893741000881,67.88784877323641,73.31863196493461
S06,2026-08-15,6,52.4,2026-08-09,92.93984676686799,94.0204686345737,95.27764789468041,90.82518824197608,92.16395974790782,95.26419059254289,95.27091924361164
S07,2026-08-15,6,41.0,2026-08-09,80.45359601920009,79.89081778436342,78.05180071343464,73.5342238116543,71.02612824976003,67.85051106346033,72.95115588844749
S08,2026-08-15,6,238.1,2026-08-09,108.18669593812209,110.3147586637348,112.61061255058785,109.6553632900671,111.27638283887995,100.46372553061097,106.53716904059941
S09,2026-08-15,6,105.3,2026-08-09,102.11799143366564,103.0030608129781,101.60298551048709,97.50603899315468,97.03696912382466,100.23229053139008,100.91763802093858
S10,2026-08-15,6,112.7,2026-08-09,105.96184989501236,105.58873050915437,104.15610746850774,100.92339900246978,99.8719933186284,95.67029439389725,99.9132009312025
S11,2026-08-15,6,52.6,2026-08-09,71.8687125776208,71.40959230734886,70.21298846246142,64.73669142156284,66.27303585335167,54.725606136068656,62.46929729926504
S12,2026-08-15,6,115.5,2026-08-09,117.87839142449471,118.36228715335898,113.53818774368835,110.8209191626858,107.116362472132,107.8662422645334,110.70221500411088
S13,2026-08-15,6,103.91836734693877,2026-08-09,108.30967638109568,109.65970486372495,110.03773173522345,106.52360297992612,104.7837728064458,94.1892655655399,102.11349865038167
S14,2026-08-15,6,75.2,2026-08-09,84.05597316082743,82.03590271222575,80.38596489528639,75.68952889951511,77.58997169955282,71.51023608545042,75.9481004903684
S15,2026-08-15,6,76.1,2026-08-09,87.28965300163746,89.46079596953248,90.40015086868858,85.47783419728854,86.64028908035559,90.14598583439177,90.27306835154018
S01,2026-08-16,7,76.7,2026-08-09,78.57670587352403,80.07782970828531,82.50497723753453,78.94799447411732,85.66773271357656,76.83646270284775,79.67071997019114
S02,2026-08-16,7,94.5,2026-08-09,106.79440439665454,106.60673334732839,103.92813914120595,102.04441483579257,103.8004673586022,103.0872583961955,103.50769876870072
S03,2026-08-16,7,95.5,2026-08-09,96.5975102197523,98.10415985410717,99.54011086169868,96.98941597887786,99.60665291983634,95.58421589755359,97.56216337962613
S04,2026-08-16,7,91.9,2026-08-09,91.75476051693046,92.27876608816466,93.62099099581535,90.8098454741582,93.01226482253627,83.88993319337662,88.75546209459598
S05,2026-08-16,7,66.0,2026-08-09,71.78596127745622,72.1846810496342,71.5028671237107,67.66831184948086,70.75116884814231,61.75403133622335,66.62844922996703
S06,2026-08-16,7,40.7,2026-08-09,85.73438794264806,86.80582543845352,88.03109986175832,84.52729056004135,89.92605555543771,85.47977244184413,86.75543615180123
S07,2026-08-16,7,39.3,2026-08-09,73.24813719498017,72.67617458824324,70.80525268051255,67.23632612971957,71.55282335869336,60.593997525112364,65.69962510281246
S08,2026-08-16,7,88.9,2026-08-09,100.98123711390217,103.10011546761463,105.36406451766575,103.35746560813237,104.78272963835434,99.59346938536133,102.47876695151353
S09,2026-08-16,7,110.4,2026-08-09,94.91253260944572,95.78841761685793,94.35643747756498,91.20814131121995,92.99626723482976,90.43916715098436,92.39780231427467
S10,2026-08-16,7,162.7,2026-08-09,98.75639107079245,98.3740873130342,96.90955943558565,94.62550132053505,96.63336894073116,92.91974849711812,94.91465396635189
S11,2026-08-16,7,147.1,2026-08-09,64.66325375340087,64.19494911122868,62.966440429539325,58.43879373962812,64.4883092139512,52.53370917074105,57.75007480014018
S12,2026-08-16,7,114.4,2026-08-09,110.67293260027478,111.14764395723878,106.29163971076625,104.52302148075107,107.33061074875084,104.34762739502112,105.31963355289369
S13,2026-08-16,7,97.1,2026-08-09,101.10421755687575,102.44506166760476,102.79118370230135,100.2257052979914,103.15532343740388,93.5480582193961,98.16962096084873
S14,2026-08-16,7,60.2,2026-08-09,76.85051433660752,74.82125951610556,73.1394168623643,69.39163121758038,71.9353030953479,63.13104486412011,68.13523086324221
S15,2026-08-16,7,79.1,2026-08-09,80.08419417741754,82.2461527734123,83.15360283576649,79.17993651535382,81.7135520063847,80.29751325256086,81.72555804416368
S01,2026-08-17,8,83.4,2026-08-09,73.4608475200254,74.97788286659866,77.37975156548995,74.69721858131149,77.36864745435568,77.08356517635977,77.23165837092486
S02,2026-08-17,8,125.7,2026-08-09,101.6785460431559,101.50678650564174,98.80291346916137,97.79363894298673,101.70233013175361,92.24674077836114,95.52482712376126
S03,2026-08-17,8,90.7,2026-08-09,91.48165186625367,93.00421301242052,94.4148851896541,92.73864008607202,97.98397327459334,88.63015566717309,91.5225204284136
S04,2026-08-17,8,85.5,2026-08-09,86.63890216343184,87.17881924647801,88.49576532377077,86.55906958135236,91.2196281248502,77.80481464274523,83.150289983258
S05,2026-08-17,8,72.3,2026-08-09,66.6701029239576,67.08473420794755,66.37764145166612,63.41753595667503,68.75156492585317,54.48618159893887,60.431911525302496
S06,2026-08-17,8,65.3,2026-08-09,80.61852958914943,81.70587859676688,82.90587418971374,80.27651466723552,86.71588115417701,79.76808893479252,81.33698156225313
S07,2026-08-17,8,73.4,2026-08-09,68.13227884148155,67.5762277465566,65.68002700846797,62.98555023691373,70.46488755611341,60.79760293482407,63.23881497164602
S08,2026-08-17,8,109.4,2026-08-09,95.86537876040354,98.00016862592798,100.23883884562117,99.10668971532655,102.44948092541895,90.28136386030388,95.26010135296252
S09,2026-08-17,8,80.2,2026-08-09,89.7966742559471,90.68847077517128,89.23121180552042,86.95736541841411,92.64677041871134,82.04653005153963,85.63887092853003
S10,2026-08-17,8,107.2,2026-08-09,93.64053271729382,93.27414047134755,91.78433376354107,90.37472542772922,94.4725213431105,87.02825412796594,89.4062939457535
S11,2026-08-17,8,60.9,2026-08-09,59.54739539990224,59.095002269542036,57.841214757494754,54.188017846822284,62.8865088071161,53.458807590082905,55.650011173788826
S12,2026-08-17,8,108.9,2026-08-09,105.55707424677615,106.04769711555215,101.16641403872168,100.27224558794524,108.7818828563848,102.81399321449999,101.99020362661084
S13,2026-08-17,8,97.2,2026-08-09,95.98835920337714,97.34511482591812,97.66595803025677,95.97492940518558,101.95335715743161,89.05232167183689,93.35913985104683
S14,2026-08-17,8,69.1,2026-08-09,71.7346559831089,69.72131267441891,68.01419119031972,65.14085532477455,70.33214568087982,57.91132170697592,62.96275644864782
S15,2026-08-17,8,67.3,2026-08-09,74.9683358239189,77.14620593172566,78.02837716372191,74.92916062254798,80.91401415789875,73.23881790478676,75.63359753425433
S01,2026-08-18,9,65.4,2026-08-09,72.5526495766449,74.05166369710983,76.46916245772461,74.34277609585119,83.71649257147372,76.13946814887404,76.30431530329932
S02,2026-08-18,9,116.6,2026-08-09,100.7703480997754,100.58056733615291,97.89232436139602,97.43919645752644,103.9690374485723,99.44741344065116,98.66986890102359
S03,2026-08-18,9,97.6,2026-08-09,90.57345392287316,92.07799384293169,93.50429608188875,92.38419760061173,100.29274738228062,92.83604724126312,93.17017166157594
S04,2026-08-18,9,72.1,2026-08-09,85.73070422005132,86.25260007698917,87.58517621600542,86.20462709589206,94.58552921689378,80.96399968117913,84.27458794859228
S05,2026-08-18,9,67.8,2026-08-09,65.7619049805771,66.15851503845872,65.46705234390078,63.06309347121473,72.495691592241,53.678870528065445,59.57296143598311
S06,2026-08-18,9,83.0,2026-08-09,79.71033164576893,80.77965942727803,81.9952850819484,79.92207218177522,89.85395966435169,77.34065766515342,79.6679713735509
S07,2026-08-18,9,72.0,2026-08-09,67.22408089810105,66.65000857706775,64.76943790070263,62.631107751453435,71.48605607625859,52.8668403605917,58.81813913064717
S08,2026-08-18,9,102.9,2026-08-09,94.95718081702304,97.07394945643915,99.32824973785583,98.75224722986624,107.08017919039072,96.83231301976579,98.08028137881081
S09,2026-08-18,9,80.3,2026-08-09,88.88847631256658,89.76225160568245,88.32062269775506,86.60292293295382,93.09799434664691,87.50566524882029,87.91314397328767
S10,2026-08-18,9,75.5,2026-08-09,92.73233477391332,92.3479213018587,90.87374465577572,90.02028294226892,97.17117422128266,89.36682068108185,90.12028266842879
S11,2026-08-18,9,45.2,2026-08-09,58.63919745652174,58.1687831000532,56.9306256497294,53.83357536136199,59.32809728416413,46.63429246921701,51.782459059473204
S12,2026-08-18,9,183.1,2026-08-09,104.64887630339565,105.12147794606331,100.25582493095632,99.91780310248494,103.86381493466061,101.9594680623024,101.10764649662937
S13,2026-08-18,9,107.2,2026-08-09,95.08016125999663,96.41889565642929,96.75536892249143,95.62048691972527,99.59707266304912,92.69200271546259,94.723685818977
S14,2026-08-18,9,51.9,2026-08-09,70.82645803972838,68.79509350493008,67.10360208255437,64.78641283931425,74.37490730413286,62.10719005878998,64.60539607067219
S15,2026-08-18,9,71.0,2026-08-09,74.0601378805384,76.21998676223683,77.11778805595655,74.57471813708769,83.61518135923166,70.09529913411174,73.60654359503414
S01,2026-08-19,10,76.7,2026-08-09,80.73323324375366,82.23891395025726,84.6772204933682,83.41623644911809,85.14773482441333,81.51201226049267,83.09461637693043
S02,2026-08-19,10,119.0,2026-08-09,108.95093176688417,108.76781758930034,106.1003823970396,106.51265681079332,108.92215465906082,101.68052312025361,103.8904527586466
S03,2026-08-19,10,117.5,2026-08-09,98.75403758998192,100.26524409607912,101.71235411753233,101.45765795387862,104.47704493566076,96.57629979639754,99.14432695696493
S04,2026-08-19,10,104.5,2026-08-09,93.91128788716009,94.43985033013661,95.793234251649,95.27808744915896,99.22398713267494,87.51122015564131,91.65222720364515
S05,2026-08-19,10,95.9,2026-08-09,73.94248864768585,74.34576529160614,73.67511037954435,72.13655382448162,74.78914619328354,66.9453436146618,70.31022699710307
S06,2026-08-19,10,74.8,2026-08-09,87.8909153128777,88.96690968042546,90.20334311759197,88.99553253504212,93.66574969817728,92.85890094551905,91.53112203155551
S07,2026-08-19,10,58.0,2026-08-09,75.4046645652098,74.83725883021518,72.9774959363462,71.70456810472032,76.12770112936252,66.1070255071644,69.5422607217553
S08,2026-08-19,10,127.3,2026-08-09,103.1377644841318,105.26119970958658,107.5363077734994,107.82570758313314,110.20673535072882,100.26723073763287,103.90176925556614
S09,2026-08-19,10,83.0,2026-08-09,97.06905997967534,97.94950185882988,96.52868073339864,95.67638328622071,98.6261376401694,94.58357957382275,95.5561301536107
S10,2026-08-19,10,104.6,2026-08-09,100.91291844102207,100.53517155500614,99.08180269141931,99.09374329553582,101.85080013908089,93.60693507931906,96.34436888536919
S11,2026-08-19,10,53.0,2026-08-09,66.8197811236305,66.35603335320063,65.13868368537298,62.907035714628876,66.41285550222477,56.95543229110259,61.04705798823778
S12,2026-08-19,10,107.5,2026-08-09,112.82945997050442,113.30872819921073,108.46388296659991,108.99126345575182,106.21322252111936,102.12893227386171,105.29640762023081
S13,2026-08-19,10,98.1,2026-08-09,103.26074492710539,104.60614590957671,104.963426958135,104.69394727299216,106.13644727692959,94.91423898229537,99.93883297021519
S14,2026-08-19,10,51.5,2026-08-09,79.00704170683714,76.9823437580775,75.31166011819795,73.85987319258115,78.12350790901056,71.39911930022261,73.35538970921027
S15,2026-08-19,10,61.3,2026-08-09,82.24072154764715,84.40723701538425,85.32584609160014,83.64817849035458,87.42525254951171,86.48916025669756,85.90750317414884
S01,2026-08-17,1,83.4,2026-08-16,82.08390462323781,81.3376958677926,79.76610076111031,76.64635944172765,80.24822816221247,76.72007524346157,78.24308800228593
S02,2026-08-17,1,125.7,2026-08-16,108.38705105669663,109.32568891224106,107.74436161618736,106.2213543394781,106.96082956324875,100.86356017831014,104.30396089724874
S03,2026-08-17,1,90.7,2026-08-16,95.4138944165694,95.92000662099221,95.59450666452753,93.4069839100318,96.14463963888768,93.17933174021651,94.38691920237201
S04,2026-08-17,1,85.5,2026-08-16,93.80389272938206,94.26645326962566,92.65863237075727,90.47639370957884,91.43019250286218,87.73478230951864,90.19670734013795
S05,2026-08-17,1,72.3,2026-08-16,72.1667196472456,71.7750061123039,73.532279170345,70.41253729734333,72.5667317929094,74.88851142560483,74.21039529797491
S06,2026-08-17,1,65.3,2026-08-16,66.9012596888609,66.51548031780618,61.90789640976826,57.506603277328125,59.72857631397312,58.890341632093794,60.399119020931025
S07,2026-08-17,1,73.4,2026-08-16,57.533501731692,57.784056962798985,58.07377542473578,54.02613557383535,55.441968047926416,54.161828905383814,56.1178021650598
S08,2026-08-17,1,109.4,2026-08-16,95.04041880041635,95.6242545741223,94.25954696957119,92.61281678354652,96.22839988080881,95.78900473974191,95.02427585465655
S09,2026-08-17,1,80.2,2026-08-16,96.8518136856399,98.30928538150485,97.11862181142291,94.56636654423849,97.29929942140367,93.51375426188855,95.31618803665573
S10,2026-08-17,1,107.2,2026-08-16,96.96718037651506,95.5854088829637,91.26697247981102,89.50558141463765,92.08911215121165,87.16287740527565,89.21492494254333
S11,2026-08-17,1,60.9,2026-08-16,62.930963605965765,62.304181058756,62.246323906734105,57.984546782069216,65.0673042405829,58.662796204794404,60.454560055764254
S12,2026-08-17,1,108.9,2026-08-16,107.97258868700796,109.85325632413183,111.8739799199145,109.82670510814123,115.28696410903517,107.27030691637657,109.57214341814554
S13,2026-08-17,1,97.2,2026-08-16,101.97278995761346,101.63500571208608,100.56926967503402,98.9958705057539,101.68178473243232,98.71941769794196,99.64434368648799
S14,2026-08-17,1,69.1,2026-08-16,67.23700861964679,67.0611884709672,66.72189534617975,62.65935768173488,64.68558410307034,63.13837886712688,64.93013710665332
S15,2026-08-17,1,67.3,2026-08-16,76.05634325556684,76.50219140616635,75.07490835377675,71.52755809056538,74.13589513004783,70.4935827757339,72.78424556475532
S01,2026-08-18,2,65.4,2026-08-16,80.78751725718877,80.02909673936958,78.46549553863865,76.25633101879401,80.99835387569438,75.51985398382745,76.99267476123305
S02,2026-08-18,2,116.6,2026-08-16,107.09066369064759,108.01708978381802,106.44375639371569,105.83132591654447,108.11666950166851,102.80643911926528,104.62509775649048
S03,2026-08-18,2,97.6,2026-08-16,94.11750705052036,94.61140749256917,94.29390144205586,93.01695548709817,96.29840904727432,94.63382780835556,94.4638646252057
S04,2026-08-18,2,72.1,2026-08-16,92.507505363333,92.95785414120262,91.3580271482856,90.0863652866452,92.54947240128894,89.98695620887669,90.67249167858114
S05,2026-08-18,2,67.8,2026-08-16,70.87033228119655,70.46640698388086,72.23167394787333,70.02250887440971,79.26020498186159,73.06245042141187,72.6470621846426
S06,2026-08-18,2,83.0,2026-08-16,65.60487232281184,65.20688118938314,60.607291187296596,57.11657485439449,58.65656097380565,53.72355297522283,57.16542208125971
S07,2026-08-18,2,72.0,2026-08-16,56.23711436564295,56.475457834375945,56.77317020226411,53.636107150901715,57.241317614404444,51.256117370705546,54.014643786484825
S08,2026-08-18,2,102.9,2026-08-16,93.74403143436729,94.31565544569926,92.95894174709952,92.22278836061288,94.02737970698185,94.65366435989019,93.80630305349484
S09,2026-08-18,2,80.3,2026-08-16,95.55542631959085,97.00068625308182,95.81801658895124,94.17633812130487,98.09068492946741,94.72479669312133,95.2714066410363
S10,2026-08-18,2,75.5,2026-08-16,95.670793010466,94.27680975454066,89.96636725733934,89.11555299170402,93.55152892414205,88.54275279572131,89.25456002653033
S11,2026-08-18,2,45.2,2026-08-16,61.63457623991671,60.99558193033296,60.94571868426243,57.594518359135584,64.59967515454579,55.773727424319794,58.35972305429111
S12,2026-08-18,2,183.1,2026-08-16,106.67620132095891,108.5446571957088,110.57337469744283,109.43667668520759,113.66662865838451,108.94199639928254,109.75768554836269
S13,2026-08-18,2,107.2,2026-08-16,100.67640259156441,100.32640658366304,99.26866445256235,98.60584208282026,102.64281345868808,101.36092979548806,100.3147971240252
S14,2026-08-18,2,51.9,2026-08-16,65.94062125359773,65.75258934254416,65.42129012370808,62.26932925880125,65.61635399119362,61.247471527648486,63.33438082567828
S15,2026-08-18,2,71.0,2026-08-16,74.7599558895178,75.1935922777433,73.77430313130509,71.13752966763175,74.92064463010821,68.4593812935721,71.1168422124386
S01,2026-08-19,3,76.7,2026-08-16,87.24348690243296,86.50680345441988,84.9726563431212,83.96902896744248,85.32406507596858,84.48012390244834,84.72639012278478
S02,2026-08-19,3,119.0,2026-08-16,113.5466333358918,114.49479649886833,112.95091719819825,113.54402386519293,112.66576833408459,109.3065523713426,111.12873478477043
S03,2026-08-19,3,117.5,2026-08-16,100.57347669576455,101.08911420761947,100.80106224653842,100.72965343574663,99.06587897611523,101.61754742072591,101.20930483363216
S04,2026-08-19,3,104.5,2026-08-16,98.9634750085772,99.43556085625292,97.86518795276817,97.79906323529367,97.08648874922868,96.36690654568866,97.11604724922842
S05,2026-08-19,3,95.9,2026-08-16,77.32630192644075,76.94411369893118,78.7388347523559,77.73520682305818,81.26124098926662,77.89629646487236,78.31756560861413
S06,2026-08-19,3,74.8,2026-08-16,72.06084196805605,71.68458790443344,67.11445199177916,64.82927280304295,64.12669671855187,65.21462349372331,66.16453774275124
S07,2026-08-19,3,58.0,2026-08-16,62.69308401088715,62.95316454942625,63.28033100674667,61.348805099550184,66.67368634106386,57.13214085427956,60.20623593051312
S08,2026-08-19,3,127.3,2026-08-16,100.2000010796115,100.79336216074958,99.46610255158208,99.93548630926135,96.48955168542287,99.18488429161638,99.32549342159923
S09,2026-08-19,3,83.0,2026-08-16,102.01139596483505,103.47839296813213,102.3251773934338,101.88903606995332,100.84964273161049,101.93606208396238,102.1306197386981
S10,2026-08-19,3,104.6,2026-08-16,102.12676265571021,100.75451646959098,96.47352806182191,96.82825094035249,96.05438597487804,93.1972507696922,94.83538941575705
S11,2026-08-19,3,53.0,2026-08-16,68.09054588516092,67.47328864538326,67.452879488745,65.30721630778405,66.24898803236765,61.850810365946714,64.65184492734585
S12,2026-08-19,3,107.5,2026-08-16,113.1321709662031,115.0223639107591,117.0805355019254,117.14937463385606,117.35615088034781,115.96618189284098,116.52335869738319
S13,2026-08-19,3,98.1,2026-08-16,107.13237223680862,106.80411329871335,105.77582525704491,106.31854003146873,107.35386429227088,107.61153035663393,106.69367780683942
S14,2026-08-19,3,51.5,2026-08-16,72.39659089884194,72.23029605759446,71.92845092819064,69.98202720744972,70.31103032646593,70.62230572168193,71.27537832493628
S15,2026-08-19,3,61.3,2026-08-16,81.215925534762,81.67129899279361,80.28146393578766,78.85022761628021,79.46632051908026,77.42410387706339,78.85278390642551
S01,2026-08-20,4,191.7,2026-08-16,92.26490782643155,91.54083829922097,90.01848379707198,87.81853035951133,87.04559937333744,87.09117443734823,88.5548291172101
S02,2026-08-20,4,116.1,2026-08-16,118.56805425989037,119.52883134366941,117.99674465214902,117.39352525726179,114.82386293931995,111.47409482858373,114.73541974036638
S03,2026-08-20,4,98.2,2026-08-16,105.59489761976315,106.12314905242056,105.84688970048919,104.57915482781549,101.53831042157303,103.36443863278755,104.60566416663838
S04,2026-08-20,4,98.2,2026-08-16,103.98489593257578,104.469595701054,102.91101540671893,101.64856462736252,100.12015701333344,99.84161278643272,101.37631409657583
S05,2026-08-20,4,64.2,2026-08-16,82.34772285043934,81.97814854373226,83.78466220630666,81.58470821512702,79.08974560386915,83.97871894881966,83.88169057756316
S06,2026-08-20,4,83.3,2026-08-16,77.08226289205464,76.71862274923453,72.16027944572993,68.67877419511181,67.82990838715425,66.74310919945108,69.4516943225905
S07,2026-08-20,4,98.2,2026-08-16,67.71450493488574,67.98719939422733,68.32615846069744,65.19830649161904,67.63810473136982,60.440206711756446,64.38318258622695
S08,2026-08-20,4,111.8,2026-08-16,105.22142200361009,105.82739700555067,104.51193000553285,103.7849877013302,100.62496175307413,103.93321418991604,104.22257209772445
S09,2026-08-20,4,88.1,2026-08-16,107.03281688883362,108.5124278129332,107.37100484738457,105.73853746202218,102.81676436714447,103.84513176621772,105.60806830680114
S10,2026-08-20,4,98.5,2026-08-16,107.14818357970879,105.78855131439205,101.51935551577267,100.67775233242133,97.37542080580066,98.31393341024253,99.9166444630076
S11,2026-08-20,4,78.0,2026-08-16,73.1119668091595,72.50732349018435,72.49870694269576,69.15671769985289,69.66398058063581,65.40198763579212,68.95034728924395
S12,2026-08-20,4,95.5,2026-08-16,118.1535918902017,120.05639875556018,122.12636295587616,120.9988760259249,120.87109265648787,119.57374667350732,120.85005481469173
S13,2026-08-20,4,99.7,2026-08-16,112.1537931608072,111.83814814351443,110.82165271099568,110.16804142353757,109.50094159182156,111.46065996922839,111.14115634011203
S14,2026-08-20,4,78.2,2026-08-16,77.41801182284051,77.26433090239554,76.9742783821414,73.83152859951856,73.45506384595643,73.74310820634346,75.35869329424244
S15,2026-08-20,4,109.4,2026-08-16,86.23734645876057,86.7053338375947,85.32729138973842,82.69972900834907,81.28001858868306,78.09074887503184,81.70902013238512
S01,2026-08-21,5,92.7,2026-08-16,97.37303056554993,96.65923627415222,95.1192586433727,93.0745451443504,92.40299748098815,91.83054154403283,93.47490009370276
S02,2026-08-21,5,107.6,2026-08-16,123.67617699900873,124.64722931860067,123.09751949844974,122.64954004210084,120.33021353317824,118.76708400211639,120.93230175028307
S03,2026-08-21,5,114.5,2026-08-16,110.7030203588815,111.24154702735181,110.94766454678992,109.83516961265454,107.40804275727353,107.37049877276564,109.15908165977778
S04,2026-08-21,5,109.0,2026-08-16,109.09301867169415,109.58799367598526,108.01179025301965,106.90457941220157,104.85185520373828,105.92208604545723,106.96693814923844
S05,2026-08-21,5,72.3,2026-08-16,87.4558455895577,87.09654651866352,88.88543705260739,86.84072299996608,89.36126816152685,86.1650783531925,87.52525770289995
S06,2026-08-21,5,79.6,2026-08-16,82.190385631173,81.83702072416578,77.26105429203065,73.93478897995087,72.29327244654438,73.04194703043478,75.15150066123272
S07,2026-08-21,5,70.2,2026-08-16,72.8226276740041,73.10559736915859,73.42693330699817,70.45432127645809,68.29583114687793,64.88391014473603,69.1554217258671
S08,2026-08-21,5,110.5,2026-08-16,110.32954474272844,110.94579498048192,109.61270485183358,109.04100248616926,102.58920463475427,109.92264926310358,109.76767705746857
S09,2026-08-21,5,222.6,2026-08-16,112.140939627952,113.63082578786447,112.4717796936853,110.99455224686123,109.69520806911966,107.44929505776146,109.96053737572339
S10,2026-08-21,5,208.3,2026-08-16,112.25630631882716,110.90694928932332,106.62013036207341,105.9337671172604,102.7922697398391,103.45353410062873,105.03683223135107
S11,2026-08-21,5,89.7,2026-08-16,78.22008954827785,77.62572146511562,77.59948178899648,74.41273248469196,76.06228833772283,68.1232477909415,72.861364789969
S12,2026-08-21,5,127.0,2026-08-16,123.26171462932005,125.17479673049144,127.2271378021769,126.25489081076397,126.2272193433069,126.69329998471163,126.96021889344426
S13,2026-08-21,5,123.9,2026-08-16,117.26191589992555,116.95654611844569,115.92242755729642,115.42405620837664,114.6290657743267,117.17250024794248,116.54746390261946
S14,2026-08-21,5,76.5,2026-08-16,82.52613456195888,82.3827288773268,82.07505322844213,79.08754338435762,77.97470169103295,75.57583250045911,78.82544286445062
S15,2026-08-21,5,86.3,2026-08-16,91.34546919787894,91.82373181252595,90.42806623603914,87.95574379318812,86.09342125866762,86.46090111303924,88.44448367453919
S01,2026-08-22,6,81.1,2026-08-16,97.19497562543103,96.48305923309346,94.94906704717133,90.27494054747814,93.82149239237208,90.94187891337677,92.94547298027405
S02,2026-08-22,6,126.3,2026-08-16,123.49812205888985,124.4710522775419,122.92732790224838,119.84993544522858,121.17963985015783,119.43542471579644,121.18137630902241
S03,2026-08-22,6,110.2,2026-08-16,110.5249654187626,111.06536998629305,110.77747295058855,107.03556501578228,107.9860106624876,109.2504216883986,110.01394731949358
S04,2026-08-22,6,108.3,2026-08-16,108.91496373157526,109.4118166349265,107.84159865681829,104.10497481532933,106.24007093926787,103.36744059255169,105.604519624685
S05,2026-08-22,6,110.5,2026-08-16,87.2777906494388,86.92036947760475,88.71524545640602,84.04111840309382,85.12198813904313,82.5587377752084,85.6369916158072
S06,2026-08-22,6,76.9,2026-08-16,82.0123306910541,81.66084368310702,77.09086269582929,71.13518438307861,73.93763405379116,69.51104884837554,73.30095577210241
S07,2026-08-22,6,92.3,2026-08-16,72.6445727338852,72.92942032809982,73.2567417107968,67.65471667958583,73.0297082334953,60.16830506557727,66.71252338818704
S08,2026-08-22,6,97.7,2026-08-16,110.15148980260955,110.76961793942316,109.4425132556322,106.241397889297,104.19603961691024,106.53551770650427,107.98901548106824
S09,2026-08-22,6,108.6,2026-08-16,111.9628846878331,113.4546487468057,112.30158809748393,108.19494764998898,108.75066423052378,110.21001197221676,111.25580003485035
S10,2026-08-22,6,92.9,2026-08-16,112.07825137870826,110.73077224826456,106.44993876587203,103.13416252038814,102.31802785171259,98.12481143643434,102.28737510115319
S11,2026-08-22,6,74.1,2026-08-16,78.04203460815897,77.44954442405685,77.42929019279512,71.6131278878197,74.01548363510553,61.99862202696493,69.71395610988003
S12,2026-08-22,6,131.6,2026-08-16,123.08365968920116,124.99861968943267,127.05694620597552,123.45528621389171,126.1622130603001,125.15496097216649,126.105953589071
S13,2026-08-22,6,119.2,2026-08-16,117.08386095980667,116.78036907738692,115.75223596109504,112.62445161150438,115.92512513430876,113.04697576564135,114.3996058633682
S14,2026-08-22,6,61.9,2026-08-16,82.34807962183999,82.20655183626803,81.90486163224077,76.28793878748536,79.59457343243619,72.33347078656193,77.11916620940136
S15,2026-08-22,6,92.7,2026-08-16,91.16741425776004,91.64755477146718,90.25787463983778,85.15613919631586,88.02669188223952,84.22911335478479,87.24349399731128
S01,2026-08-23,7,75.9,2026-08-16,89.91179598128281,89.17902336251535,87.60811672800405,84.09687741508773,89.7363763512153,81.09420501151865,84.35116086976134
S02,2026-08-23,7,106.4,2026-08-16,116.21494241474163,117.1670164069638,115.5863775830811,113.67187231283818,118.51663227387225,111.94883368770085,113.76760563539098
S03,2026-08-23,7,109.7,2026-08-16,103.2417857746144,103.76133411571494,103.43652263142127,100.85750188339188,105.64663614818075,103.80053419051724,103.61852841096925
S04,2026-08-23,7,84.4,2026-08-16,101.63178408742704,102.10778076434839,100.50064833765101,97.92691168293892,102.1841213572103,98.06397277897973,99.28231055831537
S05,2026-08-23,7,67.3,2026-08-16,79.9946110052906,79.61633360702665,81.37429513723875,77.86305527070341,90.26844261208583,75.21556635854662,78.29493074789269
S06,2026-08-23,7,51.5,2026-08-16,74.72915104690588,74.35680781252891,69.74991237666201,64.9571212506882,67.610888070577,64.62589288224201,67.18790262945201
S07,2026-08-23,7,86.2,2026-08-16,65.36139308973699,65.62538445752172,65.91579139162953,61.476653547195426,65.08915815301883,57.12832295625416,61.522057173941846
S08,2026-08-23,7,91.2,2026-08-16,102.86831015846133,103.46558206884505,102.10156293646493,100.0633347569066,107.32295558861901,98.4791863415412,100.29037463900306
S09,2026-08-23,7,211.2,2026-08-16,104.67970504368488,106.1506128762276,104.96063777831665,102.01688451759857,107.25311814516196,103.62761375667166,104.29412576749417
S10,2026-08-23,7,100.2,2026-08-16,104.79507173456004,103.42673637768645,99.10898844670476,96.95609938799774,100.69003865526268,92.51273896531261,95.81086370600869
S11,2026-08-23,7,67.4,2026-08-16,70.75885496401075,70.14550855347875,70.08833987362785,65.4350647554293,68.02033244408624,61.34806044467346,65.71820015915065
S12,2026-08-23,7,116.7,2026-08-16,115.80048004505295,117.69458381885457,119.71599588680824,117.2772230815013,121.32108865676301,118.98924149332365,119.35261869006595
S13,2026-08-23,7,120.0,2026-08-16,109.80068131565845,109.47633320680882,108.41128564192776,106.44638847911398,111.19742118247835,107.92624532460943,108.1687654832686
S14,2026-08-23,7,80.6,2026-08-16,75.06489997769177,74.90251596568993,74.56391131307349,70.10987565509495,73.97637174016661,70.38536490939771,72.4746381112356
S15,2026-08-23,7,197.7,2026-08-16,83.88423461361182,84.34351890088908,82.91692432067049,78.97807606392546,84.13734295601013,77.28135236789066,80.09913834428058
S01,2026-08-24,8,78.2,2026-08-16,85.4817694312697,84.77004959354939,83.1132774739358,79.87816831632071,86.78583834486116,78.57727505033603,80.84527626213591
S02,2026-08-24,8,109.4,2026-08-16,111.78491586472853,112.75804263799785,111.09153832901283,109.45316321407115,115.68174925479022,105.74078318506754,108.41616075704019
S03,2026-08-24,8,90.3,2026-08-16,98.81175922460129,99.35236034674898,98.941683377353,96.63879278462485,104.18240587690237,95.37307451763857,97.15737894749579
S04,2026-08-24,8,81.6,2026-08-16,97.20175753741394,97.69880699538243,96.00580908358275,93.7082025841719,100.32922295101197,91.00504328979554,93.50542618668914
S05,2026-08-24,8,51.2,2026-08-16,75.5645844552775,75.20735983806068,76.87945588317048,73.6443461719364,84.2887703486755,76.79041975935803,76.83493782126425
S06,2026-08-24,8,55.9,2026-08-16,70.29912449689279,69.94783404356295,65.25507312259374,60.73841215192118,65.26130843927731,59.85572496872726,62.5553990456605
S07,2026-08-24,8,52.3,2026-08-16,60.93136653972389,61.21641068855576,61.42095213756126,57.25794444842841,69.8112884023334,55.51543022455934,58.4681911810603
S08,2026-08-24,8,111.6,2026-08-16,98.43828360844823,99.05660829987909,97.60672368239668,95.84462565813958,102.72761456956334,98.277920699764,97.94232219108034
S09,2026-08-24,8,93.1,2026-08-16,100.24967849367178,101.74163910726163,100.46579852424838,97.79817541883155,105.22576698702466,95.63754503722029,98.05167178073434
S10,2026-08-24,8,76.2,2026-08-16,100.36504518454694,99.01776260872049,94.61414919263649,92.73739028923072,100.90123544541696,89.72216437472866,92.16815678368258
S11,2026-08-24,8,63.7,2026-08-16,66.32882841399766,65.73653478451278,65.59350061955958,61.21635565666227,71.2372147124793,58.88528136122991,62.23939099039474
S12,2026-08-24,8,118.3,2026-08-16,111.37045349503984,113.28561004988862,115.22115663273998,113.05851398273428,118.37136097759145,111.263616663427,113.24238664808348
S13,2026-08-24,8,91.3,2026-08-16,105.37065476564536,105.06735943784287,103.9164463878595,102.22767938034696,110.69574739355014,101.9145263177663,102.9154863528129
S14,2026-08-24,8,55.5,2026-08-16,70.63487342767867,70.49354219672396,70.06907205900522,65.89116655632793,73.13731453125031,65.37294267172891,67.72100736536706
S15,2026-08-24,8,57.9,2026-08-16,79.45420806359873,79.93454513192313,78.42208506660224,74.75936696515843,82.68633786891453,72.90109812860716,75.6615915976047
S01,2026-08-25,9,53.5,2026-08-16,84.18538206522065,83.46145046512635,81.81267225146412,79.48813989338707,85.44554319900755,78.28723400758912,80.04995312952661
S02,2026-08-25,9,99.8,2026-08-16,110.48852849867947,111.4494435095748,109.79093310654116,109.06313479113753,114.73344146397044,107.884294575688,108.83761384111457
S03,2026-08-25,9,107.0,2026-08-16,97.51537185855224,98.04376121832595,97.64107815488134,96.24876436169123,99.87980522338992,97.19687216083165,97.4189751578565
S04,2026-08-25,9,85.2,2026-08-16,95.9053701713649,96.3902078669594,94.70520386111107,93.31817416123826,99.37795712096306,93.41915369985739,94.06217878048423
S05,2026-08-25,9,73.6,2026-08-16,74.26819708922844,73.89876070963764,75.5788506606988,73.25431774900277,74.96767415114093,74.83738488902506,75.20811777486193
S06,2026-08-25,9,81.6,2026-08-16,69.00273713084374,68.63923491513992,63.954467900122076,60.34838372898756,66.33445541895732,55.07457137642374,59.51451963827291
S08,2026-08-25,9,122.8,2026-08-16,97.14189624239918,97.74800917145605,96.306118459925,95.45459723520594,92.93230725300981,97.07795083136934,96.69203464564717
S09,2026-08-25,9,97.6,2026-08-16,98.95329112762273,100.4330399788386,99.16519330177672,97.40814699589792,102.79261629966811,97.2178890435071,98.1915411726419
S10,2026-08-25,9,75.2,2026-08-16,99.0686578184979,97.70916348029745,93.31354397016483,92.34736186629708,96.68249192450578,91.1881160223423,92.25082999625357
S11,2026-08-25,9,45.2,2026-08-16,65.0324410479486,64.42793565608974,64.2928953970879,60.82632723372864,68.03774009707051,56.44691700142088,60.36990619925439
S12,2026-08-25,9,131.7,2026-08-16,110.0740661289908,111.97701092146558,113.92055141026832,112.66848555980064,118.651213646252,113.04885637509322,113.48470389268077
S13,2026-08-25,9,97.9,2026-08-16,104.0742673995963,103.75876030941983,102.61584116538783,101.83765095741333,108.469819589772,104.7179749260162,103.66690804570202
S14,2026-08-25,9,60.6,2026-08-16,69.33848606162962,69.18494306830094,68.76846683653356,65.5011381333943,70.02226644368217,64.05084886951975,66.40965785302666
S15,2026-08-25,9,63.2,2026-08-16,78.15782069754968,78.62594600350009,77.12147984413056,74.36933854222481,81.1684404796152,71.54508584946461,74.33328284679759
S01,2026-08-26,10,84.3,2026-08-16,90.64135171046486,89.93915718017666,88.31983305594669,87.20083784203554,89.51077610397914,86.90391818988687,87.61187562291678
S02,2026-08-26,10,116.3,2026-08-16,116.94449814392368,117.92715022462511,116.29809391102373,116.77583273978598,117.97374457979129,114.01439622103038,115.15624506602705
S03,2026-08-26,10,94.3,2026-08-16,103.97134150379644,104.52146793337626,104.1482389593639,103.96146231033968,105.63761854122527,103.88368364102134,104.01596130019261
S04,2026-08-26,10,110.8,2026-08-16,102.36133981660909,102.8679145820097,101.21236466559364,101.03087210988673,102.08225034857678,99.25166589718884,100.23201528139124
S05,2026-08-26,10,86.7,2026-08-16,80.72416673447265,80.37646742468795,82.08601146518137,80.96701569765123,87.21807145527994,79.42028424910372,80.75314785714255
S06,2026-08-26,10,60.5,2026-08-16,75.45870677608794,75.11694163019023,70.46162870460464,68.06108167763601,68.41004762529096,66.66823103648571,68.56492987054517
S08,2026-08-26,10,107.9,2026-08-16,103.5978658876434,104.22571588650635,102.81327926440757,103.1672951838544,102.91592684510123,101.02182057335068,101.91754991887913
S09,2026-08-26,10,104.2,2026-08-16,105.40926077286693,106.9107466938889,105.67235410625928,105.12084494454638,106.37604913142172,104.14637246574537,104.90936328600233
S10,2026-08-26,10,102.4,2026-08-16,105.52462746374209,104.18687019534775,99.82070477464738,100.06005981494555,97.4150948979306,95.34710310593528,97.58390394029132
S11,2026-08-26,10,57.7,2026-08-16,71.4884106931928,70.90564237114005,70.80005620157047,68.5390251823771,66.46306262706607,62.27046386955353,66.535260035562
S12,2026-08-26,10,133.9,2026-08-16,116.530035774235,118.45471763651588,120.42771221475087,120.38118350844911,121.46481362083208,119.64746680086769,120.03758950780929
S13,2026-08-26,10,119.4,2026-08-16,110.5302370448405,110.23646702447013,109.12300196987039,109.55034890606179,112.19138946529439,110.42113734768154,109.77206965877596
S14,2026-08-26,10,88.1,2026-08-16,75.79445570687382,75.66264978335124,75.27562764101611,73.21383608204277,74.47235446344243,73.24096210935848,74.25829487518729
S15,2026-08-26,10,68.3,2026-08-16,84.61379034279388,85.10365271855039,83.62864064861313,82.08203649087326,82.54908429197106,80.23261038832936,81.93062551847125
S01,2026-08-24,1,78.2,2026-08-23,83.20275106383721,84.01939455714216,84.90775980664158,81.54098405685214,87.57603220489806,79.09447279562363,82.00111630113261
S02,2026-08-24,1,109.4,2026-08-23,118.78959951551032,119.89956961403936,120.03795401751657,117.27403112576168,122.63257436526229,112.28063645774867,116.15929523763262
S03,2026-08-24,1,90.3,2026-08-23,109.03353846190828,109.35778981648508,112.68933335218279,109.52956121974591,117.56451675260027,106.74635747096123,109.717845411572
S04,2026-08-24,1,81.6,2026-08-23,99.5502106297671,100.84797892696355,102.88363466553551,99.7817293859122,107.07444611400126,96.3556460756858,99.61964037061065
S05,2026-08-24,1,51.2,2026-08-23,80.75719887728377,79.53102644307417,78.47954890454517,75.37710758299895,84.5217745461403,74.05086129683475,76.26520510068997
S06,2026-08-24,1,55.9,2026-08-23,80.3938870312216,79.82516318746647,81.57660697583246,77.8072822624716,84.85868950633848,77.25140341606823,79.41400519595035
S07,2026-08-24,1,52.3,2026-08-23,81.5500115545878,80.47696145371307,78.31914811031929,74.49337642530914,81.94890254718048,71.24240779768884,74.78077795400407
S08,2026-08-24,1,111.6,2026-08-23,108.59878355995663,109.09228586502576,110.87662828626996,108.8177888204516,116.53316910781362,107.41236596265371,109.14449712446184
S09,2026-08-24,1,93.1,2026-08-23,101.35189712424655,99.39995196554162,90.30943796946147,86.79372562763646,91.86329804568743,91.16814349845326,90.73879073395736
S10,2026-08-24,1,76.2,2026-08-23,99.64872512004081,100.60935913110379,101.68112185321897,98.87712590559127,105.24853846053342,100.0745267229447,100.87782428808183
S11,2026-08-24,1,63.7,2026-08-23,71.66642691729055,71.8607216031258,72.98630317517593,69.23174013340646,77.59430405149303,69.36478617497843,71.17554467507719
S12,2026-08-24,1,118.3,2026-08-23,110.73114200244495,112.7559238946572,113.5837155679321,112.1309068583546,116.32217858446782,110.46764939531276,112.02568248162243
S13,2026-08-24,1,91.3,2026-08-23,107.97715914349394,108.78565146186479,108.8008531505685,106.50849812658949,112.5036819315429,103.33954755338556,106.07020035197704
S14,2026-08-24,1,55.5,2026-08-23,76.68430254066485,75.1110048485422,76.5292463357103,73.17462557503215,79.12892386855813,71.2440143422982,73.88663033900426
S15,2026-08-24,1,57.9,2026-08-23,86.49222756043137,86.31160618051021,88.8757632213163,84.68241406874871,94.69241014261914,84.55225951804202,86.71401136967916
S01,2026-08-25,2,53.5,2026-08-23,82.09975243594634,82.89526455125589,83.79853400641666,81.05044948379255,85.31288693394528,77.24322488021228,80.52087944331447
S02,2026-08-25,2,99.8,2026-08-23,117.68660088761945,118.77543960815309,118.92872821729163,116.78349655270208,118.71683492216019,113.92810799516985,116.42841810623074
S03,2026-08-25,2,107.0,2026-08-23,107.93053983401742,108.23365981059881,111.58010755195787,109.03902664668631,113.13733653813729,108.34222630603682,109.96116692899734
S04,2026-08-25,2,85.2,2026-08-23,98.44721200187622,99.72384892107728,101.77440886531059,99.2911948128526,101.87360526547141,96.71007578740281,99.2422423263567
S05,2026-08-25,2,73.6,2026-08-23,79.65420024939291,78.4068964371879,77.37032310432025,74.88657300993935,77.26076753647001,72.11131116766208,74.74081713599116
S06,2026-08-25,2,81.6,2026-08-23,79.29088840333073,78.7010331815802,80.46738117560754,77.31674768941201,81.5179630590843,75.39697104523215,77.93217611041985
S08,2026-08-25,2,122.8,2026-08-23,107.49578493206577,107.96815585913947,109.76740248604503,108.327254247392,111.19133169838699,109.34363709562089,109.55551979083296
S09,2026-08-25,2,97.6,2026-08-23,100.2488984963557,98.27582195965536,89.20021216923655,86.30319105457687,91.37748585227703,90.45637103883072,89.82829160403364
S10,2026-08-25,2,75.2,2026-08-23,98.54572649214995,99.48522912521751,100.57189605299405,98.38659133253168,102.34484002519176,100.85369661865668,100.71279633582537
S11,2026-08-25,2,45.2,2026-08-23,70.5634282893997,70.73659159723952,71.877077374951,68.74120556034687,74.02518301712291,66.18163823933047,69.02935780714074
S12,2026-08-25,2,131.7,2026-08-23,109.6281433745541,111.63179388877091,112.47448976770718,111.640372285295,112.94313304283197,112.29590689881464,112.38519833326092
S13,2026-08-25,2,97.9,2026-08-23,106.87416051560307,107.66152145597852,107.69162735034358,106.0179635535299,108.93480905701628,104.9054343107746,106.29853083055909
S14,2026-08-25,2,60.6,2026-08-23,75.58130391277398,73.98687484265592,75.42002053548538,72.68409100197255,77.14051219985909,67.87108304991533,71.64555179270036
S15,2026-08-25,2,63.2,2026-08-23,85.38922893254052,85.18747617462394,87.76653742109139,84.19187949568912,93.16280770825651,81.7219977345535,84.74426757782244
S01,2026-08-26,3,84.3,2026-08-23,88.01582007909113,88.83907358024634,89.77912292512077,88.16554275476258,82.2737808084569,82.64020891453254,86.20966591982665
S02,2026-08-26,3,116.3,2026-08-23,123.60266853076423,124.71924863714354,124.90931713599575,123.89858982367213,120.40870285919343,117.8231282350436,121.36622268551967
S03,2026-08-26,3,94.3,2026-08-23,113.84660747716221,114.17746883958925,117.56069647066198,116.15411991765636,113.94820555352118,114.19361893803531,115.87715770434865
S04,2026-08-26,3,110.8,2026-08-23,104.36327964502101,105.66765795006772,107.7549977840147,106.40628808382263,102.93857200436504,103.4766762140145,105.6158369990146
S05,2026-08-26,3,86.7,2026-08-23,85.5702678925377,84.35070546617834,83.35091202302436,82.00166628090939,79.09558371932366,80.44454900878765,81.897730515906
S06,2026-08-26,3,60.5,2026-08-23,85.20695604647551,84.64484221057064,86.44797009431166,84.43184096038205,83.9863951935422,83.86502784093295,85.1564989676223
S08,2026-08-26,3,107.9,2026-08-23,113.41185257521056,113.91196488812993,115.74799140474914,115.44234751836204,112.94697822136231,112.65788754783352,114.20293947629133
S09,2026-08-26,3,104.2,2026-08-23,106.16496613950048,104.2196309886458,95.18080108794067,93.4182843255469,88.69833370774667,93.3607236559761,94.27076237195838
S10,2026-08-26,3,102.4,2026-08-23,104.46179413529472,105.42903815420797,106.55248497169815,105.50168460350172,103.46673304448521,103.59050540084934,105.07149518627375
S11,2026-08-26,3,57.7,2026-08-23,76.47949593254447,76.68040062622998,77.85766629365511,75.8562988313169,74.82976881247707,74.93926467317563,76.39846548341538
S12,2026-08-26,3,133.9,2026-08-23,115.54421101769887,117.57560291776137,118.4550786864113,118.75546555626504,116.82897699561525,113.65260502415036,116.05384185528084
S13,2026-08-26,3,119.4,2026-08-23,112.79022815874785,113.60533048496896,113.6722162690477,113.13305682449993,110.18849901475126,108.60667627594766,111.13944627249768
S14,2026-08-26,3,88.1,2026-08-23,81.49737155591876,79.93068387164638,81.40060945418949,79.79918427294258,77.59003863575236,76.98804746414969,79.19432845916958
S15,2026-08-26,3,68.3,2026-08-23,91.30529657568529,91.13128520361438,93.7471263397955,91.30697276665916,87.66555757874511,85.78954123311712,89.76833378645631
S01,2026-08-27,4,71.2,2026-08-23,94.02035772488621,94.86710867211583,95.81844123318606,92.64365835334193,89.50269278070344,87.64591292415734,91.7321770786717
S02,2026-08-27,4,114.1,2026-08-23,129.60720617655932,130.74728372901305,130.94863544406104,128.37670542225146,127.24058869820608,119.69636801499297,125.322501729527
S03,2026-08-27,4,82.4,2026-08-23,119.85114512295729,120.20550393145875,123.60001477872727,120.63223551623571,121.38030268900023,115.89938649725752,119.74970063799239
S04,2026-08-27,4,91.8,2026-08-23,110.36781729081609,111.69569304193722,113.79431609208,110.884403682402,110.87254588131557,105.96470473234567,109.87951041221282
S05,2026-08-27,4,79.1,2026-08-23,91.57480553833278,90.37874055804784,89.39023033108964,86.47978187948874,88.64818729360498,85.88218017346924,87.63620525227944
S06,2026-08-27,4,76.6,2026-08-23,91.2114936922706,90.67287730244014,92.48728840237695,88.9099565589614,92.14730482410754,87.65420265271615,90.07074552754655
S08,2026-08-27,4,218.9,2026-08-23,119.41639022100563,119.93999997999943,121.78730971281445,119.92046311694139,120.94147690954259,116.02948150543804,118.90839560912625
S09,2026-08-27,4,116.8,2026-08-23,112.16950378529556,110.2476660805153,101.22011939600596,97.89639992412626,91.06421403630969,95.94100290700052,98.58056115150325
S10,2026-08-27,4,115.1,2026-08-23,110.4663317810898,111.45707324607747,112.59180327976344,109.97980020208107,106.1637510995955,106.52543974305165,109.55862151140755
S11,2026-08-27,4,74.1,2026-08-23,82.48403357833956,82.70843571809948,83.89698460172042,80.33441442989626,81.88734956730117,79.58347773945286,81.74023117058664
S12,2026-08-27,4,142.2,2026-08-23,121.54874866349395,123.60363800963087,124.49439699447659,123.23358115484439,126.00652821330522,116.91205653569699,120.70322676508678
S13,2026-08-27,4,108.6,2026-08-23,118.79476580454293,119.63336557683846,119.71153457711299,117.61117242307928,117.52358039329872,111.40181508350234,115.55667483030766
S14,2026-08-27,4,89.4,2026-08-23,87.50190920171384,85.95871896351588,87.43992776225478,84.27729987152193,83.80580971921206,80.96437696475715,84.20215236350597
S15,2026-08-27,4,79.9,2026-08-23,97.30983422148037,97.15932029548388,99.78644464786079,95.78508836523851,94.04652287879141,89.74878604932826,94.76761534859452
S01,2026-08-28,5,94.7,2026-08-23,100.14883598418578,101.00887316031243,101.94263152320562,98.27074609149885,97.4784342114062,93.18056670749617,97.5615991153509
S02,2026-08-28,5,116.6,2026-08-23,135.7356844358589,136.88904821720962,137.0728257340806,134.00379316040838,131.82456082207156,127.71396638045012,132.39339605726536
S03,2026-08-28,5,92.3,2026-08-23,125.97962338225686,126.34726841965535,129.72420506874684,126.25932325439263,126.67897623945493,123.92610889782092,126.82515698328388
S04,2026-08-28,5,122.0,2026-08-23,116.49629555011566,117.83745753013382,119.91850638209957,116.5114914205589,115.8940202675727,113.04790092314893,116.48320365262424
S05,2026-08-28,5,60.1,2026-08-23,97.70328379763235,96.52050504624444,95.51442062110921,92.10686961764566,91.07632991631797,87.58632544481607,91.55037303296264
S06,2026-08-28,5,97.1,2026-08-23,97.33997195157016,96.81464179063674,98.6114786923965,94.53704429711831,95.63404880982182,93.04564045073589,95.82855957156619
S07,2026-08-28,5,44.3,2026-08-23,98.49609647493637,97.46644005688336,95.35401982688333,91.22313845995583,91.62491990511549,86.97642259390643,91.16522121039489
S08,2026-08-28,5,109.2,2026-08-23,125.54486848030521,126.08176446819603,127.911500002834,125.54755085509831,125.49578189413623,122.29629353046406,125.10389676664903
S09,2026-08-28,5,95.6,2026-08-23,118.29798204459513,116.3894305687119,107.34430968602553,103.52348766228317,98.87337735890722,103.05841089616001,105.20136029109277
S10,2026-08-28,5,115.0,2026-08-23,116.59481004038939,117.59883773427406,118.71599356978301,115.60688794023798,112.55529029464324,112.86206485931156,115.78902921454728
S11,2026-08-28,5,88.6,2026-08-23,88.61251183763913,88.85020020629608,90.02117489173997,85.96150216805317,86.72959422553629,83.41121446722346,86.71619467948172
S12,2026-08-28,5,144.4,2026-08-23,127.67722692279354,129.74540249782746,130.61858728449616,128.8606688930013,124.54472434631596,125.77786861683421,128.19822795066517
S13,2026-08-28,5,124.0,2026-08-23,124.9232440638425,125.77513006503506,125.83572486713254,123.2382601612362,121.07539171258044,118.76536055405367,122.3005427105931
S14,2026-08-28,5,72.1,2026-08-23,93.63038746101341,92.10048345171246,93.56411805227435,89.90438760967885,89.50603036306292,85.07274509379702,89.3184315730357
S15,2026-08-28,5,68.3,2026-08-23,103.43831248077996,103.30108478368048,105.91063493788036,101.41217610339542,102.92648848809878,95.1274035970173,100.51901926744884
S01,2026-08-29,6,84.5,2026-08-23,97.98291750349993,98.84426790677884,99.77227040811906,94.99933815129758,101.9197944664912,89.88205472275669,94.82716256543787
S02,2026-08-29,6,121.2,2026-08-23,133.56976595517304,134.72444296367604,134.90246461899403,130.7323852202071,134.2810372932224,127.0719640319202,130.9872143254571
S03,2026-08-29,6,107.7,2026-08-23,123.81370490157101,124.18266316612176,127.55384395366025,122.98791531419134,128.4374188765954,123.29040384341727,125.42212389853876
S04,2026-08-29,6,103.2,2026-08-23,114.33037706942982,115.67285227660022,117.74814526701297,113.24008348035763,118.44598810705682,108.89455231209061,113.32134878955179
S05,2026-08-29,6,67.9,2026-08-23,95.5373653169465,94.35589979271086,93.34405950602263,88.83546167744439,92.14231820326253,86.7350978946974,90.03957870036001
S06,2026-08-29,6,80.4,2026-08-23,95.17405347088432,94.65003653710315,96.44111757730992,91.26563635691704,99.4582127470962,90.57142637065913,93.50627197398452
S07,2026-08-29,6,83.4,2026-08-23,96.33017799425052,95.30183480334976,93.18365871179675,87.95173051975456,94.58319178939736,83.51792674305342,88.35079272742509
S08,2026-08-29,6,115.53877551020408,2026-08-23,123.37894999961935,123.91715921466243,125.74113888774743,122.27614291489704,127.15614583576729,119.72598087551772,122.73355988163257
S09,2026-08-29,6,103.5,2026-08-23,116.13206356390928,114.22482531517831,105.17394857093893,100.25207972208189,100.27279441021739,98.8710417478749,102.02249515940692
S10,2026-08-29,6,87.4,2026-08-23,114.42889155970353,115.43423248074048,116.54563245469643,112.33548000003671,116.77387171969691,110.40108723494252,113.47335984481947
S11,2026-08-29,6,100.3,2026-08-23,86.44659335695329,86.68559495276249,87.85081377665338,82.6900942278519,90.19369281141411,81.0699151665425,84.46036447159794
S12,2026-08-29,6,113.5,2026-08-23,125.51130844210768,127.58079724429388,128.44822616940957,125.58926095280003,128.6474120991234,121.63096698959973,125.03959657950465
S13,2026-08-29,6,110.3,2026-08-23,122.75732558315666,123.61052481150148,123.66536375204596,119.96685222103493,123.9671484569096,116.72911453073552,120.19723914139074
S14,2026-08-29,6,77.6,2026-08-23,91.46446898032757,89.93587819817888,91.39375693718776,86.63297966947758,92.53233698682853,83.24401386222156,87.31888539970467
S15,2026-08-29,6,73.6,2026-08-23,101.27239400009411,101.13647953014689,103.74027382279377,98.14076816319415,101.83051829547503,91.20359307479198,97.47193344879287
S01,2026-08-30,7,89.0,2026-08-23,92.48482329237125,93.32057057507714,94.2159923033414,89.27309503039312,94.09153937676595,80.92911696881087,87.57255463607613
S02,2026-08-30,7,94.7,2026-08-23,128.07167174404435,129.20074563197434,129.34618651421638,125.00614209930265,133.489839968957,121.36693185126389,125.35655918274014
S03,2026-08-30,7,111.8,2026-08-23,118.31561069044233,118.65896583442006,121.9975658488826,117.26167219328688,126.9571672058077,119.21704060925235,120.60730322906747
S04,2026-08-30,7,97.7,2026-08-23,108.83228285830114,110.14915494489853,112.19186716223533,107.51384035945317,115.70715688356945,104.39548235780165,108.29367476001849
S05,2026-08-30,7,53.6,2026-08-23,90.03927110581782,88.83220246100915,87.78778140124497,83.10921855653993,89.96983688867432,77.76405838563703,82.775919893441
S06,2026-08-30,7,74.6,2026-08-23,89.67595925975563,89.12633920540145,90.88483947253226,85.53939323601257,96.38017351597341,83.18106799125654,87.0329537318944
S07,2026-08-30,7,57.3,2026-08-23,90.83208378312183,89.77813747164805,87.62738060701909,82.2254873988501,91.12787786490415,76.0132066513226,81.82029362917085
S08,2026-08-30,7,111.0,2026-08-23,117.88085578849068,118.39346188296074,120.18486078296976,116.54989979399258,123.46109671588405,112.52150415135667,116.35318246716321
S09,2026-08-30,7,74.9,2026-08-23,110.6339693527806,108.70112798347661,99.61767046616129,94.52583660117743,102.86305305587355,94.8672960354384,97.24248325079984
S10,2026-08-30,7,91.4,2026-08-23,108.93079734857486,109.91053514903876,110.98935434991877,106.60923687913224,117.36554189335845,104.01356440341563,107.5014593766672
S11,2026-08-30,7,69.2,2026-08-23,80.9484991458246,81.16189762106077,82.29453567187574,76.96385110694744,86.33118476974084,75.41161624717014,78.85307595952294
S12,2026-08-30,7,121.5,2026-08-23,120.013214230979,122.05709991259216,122.89194806463192,119.86301783189558,127.79951993476494,116.08937817203069,119.4906631183313
S13,2026-08-30,7,110.0,2026-08-23,117.25923137202797,118.08682747979977,118.1090856472683,114.24060910013047,122.26600277159562,110.55036181536991,114.3297237313191
S14,2026-08-30,7,60.8,2026-08-23,85.96637476919888,84.41218086647717,85.83747883241011,80.90673654857312,89.53548675600356,76.32588228743961,81.08168055992486
S15,2026-08-30,7,78.7,2026-08-23,95.77429978896542,95.61278219844519,98.18399571801612,92.4145250422897,99.5548226207165,84.96031777718821,91.57215674760216
S01,2026-08-31,8,76.4,2026-08-23,87.11682680178737,87.97054801564225,88.84931358140565,85.27008815187732,86.37953744454906,82.2429896093092,85.54615159535743
S02,2026-08-31,8,91.4,2026-08-23,122.70367525346049,123.85072307253945,123.97950779228064,121.00313522078685,125.30471995140518,117.71563635943342,120.84757207585703
S03,2026-08-31,8,98.10816326530612,2026-08-23,112.94761419985845,113.30894327498517,116.63088712694686,113.25866531477108,118.34748205497851,112.22047267454795,114.42567990074741
S04,2026-08-31,8,223.6,2026-08-23,103.46428636771726,104.79913238546364,106.82518844029958,103.51083348093736,105.52544852221862,100.39527100879639,103.61022972454799
S05,2026-08-31,8,92.6,2026-08-23,84.67127461523394,83.48217990157426,82.42110267930924,79.10621167802412,81.99829634430374,75.96663365435737,79.19386816683331
S06,2026-08-31,8,64.8,2026-08-23,84.30796276917175,83.77631664596656,85.51816075059654,81.53638635749677,88.3357177973921,80.4785413588815,82.99835105473902
S07,2026-08-31,8,62.0,2026-08-23,85.46408729253795,84.42811491221316,82.26070188508336,78.2224805203343,84.33481599510992,73.87340549158252,78.06705368833295
S08,2026-08-31,8,111.8,2026-08-23,112.5128592979068,113.04343932352583,114.81818206103404,112.54689291547677,114.18831926949646,111.2914140485223,113.05479805477816
S09,2026-08-31,8,71.2,2026-08-23,105.26597286219672,103.35110542404172,94.25099174422554,90.52282972266163,89.8437531318174,94.36419986629336,94.30759580525945
S10,2026-08-31,8,89.0,2026-08-23,103.56280085799098,104.56051258960387,105.62267562798304,102.60623000061643,100.30069436546123,103.92716435275267,104.77491999036786
S11,2026-08-31,8,70.4,2026-08-23,75.58050265524072,75.8118750616259,76.92785694994001,72.96084422843163,76.09169281360327,72.50995343837936,74.71890519415967
S12,2026-08-31,8,111.2,2026-08-23,114.64521774039513,116.70707735315727,117.52526934269618,115.86001095337977,123.31268417541241,115.12908758252968,116.32717846261292
S13,2026-08-31,8,88.6,2026-08-23,111.89123488144409,112.73680492036488,112.74240692533257,110.23760222161467,113.90883739440316,108.61544722669849,110.67892707601553
S14,2026-08-31,8,82.1,2026-08-23,80.598378278615,79.06215830704228,80.47080011047439,76.90372967005732,80.55464912237461,74.47015368079278,77.47047689563358
S15,2026-08-31,8,74.9,2026-08-23,90.40630329838154,90.2627596390103,92.81731699608038,88.41151816377388,95.59476457621994,86.56242457558241,89.6898707858314
S01,2026-09-01,9,85.7,2026-08-23,86.01382817389651,86.84641800975598,87.74008778118073,84.77955357881771,83.39462339799671,79.96435418112206,83.85222098115139
S02,2026-09-01,9,101.98163265306124,2026-08-23,121.60067662556962,122.72659306665318,122.87028199205571,120.51260064772725,123.35364670098275,119.73345903211242,121.30187051208407
S03,2026-09-01,9,101.4,2026-08-23,111.8446155719676,112.1848132690989,115.52166132672194,112.76813074171149,118.93173738096203,113.86177622571556,114.69171877621875
S04,2026-09-01,9,101.3,2026-08-23,102.3612877398264,103.67500237957736,105.71596264007466,103.02029890787776,106.12813415237417,100.92488434851076,103.32042349429271
S05,2026-09-01,9,51.1,2026-08-23,83.56827598734309,82.35804989568798,81.31187687908432,78.61567710496452,80.77850116167087,73.82966394589464,77.57077041248948
S06,2026-09-01,9,79.1,2026-08-23,83.2049641412809,82.65218664008029,84.40893495037162,81.04585178443718,86.9599332680045,78.54050323166176,81.47471909101668
S07,2026-09-01,9,68.0,2026-08-23,84.3610886646471,83.30398490632689,81.15147608485844,77.73194594727471,81.2469713934647,72.24499389668694,76.69823499077269
S08,2026-09-01,9,114.0,2026-08-23,111.40986067001595,111.91930931763957,113.70895626080912,112.05635834241717,115.51130483340197,113.50237351787044,113.60566488933978
S09,2026-09-01,9,94.2,2026-08-23,104.16297423430586,102.22697541815545,93.14176594400062,90.03229514960204,90.66207058617476,94.19353005083634,93.66764799741848
S10,2026-09-01,9,79.9,2026-08-23,102.45980223010011,103.4363825837176,104.51344982775811,102.11569542755684,102.26071287755522,105.20770680969895,104.86057831872853
S11,2026-09-01,9,47.8,2026-08-23,74.47750402734987,74.68774505573961,75.81863114971509,72.47030965537203,75.73532828483431,68.93648121277629,72.3775561812457
S12,2026-09-01,9,93.7,2026-08-23,113.54221911250426,115.582947347271,116.41604354247126,115.36947638032018,118.0216091510416,117.1698762559151,116.79295989919318
S13,2026-09-01,9,105.5,2026-08-23,110.78823625355324,111.6126749144786,111.63318112510765,109.74706764855506,113.039308626765,110.72842294266852,111.18080203388809
S14,2026-09-01,9,84.2,2026-08-23,79.49537965072415,77.93802830115601,79.36157431024945,76.41319509699773,79.7169168551924,71.0148861377819,75.18823022401568
S15,2026-09-01,9,75.0,2026-08-23,89.30330467049069,89.13862963312403,91.70809119585546,87.92098359071429,92.06477008145876,83.62582101229883,87.66695610407714
S01,2026-09-02,10,88.3,2026-08-23,91.9298958170413,92.79022703874642,93.72067669988485,91.89464684978775,98.08964830876133,85.1188468707019,89.41976178529337
S02,2026-09-02,10,114.6,2026-08-23,127.5167442687144,128.67040209564362,128.85087091075982,127.62769391869729,131.45628203979757,123.31264068903226,126.08175579989604
S03,2026-09-02,10,113.1,2026-08-23,117.76068321511238,118.12862229808934,121.50225024542605,119.88322401268152,124.3765291413226,119.58544194516226,120.54384609529416
S04,2026-09-02,10,100.1,2026-08-23,108.27735538297118,109.61881140856781,111.69655155877878,110.1353921788478,113.56316074009908,107.2654221266996,109.48098684273918
S05,2026-09-02,10,70.6,2026-08-23,89.48434363048787,88.30185892467843,87.29246579778842,85.73077037593455,87.3089871789497,82.528577519925,84.91052165885671
S06,2026-09-02,10,88.9,2026-08-23,89.12103178442568,88.59599566907073,90.38952386907573,88.16094505540721,94.81048979848538,87.06432444502954,88.72692415705264
S07,2026-09-02,10,79.5,2026-08-23,90.27715630779188,89.24779393531735,87.13206500356256,84.84703921824475,90.54732681200905,79.81529119114794,83.47367809735525
S08,2026-09-02,10,145.2,2026-08-23,117.32592831316072,117.86311834663002,119.68954517951322,119.1714516133872,122.36428986756567,116.88382163099286,118.28668340525303
S09,2026-09-02,10,98.1,2026-08-23,110.07904187745063,108.1707844471459,99.12235486270474,97.14738842057207,90.46367620782843,96.23482284827985,97.6785888554923
S10,2026-09-02,10,105.4,2026-08-23,108.3758698732449,109.38019161270806,110.49403874646222,109.23078869852688,107.98123395213503,107.41046756777263,108.95225315711743
S11,2026-09-02,10,79.0,2026-08-23,80.39357167049465,80.63155408473007,81.79922006841919,79.58540292634207,84.12640972402986,77.86537030167274,79.83229518504596
S12,2026-09-02,10,119.8,2026-08-23,119.45828675564904,121.52675637626146,122.39663246117537,122.4845696512902,121.10584082873719,118.15720030486962,120.2769163830225
S13,2026-09-02,10,75.4,2026-08-23,116.70430389669802,117.55648394346906,117.61377004381175,116.86216091952511,118.86450235306383,114.30193799528979,115.95785401955078
S14,2026-09-02,10,102.2,2026-08-23,85.41144729386893,83.88183733014647,85.34216322895357,83.52828836796775,87.82322267864788,80.30311320706755,82.82263821801055
S15,2026-09-02,10,95.4,2026-08-23,95.21937231363546,95.08243866211447,97.68868011455957,95.03607686168432,96.53366926623679,87.23735960792341,92.46301986124149
S01,2026-08-31,1,76.4,2026-08-30,81.05257562516485,81.88214061061149,83.49638733651345,81.54215495552108,89.17430926259783,82.51137002585676,83.00387868118511
S02,2026-08-31,1,91.4,2026-08-30,109.35773143012416,112.0770998404239,113.43992024432465,111.54303525751574,115.89609948263619,110.93936844885471,112.18964434658969
S03,2026-08-31,1,98.10816326530612,2026-08-30,98.23738780875769,99.50880027310633,96.77592005664253,94.49953304386861,98.37646752789138,95.5365053640326,96.15621271033757
S04,2026-08-31,1,223.6,2026-08-30,96.68202013159261,97.60819571733774,97.27154818184589,95.3495187528038,99.36096413624419,95.05274467475768,96.16214642830178
S05,2026-08-31,1,92.6,2026-08-30,70.08591780517547,70.24119048823934,70.27213300458337,68.26192911115268,73.26921409023697,65.26336666994133,67.76774983726236
S06,2026-08-31,1,64.8,2026-08-30,74.82695843837558,76.89349023765112,77.51177792911099,74.68101538556422,79.92794127803728,69.5538614013216,73.5328196652163
S07,2026-08-31,1,62.0,2026-08-30,61.65246832774551,61.81348402800546,59.071977187960506,56.530188855900455,61.74103282972522,57.33525322680647,58.20361520738349
S08,2026-08-31,1,111.8,2026-08-30,104.00402444692442,105.56004896485834,105.46887402945316,104.35473772250818,106.05498399164297,106.63950846317803,106.0541912463156
S09,2026-08-31,1,71.2,2026-08-30,96.83254145469215,96.2414249355365,95.37352359825616,93.66690939952687,101.89301346632658,95.38428678983747,95.37890519404681
S10,2026-08-31,1,89.0,2026-08-30,93.19324348866411,94.00764529524247,92.08799861097819,90.6578314594653,94.88640521358552,89.2742379623412,90.6811182866597
S11,2026-08-31,1,70.4,2026-08-30,68.50166693940946,69.5413853761173,69.00006662091498,66.2714055474579,72.94301531776439,62.35056276729664,65.67531469410581
S12,2026-08-31,1,111.2,2026-08-30,116.99837535086552,119.50330151005737,122.17483221860388,121.70434985518563,125.75880958491852,126.47559935260627,124.32521578560508
S13,2026-08-31,1,88.6,2026-08-30,102.98636393726892,105.30614719253585,106.21975862727354,104.8451578182834,109.36689091814245,103.63971930197758,104.92973896462556
S14,2026-08-31,1,82.1,2026-08-30,74.83007204859679,74.66417566981038,74.44731779907329,71.91306514858756,76.7444318600043,68.11178617394373,71.27955198650851
S15,2026-08-31,1,74.9,2026-08-30,76.56888172052733,74.8038673765917,71.92989212335665,69.57782694348558,77.07836902546987,66.76575756090087,69.34782484212876
S01,2026-09-01,2,85.7,2026-08-30,80.74422464859825,81.55038810340741,83.17298377992913,81.73527831088295,85.9560080592593,83.02865908537743,83.10082143265328
S02,2026-09-01,2,101.98163265306124,2026-08-30,109.04938045355757,111.74534733321983,113.11651668774033,111.73615861287762,112.81586929776341,113.8123591239799,113.46443790586011
S03,2026-09-01,2,101.4,2026-08-30,97.92903683219109,99.17704776590224,96.45251650005821,94.69265639923047,95.49948111347435,97.81305076685443,97.13278363345631
S04,2026-09-01,2,101.3,2026-08-30,96.37366915502602,97.27644321013366,96.94814462526156,95.54264210816567,96.81767626771396,96.75308378226472,96.85061420376314
S05,2026-09-01,2,51.1,2026-08-30,69.77756682860887,69.90943798103525,69.94872944799903,68.45505246651454,69.57938949171279,66.33874964070134,68.14373954435018
S06,2026-09-01,2,79.1,2026-08-30,74.51860746180898,76.56173773044705,77.18837437252665,74.8741387409261,77.8146797835569,70.73201357730821,73.96019397491743
S07,2026-09-01,2,68.0,2026-08-30,61.344117351178916,61.48173152080139,58.748573631376175,56.72331221126232,57.35286384113796,56.25259546718676,57.50058454928147
S08,2026-09-01,2,114.0,2026-08-30,103.69567347035783,105.22829645765425,105.14547047286884,104.54786107787004,105.43830774063085,108.74515033264913,106.94531040275899
S09,2026-09-01,2,94.2,2026-08-30,96.52419047812555,95.90967242833243,95.05012004167183,93.86003275488873,97.3504998148887,98.87001981783561,96.96006992975373
S10,2026-09-01,2,79.9,2026-08-30,92.88489251209752,93.67589278803838,91.76459505439387,90.85095481482716,91.83473172483816,92.82913948349398,92.29686726894391
S11,2026-09-01,2,47.8,2026-08-30,68.19331596284286,69.20963286891323,68.67666306433065,66.46452890281978,70.02122743339244,63.21101313779671,65.94383810106368
S12,2026-09-01,2,93.7,2026-08-30,116.69002437429891,119.17154900285328,121.85142866201956,121.8974732105475,124.75044079923559,132.68225510782327,127.2668418849214
S13,2026-09-01,2,105.5,2026-08-30,102.67801296070232,104.97439468533177,105.8963550706892,105.03828117364526,106.96655330860148,106.96600136729896,106.43117821899408
S14,2026-09-01,2,84.2,2026-08-30,74.52172107203019,74.3324231626063,74.12391424248896,72.10618850394943,73.72198598339014,68.88699009254573,71.50545216751735
S15,2026-09-01,2,75.0,2026-08-30,76.26053074396074,74.47211486938761,71.60648856677233,69.77095029884745,73.1862748739317,68.2099323015233,69.9082104341478
S01,2026-09-02,3,88.3,2026-08-30,87.15384141971334,87.991296345256,89.66072925110483,89.21613072916321,91.25330978813066,91.6278559959358,90.64429262352031
S02,2026-09-02,3,114.6,2026-08-30,115.45899722467266,118.18625557506842,119.60426215891601,119.21701103115787,118.73220545817168,118.16915242273386,118.88670729082494
S03,2026-09-02,3,113.1,2026-08-30,104.33865360330618,105.61795600775083,102.9402619712339,102.17350881751074,101.15803078508279,106.28056141173403,104.61041169148396
S04,2026-09-02,3,100.1,2026-08-30,102.7832859261411,103.71735145198225,103.43589009643725,103.02349452644593,102.1731718124506,104.28729964469677,103.86159487056702
S05,2026-09-02,3,70.6,2026-08-30,76.18718359972397,76.35034622288386,76.43647491917473,75.93590488479481,75.80758099356414,75.39330785607854,75.91489138762662
S06,2026-09-02,3,88.9,2026-08-30,80.92822423292408,83.00264597229564,83.67611984370235,82.35499115920635,83.62577886413429,79.39128118370321,81.53370051370278
S07,2026-09-02,3,79.5,2026-08-30,67.753734122294,67.92263976264998,65.23631910255187,64.20416462954257,63.31182168901468,66.53223893993726,65.88427902124457
S08,2026-09-02,3,145.2,2026-08-30,110.10529024147291,111.66920469950286,111.63321594404452,112.0287134961503,109.13082888859195,111.86715506855217,111.75018550629835
S09,2026-09-02,3,98.1,2026-08-30,102.93380724924064,102.35058067018102,101.53786551284752,101.340885173169,103.80858581539711,104.59042800999126,103.06414676141938
S10,2026-09-02,3,105.4,2026-08-30,99.2945092832126,100.11680102988699,98.25234052556956,98.33180723310743,97.0719401252406,98.06264808211576,98.15749430384267
S11,2026-09-02,3,79.0,2026-08-30,74.60293273395796,75.65054111076182,75.16440853550634,73.94538132110003,75.3321436512584,72.65524872278537,73.90982862914586
S12,2026-09-02,3,119.8,2026-08-30,123.09964114541401,125.61245724470189,128.33917413319526,129.37832562882775,131.02670329175834,134.1087055078194,131.22393982050733
S13,2026-09-02,3,75.4,2026-08-30,109.08762973181742,111.41530292718036,112.3841005418649,112.51913359192552,112.59084104447614,111.5786577608084,111.98137915133665
S14,2026-09-02,3,102.2,2026-08-30,80.93133784314529,80.7733314044549,80.61165971366465,79.58704092222969,78.90289912019811,78.3430296364397,79.47734467505217
S15,2026-09-02,3,95.4,2026-08-30,82.67014751507583,80.91302311123621,78.09423403794801,77.2518027171277,78.41164062258389,76.74424276850434,77.41923840322617
S01,2026-09-03,4,85.9,2026-08-30,93.52786002774536,94.38622187268521,96.0507016000793,93.80921425500784,95.99979650968166,95.933494471507,95.99209803579315
S02,2026-09-03,4,134.3,2026-08-30,121.83301583270469,124.58118110249762,125.9942345078905,123.8100945570025,123.07224653382612,120.15992298409022,123.07707874599035
S03,2026-09-03,4,119.2,2026-08-30,110.7126722113382,112.01288153518006,109.33023432020838,106.76659234335536,105.94566311161847,106.43073014006154,107.88048223013496
S04,2026-09-03,4,121.1,2026-08-30,109.15730453417314,110.11227697941148,109.82586244541173,107.61657805229055,106.80896009812884,104.67121103610936,107.24853674076054
S05,2026-09-03,4,90.6,2026-08-30,82.56120220775598,82.74527175031307,82.8264472681492,80.52898841063943,82.50647331908195,80.6412494250493,81.73384834659925
S06,2026-09-03,4,74.8,2026-08-30,87.3022428409561,89.39757149972485,90.06609219267682,86.94807468505098,88.24523609889457,81.99143848905834,86.02876534086758
S07,2026-09-03,4,75.2,2026-08-30,74.12775273032602,74.31756529007919,71.62629145152634,68.7972481553872,69.22710528789376,71.27943989770912,71.45286567461773
S08,2026-09-03,4,137.5,2026-08-30,116.47930884950495,118.06413022693206,118.023188293019,116.62179702199492,113.41939689161468,116.86981673059225,117.44650251180562
S09,2026-09-03,4,106.9,2026-08-30,109.30782585727266,108.74550619761024,107.927837861822,105.93396869901362,109.30246192762786,108.86284187818845,108.39533987000522
S10,2026-09-03,4,114.4,2026-08-30,105.66852789124462,106.5117265573162,104.64231287454403,102.92489075895205,102.35916919876108,102.59404688514682,103.61817987984543
S11,2026-09-03,4,101.4,2026-08-30,80.97695134198997,82.04546663819104,81.55438088448082,78.53846484694466,79.80697736770902,76.84090084542596,79.1976408649534
S12,2026-09-03,4,138.4,2026-08-30,129.47365975344604,132.0073827721311,134.7291464821697,133.9714091546724,135.55454709011912,138.23966917521383,136.48440782869176
S13,2026-09-03,4,132.5,2026-08-30,115.46164833984943,117.81022845460959,118.77407289083936,117.11221711777016,117.71353550625068,115.47364632965616,117.12385961024776
S14,2026-09-03,4,114.5,2026-08-30,87.30535645117732,87.1682569318841,87.00163206263913,84.18012444807431,84.43078511401745,80.26581433170344,83.63372319717129
S15,2026-09-03,4,91.1,2026-08-30,89.04416612310786,87.30794863866542,84.4842063869225,81.84488624297234,83.6288995851958,80.66136085345686,82.57278362018968
S01,2026-09-04,5,106.6,2026-08-30,98.08156209526153,98.9631520671592,100.61592794908645,98.36639354703914,100.81649833887282,97.67077171778347,99.14334983343497
S02,2026-09-04,5,124.2,2026-08-30,126.38671790022084,129.1581112969716,130.55946085689766,128.36727384903378,127.86372629751614,125.57062396081069,128.06504240885417
S03,2026-09-04,5,130.1,2026-08-30,115.26637427885436,116.58981172965404,113.89546066921554,111.32377163538665,109.60623680882162,112.5815731197043,113.23851689445992
S04,2026-09-04,5,100.3,2026-08-30,113.71100660168929,114.68920717388546,114.39108879441889,112.17375734432184,111.47195384289483,111.37938449540272,112.8852366449108
S05,2026-09-04,5,70.9938775510204,2026-08-30,87.11490427527215,87.32220194478705,87.39167361715636,85.08616770267074,85.997160588403,80.70288895931772,84.04728128823703
S06,2026-09-04,5,70.4,2026-08-30,91.85594490847227,93.97450169419884,94.63131854168398,91.50525397708228,91.94747939871391,85.32153294866839,89.97642574517619
S07,2026-09-04,5,84.6,2026-08-30,78.68145479784219,78.89449548455318,76.1915178005335,73.3544274474185,72.02147304672025,71.45915143626257,73.82533461839805
S08,2026-09-04,5,117.6,2026-08-30,121.0330109170211,122.64106042140605,122.58841464202615,121.17897631402622,119.78173237078889,121.34739483768274,121.96790473985445
S09,2026-09-04,5,115.9,2026-08-30,113.86152792478883,113.32243639208423,112.49306421082915,110.49114799104491,113.01984407053871,110.96493024325717,111.72899722704315
S10,2026-09-04,5,111.7,2026-08-30,110.22222995876079,111.08865675179018,109.2075392235512,107.48207005098334,107.01505124168,104.47360154993544,106.84057038674331
S11,2026-09-04,5,70.4,2026-08-30,85.53065340950614,86.62239683266502,86.11960723348798,83.09564413897596,84.33651661077924,78.23238109292969,82.17599416320883
S12,2026-09-04,5,133.6,2026-08-30,134.0273618209622,136.5843129666051,139.29437283117687,138.52858844670368,139.98501600653353,142.9715388494324,141.13295584030465
S13,2026-09-04,5,129.5,2026-08-30,120.0153504073656,122.38715864908357,123.33929923984653,121.66939640980145,122.25322671878166,119.23229888703511,121.28579906344082
S14,2026-09-04,5,81.8,2026-08-30,91.85905851869347,91.74518712635809,91.56685841164628,88.7373037401056,89.54545302343283,84.17757250650823,87.87221545907725
S15,2026-09-04,5,103.8,2026-08-30,93.59786819062401,91.88487883313941,89.04943273592966,86.40206553500363,87.63522188352971,82.31081312744983,85.68012293168974
S01,2026-09-05,6,110.4,2026-08-30,96.06173075071499,96.93968319360636,98.5870760759401,95.38545816210504,98.1109402328915,95.623790608385,97.10543334216254
S02,2026-09-05,6,122.1,2026-08-30,124.36688655567431,127.13464242341877,128.5306089837513,125.38633846409971,126.69594468692375,122.59201955752593,125.56131427063862
S03,2026-09-05,6,105.5,2026-08-30,113.24654293430783,114.5663428561012,111.86660879606919,108.34283625045256,107.60534509727182,110.3530318363217,111.10982031619545
S04,2026-09-05,6,115.7,2026-08-30,111.69117525714276,112.66573830033262,112.36223692127254,109.19282195938776,109.74528842763536,108.17144497929807,110.26684095028531
S05,2026-09-05,6,87.4,2026-08-30,85.0950729307256,85.29873307123421,85.36282174401,82.10523231773664,83.50631755959137,79.41943012289546,82.39112593345274
S06,2026-09-05,6,60.5,2026-08-30,89.83611356392572,91.95103282064599,92.60246666853763,88.52431859214819,91.50572135776517,83.96273195336478,88.28259931095121
S07,2026-09-05,6,92.1,2026-08-30,76.66162345329565,76.87102661100033,74.16266592738715,70.37349206248442,69.5821575959921,72.28190203515842,73.2222839812728
S08,2026-09-05,6,143.3,2026-08-30,119.01317957247457,120.61759154785321,120.55956276887981,118.19804092909213,120.05007033074656,116.64891033067212,118.60423654977598
S09,2026-09-05,6,122.3,2026-08-30,111.84169658024229,111.29896751853138,110.46421233768281,107.51021260611083,110.67832714241857,107.99214537444806,109.22817885606543
S10,2026-09-05,6,91.7,2026-08-30,108.20239861421425,109.06518787823734,107.17868735040486,104.50113466604925,104.8953654311791,100.69012348620787,103.93440541830637
S11,2026-09-05,6,69.2,2026-08-30,83.5108220649596,84.59892795911217,84.09075536034163,80.11470875404186,83.28900740276666,79.05415460693712,81.57245498363937
S12,2026-09-05,6,122.5,2026-08-30,132.00753047641567,134.56084409305225,137.26552095803052,135.54765306176958,138.5410942852836,140.06332389476236,138.66442242639644
S13,2026-09-05,6,105.0,2026-08-30,117.99551906281906,120.36368977553073,121.31044736670017,118.68846102486737,120.09311524847503,117.35303771426942,119.3317425404848
S14,2026-09-05,6,93.9,2026-08-30,89.83922717414694,89.72171825280525,89.53800653849994,85.75636835517152,87.73682332669958,84.17596697909855,86.85698675879925
S15,2026-09-05,6,111.1,2026-08-30,91.57803684607748,89.86140995958657,87.0205808627833,83.42113015006954,84.69079484359304,80.71112203271218,83.86585144774774
S01,2026-09-06,7,103.8,2026-08-30,90.20470246573522,91.05465060101864,92.68037900872108,89.31857434122233,91.1741431363296,87.98930399720271,90.3348415029619
S02,2026-09-06,7,112.5,2026-08-30,118.50985827069454,121.24960983083105,122.62391191653228,119.31945464321699,120.97116966549228,118.5492358526577,120.586573884595
S03,2026-09-06,7,109.8,2026-08-30,107.38951464932805,108.68131026351347,105.95991172885014,102.27595242956986,102.44496432373201,106.37391434670354,106.16691303777685
S04,2026-09-06,7,102.1,2026-08-30,105.83414697216298,106.78070570774489,106.45553985405351,103.12593813850505,104.82530289763795,105.0438778691055,105.7497088615795
S05,2026-09-06,7,68.0,2026-08-30,79.23804464574584,79.41370047864649,79.45612467679098,76.03834849685393,75.73753873589146,72.09297039869281,75.7745475377419
S06,2026-09-06,7,82.3,2026-08-30,83.97908527894596,86.06600022805827,86.6957696013186,82.45743477126547,85.5108937693432,77.02710647518309,81.86143803825084
S07,2026-09-06,7,48.0,2026-08-30,70.80459516831588,70.98599401841261,68.25596886016812,64.3066082416017,62.49764370809044,63.95910984782373,66.10753935399593
S08,2026-09-06,7,98.10816326530612,2026-08-30,113.1561512874948,114.73255895526549,114.65286570166077,112.13115710820942,111.59849228365621,111.03706257709322,112.844964139377
S09,2026-09-06,7,98.5,2026-08-30,105.98466829526252,105.41393492594365,104.55751527046377,101.44332878522812,102.04580680684654,101.95423931175502,103.25587729110939
S10,2026-09-06,7,127.6,2026-08-30,102.34537032923448,103.18015528564962,101.27199028318581,98.43425084516655,96.21016993688487,95.50428890903407,98.38813959610994
S11,2026-09-06,7,167.8,2026-08-30,77.65379377997984,78.71389536652445,78.1840582931226,74.04782493315915,77.7515404753014,69.96915137917233,74.07660483614747
S12,2026-09-06,7,109.0,2026-08-30,126.15050219143589,128.67581150046453,131.3588238908115,129.48076924088687,132.6434521149969,134.40774590864586,132.88328489972866
S13,2026-09-06,7,131.0,2026-08-30,112.1384907778393,114.478657182943,115.40375029948115,112.62157720398464,114.25323333577529,111.5036820286381,113.45371616405961
S14,2026-09-06,7,56.4,2026-08-30,83.98219888916717,83.83668566021753,83.6313094712809,79.68948453428881,81.09836940309296,78.32156425338574,80.97643686233332
S15,2026-09-06,7,88.1,2026-08-30,85.7210085610977,83.97637736699885,81.11388379556428,77.35424632918682,75.89790513665203,72.90585606638649,77.00986993097538
S01,2026-09-07,8,77.4,2026-08-30,84.35289782416832,85.22048577325198,86.88235547110533,84.88242195023814,88.20640817263765,83.35078083813997,85.11656815462266
S02,2026-09-07,8,116.0,2026-08-30,112.65805362912764,115.41544500306439,116.82588837891653,114.8833022522328,118.39332799900669,112.43387848254497,114.62988343073076
S03,2026-09-07,8,119.3,2026-08-30,101.53771000776116,102.84714543574682,100.16188819123441,97.83980003858565,102.05049382373743,96.47936265105467,98.32062542114454
S04,2026-09-07,8,74.4,2026-08-30,99.9823423305961,100.94654087997823,100.65751631643776,98.68978574752086,102.40251583171822,96.89771365643749,98.77761498643763
S05,2026-09-07,8,76.3,2026-08-30,73.38624000417894,73.57953565087983,73.65810113917524,71.60219610586972,75.84252815550056,66.84898132803245,70.25354123360384
S06,2026-09-07,8,77.1,2026-08-30,78.12728063737906,80.23183540029162,80.89774606370287,78.02128238028128,83.74097051858614,71.29066591075444,76.09420598722866
S07,2026-09-07,8,122.0,2026-08-30,64.95279052674898,65.15182919064596,62.457945322552376,59.8704558506175,62.19183000702762,58.786413477776655,60.62217940016451
S08,2026-09-07,8,95.7,2026-08-30,107.3043466459279,108.89839412749882,108.85484216404504,107.69500471722523,111.4688985487588,110.84268730741141,109.84876473572822
S09,2026-09-07,8,92.7,2026-08-30,100.13286365369562,99.579770098177,98.75949173284803,97.00717639424391,100.686764911824,96.55886684400878,97.6591792884284
S10,2026-09-07,8,90.3,2026-08-30,96.49356568766758,97.34599045788296,95.47396674557007,93.99809845418235,94.04089200618621,90.5130712751243,92.99351901034719
S11,2026-09-07,8,57.3,2026-08-30,71.80198913841294,72.8797305387578,72.38603475550686,69.61167254217496,74.66027495157914,64.50780141972963,68.44691808761824
S12,2026-09-07,8,119.8,2026-08-30,120.29869754986899,122.84164667269786,125.56080035319576,125.04461684990268,130.14780528277777,130.24864785804078,127.90472410561827
S13,2026-09-07,8,119.9,2026-08-30,106.2866861362724,108.64449235517634,109.6057267618654,108.18542481300045,112.1998224577366,107.05906103191641,108.3323938968909
S14,2026-09-07,8,77.4,2026-08-30,78.13039424760026,78.00252083245087,77.83328593366517,75.2533321433046,80.20912276763812,70.9825471532202,74.40791654344268
S15,2026-09-07,8,58.2,2026-08-30,79.86920391953082,78.14221253923219,75.31586025794853,72.91809393820263,75.45288827235096,68.03010619728519,71.67298322761687
S01,2026-09-08,9,96.5,2026-08-30,84.04454684760174,84.88873326604791,86.558951914521,85.0755453056,88.93356928447118,83.37432716074895,84.96663953763498
S02,2026-09-08,9,104.3,2026-08-30,112.34970265256105,115.08369249586032,116.5024848223322,115.07642560759466,117.83589635141658,115.80202719084735,116.15225600658978
S03,2026-09-08,9,108.1,2026-08-30,101.22935903119456,102.51539292854274,99.83848463465009,98.03292339394753,99.8475055203641,98.61366975180249,99.22607719322629
S04,2026-09-08,9,75.5,2026-08-30,99.6739913540295,100.61478837277416,100.33411275985344,98.88290910288272,102.92978589164568,98.60708008459204,99.47059642222274
S05,2026-09-08,9,71.0,2026-08-30,73.07788902761236,73.24778314367575,73.3346975825909,71.7953194612316,75.58769302521445,67.75703164606098,70.54586461432595
S06,2026-09-08,9,104.4,2026-08-30,77.81892966081247,79.90008289308754,80.57434250711853,78.21440573564314,82.47731376599839,72.22045219235457,76.39739734973655
S07,2026-09-08,9,55.5,2026-08-30,64.6444395501824,64.82007668344188,62.13454176596805,60.063579205979366,59.75228578306325,57.21220486453292,59.67337331525049
S08,2026-09-08,9,119.4,2026-08-30,106.9959956693613,108.56664162029475,108.5314386074607,107.8881280725871,110.07095502243057,113.11926869019058,110.82535364882564
S09,2026-09-08,9,88.2,2026-08-30,99.82451267712904,99.24801759097292,98.4360881762637,97.20029974960579,99.96770818594555,100.26958133541825,99.35283475584097
S10,2026-09-08,9,113.6,2026-08-30,96.185214711101,97.01423795067888,95.15056318898574,94.19122180954422,95.70464112965959,94.12988819385748,94.64022569142162
S11,2026-09-08,9,67.8,2026-08-30,71.49363816184635,72.54797803155373,72.06263119892253,69.80479589753682,73.61114967685637,65.10386590208168,68.5832485505021
S12,2026-09-08,9,113.3,2026-08-30,119.99034657330239,122.50989416549378,125.23739679661142,125.23774020526454,131.09316727482835,136.60105454797463,130.919225672293
S13,2026-09-08,9,95.0,2026-08-30,105.97833515970581,108.31273984797227,109.28232320528107,108.37854816836231,113.08627594851092,110.57905460374668,109.93068890451389
S14,2026-09-08,9,82.4,2026-08-30,77.82204327103368,77.6707683252468,77.50988237708084,75.44645549866648,80.52770150296004,71.50938517743572,74.50963377725827
S15,2026-09-08,9,79.3,2026-08-30,79.56085294296423,77.81046003202812,74.9924567013642,73.1112172935645,75.14108839486376,69.0009033710981,71.99668003623115
S01,2026-09-09,10,213.4,2026-08-30,90.45416361871682,91.3296415078965,93.04669738569669,92.55639772388027,93.72026104869826,92.23150493983891,92.6391011627678
S02,2026-09-09,10,119.7,2026-08-30,118.75931942367613,121.52460073770891,122.99023029350789,122.55727802587492,123.53806967098873,119.84804017852106,121.41913523601448
S03,2026-09-09,10,125.5,2026-08-30,107.63897580230966,108.95630117039134,106.32623010582577,105.51377581222778,103.36669518964189,107.10079060896737,106.71351035739657
S04,2026-09-09,10,99.8,2026-08-30,106.0836081251446,107.05569661462275,106.82185823102913,106.36376152116298,107.28757388427579,106.03197684328433,106.42691753715673
S05,2026-09-09,10,79.4,2026-08-30,79.48750579872744,79.68869138552435,79.8224430537666,79.27617187951185,79.44476335485437,76.89582016094371,78.35913160735515
S06,2026-09-09,10,82.3,2026-08-30,84.22854643192755,86.34099113493613,87.06208797829423,85.6952581539234,87.70831737782699,80.6851769437465,83.87363246102036
S07,2026-09-09,10,78.1,2026-08-30,71.05405632129748,71.26098492529047,68.62228723714375,67.54443162425963,64.77618588419281,67.47506564936523,68.0486764432545
S08,2026-09-09,10,113.7,2026-08-30,113.4056124404764,115.00754986214335,115.0191840786364,115.36898049086734,119.30819252242762,115.67077353161991,115.34497880512816
S09,2026-09-09,10,114.0,2026-08-30,106.23412944824412,105.68892583282151,104.9238336474394,104.68115216788604,105.7809169032323,105.91872425385009,105.42127895064473
S10,2026-09-09,10,125.8,2026-08-30,102.59483148221608,103.45514619252748,101.63830866016144,101.67207422782447,100.60894062883617,99.29213151875545,100.46522008945846
S11,2026-09-09,10,77.6,2026-08-30,77.90325493296143,78.98888627340231,78.55037667009822,77.28564831581708,80.64305057870486,74.35355863206726,76.45196765108274
S12,2026-09-09,10,135.4,2026-08-30,126.39996334441749,128.9508024073424,131.72514226778713,132.7185926235448,135.9950134238494,137.58391719508109,134.6545297314341
S13,2026-09-09,10,108.8,2026-08-30,112.38795193082089,114.75364808982086,115.77006867645677,115.85940058664258,117.1362778929994,114.96176926673084,115.3659189715938
S14,2026-09-09,10,72.7,2026-08-30,84.23166004214876,84.11167656709539,83.99762784825653,82.92730791694673,85.78227137895901,80.71069376983667,82.35416080904659
S15,2026-09-09,10,84.3,2026-08-30,85.97046971407931,84.25136827387671,81.48020217253989,80.59206971184476,80.06989943664335,77.73300661012077,79.60660439133034
S01,2026-09-07,1,77.4,2026-09-06,90.458498357114,89.31034266069378,86.72175689480937,85.11641530132522,88.19673541371111,84.05477437348743,85.38826563414841
S02,2026-09-07,1,116.0,2026-09-06,112.06737168804277,112.82033416876867,113.28803361725532,111.78155126311972,114.70424771289755,107.05429291957732,110.17116326841632
S03,2026-09-07,1,119.3,2026-09-06,106.43595443897762,106.85909711037004,107.3564365272255,105.65534760824112,108.31319899220676,99.85883263645252,103.60763458183901
S04,2026-09-07,1,74.4,2026-09-06,101.24328584519917,100.37632030486377,98.21432297903135,96.77228515343477,97.05254798990435,94.81906380661395,96.51669339282265
S05,2026-09-07,1,76.3,2026-09-06,77.67755364749718,75.92963242782103,73.03115248183474,70.95416083559711,73.44513437716027,68.22603841816954,70.62859545000214
S06,2026-09-07,1,77.1,2026-09-06,78.98030089417617,79.09052193488644,78.62222005264958,76.11632299718367,79.12049573600436,70.21802149472855,74.42012077368906
S07,2026-09-07,1,122.0,2026-09-06,72.75552191947301,70.5186348776833,72.67712652109631,70.6790912173266,76.4431374229903,66.78195773152693,69.72954212631163
S08,2026-09-07,1,95.7,2026-09-06,114.91778231125221,113.73225794802681,111.46082625689476,110.75833089054227,115.75666820321779,112.97214818531045,112.2164872211026
S09,2026-09-07,1,92.7,2026-09-06,96.66313335277859,96.96784965763483,95.53924485493542,94.1284478958764,98.30398517304553,93.19210421174472,94.36567453334007
S10,2026-09-07,1,90.3,2026-09-06,98.00692041591142,98.05477769787174,100.77677934197857,99.83852145284888,103.5759993840828,96.45426560301168,98.61552247249512
S11,2026-09-07,1,57.3,2026-09-06,74.25526752800965,73.43183124706312,70.44289741265165,67.89838568969111,72.62878540805653,63.237096095066434,66.83999675385904
S12,2026-09-07,1,119.8,2026-09-06,112.40837485082479,114.08769451362527,115.14726374212168,114.58450590699213,117.79753651567063,110.43005166943854,112.78865770578011
S13,2026-09-07,1,119.9,2026-09-06,106.74667434061436,107.40377287535641,105.38530272040187,103.49552516792339,106.46544431255147,98.88536404920174,102.13533338480181
S14,2026-09-07,1,77.4,2026-09-06,85.90908829744839,85.94401907005548,84.13899545212696,81.44452097511602,85.05322098417683,78.12741539922796,81.13320542567746
S15,2026-09-07,1,58.2,2026-09-06,85.84502576456154,84.64265393944322,85.98522925086394,84.18293576786688,89.98483125975967,84.89865099476734,85.44194012281564
S01,2026-09-08,2,96.5,2026-09-06,89.19299444551788,88.02183990916667,85.43474885722634,84.82803349867145,87.04765160643211,84.71639514981369,85.07557200352002
S02,2026-09-08,2,104.3,2026-09-06,110.80186777644667,111.53183141724155,112.00102557967229,111.49316946046596,112.99382038457466,108.5232521608031,110.26213887023769
S03,2026-09-08,2,108.1,2026-09-06,105.17045052738152,105.57059435884292,106.06942848964248,105.36696580558734,107.7599132200443,101.00961593657331,103.53952221310789
S04,2026-09-08,2,75.5,2026-09-06,99.97778193360307,99.08781755333665,96.92731494144832,96.48390335078099,98.40550425008159,95.53232442615823,96.22981968380327
S05,2026-09-08,2,71.0,2026-09-06,76.41204973590108,74.64112967629391,71.74414444425172,70.66577903294333,72.59410039764796,68.08138471081406,69.9127645775329
S06,2026-09-08,2,104.4,2026-09-06,77.71479698258007,77.80201918335933,77.33521201506655,75.8279411945299,77.98080753868564,69.95126431898612,73.64323816702634
S07,2026-09-08,2,55.5,2026-09-06,71.49001800787691,69.23013212615619,71.39011848351329,70.39070941467283,74.48710892523331,66.86198261067184,69.12605054709258
S08,2026-09-08,2,119.4,2026-09-06,113.6522783996561,112.4437551964997,110.17381821931173,110.46994908788851,112.72461518208864,113.93621579785642,112.05501700858407
S09,2026-09-08,2,88.2,2026-09-06,95.39762944118249,95.67934690610771,94.25223681735238,93.84006609322263,95.97467776641105,93.5465575701485,93.89939719375045
S10,2026-09-08,2,113.6,2026-09-06,96.74141650431532,96.76627494634462,99.48977130439553,99.5501396501951,103.27393870235026,97.4935339073695,98.4916526058825
S11,2026-09-08,2,67.8,2026-09-06,72.98976361641355,72.143328495536,69.15588937506861,67.61000388703734,72.9381827289661,63.83117087578241,66.49353012542551
S12,2026-09-08,2,113.3,2026-09-06,111.14287093922869,112.79919176209816,113.86025570453864,114.29612410433836,116.12095803755918,112.21107066198009,113.03566318325937
S13,2026-09-08,2,95.0,2026-09-06,105.48117042901826,106.11527012382929,104.09829468281885,103.20714336526962,105.76737583363384,99.68881214001934,101.89355341141909
S14,2026-09-08,2,82.4,2026-09-06,84.6435843858523,84.65551631852837,82.85198741454394,81.15613917246225,83.20741641872858,78.72365022471948,80.78781881963171
S15,2026-09-08,2,79.3,2026-09-06,84.57952185296544,83.3541511879161,84.69822121328092,83.8945539652131,88.64373781619457,85.57166113514472,85.13494117421283
S01,2026-09-09,3,213.4,2026-09-06,96.37276692351273,95.22095396869616,92.6696282721917,92.93828358548781,91.93661189874149,92.68188788153202,92.67575807686185
S02,2026-09-09,3,119.7,2026-09-06,117.9816402544415,118.73094547677104,119.23590499463765,119.60341954728233,117.03544945789656,115.35324458546401,117.29457479005083
S03,2026-09-09,3,125.5,2026-09-06,112.35022300537636,112.76970841837242,113.30430790460782,113.47721589240372,112.60768308354236,107.42892105591419,110.366614480261
S04,2026-09-09,3,99.8,2026-09-06,107.1575544115979,106.28693161286614,104.16219435641368,104.59415343759736,105.26536295408964,100.88973519676874,102.52596477659121
S05,2026-09-09,3,79.4,2026-09-06,83.59182221389591,81.8402437358234,78.97902385921707,78.7760291197597,77.92737780339303,77.61450328056922,78.29676356989314
S06,2026-09-09,3,82.3,2026-09-06,84.8945694605749,85.00113324288881,84.57009143003191,83.93819128134626,83.03143155649897,80.46696368558281,82.51852755780736
S07,2026-09-09,3,78.1,2026-09-06,78.66979048587174,76.42924618568568,78.62499789847865,78.50095950148919,80.21026892770765,75.04763978010146,76.83631883929006
S08,2026-09-09,3,113.7,2026-09-06,120.83205087765094,119.64286925602919,117.40869763427709,118.58019917470487,117.83308173323633,120.03248749215582,118.72059256321646
S09,2026-09-09,3,114.0,2026-09-06,102.57740191917732,102.8784609656372,101.48711623231775,101.950316180039,100.68427889894377,101.53186637977348,101.50949130604562
S10,2026-09-09,3,125.8,2026-09-06,103.92118898231016,103.96538900587412,106.7246507193609,107.66038973701149,107.2590778264688,103.95671718839243,105.34068395387666
S11,2026-09-09,3,77.6,2026-09-06,80.16953609440839,79.34244255506549,76.39076879003397,75.7202539738537,74.31695714567701,69.75988173115296,73.07532526059347
S12,2026-09-09,3,135.4,2026-09-06,118.32264341722352,119.99830582162765,121.095135119504,122.40637419115473,121.06352494413667,117.05981756954931,119.07747634452664
S13,2026-09-09,3,108.8,2026-09-06,112.6609429070131,113.31438418335878,111.3331740977842,111.31739345208598,109.54927016581306,106.61242197294787,108.97279803536603
S14,2026-09-09,3,72.7,2026-09-06,91.82335686384712,91.85463037805785,90.08686682950929,89.26638925927861,88.56589590848996,85.98277840708748,88.03482261829839
S15,2026-09-09,3,84.3,2026-09-06,91.75929433096027,90.5532652474456,91.93310062824627,92.00480405202947,93.41399227897831,92.588954922551,92.26102777539863
S01,2026-09-10,4,109.5,2026-09-06,103.25042345917639,102.11664488598954,99.55962096502587,98.23474426920932,98.5006437108873,95.77702467033023,97.66832281767805
S02,2026-09-10,4,132.7,2026-09-06,124.85929679010516,125.62663639406442,126.12589768747182,124.89988023100382,123.94251352494294,119.64544392371927,122.88567080559554
S03,2026-09-10,4,111.6,2026-09-06,119.22787954104002,119.6653993356658,120.19430059744201,118.77367657612521,117.91866950617406,110.57908248746652,115.38669154245426
S04,2026-09-10,4,100.6,2026-09-06,114.03521094726156,113.18262253015953,111.05218704924786,109.89061412131886,104.66058016424861,107.47928264766871,109.2657348484583
S05,2026-09-10,4,100.9,2026-09-06,90.46947874955958,88.73593465311679,85.86901655205125,84.0724898034812,83.35405045623308,81.1690180030162,83.51901727753372
S06,2026-09-10,4,86.9,2026-09-06,91.77222599623857,91.8968241601822,91.46008412286608,89.23465196506777,89.96673094208796,83.97924592027607,87.71966502157107
S07,2026-09-10,4,62.0,2026-09-06,85.5474470215354,83.32493710297906,85.51499059131282,83.7974201852107,87.54631297388546,78.20573020514153,81.86036039822719
S08,2026-09-10,4,94.8,2026-09-06,127.7097074133146,126.53856017332257,124.29869032711126,123.87665985842636,126.03719465424443,128.11148168210823,126.20508600460974
S09,2026-09-10,4,102.8,2026-09-06,109.45505845484098,109.77415188293058,108.37710892515193,107.2467768637605,108.99775569257211,106.84538174376823,107.61124533446008
S10,2026-09-10,4,110.8,2026-09-06,110.79884551797383,110.8610799231675,113.61464341219506,112.95685042073298,113.17817470182648,109.92328679949004,111.76896510584255
S11,2026-09-10,4,76.8,2026-09-06,87.04719263007206,86.23813347235887,83.28076148286814,81.0167146575752,79.00268305207057,75.97486333678795,79.62781240982804
S12,2026-09-10,4,141.7,2026-09-06,125.20029995288718,126.89399673892103,127.98512781233818,127.70283487487623,127.88047188464428,126.17515529948707,127.08014155591263
S13,2026-09-10,4,109.2,2026-09-06,119.53859944267677,120.21007510065216,118.22316679061836,116.61385413580749,115.45631378591433,112.25274079198135,115.23795379129986
S14,2026-09-10,4,82.8,2026-09-06,98.70101339951079,98.75032129535124,96.97685952234347,94.56284994300012,95.82702950375172,89.40711733250498,93.19198842742423
S15,2026-09-10,4,108.5,2026-09-06,98.63695086662395,97.44895616473897,98.82309332108045,97.30126473575098,99.77957071851645,96.12962426276333,97.47635879192188
S01,2026-09-11,5,88.4,2026-09-06,106.60847740928548,105.49908634192667,102.93482518420417,101.59536436780387,100.6657077246894,100.04272769092945,101.48877643756681
S02,2026-09-11,5,132.6,2026-09-06,128.21735074021427,129.00907785000157,129.50110190665012,128.2605003295984,127.29105999137705,125.56409456435966,127.53259823550489
S03,2026-09-11,5,130.6,2026-09-06,122.58593349114912,123.04784079160294,123.56950481662031,122.13429667471976,121.57260913212875,117.05012042420313,120.30981262041172
S04,2026-09-11,5,89.1,2026-09-06,117.39326489737067,116.56506398609666,114.42739126842616,113.25123421991341,109.19388442438903,109.57410335093266,112.00074730967941
S05,2026-09-11,5,76.3,2026-09-06,93.82753269966868,92.11837610905393,89.24422077122955,87.43310990207576,87.1199410088878,82.3327007239003,85.78846074756493
S06,2026-09-11,5,93.4,2026-09-06,95.13027994634767,95.27926561611935,94.83528834204438,92.59527206366232,93.09092823968723,84.90880065630766,89.87204449917601
S07,2026-09-11,5,79.7,2026-09-06,88.90550097164451,86.7073785589162,88.89019481049112,87.15804028380525,89.56441416339656,80.20292541484518,84.54656011266815
S08,2026-09-11,5,143.5,2026-09-06,131.0677613634237,129.9210016292597,127.67389454628956,127.23727995702092,128.47523925056225,128.19809201207207,127.93599327918082
S09,2026-09-11,5,109.1,2026-09-06,112.81311240495009,113.15659333886772,111.75231314433023,110.60739696235504,110.8056220102066,109.30764259355867,110.52997786894446
S10,2026-09-11,5,122.7,2026-09-06,114.15689946808293,114.24352137910464,116.98984763137337,116.31747051932753,117.61327971495339,113.1106275402249,115.05023758579912
S11,2026-09-11,5,75.0,2026-09-06,90.40524658018116,89.62057492829601,86.65596570204644,84.37733475616976,85.98374646096283,76.63557073744863,81.64576821974754
S12,2026-09-11,5,135.7,2026-09-06,128.5583539029963,130.27643819485817,131.36033203151646,131.06345497347078,131.36470309573917,125.38836068184911,128.3743463566828
S13,2026-09-11,5,128.3,2026-09-06,122.89665339278588,123.5925165565893,121.59837100979667,119.97447423440204,118.29729544435254,115.17266332294787,118.38551716637227
S14,2026-09-11,5,103.8,2026-09-06,102.0590673496199,102.13276275128838,100.35206374152177,97.92347004159467,99.03955403248247,91.31648949717936,95.83427661935056
S15,2026-09-11,5,90.2,2026-09-06,101.99500481673304,100.83139762067611,102.19829754025875,100.66188483434553,102.7698027634374,96.79549708518563,99.49689731272218
S01,2026-09-12,6,103.0,2026-09-06,104.80876713754142,103.70098061343441,101.12460682214625,98.93219527770948,99.2421564355569,97.74979017900465,99.43719850057545
S02,2026-09-12,6,126.3,2026-09-06,126.41764046847021,127.2109721215093,127.6908835445922,125.59733123950399,126.72473261478815,119.66680835711755,123.67884595085488
S03,2026-09-12,6,126.9,2026-09-06,120.78622321940506,121.24973506311068,121.75928645456239,119.47112758462538,121.126208350225,112.0844530105985,116.92186973258043
S04,2026-09-12,6,94.1,2026-09-06,115.59355462562661,114.7669582576044,112.61717290636822,110.58806512981903,111.25367192091127,106.63316417355234,109.62516853996028
S05,2026-09-12,6,90.3,2026-09-06,92.02782242792462,90.32027038056165,87.43400240917163,84.76994081198137,86.87398984878706,82.66531204668578,85.0496572279287
S06,2026-09-12,6,90.3,2026-09-06,93.33056967460361,93.48115988762707,93.02506997998645,89.93210297356794,90.89616492141892,84.21736641831795,88.6212181991522
S07,2026-09-12,6,62.4,2026-09-06,87.10579069990045,84.90927283042393,87.0799764484332,84.49487119371086,89.02249464001434,79.98045053862649,83.53021349352984
S08,2026-09-12,6,129.3,2026-09-06,129.26805109167964,128.12289590076745,125.86367618423164,124.57411086692653,125.89126521073919,123.6040793156218,124.73387774992672
S09,2026-09-12,6,116.3,2026-09-06,111.01340213320603,111.35848761037545,109.94209478227229,107.94422787226067,109.3422251422827,106.39885006506213,108.1704724236672
S10,2026-09-12,6,98.1,2026-09-06,112.35718919633887,112.44541565061238,115.17962926931544,113.65430142923314,115.65097813047355,108.8219681549436,112.00079871212952
S11,2026-09-12,6,73.7,2026-09-06,88.6055363084371,87.82246919980373,84.84574733998852,81.71416566607537,82.15482423052536,75.92985512966769,80.3878012348281
S12,2026-09-12,6,114.9,2026-09-06,126.75864363125223,128.4783324663659,129.55011366945854,128.4002858833764,130.1423660228385,120.15584405149208,124.8529788604753
S13,2026-09-12,6,113.4,2026-09-06,121.0969431210418,121.79441082809703,119.78815264773874,117.31130514430765,118.99853098221335,109.80739330240833,114.79777297507354
S14,2026-09-12,6,94.7,2026-09-06,100.25935707787583,100.33465702279611,98.54184537946385,95.26030095150028,98.66680884905526,91.94490176276621,95.24337357111503
S15,2026-09-12,6,78.1,2026-09-06,100.19529454498898,99.03329189218384,100.38807917820083,97.99871574425114,101.29623694431251,97.43720957082559,98.9126443745132
S01,2026-09-13,7,81.6,2026-09-06,99.23143372581359,98.11048929266389,95.51952384329739,92.90691343565642,96.08815386608428,92.41966284506003,93.96959334417872
S02,2026-09-13,7,120.1,2026-09-06,120.84030705674238,121.62048080073876,122.08580056574334,119.57204939745093,121.03172475040728,116.7587332910355,119.42226692838942
S03,2026-09-13,7,89.2,2026-09-06,115.20888980767722,115.65924374234014,116.15420347571352,113.44584574257232,117.39036383695306,108.78846286767907,112.4713331716963
S04,2026-09-13,7,100.2,2026-09-06,110.01622121389877,109.17646693683386,107.01208992751937,104.56278328776597,111.56668039339823,100.82130246919648,103.91669619835793
S05,2026-09-13,7,89.7,2026-09-06,86.45048901619677,84.72977905979113,81.82891943032276,78.74465896992831,81.92585221127172,74.49745979787927,78.16318961410101
S06,2026-09-13,7,77.9,2026-09-06,87.75323626287576,87.89066856685655,87.4199870011376,83.90682113151487,85.85595322730364,79.1909280648932,83.3054575330154
S07,2026-09-13,7,81.3,2026-09-06,81.5284572881726,79.3187815096534,81.47489346958433,78.4695893516578,85.49347205128956,72.95626027683663,77.21557687321048
S08,2026-09-13,7,114.3,2026-09-06,123.6907176799518,122.53240457999692,120.25859320538277,118.54882902487347,120.16334973545486,115.31244557848488,117.78551939193383
S09,2026-09-13,7,103.2,2026-09-06,105.4360687214782,105.76799628960492,104.33701180342344,101.9189460302076,104.03507550492029,101.49796233925233,102.91748707133789
S10,2026-09-13,7,103.2,2026-09-06,106.77985578461103,106.85492432984184,109.57454629046657,107.62901958718008,110.09035163628084,105.68957287009,107.63205958027828
S11,2026-09-13,7,79.8,2026-09-06,83.02820289670926,82.23197787903321,79.24066436113965,75.6888838240223,76.13228046684384,68.55615461952253,73.89840949033109
S12,2026-09-13,7,116.0,2026-09-06,121.18131021952438,122.88784114559537,123.94503069060968,122.37500404132334,123.18701722325793,112.87413973482074,118.40958521271521
S13,2026-09-13,7,90.9,2026-09-06,115.51960970931397,116.2039195073265,114.18306966888989,111.28602330225459,112.51670822862526,106.6695437370076,110.42630670294875
S14,2026-09-13,7,102.9,2026-09-06,94.68202366614798,94.74416570202558,92.93676240061498,89.23501910944722,93.60471737077184,85.64908130123425,89.29292185092461
S15,2026-09-13,7,75.6,2026-09-06,94.61796113326115,93.44280057141331,94.78299619935196,91.97343390219808,98.24934363877716,91.73162343123099,93.25730981529148
S01,2026-09-14,8,83.3,2026-09-06,93.6972306945113,92.59551002537091,89.9677524119238,88.33454407637909,91.79052279761576,86.9049071987888,88.43632980535631
S02,2026-09-14,8,122.0,2026-09-06,115.30610402544008,116.10550153344579,116.53402913436975,114.9996800381736,117.32738528643752,110.32219173974781,113.42811043705878
S03,2026-09-14,8,108.4,2026-09-06,109.67468677637494,110.14426447504718,110.60243204433993,108.87347638329499,112.17449084695468,103.4109806089349,107.00670632663741
S04,2026-09-14,8,88.5,2026-09-06,104.48201818259648,103.66148766954089,101.46031849614579,99.99041392848864,101.8953378363819,98.52516266314,99.99274057964288
S05,2026-09-14,8,61.3,2026-09-06,80.91628598489449,79.21479979249816,76.27714799894918,74.17228961065098,76.50950766430739,70.64266259522877,73.45990529708897
S06,2026-09-14,8,67.2,2026-09-06,82.21903323157348,82.37568929956358,81.868215569764,79.33445177223754,82.95870675452352,73.90953133776955,77.88887345376678
S07,2026-09-14,8,65.0,2026-09-06,75.99425425687032,73.80380224236043,75.92312203821075,73.89721999238047,80.91262439833156,70.02299608469353,72.97305906145215
S08,2026-09-14,8,109.5,2026-09-06,118.15651464864952,117.01742531270393,114.70682177400919,113.97645966559615,117.34993895394776,112.54771146190468,113.62726661795693
S09,2026-09-14,8,98.8,2026-09-06,99.9018656901759,100.25301702231195,98.78524037204986,97.34657667093028,100.56747802004769,96.19198646293621,97.48861341749304
S10,2026-09-14,8,109.2,2026-09-06,101.24565275330875,101.33994506254886,104.02277485909299,103.05665022790275,105.69137424583633,100.87702010255109,102.44989748082205
S11,2026-09-14,8,57.0,2026-09-06,77.49399986540698,76.71699861174024,73.68889292976607,71.11651446474498,73.72876968844356,65.93367445897287,69.81128369436948
S12,2026-09-14,8,138.8,2026-09-06,115.6471071882221,117.3728618783024,118.3932592592361,117.802634682046,118.06745060497278,110.18977403668117,114.29151664795864
S13,2026-09-14,8,109.2,2026-09-06,109.98540667801169,110.68894024003353,108.63129823751629,106.71365394297726,107.92701247068555,101.60591088847764,105.11860456299696
S14,2026-09-14,8,97.3,2026-09-06,89.1478206348457,89.22918643473261,87.3849909692414,84.66264975016989,89.92115043409973,81.10369272567335,84.24434184745738
S15,2026-09-14,8,62.5,2026-09-06,89.08375810195886,87.92782130412034,89.23122476797838,87.40106454292075,93.64173765980871,87.03403790032785,88.1326313341531
S01,2026-09-15,9,99.0,2026-09-06,92.4317267829152,91.3070072738438,88.68074437434078,88.04616227372532,91.01231952098249,88.05288395130651,88.36681416282364
S02,2026-09-15,9,143.9,2026-09-06,114.04060011384398,114.81699878191868,115.24702109678672,114.71129823551983,117.31707628189824,112.34035554199609,113.7936883193914
S03,2026-09-15,9,109.2,2026-09-06,108.40918286477884,108.85576172352006,109.3154240067569,108.58509458064121,112.64421281687942,105.1109684700782,107.21319623841755
S04,2026-09-15,9,128.2,2026-09-06,103.21651427100038,102.37298491801377,100.17331045856275,99.70203212583486,96.54755147810688,99.72477925887571,99.94904485871923
S05,2026-09-15,9,59.7,2026-09-06,79.65078207329839,77.92629704097104,74.99013996136614,73.8839078079972,75.4883117376422,70.83604265628924,72.91309130882769
S06,2026-09-15,9,78.7,2026-09-06,80.95352931997738,81.08718654803646,80.58120753218098,79.04606996958377,82.76767619871347,74.22093897394609,77.40107325306354
S07,2026-09-15,9,73.1,2026-09-06,74.72875034527422,72.51529949083331,74.63611400062771,73.6088381897267,79.41917509165832,70.58593644347916,72.61102522205343
S08,2026-09-15,9,111.2,2026-09-06,116.89101073705342,115.72892256117683,113.41981373642616,113.68807786294238,116.56310816087718,113.59674104292245,113.5082773896743
S09,2026-09-15,9,90.3,2026-09-06,98.6363617785798,98.96451427078483,97.49823233446682,97.0581948682765,99.83361213062896,97.09734283817636,97.29778758632159
S10,2026-09-15,9,106.1,2026-09-06,99.98014884171263,100.05144231102176,102.73576682150997,102.76826842524898,107.6739467615096,102.46549296793141,102.6006298947207
S11,2026-09-15,9,63.2,2026-09-06,76.22849595381086,75.42849586021313,72.40188489218305,70.8281326620912,75.22475463273184,66.93772423609757,69.6698045641403
S12,2026-09-15,9,125.3,2026-09-06,114.381603276626,116.08435912677528,117.10625122165308,117.51425287939223,118.95590356145428,111.99283665506253,114.5495439383578
S13,2026-09-15,9,123.1,2026-09-06,108.71990276641557,109.40043748850641,107.34429019993327,106.42527214032349,107.3519333594741,103.0231105809627,105.18370039044798
S14,2026-09-15,9,61.3,2026-09-06,87.8823167232496,87.94068368320549,86.09798293165838,84.37426794751612,88.84559899219602,82.22438431296759,84.16118362231299
S15,2026-09-15,9,44.5,2026-09-06,87.81825419036275,86.63931855259322,87.94421673039534,87.11268274026698,93.37457064233445,88.31650740552197,88.13036206795866
S01,2026-09-16,10,81.3,2026-09-06,99.61149926091004,98.50612133337329,95.91562378930612,96.15641236054168,96.25397941475819,95.91099829319592,95.91331104125102
S02,2026-09-16,10,115.7,2026-09-06,121.22037259183881,122.01611284144818,122.48190051175207,122.8215483223362,122.6595390098707,119.1302811032221,120.8060908074871
S03,2026-09-16,10,124.0,2026-09-06,115.58895534277367,116.05487578304955,116.55030342172226,116.69534466745759,118.25673433316501,111.49020672598417,114.0202550738532
S04,2026-09-16,10,99.3,2026-09-06,110.39628674899522,109.57209897754328,107.40818987352812,107.81228221265123,108.85012870297416,105.19267055490876,106.30043021421844
S05,2026-09-16,10,81.9,2026-09-06,86.83055455129323,85.12541110050053,82.2250193763315,81.99415789481357,83.33578805778735,80.12653763061468,81.17577850347308
S06,2026-09-16,10,85.0,2026-09-06,88.13330179797222,88.28630060756595,87.81608694714635,87.15632005640015,86.25227926571594,84.45269648079193,86.13439171396914
S07,2026-09-16,10,101.5,2026-09-06,81.90852282326907,79.7144135503628,81.87099341559308,81.71908827654306,86.15165245774551,78.52897001747904,80.19998171653606
S08,2026-09-16,10,95.8,2026-09-06,124.07078321504825,122.92803662070631,120.65469315139151,121.79832794975874,122.15468840946636,119.81161170913225,120.23315243026188
S09,2026-09-16,10,111.4,2026-09-06,105.81613425657463,106.16362833031432,104.73311174943218,105.16844495509287,104.895000767559,104.97527325797245,104.85419250370231
S10,2026-09-16,10,121.3,2026-09-06,107.15992131970748,107.25055637055124,109.97064623647532,110.87851851206536,112.14748872207899,108.82938263396676,109.40001443522104
S11,2026-09-16,10,82.3,2026-09-06,83.40826843180571,82.62760991974261,79.6367643071484,78.93838274890757,77.57938555292621,73.0656421080556,76.351203207602
S12,2026-09-16,10,141.8,2026-09-06,121.56137575462083,123.28347318630478,124.34113063661843,125.6245029662086,125.27025973047729,117.38328175420745,120.86220619541294
S13,2026-09-16,10,120.2,2026-09-06,115.89967524441042,116.5995515480359,114.57916961489863,114.53552222713985,113.25091254799946,109.92090254269853,112.25003607879859
S14,2026-09-16,10,81.7,2026-09-06,95.06208920124443,95.13979774273498,93.33286234662373,92.48451803433248,95.59387067750518,89.43009281351222,91.38147758006798
S15,2026-09-16,10,111.1,2026-09-06,94.9980266683576,93.83843261212272,95.1790961453607,95.22293282708334,99.63322966413047,95.34435577285761,95.26172595910916
S01,2026-09-14,1,83.3,2026-09-13,89.02043275875262,90.00539742929877,91.83043421907145,90.50818375615826,95.32449592865113,89.9174470342026,90.87394062663702
S02,2026-09-14,1,122.0,2026-09-13,117.50386459532216,117.97859615053505,117.08398533542493,116.13066773083442,118.94031862756047,110.58733911390388,113.8356622246644
S03,2026-09-14,1,108.4,2026-09-13,110.46497123816803,111.58968684602179,113.59026199828519,112.26993987905779,118.25773085136942,108.89697062680436,111.24361631254477
S04,2026-09-14,1,88.5,2026-09-13,97.67941143445431,97.87418613846133,98.25289413596809,97.236379408879,101.1700399678217,93.27241040924926,95.76265227260868
S05,2026-09-14,1,61.3,2026-09-13,84.9335288685083,83.48174287090727,81.55204346239911,79.7608919897958,82.93759940229552,75.69538228371927,78.62371287305919
S06,2026-09-14,1,67.2,2026-09-13,85.58625069189532,85.39332723570067,85.78744405948453,83.86567989322403,88.17612270487562,82.97141148376535,84.37942777162493
S07,2026-09-14,1,65.0,2026-09-13,74.51886077876124,76.38844378781229,78.54658801016902,76.2938403977003,80.08026114360136,71.5985481920809,75.07256810112496
S08,2026-09-14,1,109.5,2026-09-13,110.09700573420672,110.927400749857,111.20439742910814,110.6961642658023,114.14280354179817,113.38771813402377,112.29605778156596
S09,2026-09-14,1,98.8,2026-09-13,100.14305961365284,100.97148372978056,100.56261661645655,99.4765065747787,102.79966463750377,96.20959489772886,98.38610575709271
S10,2026-09-14,1,109.2,2026-09-13,103.84518419384182,105.27574322179123,106.43997859402502,105.55153431499564,108.38613080000464,103.51336412990153,104.97667136196327
S11,2026-09-14,1,57.0,2026-09-13,76.82103666630421,76.76369278760416,76.58128600214917,74.75589669203057,79.98459124890414,73.8792783881924,75.23028219517079
S12,2026-09-14,1,138.8,2026-09-13,118.97289853094719,118.21548217547753,116.20092928564854,115.8390366962366,116.86755705902927,110.21163713679998,113.20628321122426
S13,2026-09-14,1,109.2,2026-09-13,107.83979394277385,108.02193911461345,108.0378181141365,106.98938193189721,109.80501498440782,102.57082749407874,105.30432280410761
S14,2026-09-14,1,97.3,2026-09-13,88.28312642764787,87.06182845093227,84.62435677909934,82.83663455238343,86.95697646604938,80.44838900105617,82.53637289007776
S15,2026-09-14,1,62.5,2026-09-13,83.5768792885171,84.58387880557333,82.47960218579705,80.47739888008256,83.87135931993663,78.47654793710964,80.47807506145335
S01,2026-09-15,2,99.0,2026-09-13,87.88720544741905,88.85023645781536,90.68627466013659,90.29111501875681,89.80965048472109,91.06776381869955,90.87701923941808
S02,2026-09-15,2,143.9,2026-09-13,116.3706372839886,116.82343517905164,115.93982577649008,115.91359899343298,116.5322385561364,110.69588271472972,113.31785424560991
S03,2026-09-15,2,109.2,2026-09-13,109.33174392683448,110.43452587453837,112.44610243935034,112.05287114165635,114.755277115252,109.45816442958849,110.95213343446942
S04,2026-09-15,2,128.2,2026-09-13,96.54618412312074,96.7190251669779,97.10873457703325,97.01931067147756,96.81507344638383,94.22010971182188,95.66442214442756
S05,2026-09-15,2,59.7,2026-09-13,83.80030155717473,82.32658189942384,80.40788390346425,79.54382325239435,80.55748053747068,76.10428254113651,78.25608322230039
S06,2026-09-15,2,78.7,2026-09-13,84.45302338056175,84.23816626421724,84.64328450054967,83.64861115582259,85.72032286196051,84.3017030440561,84.47249377230288
S07,2026-09-15,2,73.1,2026-09-13,73.38563346742768,75.23328281632887,77.40242845123416,76.07677166029885,78.44117915026568,72.98821094781346,75.19531969952381
S08,2026-09-15,2,111.2,2026-09-13,108.96377842287316,109.77223977837357,110.06023787017328,110.47909552840085,110.26048793676912,114.56812022316093,112.3141790466671
S09,2026-09-15,2,90.3,2026-09-13,99.00983230231927,99.81632275829713,99.41845705752169,99.25943783737726,99.92448345614413,97.08172639706473,98.25009172729321
S10,2026-09-15,2,106.1,2026-09-13,102.71195688250825,104.1205822503078,105.29581903509018,105.3344655775942,105.76290747893589,104.3141327402745,104.80497588768233
S11,2026-09-15,2,63.2,2026-09-13,75.68780935497064,75.60853181612073,75.43712644321432,74.53882795462914,76.71364721192708,75.89345724197928,75.6652918425968
S12,2026-09-15,2,125.3,2026-09-13,117.83967121961362,117.0603212039941,115.05676972671368,115.62196795883517,114.77545181671243,111.21902771303105,113.13789871987237
S13,2026-09-15,2,123.1,2026-09-13,106.70656663144028,106.86677814313002,106.89365855520165,106.77231319449578,106.89577288124089,103.38952600917503,105.14159228218834
S14,2026-09-15,2,61.3,2026-09-13,87.14989911631432,85.90666747944884,83.48019722016448,82.619565814982,84.24297510085508,80.93253959453038,82.20636840734744
S15,2026-09-15,2,44.5,2026-09-13,82.44365197718353,83.42871783408991,81.33544262686219,80.26033014268111,80.33645849207028,78.99947697284695,80.16745979985457
S01,2026-09-16,3,81.3,2026-09-13,96.07824071718517,97.0587769683785,98.93395733641592,98.86468765449006,96.52606244894623,97.75067385753147,98.34231559697369
S02,2026-09-16,3,115.7,2026-09-13,124.5616725537547,125.03197568961478,124.1875084527694,124.48717162916623,124.2538435720117,118.04971711672655,121.11861278474798
S03,2026-09-16,3,124.0,2026-09-13,117.52277919660058,118.6430663851015,120.69378511562965,120.6264437773896,123.47122351807084,116.27767600521427,118.48573056042196
S04,2026-09-16,3,99.3,2026-09-13,104.73721939288686,104.92756567754105,105.35641725331257,105.5928833072108,103.98387855061706,103.0441944139452,104.20030583362889
S05,2026-09-16,3,81.9,2026-09-13,91.99133682694085,90.535122409987,88.65556657974358,88.11739588812759,87.96856521454477,84.59351638029847,86.62454148002102
S06,2026-09-16,3,85.0,2026-09-13,92.64405865032786,92.4467067747804,92.89096717682901,92.22218379155584,94.40156960187252,91.47011118270972,92.18053917976937
S07,2026-09-16,3,101.5,2026-09-13,81.57666873719378,83.441823326892,85.65011112751348,84.65034429603209,87.66041338356771,79.1329591946844,82.39153516109894
S08,2026-09-16,3,95.8,2026-09-13,117.15481369263927,117.98078028893673,118.3079205464526,119.05266816413409,118.80603643416795,122.1847823368145,120.24635144163355
S09,2026-09-16,3,111.4,2026-09-13,107.20086757208539,108.02486326886027,107.66613973380102,107.8330104731105,107.96679542957988,105.05073555513846,106.35843764446975
S10,2026-09-16,3,121.3,2026-09-13,110.90299215227436,112.32912276087096,113.5435017113695,113.90803821332744,114.38830378078407,111.57749331859961,112.56049751498455
S11,2026-09-16,3,82.3,2026-09-13,83.87884462473676,83.81707232668387,83.68480911949365,83.11240059036237,84.82650700885284,84.11939526919868,83.90210219434616
S12,2026-09-16,3,141.8,2026-09-13,126.03070648937972,125.26886171455726,123.30445240299301,124.1955405945684,122.97260337497104,117.83891752109243,120.57168496204272
S13,2026-09-16,3,120.2,2026-09-13,114.89760190120639,115.07531865369316,115.14134123148096,115.34588583022902,115.61580306691238,110.72036035275114,112.93085079211605
S14,2026-09-16,3,81.7,2026-09-13,95.34093438608042,94.115207990012,91.72787989644381,91.19313845071524,92.10872561741289,90.0169583776617,90.87241913705276
S15,2026-09-16,3,111.1,2026-09-13,90.63468724694965,91.63725834465306,89.58312530314151,88.83390277841437,88.08522062398053,87.76245595193795,88.67279062753974
S01,2026-09-17,4,83.6,2026-09-13,101.54261904511898,102.54275699810287,104.40939447607478,103.36589314746634,102.27571481103764,103.24171826325089,103.82555636966283
S02,2026-09-17,4,158.0,2026-09-13,130.02605088168852,130.51595571933916,129.66294559242826,128.9883771221425,124.96220647964661,121.49829346783132,125.58061953012978
S03,2026-09-17,4,122.9,2026-09-13,122.98715752453441,124.12704641482588,126.16922225528852,125.12764927036588,124.78011625304005,119.210099023131,122.68966063920976
S04,2026-09-17,4,128.1,2026-09-13,110.20159772082067,110.41154570726542,110.83185439297142,110.09408880018708,107.56663961590718,106.60362749803645,108.71774094550393
S05,2026-09-17,4,66.8,2026-09-13,97.45571515487467,96.01910243971136,94.13100371940244,92.61860138110387,89.347557839867,87.8522227108771,90.99161321513978
S06,2026-09-17,4,91.7,2026-09-13,98.10843697826168,97.93068680450477,98.36640431648786,96.72338928453212,96.23663819135028,93.02764026567266,95.69702229108026
S07,2026-09-17,4,79.8,2026-09-13,87.0410470651276,88.92580335661638,91.12554826717235,89.15154978900837,86.41377740358018,83.20584816176304,87.1656982144677
S08,2026-09-17,4,116.7,2026-09-13,122.61919202057308,123.46476031866109,123.78335768611147,123.55387365711037,122.10887350491156,127.28254247444842,125.53295008027995
S09,2026-09-17,4,140.5,2026-09-13,112.6652459000192,113.50884329858465,113.14157687345988,112.33421596608679,110.58511377521997,109.46498514251965,111.30328100798977
S10,2026-09-17,4,113.8,2026-09-13,116.36737048020818,117.81310279059534,119.01893885102835,118.40924370630371,117.45787467647695,116.80504071191271,117.91198978147054
S11,2026-09-17,4,86.4,2026-09-13,89.34322295267057,89.30105235640825,89.1602462591525,87.61360608333865,88.11193150691321,88.09826223046014,88.62925424480632
S12,2026-09-17,4,120.9,2026-09-13,131.49508481731354,130.75284174428162,128.77988954265186,128.69674608754468,124.261250279105,122.1536539057372,125.46677172419453
S13,2026-09-17,4,132.3,2026-09-13,120.36198022914022,120.55929868341754,120.61677837113983,119.84709132320529,116.23192151572961,114.82970402051367,117.72324119582674
S14,2026-09-17,4,82.2,2026-09-13,100.80531271401424,99.59918801973637,97.20331703610267,95.6943439436915,93.09949349997771,92.53338443306598,94.86835073458433
S15,2026-09-17,4,93.5,2026-09-13,96.09906557488347,97.12123837437744,95.05856244280038,93.33510827139064,91.44366705621151,91.97446415103379,93.51651329691708
S01,2026-09-18,5,107.2,2026-09-13,105.01903807619819,106.03810358263286,107.89972290327816,106.83748741729694,110.02645004124673,105.89496838634467,106.89734564481142
S02,2026-09-18,5,124.1,2026-09-13,133.50246991276774,134.01130230386914,133.15327401963165,132.4599713919731,131.60637377818378,129.576298202773,131.3647861112023
S03,2026-09-18,5,276.9,2026-09-13,126.46357655561361,127.62239299935587,129.6595506824919,128.59924354019648,130.7008134647631,128.23064882180032,128.94509975214612
S04,2026-09-18,5,135.6,2026-09-13,113.67801675189988,113.90689229179542,114.32218282017482,113.56568307001768,113.69898220430761,108.97050558735867,111.64634420376674
S05,2026-09-18,5,97.1,2026-09-13,100.93213418595387,99.51444902424136,97.62133214660584,96.09019565093448,95.66993560555244,88.84040145384263,93.23086680022423
S06,2026-09-18,5,103.9,2026-09-13,101.58485600934088,101.42603338903476,101.85673274369125,100.19498355436272,100.62991191277499,96.1983153798354,99.02752406176333
S07,2026-09-18,5,94.8,2026-09-13,90.5174660962068,92.42114994114638,94.61587669437574,92.62314405883897,93.71967791908986,85.10252193705757,89.85919931571667
S08,2026-09-18,5,192.0,2026-09-13,126.0956110516523,126.96010690319109,127.27368611331487,127.02546792694098,125.8836047778884,131.01684280361695,129.1452644584659
S09,2026-09-18,5,100.8,2026-09-13,116.1416649310984,117.00418988311465,116.63190530066326,115.80581023591739,116.48416017926483,113.69479015133668,115.16334772599997
S10,2026-09-18,5,133.1,2026-09-13,119.84378951128738,121.30844937512532,122.50926727823175,121.88083797613433,122.76692899012423,121.82821378438169,122.16874053130672
S11,2026-09-18,5,67.4,2026-09-13,92.81964198374979,92.79639894093825,92.6505746863559,91.08520035316926,93.75571193206895,88.07545535146757,90.36301501891174
S12,2026-09-18,5,171.5,2026-09-13,134.97150384839276,134.2481883288116,132.27021796985525,132.16834035737529,130.39606348476917,127.44367978555086,129.85694887770305
S13,2026-09-18,5,130.3,2026-09-13,123.83839926021942,124.05464526794754,124.10710679834322,123.31868559303591,122.01861378327305,120.76786828684143,122.43748754259232
S14,2026-09-18,5,106.0,2026-09-13,104.28173174509345,103.09453460426636,100.69364546330607,99.16593821352211,98.60396667945349,94.17273796924258,97.43319171627432
S15,2026-09-18,5,81.3,2026-09-13,99.57548460596267,100.61658495890742,98.54889087000376,96.80670254122126,97.2151068661601,91.26721496367483,94.9080529168393
S01,2026-09-19,6,104.3,2026-09-13,102.85100641732274,103.86697190695787,105.71002355663948,103.8729981438477,101.84544019322999,102.12429660796472,103.9171600823021
S02,2026-09-19,6,104.5,2026-09-13,131.33443825389227,131.84017062819416,130.96357467299296,129.49548211852385,130.1603776755129,122.69800935422649,126.83079201360972
S03,2026-09-19,6,120.4,2026-09-13,124.29554489673816,125.45126132368088,127.46985133585322,125.63475426674722,129.229426082867,120.39591517518328,123.93288325551825
S04,2026-09-19,6,106.2,2026-09-13,111.50998509302443,111.73576061612043,112.13248347353613,110.60119379656842,109.83063354703208,106.48244407424224,109.30746377388918
S05,2026-09-19,6,98.1,2026-09-13,98.76410252707842,97.34331734856636,95.43163279996715,93.12570637748523,93.66206046141106,88.76916967585616,92.10040123791165
S06,2026-09-19,6,90.4,2026-09-13,99.41682435046543,99.25490171335976,99.66703339705256,97.23049428091346,99.27209101074263,95.02309693276193,97.34506516490725
S07,2026-09-19,6,94.6,2026-09-13,88.34943443733135,90.25001826547138,92.42617734773705,89.65865478538973,92.05128732789454,83.04682517431266,87.73650126102486
S08,2026-09-19,6,122.1,2026-09-13,123.92757939277685,124.78897522751609,125.08398676667618,124.06097865349173,123.15461860877006,127.14592521409888,126.11495599038753
S09,2026-09-19,6,99.3,2026-09-13,113.97363327222297,114.83305820743965,114.44220595402459,112.84132096246813,113.26448817546674,110.4945830624777,112.46839450825115
S10,2026-09-19,6,106.4,2026-09-13,117.67575785241193,119.13731769945032,120.31956793159306,118.91634870268507,119.878545995027,116.17178914444685,118.24567853801994
S11,2026-09-19,6,96.1,2026-09-13,90.65161032487433,90.62526726526325,90.4608753397172,88.12071107972001,90.20946903445335,87.71920142324456,89.09003838148088
S12,2026-09-19,6,111.1,2026-09-13,132.80347218951732,132.07705665313662,130.08051862321656,129.20385108392605,128.3471441723026,121.73059711982101,125.9055578715188
S13,2026-09-19,6,132.9,2026-09-13,121.67036760134397,121.88351359227254,121.91740745170453,120.35419631958665,121.04685656259018,115.08357060776436,118.50048902973444
S14,2026-09-19,6,96.5,2026-09-13,102.113700086218,100.92340292859136,98.50394611666738,96.20144894007286,96.77416426119038,94.4772679096444,96.49060701315588
S15,2026-09-19,6,111.9,2026-09-13,97.40745294708722,98.44545328323242,96.35919152336508,93.842213267772,94.97316352340546,91.51637692786576,93.93778422561542
S01,2026-09-20,7,104.2,2026-09-13,97.28789061472969,98.28638083519516,100.11432392560337,97.89427505632567,99.86534615389883,94.13880806917868,97.12656599739103
S02,2026-09-20,7,117.3,2026-09-13,125.77132245129924,126.25957955643145,125.36787504195686,123.51675903100184,127.46728525155328,113.87759698150487,119.62273601173086
S03,2026-09-20,7,121.4,2026-09-13,118.73242909414512,119.87067025191817,121.87415170481711,119.65603117922521,128.02194845779562,112.73129744747614,117.30272457614663
S04,2026-09-20,7,98.8,2026-09-13,105.94686929043138,106.15516954435773,106.53678384250003,104.62247070904641,103.70634671965188,101.53967976495417,104.0382318037271
S05,2026-09-20,7,67.2,2026-09-13,93.20098672448538,91.76272627680368,89.83593316893104,87.14698328996322,90.05905520302377,83.59137832681571,86.71365574787337
S06,2026-09-20,7,68.1,2026-09-13,93.8537085478724,93.67431064159706,94.07133376601645,91.25177119339145,97.94424324232494,90.72194251900083,92.39663814250864
S07,2026-09-20,7,93.7,2026-09-13,82.78631863473832,84.66942719370869,86.83047771670094,83.6799316978677,91.11231120812528,78.43942774343927,82.6349527300701
S08,2026-09-20,7,110.4,2026-09-13,118.3644635901838,119.2083841557534,119.48828713564006,118.0822555659697,121.55847657322286,118.61976709956333,119.05402711760169
S09,2026-09-20,7,115.5,2026-09-13,108.41051746962992,109.25246713567695,108.84650632298847,106.86259787494612,110.3828554343194,105.57288053607277,107.20969342953063
S10,2026-09-20,7,116.6,2026-09-13,112.1126420498189,113.55672662768762,114.72386830055694,112.93762561516306,117.10605948896817,109.75601419029348,112.23994124542521
S11,2026-09-20,7,71.5,2026-09-13,85.0884945222813,85.04467619350055,84.86517570868111,82.141987992198,85.56584412927647,81.3064957035433,83.0858357061122
S12,2026-09-20,7,131.0,2026-09-13,127.24035638692426,126.49646558137393,124.48481899218046,123.22512799640403,125.11063868788138,113.59644826277481,119.04063362747763
S13,2026-09-20,7,121.2,2026-09-13,116.10725179875092,116.30292252050984,116.32170782066842,114.37547323206464,119.18485415818262,108.51611551471517,112.41891166769179
S14,2026-09-20,7,74.8,2026-09-13,96.55058428362496,95.34281185682866,92.90824648563127,90.22272585255085,94.62794533292382,89.88054979533148,91.39439814048137
S15,2026-09-20,7,107.9,2026-09-13,91.84433714449419,92.86486221146973,90.76349189232897,87.86349018024998,89.58754343565127,86.2744407685848,88.51896633045689
S01,2026-09-21,8,97.3,2026-09-13,92.29666905415722,93.28136162843766,95.11006267652805,93.80329045976723,100.79547395377479,91.76076790378542,93.43541529015673
S02,2026-09-21,8,123.9,2026-09-13,120.78010089072677,121.25456034967397,120.36361379288152,119.42577443444338,122.36916310773306,111.50759553338207,115.9356046631318
S03,2026-09-21,8,99.4,2026-09-13,113.74120753357265,114.86565104516067,116.86989045574178,115.56504658266675,122.48770853290391,109.72791712252757,113.29890378913467
S04,2026-09-21,8,96.3,2026-09-13,100.95564772985891,101.15015033760022,101.5325225934247,100.53148611248795,101.5726592210316,95.90383028679014,98.71817644010741
S05,2026-09-21,8,90.3,2026-09-13,88.2097651639129,86.75770707004617,84.83167191985571,83.05599869340476,86.74434650157227,78.40091452239804,81.61629322112688
S06,2026-09-21,8,150.9,2026-09-13,88.86248698729992,88.66929143483956,89.06707251694112,87.16078659683299,94.18194358725366,85.62388498089898,87.34547874892004
S07,2026-09-21,8,74.0,2026-09-13,77.79509707416584,79.66440798695119,81.82621646762561,79.58894710130926,83.95464655546068,73.65067810097975,77.73844728430268
S08,2026-09-21,8,93.1,2026-09-13,113.37324202961133,114.2033649489959,114.48402588656474,113.99127096941126,117.2267330761445,115.690592989568,115.08730943806637
S09,2026-09-21,8,105.2,2026-09-13,103.41929590905745,104.24744792891946,103.84224507391315,102.77161327838766,106.57015687241673,99.60103510080819,101.72164008736067
S10,2026-09-21,8,100.8,2026-09-13,107.12142048924642,108.55170742093013,109.71960705148162,108.8466410186046,113.36324498055517,106.48593098329641,108.10276901738902
S11,2026-09-21,8,59.6,2026-09-13,80.09727296170881,80.03965698674305,79.86091445960577,78.05100339563954,82.80624649654382,75.6808434181551,77.77087893888043
S12,2026-09-21,8,99.9,2026-09-13,122.24913482635179,121.49144637461643,119.48055774310514,119.13414339984557,120.32554435721772,110.89393451164352,115.18724612737432
S13,2026-09-21,8,112.5,2026-09-13,111.11603023817845,111.29790331375234,111.3174465715931,110.28448863550618,112.84590931513372,105.11240954535795,108.21492805847552
S14,2026-09-21,8,72.8,2026-09-13,91.55936272305249,90.33779265007117,87.90398523655594,86.1317412559924,90.07111968439746,83.14471860649722,85.52435192152657
S15,2026-09-21,8,83.5,2026-09-13,86.8531155839217,87.85984300471223,85.75923064325364,83.77250558369153,86.64137869761083,80.74830359877548,83.25376712101456
S01,2026-09-22,9,96.7,2026-09-13,91.16344174282366,92.12620065695424,93.9659031175932,93.58622172236578,100.16345640814347,93.5468063444559,93.75635473102454
S02,2026-09-22,9,144.4,2026-09-13,119.6468735793932,120.09939937819053,119.21945423394668,119.20870569704195,120.90009206257366,112.13533839005424,115.67739631200047
S03,2026-09-22,9,116.7,2026-09-13,112.60798022223908,113.71049007367725,115.72573089680694,115.34797784526532,119.46185520610959,110.70193622743062,113.21383356211878
S04,2026-09-22,9,102.3,2026-09-13,99.82242041852535,99.9949893661168,100.38836303448984,100.31441737508652,100.20811024389783,96.72158899361575,98.5549760140528
S05,2026-09-22,9,96.9,2026-09-13,87.07653785257934,85.60254609856274,83.68751236092086,82.83892995600331,84.8192372500049,79.01598976377157,81.35175106234621
S06,2026-09-22,9,80.0,2026-09-13,87.72925967596636,87.51413046335614,87.92291295800628,86.94371785943156,90.53925635423892,87.3115087913143,87.61721087466029
S07,2026-09-22,9,74.9,2026-09-13,76.66186976283228,78.50924701546776,80.68205690869075,79.37187836390781,81.546575185157,75.34027847640712,78.01116769254894
S08,2026-09-22,9,119.1,2026-09-13,112.24001471827776,113.04820397751247,113.33986632762989,113.77420223200981,113.72649808477125,117.09338351909564,115.21662492336276
S09,2026-09-22,9,120.9,2026-09-13,102.28606859772388,103.09228695743603,102.69808551497829,102.55454454098623,104.93443860680765,100.73477885543298,101.71643218520563
S10,2026-09-22,9,89.8,2026-09-13,105.98819317791285,107.3965464494467,108.57544749254677,108.62957228120317,112.35660541180658,107.662901617875,108.11917455521089
S11,2026-09-22,9,59.1,2026-09-13,78.96404565037525,78.88449601525963,78.71675490067092,77.83393465823809,81.2218042528607,77.47552462318345,78.09613976192719
S12,2026-09-22,9,231.6,2026-09-13,121.11590751501822,120.336285403133,118.33639818417028,118.91707466244412,119.86867388034518,112.3906052636821,115.36350172392619
S13,2026-09-22,9,117.1,2026-09-13,109.98280292684488,110.14274234226892,110.17328701265825,110.06741989810475,110.37978115140997,106.21542529518335,108.19435615392081
S14,2026-09-22,9,100.0,2026-09-13,90.42613541171892,89.18263167858774,86.7598256776211,85.91467251859095,87.2162064283687,83.74735537288271,85.2535905252519
S15,2026-09-22,9,67.4,2026-09-13,85.71988827258815,86.7046820332288,84.6150710843188,83.55543684629008,85.17938813005375,81.14417040475611,82.87962074453745
S01,2026-09-23,10,91.8,2026-09-13,99.35447701258977,100.3347411675174,102.21358579387251,102.15979435809902,98.85385417279484,100.04506582428158,101.12932580907705
S02,2026-09-23,10,118.0,2026-09-13,127.8379088491593,128.30793988875368,127.467136910226,127.78227833277519,125.92838667540282,119.43637468829472,123.45175579926035
S03,2026-09-23,10,136.9,2026-09-13,120.7990154920052,121.9190305842404,123.97341357308626,123.92155048099856,124.91902959687354,117.5838757785421,120.77864467581418
S04,2026-09-23,10,106.7,2026-09-13,108.01345568829146,108.20352987667994,108.63604571076917,108.88799001081976,103.00679229366611,105.66968625129641,107.15286598103279
S05,2026-09-23,10,93.4,2026-09-13,95.26757312234545,93.81108660912588,91.93519503720019,91.41250259173655,89.81468026335891,87.31350808274696,89.62435155997358
S06,2026-09-23,10,95.1,2026-09-13,95.92029494573246,95.72267097391929,96.1705956342856,95.5172904951648,95.38877218183501,94.2332643249242,95.2019299796049
S07,2026-09-23,10,81.4,2026-09-13,84.85290503259839,86.7177875260309,88.9297395849701,87.94545099964105,87.6188860404301,81.93475953771892,85.4322495613445
S08,2026-09-23,10,127.1,2026-09-13,120.43104998804387,121.25674448807561,121.58754900390922,122.34777486774306,116.93455355415038,124.51342399701352,123.05048650046137
S09,2026-09-23,10,102.4,2026-09-13,110.47710386748999,111.30082746799917,110.94576819125761,111.12811717671947,108.67220378394563,108.75777272433012,109.85177045779386
S10,2026-09-23,10,124.9,2026-09-13,114.17922844767897,115.60508696000984,116.8231301688261,117.20314491693641,115.17140196177057,114.92282386372581,115.87297701627595
S11,2026-09-23,10,95.0,2026-09-13,87.15508092014136,87.09303652582277,86.96443757695025,86.40750729397135,84.50696073153779,85.86936829705122,86.41690293700074
S12,2026-09-23,10,132.0,2026-09-13,129.30694278478433,128.54482591369614,126.5840808604496,127.49064729817738,124.62808594669411,119.07292304722915,122.82850195383938
S13,2026-09-23,10,250.5,2026-09-13,118.173838196611,118.35128285283206,118.42096968893757,118.64099253383799,116.59324116902812,113.62950901903955,116.02523935398855
S14,2026-09-23,10,161.7,2026-09-13,98.61717068148502,97.3911721891509,95.00750835390042,94.4882451543242,91.61856574520476,92.85529106870007,93.93139971130024
S15,2026-09-23,10,84.8,2026-09-13,93.91092354235425,94.91322254379196,92.86275376059811,92.12900948202332,89.37239382314011,90.16499753940984,91.51387565000397
S01,2026-09-21,1,97.3,2026-09-20,96.85659589575323,97.21658502643668,99.02525513499391,98.09892644422598,102.93236343757471,99.09095969200847,99.05810741350119
S02,2026-09-21,1,123.9,2026-09-20,120.41716898675777,120.39234047468747,119.85786308992023,118.91373857425901,120.77638466599325,118.2336613485808,119.04576221925052
S03,2026-09-21,1,99.4,2026-09-20,108.69651997338963,111.60893683096072,114.23820740293873,113.11825750402534,116.89044294154041,114.41752550567521,114.32786645430697
S04,2026-09-21,1,96.3,2026-09-20,104.78178903234333,102.89219670732881,101.2831165349182,100.86005095914999,103.19194372238299,98.38814982763797,99.83563318127808
S05,2026-09-21,1,90.3,2026-09-20,80.84303095736631,79.2881408116643,75.05918510602632,73.82486102313393,74.49683065250792,67.00172652863152,71.03045581732891
S06,2026-09-21,1,150.9,2026-09-20,85.563161145256,86.71724398721162,87.65756238442313,85.75314808206758,89.55967611025757,81.38491478840352,84.52123858641332
S07,2026-09-21,1,74.0,2026-09-20,83.95860551609259,84.40596834431084,88.56393620551914,87.04576693289917,94.61986725303242,81.08906616406287,84.826501184791
S08,2026-09-21,1,93.1,2026-09-20,110.00169504379308,109.7510285059757,108.56413167476649,108.49378295834109,109.54213940582704,107.15128449913995,107.85770808695321
S09,2026-09-21,1,105.2,2026-09-20,103.96865497069606,103.1776596584764,100.79594553532701,99.90832253977534,101.2309415491352,95.5593705296494,98.17765803248821
S10,2026-09-21,1,100.8,2026-09-20,112.65379132233288,112.35745867598759,112.03877436337407,111.26080663512747,113.51439418914725,110.04543038255184,111.04210237296296
S11,2026-09-21,1,59.6,2026-09-20,76.71257332268546,76.31064473310894,74.3622983897248,72.96605826598989,75.58899527880486,67.86145549136816,71.11187694054648
S12,2026-09-21,1,99.9,2026-09-20,124.74950130672813,124.8306483158147,124.58078323425539,124.43456234082478,126.86151649348335,117.65804173931055,121.11941248678298
S13,2026-09-21,1,112.5,2026-09-20,119.14107268729045,119.72530543717563,118.92765868003728,117.77518523138238,121.0162757035536,118.13979809423185,118.53372838713457
S14,2026-09-21,1,72.8,2026-09-20,87.87300454561621,86.44739294720182,84.69839530648258,83.14394495970798,86.62760401741654,80.34004143240026,82.51921836944142
S15,2026-09-21,1,83.5,2026-09-20,84.90625156162749,85.87583015200435,89.62523982243627,88.05535646961609,96.23312613629314,83.4255620599447,86.52540094119048
S01,2026-09-22,2,96.7,2026-09-20,96.07793693483039,96.41850575601602,98.23205827910797,98.14416741614787,99.3003621880488,101.54984317244502,99.89095072577649
S02,2026-09-22,2,144.4,2026-09-20,119.63851002583493,119.59426120426681,119.0646662340343,118.9589795461809,118.00247753790785,119.94612532944673,119.50539578174052
S03,2026-09-22,2,116.7,2026-09-20,107.91786101246679,110.81085756054003,113.44501054705279,113.16349847594722,112.76151160346399,117.01340680044854,115.22920867375066
S04,2026-09-22,2,102.3,2026-09-20,104.00313007142049,102.09411743690815,100.48991967903225,100.90529193107187,100.14988620470567,98.98942368913657,99.73967168408441
S05,2026-09-22,2,96.9,2026-09-20,80.06437199644347,78.49006154124363,74.26598825014038,73.87010199505582,70.44466610959287,67.22588570305481,70.74593697659759
S06,2026-09-22,2,80.0,2026-09-20,84.78450218433316,85.91916471679096,86.86436552853719,85.79838905398947,85.796823433103,82.58930023583059,84.72683288218388
S07,2026-09-22,2,74.9,2026-09-20,83.17994655516976,83.60788907389018,87.77073934963322,87.09100790482105,91.19055531665244,83.32459966912765,85.54766950938043
S08,2026-09-22,2,119.1,2026-09-20,109.22303608287025,108.95294923555502,107.77093481888056,108.53902393026297,105.88456402328657,110.10970634941376,108.94032058414716
S09,2026-09-22,2,120.9,2026-09-20,103.18999600977322,102.37958038805573,100.00274867944107,99.95356351169723,98.67244057120796,96.08537411098852,98.0440613952148
S10,2026-09-22,2,89.8,2026-09-20,111.87513236141004,111.55937940556693,111.24557750748814,111.30604760704935,110.7709552270227,111.97240636493184,111.60899193620999
S11,2026-09-22,2,59.1,2026-09-20,75.93391436176262,75.51256546268827,73.56910153383886,73.01129923791177,72.01885986395867,69.65057740276994,71.6098394683044
S12,2026-09-22,2,231.6,2026-09-20,123.9708423458053,124.03256904539404,123.78758637836945,124.47980331274667,124.01983441134009,120.34818372813972,122.06788505325459
S13,2026-09-22,2,117.1,2026-09-20,118.3624137263676,118.92722616675496,118.13446182415136,117.82042620330427,118.10676762268345,120.19952983122333,119.16699582768734
S14,2026-09-22,2,100.0,2026-09-20,87.09434558469337,85.64931367678116,83.90519845059666,83.18918593162986,83.08431265530032,79.5528727686788,81.72903560963772
S15,2026-09-22,2,67.4,2026-09-20,84.12759260070465,85.0777508815837,88.83204296655033,88.10059744153797,92.14576598606294,84.83882159197782,86.83543227926407
S01,2026-09-23,3,91.8,2026-09-20,104.3522552285597,104.7129429197138,106.55715287033543,106.76332016237059,108.39293674677916,109.39950210902211,107.97832748967878
S02,2026-09-23,3,118.0,2026-09-20,127.91282831956424,127.8886983679646,127.38976082526175,127.57813229240364,127.89051820408986,124.87894734831802,126.13435408678988
S03,2026-09-23,3,136.9,2026-09-20,116.1921793061961,119.10529472423782,121.77010513828024,121.78265122216996,121.24929171363,121.13368292795782,121.45189403311903
S04,2026-09-23,3,106.7,2026-09-20,112.27744836514981,110.38855460060593,108.81501427025971,109.5244446772946,109.9422604854656,106.13556350756768,107.4752888889137
S05,2026-09-23,3,93.4,2026-09-20,88.33869029017279,86.78449870494143,82.59108284136784,82.48925474127854,79.42615235233556,77.5524560879616,80.07176946466473
S06,2026-09-23,3,95.1,2026-09-20,93.05882047806247,94.21360188048874,95.18946011976465,94.4175418002122,94.95609683880664,92.15427052430674,93.6718653220357
S07,2026-09-23,3,81.4,2026-09-20,91.45426484889907,91.90232623758796,96.09583394086066,95.71016065104378,99.79141978183515,90.89162281063858,93.49372837574961
S08,2026-09-23,3,127.1,2026-09-20,117.49735437659956,117.24738639925282,116.096029410108,117.1581766764857,115.55770501992181,115.12050676222505,115.60826808616653
S09,2026-09-23,3,102.4,2026-09-20,111.46431430350255,110.67401755175352,108.32784327066852,108.57271625791996,107.67063008975178,102.27302925430327,105.3004362624859
S10,2026-09-23,3,124.9,2026-09-20,120.14945065513935,119.85381656926471,119.57067209871559,119.92520035327207,120.14787432968883,118.08696092510966,118.82881651191263
S11,2026-09-23,3,95.0,2026-09-20,84.20823265549194,83.80700262638607,81.89419612506632,81.6304519841345,80.79645924588844,79.39064791715795,80.64242202111214
S12,2026-09-23,3,132.0,2026-09-20,132.24516063953462,132.32700620909182,132.1126809695969,133.0989560589694,134.1858454728752,125.1339649858529,128.6233229777249
S13,2026-09-23,3,250.5,2026-09-20,126.63673202009691,127.22166333045276,126.4595564153788,126.439578949527,127.17702349782765,126.30267566657322,126.38111604097601
S14,2026-09-23,3,161.7,2026-09-20,95.36866387842268,93.94375084047894,92.2302930418241,91.80833867785259,93.06769005484362,89.9073961754157,91.0688446086199
S15,2026-09-23,3,84.8,2026-09-20,92.40191089443395,93.37218804528148,97.15713755777779,96.71975018776071,99.67123391309347,93.79277829421319,95.47495792599548
S01,2026-09-24,4,109.5,2026-09-20,109.69308056808553,110.0726120111479,111.9063006885613,111.23041053913835,111.07917727183217,112.48372546964137,112.19501307910133
S02,2026-09-24,4,141.4,2026-09-20,133.25365365909008,133.2483674593987,132.73890864348763,132.04522266917138,129.417712598015,129.32991764275013,131.03441314311888
S03,2026-09-24,4,118.5,2026-09-20,121.53300464572192,124.46496381567192,127.11925295650612,126.24974159893772,121.31431322763123,125.52528373548635,126.32226834599624
S04,2026-09-24,4,103.9,2026-09-20,117.61827370467563,115.74822369204003,114.16416208848558,113.99153505406235,112.72578744647626,109.27389646122839,111.71902927485698
S05,2026-09-24,4,111.4,2026-09-20,93.67951562969861,92.14416779637551,87.94023065959371,86.9563451180463,82.14456931962853,80.12322514127901,84.03172790043635
S06,2026-09-24,4,96.5,2026-09-20,98.39964581758831,99.57327097192284,100.53860793799052,98.88463217697995,97.53946499847743,94.00980425631408,97.2742060971523
S07,2026-09-24,4,95.3,2026-09-20,96.7950901884249,97.26199532902206,101.44498175908655,100.17725102781154,102.1657257214909,93.65898005226882,97.55198090567768
S08,2026-09-24,4,122.3,2026-09-20,122.83817971612538,122.60705549068692,121.44517722833389,121.62526705325345,117.1915616872803,119.83558766080345,120.64038244456867
S09,2026-09-24,4,128.7,2026-09-20,116.80513964302837,116.03368664318762,113.6769910888944,113.03980663468772,108.79982078206942,106.85380432387231,110.26539770638335
S10,2026-09-24,4,92.7,2026-09-20,125.49027599466518,125.21348566069881,124.91981991694146,124.39229073003983,121.14085719401001,122.15809923868372,123.53895957781259
S11,2026-09-24,4,63.4,2026-09-20,89.54905799501776,89.16667171782015,87.24334394329219,86.09754236090225,83.8442595241459,82.51600240778083,84.87967317553651
S12,2026-09-24,4,127.4,2026-09-20,137.58598597906044,137.6866753005259,137.46182878782278,137.56604643573715,134.8146276317599,129.50227651554246,133.48205265168264
S13,2026-09-24,4,136.9,2026-09-20,131.97755735962275,132.58133242188686,131.8087042336047,130.90666932629475,128.8730645807068,129.3054030489091,130.5570536412569
S14,2026-09-24,4,74.3,2026-09-20,100.70948921794852,99.30341993191304,97.57944086004998,96.27542905462035,93.56773481224923,91.25878099522708,94.41911092763854
S15,2026-09-24,4,94.5,2026-09-20,97.74273623395979,98.73185713671558,102.50628537600366,101.18684056452845,101.8222438796189,96.3242581736202,99.41527177481193
S01,2026-09-25,5,192.0,2026-09-20,114.71916860434708,115.11874370476055,116.94708137792438,115.52111963914645,116.369779406578,115.62113487901237,116.28410812846838
S02,2026-09-25,5,121.8,2026-09-20,138.27974169535162,138.29449915301134,137.77968933285072,136.3359317691795,135.32780343033514,139.84747589062448,138.81358261173762
S03,2026-09-25,5,114.8,2026-09-20,126.55909268198347,129.51109550928456,132.1600336458692,130.54045069894582,127.07508002794835,130.71825628935306,131.43914496761113
S04,2026-09-25,5,124.2,2026-09-20,122.64436174093719,120.79435538565266,119.20494277784867,118.28224415407045,117.17256226598167,114.35828658478256,116.78161468131562
S05,2026-09-25,5,94.0,2026-09-20,98.70560366596015,97.19029948998818,92.9810113489568,91.2470542180544,88.34481145745575,82.87730620310941,87.9291587760331
S06,2026-09-25,5,63.2,2026-09-20,103.42573385384985,104.61940266553549,105.57938862735361,103.17534127698805,104.01659626873888,99.72428266389801,102.65183564562581
S07,2026-09-25,5,110.9,2026-09-20,101.82117822468645,102.30812702263471,106.48576244844962,104.46796012781964,109.64982115191529,97.70300946011355,102.09438595428159
S08,2026-09-25,5,146.3,2026-09-20,127.86426775238694,127.65318718429957,126.48595791769696,125.91597615326155,121.79426049091563,128.5156369122603,127.50079741497863
S09,2026-09-25,5,124.2,2026-09-20,121.83122767928992,121.07981833680026,118.71777177825747,117.33051573469581,116.61559295620744,112.96661741172943,115.84219459499346
S10,2026-09-25,5,116.7,2026-09-20,130.51636403092672,130.25961735431144,129.96060060630455,128.68299983004792,127.9620240375038,129.04532051367275,129.50296055998865
S11,2026-09-25,5,96.1,2026-09-20,94.57514603127932,94.21280341143282,92.28412463265528,90.38825146091035,90.55341502940105,85.24425308392576,88.76418885829051
S12,2026-09-25,5,125.0,2026-09-20,142.61207401532198,142.73280699413857,142.50260947718587,141.85675553574524,141.32727540994014,139.25525252668368,140.87893100193477
S13,2026-09-25,5,110.8,2026-09-20,137.0036453958843,137.6274641154995,136.84948492296775,135.19737842630286,135.27584837788496,136.84502630196295,136.84725561246535
S14,2026-09-25,5,101.6,2026-09-20,105.73557725421006,104.34955162552569,102.62022154941306,100.56613815462845,101.0078439745436,97.89332006164003,100.25677080552654
S15,2026-09-25,5,99.8,2026-09-20,102.76882427022133,103.77798883032823,107.54706606536675,105.47754966453655,111.47834838758202,101.41952107521868,104.48329357029272
S01,2026-09-26,6,96.5,2026-09-20,110.74891688975657,111.14777471753484,112.96247245124155,111.55972025357215,112.11660969872875,112.88065447113853,112.92156346119003
S02,2026-09-26,6,155.8,2026-09-20,134.30948998076113,134.32353016578566,133.7950804061679,132.37453238360519,133.649337865188,126.33905581407345,130.06706811012066
S03,2026-09-26,6,121.4,2026-09-20,122.58884096739297,125.54012652205888,128.17542471918637,126.57905131337152,124.42488732641485,121.95379689531364,125.06461080725
S04,2026-09-26,6,111.7,2026-09-20,118.67411002634668,116.82338639842698,115.22033385116585,114.32084476849616,114.84381405026576,108.17365647162468,111.69699516139526
S05,2026-09-26,6,87.5,2026-09-20,94.73535195136965,93.21933050276247,88.99640242227397,87.2856548324801,83.63306961045856,82.20937332978565,85.60288787602981
S06,2026-09-26,6,98.10816326530612,2026-09-20,99.45548213925935,100.6484336783098,101.59477970067078,99.21394189141375,100.40420405747071,96.86252443644538,99.22865206855809
S07,2026-09-26,6,86.0,2026-09-20,97.85092651009595,98.337158035409,102.5011535217668,100.50656074224534,103.94685486213834,94.78992990537319,98.64554171357
S08,2026-09-26,6,129.9,2026-09-20,123.89401603779643,123.68221819707388,122.50134899101414,121.95457676768726,119.38500134907864,118.6079840613329,120.55466652617352
S09,2026-09-26,6,105.0,2026-09-20,117.8609759646994,117.10884934957457,114.73316285157465,113.36911634912153,112.93426917815685,106.06211950354061,110.39764117755763
S10,2026-09-26,6,109.4,2026-09-20,126.54611231633622,126.28864836708576,125.97599167962173,124.72160044447364,123.85490946080489,120.60433578093763,123.29016373027969
S11,2026-09-26,6,97.5,2026-09-20,90.6048943166888,90.24183442420711,88.29951570597245,86.42685207533606,85.74571393838788,84.24862167110292,86.27406868853768
S12,2026-09-26,6,142.3,2026-09-20,138.6418223007315,138.76183800691288,138.51800055050305,137.89535615017095,136.97286942080854,126.76736215052394,132.6426813505135
S13,2026-09-26,6,134.9,2026-09-20,133.03339368129377,133.6564951282738,132.86487599628492,131.23597904072855,131.9425006785459,125.82105301347228,129.3429645048786
S14,2026-09-26,6,93.7,2026-09-20,101.76532553961955,100.3785826383,98.63561262273024,96.60473876905415,97.40385779916332,95.4313681039813,97.03349036335577
S15,2026-09-26,6,82.7,2026-09-20,98.79857255563083,99.80701984310252,103.56245713868392,101.51615027896227,104.86743813755908,98.17240228371905,100.86742971120148
S01,2026-09-27,7,111.2,2026-09-20,105.25400247637789,105.63513936832882,107.43934230459017,105.6857975506822,107.95178333803192,108.09336381223804,107.7663530584141
S02,2026-09-27,7,141.6,2026-09-20,128.81457556738243,128.81089481657963,128.2719502595165,126.50060968071523,128.75183483487257,122.32155694531387,125.29675360241518
S03,2026-09-27,7,117.47551020408164,2026-09-20,117.09392655401429,120.02749117285285,122.65229457253498,120.70512861048155,127.11065780178201,118.23015923746142,120.4412269049982
S04,2026-09-27,7,138.2,2026-09-20,113.179195612968,111.31075104922095,109.69720370451445,108.4469220656062,111.4491934246819,103.27564097483494,106.4864223396747
S05,2026-09-27,7,86.2,2026-09-20,89.24043753799097,87.70669515355645,83.47327227562258,81.41173212959015,80.45952607302561,74.39798348580703,78.9356278807148
S06,2026-09-27,7,94.2,2026-09-20,93.96056772588067,95.13579832910378,96.07164955401939,93.3400191885238,96.35810626016443,89.82310786340227,92.94737870871083
S07,2026-09-27,7,53.7,2026-09-20,92.35601209671727,92.82452268620298,96.97802337511541,94.63263803935538,100.2361681813876,89.1105701887077,93.04429678191156
S08,2026-09-27,7,114.7,2026-09-20,118.39910162441775,118.16958284786784,116.97821884436274,116.0806540647973,118.18994097090085,112.18353472212281,114.58087678324279
S09,2026-09-27,7,102.5,2026-09-20,112.36606155132073,111.59621400036855,109.21003270492326,107.49519364623157,106.983030727927,101.36726324088058,105.28864797290191
S10,2026-09-27,7,129.9,2026-09-20,121.05119790295754,120.77601301787973,120.45286153297033,118.84767774158368,120.92540898552143,115.80208860894525,118.12747507095779
S11,2026-09-27,7,76.3,2026-09-20,85.10997990331012,84.72919907500109,82.77638555932106,80.5529293724461,80.58463426748395,76.64010436661103,79.70824496296603
S12,2026-09-27,7,136.0,2026-09-20,133.1469078873528,133.24920265770686,132.99487040385165,132.021433447281,135.65498607612108,123.38302893330967,128.18894966858068
S13,2026-09-27,7,120.8,2026-09-20,127.53847926791511,128.14385977906778,127.34174584963354,125.3620563378386,128.4734997396398,121.77223396000547,124.5569899048195
S14,2026-09-27,7,84.0,2026-09-20,96.27041112624087,94.86594728909397,93.11248247607884,90.7308160661642,94.69246765142412,87.58284544688969,90.34766396148427
S15,2026-09-27,7,100.8,2026-09-20,93.30365814225215,94.2943844938965,98.03932699203253,95.6422275760723,99.46665452530172,92.72898048722689,95.38415373962971
S01,2026-09-28,8,110.8,2026-09-20,100.08629078642942,100.48545699878717,102.28887712755865,101.36592205487031,107.07502657118432,100.4292978898449,101.35908750870178
S02,2026-09-28,8,118.1,2026-09-20,123.64686387743396,123.66121244703797,123.12148508248498,122.18073418490334,127.89755050658317,120.11173566656248,121.61661037452373
S03,2026-09-28,8,125.9,2026-09-20,111.9262148640658,114.8778088033112,117.50182939550346,116.38525311466967,117.15310240488031,116.3729344121231,116.93738190381328
S04,2026-09-28,8,117.3,2026-09-20,108.01148392301951,106.1610686796793,104.54673852748293,104.12704656979432,109.93115776536523,100.85245377053445,102.6995961490087
S05,2026-09-28,8,71.5,2026-09-20,84.0727258480425,82.5570127840148,78.32280709859106,77.09185663377826,79.03931832450813,68.8103521900461,73.56657964431858
S06,2026-09-28,8,68.6,2026-09-20,88.79285603593218,89.98611595956211,90.92118437698787,89.02014369271191,94.9102301335357,82.98808217388729,86.95463327543757
S07,2026-09-28,8,89.7,2026-09-20,87.18830040676878,87.67484031666133,91.82755819808389,90.3127625435435,99.64549975793265,83.51097913679251,87.6692686674382
S08,2026-09-28,8,101.3,2026-09-20,113.23138993446926,113.01990047832619,111.82775366733122,111.76077856898542,112.54455860696997,109.61507973588235,110.72141670160678
S09,2026-09-28,8,106.4,2026-09-20,107.19834986137225,106.4465316308269,104.05956752789174,103.17531815041967,106.34394523794437,98.20088116921312,101.13022434855243
S10,2026-09-28,8,121.4,2026-09-20,115.88348621300905,115.62633064833808,115.30239635593881,114.5278022457718,118.44043348132445,112.46839048950433,113.88539342272156
S11,2026-09-28,8,96.3,2026-09-20,79.94226821336164,79.57951670545944,77.62592038228954,76.23305387663422,81.2691117992095,69.2789229818701,73.45242168207982
S12,2026-09-28,8,115.0,2026-09-20,127.97919619740432,128.0995202881652,127.84440522682013,127.70155795146911,131.00238427380054,120.68849736278035,124.26645129480025
S13,2026-09-28,8,123.2,2026-09-20,122.37076757796663,122.99417740952613,122.19128067260202,121.04218084202671,127.42506559408635,119.53090447488728,120.86109257374466
S14,2026-09-28,8,76.3,2026-09-20,91.10269943629238,89.71626491955232,87.96201729904732,86.41094057035231,91.16204734213419,82.93398341369979,85.44800035637356
S15,2026-09-28,8,170.2,2026-09-20,88.13594645230367,89.14470212435485,92.88886181500101,91.32235208026042,99.89729254672682,86.29482037771625,89.59184109635862
S01,2026-09-29,9,88.0,2026-09-20,99.30763182550658,99.68737772836651,101.49568027167271,101.4111630267922,102.46924306326385,102.68239912777415,102.08903969972343
S02,2026-09-29,9,105.2,2026-09-20,122.86820491651112,122.86313317661731,122.32828822659904,122.22597515682523,124.19143575248329,122.17312379310455,122.2507060098518
S03,2026-09-29,9,112.9,2026-09-20,111.14755590314297,114.07972953289054,116.70863253961753,116.43049408659155,115.57803349296093,119.22829924874526,117.96846589418139
S04,2026-09-29,9,103.91836734693877,2026-09-20,107.23282496209667,105.36298940925865,103.75354167159699,104.1722875417162,106.55446910677843,102.01379605038255,102.88366886098977
S05,2026-09-29,9,79.0,2026-09-20,83.29406688711966,81.75893351359413,77.52961024270512,77.13709760570015,74.81417288455641,69.02322656957006,73.2764184061376
S06,2026-09-29,9,77.8,2026-09-20,88.01419707500935,89.18803668914146,90.12798752110193,89.0653846646338,91.15242723613224,84.62993893168628,87.3789632263941
S07,2026-09-29,9,82.0,2026-09-20,86.40964144584595,86.87676104624067,91.03436134219795,90.35800351546538,97.59297092136615,86.34250500532733,88.68843317376263
S08,2026-09-29,9,124.8,2026-09-20,112.45273097354644,112.22182120790553,111.0345568114453,111.8060195409073,108.87514593694932,112.75389628834377,111.89422654989454
S09,2026-09-29,9,98.0,2026-09-20,106.41969090044941,105.64845236040622,103.2663706720058,103.22055912234156,104.59363029639124,99.2508519078692,101.2586112899375
S10,2026-09-29,9,100.9,2026-09-20,115.10482725208622,114.82825137791741,114.50919950005287,114.57304321769368,116.43517950571277,114.76067567085819,114.63493758545553
S11,2026-09-29,9,67.4,2026-09-20,79.1636092524388,78.78143743503877,76.8327235264036,76.2782948485561,77.46385419380765,70.99364499715932,73.91318426178145
S12,2026-09-29,9,129.8,2026-09-20,127.20053723648148,127.30144101774454,127.0512083709342,127.746798923391,129.64100299188755,123.72756349728566,125.38938593410992
S13,2026-09-29,9,121.4,2026-09-20,121.59210861704379,122.19609813910546,121.3980838167161,121.0874218139486,124.17803417030503,121.7995024220321,121.59879311937411
S14,2026-09-29,9,108.3,2026-09-20,90.32404047536956,88.91818564913166,87.1688204431614,86.4561815422742,87.58312645549508,82.58964171145838,84.8792310773099
S15,2026-09-29,9,74.0,2026-09-20,87.35728749138083,88.34662285393418,92.09566495911507,91.3675930521823,98.74675928647781,88.20554641629082,90.15060568770295
S01,2026-09-30,10,90.2,2026-09-20,107.58195011923588,107.98181489206429,109.82077486290017,110.03031577301492,105.41036485476631,110.84291053647777,110.33184269968896
S02,2026-09-30,10,148.8,2026-09-20,131.14252321024043,131.1575703403151,130.6533828178265,130.84512790304797,128.38914665015866,127.24089206378292,128.9471374408047
S03,2026-09-30,10,206.5,2026-09-20,119.42187419687228,122.37416669658832,125.03372713084498,125.04964683281429,121.1455138944947,123.25926840580709,124.14649776832604
S04,2026-09-30,10,122.0,2026-09-20,115.507143255826,113.65742657295642,112.07863626282445,112.79144028793894,111.18669917315033,109.11024989110363,110.59444307696404
S05,2026-09-30,10,93.0,2026-09-20,91.56838518084896,90.05337067729192,85.85470483393257,85.75625035192289,77.62775710391735,79.21896965753912,82.53683724573585
S06,2026-09-30,10,92.1,2026-09-20,96.28851536873866,97.48247385283923,98.45308211232938,97.68453741085654,94.93130770741004,93.92187102336592,96.18747656784765
S07,2026-09-30,10,94.1,2026-09-20,94.68395973957526,95.17119820993845,99.35945593342541,98.97715626168811,99.9058141116122,93.84512380378727,96.60228986860633
S08,2026-09-30,10,134.5,2026-09-20,120.72704926727575,120.51625837160331,119.35965140267274,120.42517228713002,114.31162649172884,118.03309984509306,118.6963756238829
S09,2026-09-30,10,128.6,2026-09-20,114.69400919417873,113.94288952410402,111.59146526323326,111.8397118685643,108.17862837879083,105.57345330299103,108.58245928311214
S10,2026-09-30,10,106.1,2026-09-20,123.37914554581553,123.1226885416152,122.83429409128033,123.1921959639164,119.8720054888438,121.0101764828431,121.92223528706171
S11,2026-09-30,10,92.5,2026-09-20,87.43792754616811,87.07587459873656,85.15781811763105,84.89744759477882,80.7963700310784,80.87262894205264,83.01522352984185
S12,2026-09-30,10,143.4,2026-09-20,135.4748555302108,135.59587818144232,135.37630296216165,136.36595166961374,133.24400630177803,128.47891855808095,131.9276107601213
S13,2026-09-30,10,123.1,2026-09-20,129.8664269107731,130.49053530280324,129.72317840794355,129.70657456017133,128.28443046466188,127.8502743626105,128.78672638527703
S14,2026-09-30,10,119.1,2026-09-20,98.59835876909887,97.21262281282944,95.49391503438883,95.07533428849692,92.29023889681838,92.81333782125756,94.1536264278232
S15,2026-09-30,10,115.4,2026-09-20,95.63160578511014,96.64106001763197,100.42075955034252,99.98674579840504,99.84629414334661,97.11226521462171,98.76651238248212
S01,2026-09-28,1,110.8,2026-09-27,94.62073013616478,94.43281930145315,92.90904919207809,92.30219117530864,93.43808766484376,90.24626326351407,91.57765622779607
S02,2026-09-28,1,118.1,2026-09-27,126.48333133067646,126.59832117308692,132.02425456541374,131.23529138312773,139.53702500218833,129.81167254030174,130.91796355285774
S03,2026-09-28,1,125.9,2026-09-27,116.24031524350251,115.81827082656156,115.10525925265691,114.40383330039049,120.28200288136296,113.6562930687092,114.38077616068306
S04,2026-09-28,1,117.3,2026-09-27,107.19873984087,106.16094953011442,105.00160019621055,104.49464125930065,107.57377633135184,103.14595936608198,104.07377978114627
S05,2026-09-28,1,71.5,2026-09-27,90.5839013483768,91.0141019191678,91.50964522058128,90.12004409881084,93.0684493913816,88.17908006384731,89.84436264221429
S06,2026-09-28,1,68.6,2026-09-27,86.16276868391773,87.71201433078747,88.94936075583658,87.53078518677637,92.766157761643,83.85653259541911,86.40294667562785
S07,2026-09-28,1,89.7,2026-09-27,80.60578485664982,81.53061680972382,81.0439318953264,79.72733000305455,83.97902039876836,76.91435989076894,78.97914589304767
S08,2026-09-28,1,101.3,2026-09-27,117.06605122910922,116.37568171461132,116.7879545537849,116.66927814409476,121.50589156060367,118.11638731841401,117.45217093609946
S09,2026-09-28,1,106.4,2026-09-27,108.7387842991323,106.75887011500309,104.02976654794736,103.29863208648713,105.63217978583214,101.8799407711715,102.95485365955943
S10,2026-09-28,1,121.4,2026-09-27,108.41394582983324,108.90217736930865,109.49591878959707,108.80363074498122,112.26847294734466,109.05029047372538,109.27310463166123
S11,2026-09-28,1,96.3,2026-09-27,76.03420097066052,75.49645465766042,75.7884726074995,74.86022280793868,79.1354494074917,72.67991397278921,74.23419329014436
S12,2026-09-28,1,115.0,2026-09-27,121.28243700450795,122.87114214311623,123.7280085360901,123.714051376355,127.84177045043073,119.80893123043344,121.76846988326177
S13,2026-09-28,1,123.2,2026-09-27,114.57675720612175,115.1451941269678,114.63826452139244,114.02427790582985,117.87398769802846,113.69861115294822,114.16843783717033
S14,2026-09-28,1,76.3,2026-09-27,86.24290087025514,86.89511006569215,88.94504067871102,88.13569588435013,92.87098540758312,82.93383692866561,85.93943880368832
S15,2026-09-28,1,170.2,2026-09-27,88.65869828091188,88.67564799462056,86.3931973777067,85.04627347434646,88.01913381727961,82.24496590567958,84.31908164169315
S01,2026-09-29,2,88.0,2026-09-27,94.83078705364191,94.62323655340178,93.10881952124078,93.04617055282331,93.08693347376638,92.69523662523797,92.90202807323936
S02,2026-09-29,2,105.2,2026-09-27,126.6933882481536,126.78873842503555,132.22402489457644,131.9792707606424,137.22300724727083,136.86296240918435,134.5434936518804
S03,2026-09-29,2,112.9,2026-09-27,116.45037216097964,116.00868807851019,115.3050295818196,115.14781267790516,117.3364286547234,117.86621778589648,116.58562368385805
S04,2026-09-29,2,103.91836734693877,2026-09-27,107.40879675834714,106.35136678206305,105.20137052537324,105.23862063681533,106.11142009105988,104.93676521402885,105.06906786970104
S05,2026-09-29,2,79.0,2026-09-27,90.79395826585393,91.20451917111643,91.70941554974397,90.8640234763255,91.96855995867794,88.94838697947397,90.32890126460896
S06,2026-09-29,2,77.8,2026-09-27,86.37282560139487,87.9024315827361,89.14913108499927,88.27476456429103,91.05952191654602,86.12260808475405,87.63586958487666
S07,2026-09-29,2,82.0,2026-09-27,80.81584177412695,81.72103406167246,81.24370222448908,80.47130938056922,81.46897508711824,77.90618502641617,79.57494362545262
S08,2026-09-29,2,124.8,2026-09-27,117.27610814658635,116.56609896655995,116.98772488294757,117.41325752160944,118.89006343274686,126.08024923379638,121.53398705837198
S09,2026-09-29,2,98.0,2026-09-27,108.94884121660944,106.94928736695172,104.22953687711005,104.0426114640018,104.25526372193528,104.1364463418,104.18299160945503
S10,2026-09-29,2,100.9,2026-09-27,108.62400274731037,109.09259462125728,109.69568911875976,109.5476101224959,110.16736001558068,111.08894368496645,110.3923164018631
S11,2026-09-29,2,67.4,2026-09-27,76.24425788813765,75.68687190960905,75.98824293666219,75.60420218545336,76.65954497649327,73.18958804317778,74.58891548991998
S12,2026-09-29,2,129.8,2026-09-27,121.49249392198509,123.06155939506486,123.9277788652528,124.45803075386968,124.11173875325296,127.51531250870605,125.72154568697943
S13,2026-09-29,2,121.4,2026-09-27,114.7868141235989,115.33561137891643,114.83803485055513,114.76825728334451,114.14519448735516,121.34881337593944,118.0934241132473
S14,2026-09-29,2,108.3,2026-09-27,86.45295778773229,87.08552731764078,89.14481100787371,88.87967526186479,89.85439595397057,84.82515237158935,86.98498168973154
S15,2026-09-29,2,74.0,2026-09-27,88.86875519838901,88.86606524656919,86.59296770686939,85.79025285186114,86.53263335933836,82.31020677872802,84.4515872427987
S01,2026-09-30,3,90.2,2026-09-27,103.43663645289962,103.24730152286854,101.76447992829891,101.73252060811996,99.09808147212509,99.05247993123902,100.40847992976896
S02,2026-09-30,3,148.8,2026-09-27,135.2992376474113,135.4128033945023,140.87968530163457,140.66562081593906,142.6037848374395,137.62242161144192,139.25105345653824
S03,2026-09-30,3,206.5,2026-09-27,125.05622156023735,124.63275304797695,123.96068998887773,123.83416273320181,122.60062367566444,124.0617574124714,124.01122370067456
S04,2026-09-30,3,122.0,2026-09-27,116.01464615760484,114.97543175152981,113.85703093243137,113.92497069211197,111.43092897174806,113.44005843191111,113.64854468217123
S05,2026-09-30,3,93.0,2026-09-27,99.39980766511164,99.82858414058319,100.3650759568021,99.55037353162216,98.11745749752059,97.30437373174281,98.83472484427246
S06,2026-09-30,3,92.1,2026-09-27,94.97867500065257,96.52649655220286,97.8047914920574,96.96111461958769,98.73153986033886,92.32291541336406,95.06385345271073
S07,2026-09-30,3,94.1,2026-09-27,89.42169117338466,90.3450990311392,89.89936263154722,89.15765943586587,88.09713019324045,87.83068865531206,88.86502564342965
S08,2026-09-30,3,134.5,2026-09-27,125.88195754584406,125.1901639360267,125.64338529000571,126.09960757690608,124.45813343916258,128.21366586424568,126.9285255771257
S09,2026-09-30,3,128.6,2026-09-27,117.55469061586714,115.57335233641848,112.88519728416819,112.72896151929845,110.43662914628031,112.07394417042116,112.47957072729467
S10,2026-09-30,3,106.1,2026-09-27,117.22985214656808,117.71665959072403,118.3513495258179,118.23396017779255,115.41582588493267,118.6320972560148,118.49172339091635
S11,2026-09-30,3,92.5,2026-09-27,84.85010728739536,84.31093687907581,84.64390334372032,84.29055224075,82.39582388280255,83.10813039372178,83.87601686872105
S12,2026-09-30,3,143.4,2026-09-27,130.0983433212428,131.68562436453163,132.58343927231093,133.14438080916634,130.03095821377383,128.15327992711815,130.36835959971455
S13,2026-09-30,3,123.1,2026-09-27,123.39266352285661,123.95967634838318,123.49369525761327,123.45460733864117,117.7768702156566,122.02354084009794,122.7586180488556
S14,2026-09-30,3,119.1,2026-09-27,95.05880718699,95.70959228710754,97.80047141493185,97.56602531716145,95.11789555268,91.50423239865266,94.65235190679226
S15,2026-09-30,3,115.4,2026-09-27,97.47460459764673,97.49013021603595,95.24862811392752,94.47660290715778,92.34273388567497,92.41167938802921,93.83015375097837
S01,2026-10-01,4,115.7,2026-09-27,107.24910658930494,107.07625973886871,105.58564577497619,105.23655528772925,102.46161182835917,103.0333330852171,104.30948943009665
S02,2026-10-01,4,138.0,2026-09-27,139.11170778381663,139.2417616105025,144.70085114831187,144.16965549554834,147.5243690765632,140.78941727686617,142.74513421258902
S03,2026-10-01,4,138.7,2026-09-27,128.86869169664268,128.46171126397712,127.78185583555502,127.3381974128111,129.34282238181544,126.5475355946963,127.16469571512566
S04,2026-10-01,4,128.3,2026-09-27,119.82711629401017,118.80438996752999,117.67819677910865,117.42900537172126,116.31384359157276,115.52937585484392,116.60378631697628
S05,2026-10-01,4,101.3,2026-09-27,103.21227780151696,103.65754235658336,104.18624180347939,103.05440821123143,102.1251536593972,99.03462238476781,101.61043209412361
S06,2026-10-01,4,92.9,2026-09-27,98.7911451370579,100.35545476820305,101.6259573387347,100.46514929919697,100.64441183101879,94.84735405131421,98.23665569502445
S07,2026-10-01,4,76.0,2026-09-27,93.23416130978998,94.17405724713939,93.72052847822451,92.66169411547516,93.59354407003985,90.00585273662956,91.86319060742704
S08,2026-10-01,4,129.4,2026-09-27,129.69442768224937,129.01912215202688,129.464551136683,129.60364225651537,131.0793188984923,131.74146370019778,130.6030074184404
S09,2026-10-01,4,131.0326530612245,2026-09-27,121.36716075227247,119.40231055241867,116.70636313084547,116.23299619890773,114.81930200927715,113.51948769351685,115.11292541218117
S10,2026-10-01,4,121.7,2026-09-27,121.0423222829734,121.54561780672421,122.17251537249518,121.73799485740183,120.27585575539229,121.04522554716134,121.60887045982827
S11,2026-10-01,4,94.2,2026-09-27,88.66257742380068,88.13989509507599,88.46506919039761,87.7945869203593,88.15842221614774,84.55814211794453,86.51160565417106
S12,2026-10-01,4,134.2,2026-09-27,133.91081345764812,135.5145825805318,136.40460511898823,136.6484154887756,140.5756250444448,130.7008942935857,133.55274970628696
S13,2026-10-01,4,116.5,2026-09-27,127.20513365926193,127.78863456438337,127.31486110429056,126.95864201825044,124.60293589855716,124.98815715245432,126.15150912837244
S14,2026-10-01,4,104.8,2026-09-27,98.87127732339532,99.53855050310771,101.62163726160912,101.07005999677074,102.26710789971848,94.27171485005395,97.94667605583155
S15,2026-10-01,4,102.3,2026-09-27,101.28707473405206,101.31908843203612,99.06979396060481,97.98063758676707,96.34113880772884,93.95652141006465,96.51315768533473
S01,2026-10-02,5,124.0,2026-09-27,112.55734960614407,112.40138426169698,110.90195881828934,109.64643925012628,104.47084606099361,107.26056838298034,109.08126360063484
S02,2026-10-02,5,156.3,2026-09-27,144.41995080065576,144.56688613333074,150.01716419162503,148.57953945794537,150.00706357337685,147.21811338394957,148.6176387877873
S03,2026-10-02,5,102.7,2026-09-27,134.1769347134818,133.7868357868054,133.09816887886817,131.74808137520813,132.35337590236048,131.21135155581197,132.15476021734008
S04,2026-10-02,5,136.9,2026-09-27,125.1353593108493,124.12951449035825,122.9945098224218,121.83888933411829,119.36806400911121,121.60828454836278,122.30139718539229
S05,2026-10-02,5,107.2,2026-09-27,108.52052081835609,108.98266687941162,109.50255484679253,107.46429217362848,105.52077481879442,104.13530674948346,106.818930798138
S06,2026-10-02,5,96.8,2026-09-27,104.09938815389702,105.68057929103131,106.94227038204784,104.87503326159401,106.09382645788581,99.90901474249485,103.42564256227135
S07,2026-10-02,5,90.5,2026-09-27,98.54240432662911,99.49918176996765,99.03684152153765,97.07157807787219,96.31548245602049,93.8694172843422,96.45312940293994
S08,2026-10-02,5,139.0,2026-09-27,135.0026706990885,134.34424667485516,134.78086417999614,134.0135262189124,133.10499609589945,138.0829665301655,136.43191535508083
S09,2026-10-02,5,118.1,2026-09-27,126.6754037691116,124.72743507524693,122.02267617415862,120.64288016130476,116.91037888055887,119.7590205004928,120.8908483373257
S10,2026-10-02,5,115.7,2026-09-27,126.35056529981253,126.87074232955248,127.48882841580833,126.14787881979886,124.60488096748834,126.09480406249772,126.79181623915302
S11,2026-10-02,5,115.9,2026-09-27,93.97082044063981,93.46501961790426,93.78138223371076,92.20447088275633,91.702943218913,88.79992939197608,91.29065581284343
S12,2026-10-02,5,140.1,2026-09-27,139.21905647448725,140.83970710336007,141.72091816230136,141.05829945117264,137.50771203340167,136.46141433427303,139.0911662482872
S13,2026-10-02,5,143.4,2026-09-27,132.51337667610105,133.11375908721163,132.6311741476037,131.3685259806475,131.53866787358302,129.42983188315014,131.03050301537692
S14,2026-10-02,5,95.0,2026-09-27,104.17952034023443,104.86367502593598,106.93795030492228,105.47994395916777,106.17166587026092,99.39719990149698,103.16757510320963
S15,2026-10-02,5,109.1,2026-09-27,106.59531775089118,106.6442129548644,104.38610700391796,102.3905215491641,100.58705527350166,98.5656364904566,101.47587174718728
S01,2026-10-03,6,92.5,2026-09-27,108.4339908539219,108.27645361257339,106.76025919280023,105.7398817734414,104.3018534929826,101.44770828376929,104.10398373828477
S02,2026-10-03,6,137.8,2026-09-27,140.29659204843358,140.44195548420714,145.87546456613592,144.6729819812605,149.3436779149093,140.71363445945002,143.29454951279297
S03,2026-10-03,6,142.0,2026-09-27,130.05357596125964,129.6619051376818,128.95646925337905,127.84152389852325,128.3893917888101,125.53804923372334,127.2472592435512
S04,2026-10-03,6,99.1,2026-09-27,121.01200055862714,120.00458384123466,118.8528101969327,117.93233185743341,116.87410962947476,115.63450440430597,117.24365730061933
S05,2026-10-03,6,72.8,2026-09-27,104.39716206613392,104.85773623028804,105.36085522130342,103.5577346969436,105.16540773285517,99.54005767818776,102.45045644974559
S06,2026-10-03,6,101.6,2026-09-27,99.97602940167486,101.55564864190771,102.80057075655873,100.96847578490913,104.8571497065663,94.42450766983171,98.61253921319522
S07,2026-10-03,6,102.6,2026-09-27,94.41904557440695,95.37425112084406,94.89514189604854,93.16502060118731,95.08988763157643,92.11778544808217,93.50646367206537
S08,2026-10-03,6,152.51818181818183,2026-09-27,130.87931194686635,130.21931602573156,130.63916455450703,130.10696874222754,130.47648973948293,130.54804360430913,130.59360407940807
S09,2026-10-03,6,118.3,2026-09-27,122.55204501688944,120.60250442612333,117.88097654866952,116.73632268461989,116.68634353145528,114.246283392088,116.06362997037877
S10,2026-10-03,6,143.1,2026-09-27,122.22720654759037,122.74581168042889,123.34712879031922,122.24132134311398,120.74695936048083,120.80570090244896,122.0764148463841
S11,2026-10-03,6,87.8,2026-09-27,89.84746168841765,89.34008896878066,89.63968260822165,88.29791340607144,87.91757390035926,86.93938351821609,88.28953306321887
S12,2026-10-03,6,136.2,2026-09-27,135.09569772226507,136.71477645423647,137.57921853681228,137.15174197448778,135.9850573397697,130.45802541611394,134.01862197646312
S13,2026-10-03,6,136.9,2026-09-27,128.3900179238789,128.98882843808803,128.4894745221146,127.46196850396261,122.67113139883584,124.33403645877053,126.41175549044256
S14,2026-10-03,6,88.0,2026-09-27,100.05616158801227,100.73874437681239,102.79625067943317,101.57338648248289,100.03264172560303,93.93258845081257,98.36441956512287
S15,2026-10-03,6,82.5,2026-09-27,102.47195899866901,102.5192823057408,100.24440737842885,98.48396407247922,98.71099090760175,96.48996913020912,98.36718825431899
S01,2026-10-04,7,93.2,2026-09-27,103.16000645381918,102.98704380527406,101.46144187236386,100.11271720578632,102.20769617246991,96.98056462208388,99.22100324722388
S02,2026-10-04,7,131.9,2026-09-27,135.02260764833088,135.15254567690783,140.57664724569955,139.04581741360542,144.09956310138392,136.42359816822307,138.5001227069613
S03,2026-10-04,7,110.6,2026-09-27,124.7795915611569,124.37249533038248,123.6576519329427,122.21435933086818,121.84546426885554,120.90684778014916,122.28224985654593
S04,2026-10-04,7,98.6,2026-09-27,115.7380161585244,114.71517403393533,113.55399287649632,112.30516728977834,111.93337602063092,111.494823637173,112.52440825683466
S05,2026-10-04,7,126.8,2026-09-27,99.1231776660312,99.5683264229887,100.06203790086707,97.93057012928853,100.08350702421913,95.57321535432501,97.81762662759604
S06,2026-10-04,7,84.0,2026-09-27,94.70204500157213,96.26623883460839,97.50175343612237,95.34131121725406,100.67278765208616,90.00035342478515,93.75105343045377
S07,2026-10-04,7,71.6,2026-09-27,89.14506117430422,90.08484131354473,89.59632457561219,87.53785603353225,89.77631407774274,85.86451147907579,87.73041802734399
S08,2026-10-04,7,137.8,2026-09-27,125.60532754676362,124.92990621843222,125.34034723407068,124.47980417457245,125.31005867855997,125.47293483680322,125.40664103543695
S09,2026-10-04,7,125.22244897959185,2026-09-27,117.2780606167867,115.31309461882401,112.58215922823315,111.10915811696482,111.35979221120616,110.84193658232924,111.7120479052812
S10,2026-10-04,7,98.5,2026-09-27,116.95322214748764,117.45640187312956,118.04831146988286,116.61415677545892,116.18444910536499,115.67614279094981,116.86222713041633
S11,2026-10-04,7,89.9,2026-09-27,84.57347728831492,84.05067916148133,84.34086528778529,82.67074883841639,83.89892905034691,81.96076758661246,83.15081643719887
S12,2026-10-04,7,123.3,2026-09-27,129.82171332216234,131.42536664693714,132.2804012163759,131.5245774068327,132.86238312771468,126.51192210876442,129.39616166257017
S13,2026-10-04,7,130.6,2026-09-27,123.11603352377617,123.69941863078871,123.19065720167823,121.83480393630754,119.27052317562773,119.45064787231556,121.3206525369969
S14,2026-10-04,7,91.0,2026-09-27,94.78217718790955,95.44933456951306,97.4974333589968,95.94622191482782,97.65902345481742,89.54760898225058,93.52252117062369
S15,2026-10-04,7,86.1,2026-09-27,97.19797459856628,97.22987249844148,94.94559005799248,92.85679950482415,92.93916603154182,90.32319027268038,92.63439016533643
S01,2026-10-05,8,109.3,2026-09-27,97.90669745645009,97.73321753471835,96.22967948091907,95.62757930345896,92.67547383508266,91.8869891325842,94.05833430675165
S02,2026-10-05,8,122.1,2026-09-27,129.7692986509618,129.89871940635211,135.34488485425476,134.56067951127804,141.53041221410513,131.52616411079612,133.43552448252544
S03,2026-10-05,8,103.1,2026-09-27,119.52628256378782,119.11866905982676,118.42588954149791,117.72922142854081,119.87523234686273,115.09086474707581,116.75837714428687
S04,2026-10-05,8,99.8,2026-09-27,110.48470716115531,109.4613477633796,108.32223048505153,107.82002938745097,107.75631893278519,105.79916309345191,107.06069678925172
S05,2026-10-05,8,76.5,2026-09-27,93.86986866866211,94.314500152433,94.83027550942226,93.44543222696115,95.92449975710772,90.26863575902962,92.54945563422595
S06,2026-10-05,8,69.4,2026-09-27,89.44873600420304,91.01241256405267,92.26999104467758,90.85617331492668,95.29895980359437,85.30042717851026,88.78520911159393
S07,2026-10-05,8,88.5,2026-09-27,83.89175217693513,84.83101504298901,84.36456218416738,83.05271813120487,84.272614867925,79.23345828549171,81.79901023482955
S08,2026-10-05,8,97.5,2026-09-27,120.35201854939453,119.67607994787652,120.10858484262589,119.99466627224508,121.56093523138807,119.67076441961673,119.88967463112131
S09,2026-10-05,8,109.3,2026-09-27,112.02475161941761,110.05926834826829,107.35039683678836,106.62402021463744,106.84984723042875,104.51103774781343,105.9307172923009
S10,2026-10-05,8,137.0,2026-09-27,111.69991315011855,112.20257560257384,112.81654907843806,112.12901887313154,112.07716221523432,110.47527115571056,111.64591011707431
S11,2026-10-05,8,82.3,2026-09-27,79.32016829094583,78.79685289092562,79.10910289634049,78.185610936089,79.98487100652905,74.36772002105207,76.73841145869628
S12,2026-10-05,8,126.4,2026-09-27,124.56840432479326,126.17154037638143,127.0486388249311,127.03943950450532,134.11429628046076,121.25906088544725,124.15384985518918
S13,2026-10-05,8,135.5,2026-09-27,117.86272452640708,118.445592360233,117.95889481023345,117.34966603398016,120.34291639449324,115.2203212556239,116.58960803292868
S14,2026-10-05,8,113.4,2026-09-27,89.52886819054046,90.19550829895735,92.26567096755201,91.46108401250044,95.91309315482616,84.70449530744901,88.48508313750051
S15,2026-10-05,8,96.5,2026-09-27,91.94466560119719,91.97604622788576,89.71382766654769,88.37166160249679,87.86991148746252,84.55196053843166,87.13289410248967
S01,2026-10-06,9,97.9,2026-09-27,98.11675437392722,97.92363478666698,96.42944981008176,96.37155868097362,95.3453572064635,94.80928277809782,95.61936629408979
S02,2026-10-06,9,137.1,2026-09-27,129.9793555684389,130.08913665830073,135.54465518341743,135.30465888879272,140.17959103473774,139.11798713912793,137.33132116127268
S03,2026-10-06,9,116.9,2026-09-27,119.73633948126495,119.30908631177539,118.6256598706606,118.47320080605547,120.39008211505471,119.81607846959734,119.22086917012896
S04,2026-10-06,9,111.9,2026-09-27,110.69476407863245,109.65176501532824,108.52200081421422,108.56400876496564,109.35004590920813,107.83051738476708,108.17625909949065
S05,2026-10-06,9,97.6,2026-09-27,94.07992558613924,94.50491740438163,95.03004583858495,94.18941160447582,97.24195116976357,91.53754857589553,93.28379720724024
S06,2026-10-06,9,100.8,2026-09-27,89.65879292168017,91.2028298160013,92.46976137384026,91.60015269244136,94.81624937561512,88.3174467181619,90.39360404600109
S07,2026-10-06,9,84.6,2026-09-27,84.10180909441226,85.02143229493764,84.56433251333007,83.79669750871953,84.8690023234717,80.47083280493659,82.51758265913332
S08,2026-10-06,9,116.8,2026-09-27,120.56207546687166,119.86649719982515,120.30835517178858,120.73864564975975,122.61012292343108,128.2121315563493,124.26024336406894
S09,2026-10-06,9,135.9,2026-09-27,112.23480853689475,110.24968560021692,107.55016716595105,107.36799959215212,107.6004962432457,107.0080917618102,107.27912946388062
S10,2026-10-06,9,122.1,2026-09-27,111.90997006759568,112.39299285452248,113.01631940760075,112.87299825064622,114.06030700809426,112.74783554919776,112.88207747839925
S11,2026-10-06,9,64.8,2026-09-27,79.53022520842296,78.98727014287425,79.30887322550318,78.92959031360367,81.0370593803376,75.29546149170633,77.30216735860475
S12,2026-10-06,9,112.0,2026-09-27,124.7784612422704,126.36195762833006,127.24840915409379,127.78341888201999,127.78584609717173,129.50597532316905,128.37719223863144
S13,2026-10-06,9,117.5,2026-09-27,118.0727814438842,118.63600961218162,118.15866513939613,118.09364541149483,122.65184689771728,123.71350857141746,120.9360868554068
S14,2026-10-06,9,95.7,2026-09-27,89.73892510801758,90.38592555090598,92.4654412967147,92.20506339001511,97.03257017257025,87.34675480068945,89.90609804870208
S15,2026-10-06,9,103.7,2026-09-27,92.15472251867432,92.16646347983439,89.91359799571038,89.11564098001145,90.38238753571216,84.79592791056444,87.35476295313741
S01,2026-10-07,10,140.4,2026-09-27,106.72260377318493,106.54769975613374,105.0851102171399,105.05790873627028,105.71933214665167,101.01530352626862,103.05020687170426
S02,2026-10-07,10,137.9,2026-09-27,138.58520496769663,138.7132016277675,144.20031559047558,143.99100894408937,149.2544695253044,139.996202131944,142.09825886120979
S03,2026-10-07,10,135.2,2026-09-27,128.34218888052266,127.93315128124215,127.28132027771873,127.15955086135213,126.65658480456155,125.97588092822485,126.6286006029718
S04,2026-10-07,10,77.1,2026-09-27,119.30061347789015,118.275829984795,117.17766122127236,117.25035882026229,116.06478234224579,116.22315534498277,116.70040828312756
S05,2026-10-07,10,100.0,2026-09-27,102.68577498539695,103.12898237384837,103.68570624564309,102.87576165977246,106.63065314038464,99.95196310006418,101.81883467285363
S06,2026-10-07,10,84.2,2026-09-27,98.26464232093788,99.82689478546806,101.12542178089839,100.286502747738,105.73963698784858,94.46688179989765,97.79615179039803
S07,2026-10-07,10,83.0,2026-09-27,92.70765849366997,93.6454972644044,93.21999292038821,92.48304756401619,95.02140571140234,90.374047621419,91.7970202709036
S08,2026-10-07,10,130.6,2026-09-27,129.16792486612937,128.4905621692919,128.96401557884673,129.4249957050564,130.4462203904602,129.9749557553564,129.46948566710157
S09,2026-10-07,10,125.2,2026-09-27,120.84065793615245,118.87375056968368,116.20582757300919,116.05434964744876,117.23275172546309,114.83493433276479,115.520380952887
S10,2026-10-07,10,131.1,2026-09-27,120.51581946685339,121.01705782398923,121.67197981465888,121.55934830594286,119.9409067702882,120.3493148995707,121.01064735711479
S11,2026-10-07,10,88.2,2026-09-27,88.13607460768067,87.61133511234101,87.96453363256131,87.61594036890033,88.26814385608206,85.19271502983686,86.57862433119908
S12,2026-10-07,10,134.3,2026-09-27,133.3843106415281,134.98602259779682,135.90406956115194,136.46976893731664,133.52176403564928,130.26269853213964,133.0833840466458
S13,2026-10-07,10,129.7,2026-09-27,126.67863084314192,127.26007458164838,126.81432554645427,126.77999546679148,124.94474633022172,124.09708934819811,125.45570744732619
S14,2026-10-07,10,113.7,2026-09-27,98.3447745072753,99.00999052037272,101.12110170377284,100.89141344531177,101.42229359278554,93.97496258087851,97.54803214232567
S15,2026-10-07,10,87.2,2026-09-27,100.76057191793203,100.79052844930115,98.56925840276851,97.8019910353081,98.56752587910177,94.77098749911858,96.67012295094355
S01,2026-10-05,1,109.3,2026-10-04,100.0174597124035,97.9410771087339,94.55113305072625,94.08707895094139,97.01895098966259,92.54908565106713,93.55010935089669
S02,2026-10-05,1,122.1,2026-10-04,128.94067639063002,131.80307027670867,133.9140099130309,132.65397805979833,139.40137349023834,128.4533852422832,131.18369757765703
S03,2026-10-05,1,103.1,2026-10-04,115.42070500148338,115.52803453042864,116.79349638381629,116.3444677131713,122.45164868019751,118.63046013223503,117.71197825802565
S04,2026-10-05,1,99.8,2026-10-04,112.53712011043784,111.74042361047717,114.067339493196,113.47837476875208,118.86337421271244,111.75647035459397,112.91190492389498
S05,2026-10-05,1,76.5,2026-10-04,91.5664019052332,92.8008041810657,94.34663450899993,92.9200669611613,98.32263074069412,88.44145423111148,91.3940443700557
S06,2026-10-05,1,69.4,2026-10-04,89.33227706986236,90.67785648128503,91.70554911709954,90.47477145919378,96.79456643686026,87.53784069272311,89.62169490491132
S07,2026-10-05,1,88.5,2026-10-04,85.51990017013844,85.7362427595067,87.33333018737599,86.2462564593462,92.1096405809031,84.08332370881898,85.7083269480975
S08,2026-10-05,1,97.5,2026-10-04,124.32388242668752,125.22864798984403,126.4968997238932,125.99454151291637,132.80754960928473,122.30906121273352,124.40298046831336
S09,2026-10-05,1,109.3,2026-10-04,114.8281213175839,115.92205268185116,115.59305837648792,114.36752759919145,119.87048972413957,113.80696588280932,114.70001212964863
S10,2026-10-05,1,137.0,2026-10-04,112.57681093148668,112.74857552034862,114.19991977328426,113.5517738561501,117.98201080674458,109.09123842056614,111.6455790969252
S11,2026-10-05,1,82.3,2026-10-04,87.15072619753693,88.98060024386317,88.87434913534207,87.26204863179134,92.63870121994583,83.86096262459172,86.36765587996689
S12,2026-10-05,1,126.4,2026-10-04,128.70844479462738,129.10603010344508,130.02166675374238,129.94660259533504,134.90177716213972,123.76346259474983,126.8925646742461
S13,2026-10-05,1,135.5,2026-10-04,124.65455759805738,122.84430666027524,120.73840900691081,120.23397407158438,125.82421253084551,120.08319787894858,120.4108034429297
S14,2026-10-05,1,113.4,2026-10-04,95.01060372263171,94.52911795741203,93.1433318541955,92.14993713477645,97.43001749415808,89.31216413894818,91.22774799657184
S15,2026-10-05,1,96.5,2026-10-04,92.42148174149729,91.85734712120701,94.38875379559892,93.41064313420435,99.73368310563211,90.47591118433164,92.43233248996528
S01,2026-10-06,2,97.9,2026-10-04,99.45584277975986,97.36022223442588,93.97189999369647,94.13168509165864,92.21102723192637,93.31176865113947,93.64183432241796
S02,2026-10-06,2,137.1,2026-10-04,128.3790594579864,131.22221540240065,133.33477685600113,132.69858420051557,133.64183074980627,131.5578392727163,132.44630806435873
S03,2026-10-06,2,116.9,2026-10-04,114.85908806883975,114.94717965612062,116.21426332678652,116.38907385388855,116.05769852207624,121.64794357086852,118.93110344882751
S04,2026-10-06,2,111.9,2026-10-04,111.97550317779421,111.15956873616915,113.48810643616623,113.52298090946933,113.87314789025021,111.67846386047344,112.58328514831985
S05,2026-10-06,2,97.6,2026-10-04,91.00478497258956,92.21994930675768,93.76740145197014,92.96467310187853,93.27698639357875,88.59924097047217,91.18332121122116
S06,2026-10-06,2,100.8,2026-10-04,88.77066013721871,90.09700160697702,91.12631606006977,90.51937759991102,90.91619919943568,88.80577454369981,89.96604530188479
S07,2026-10-06,2,84.6,2026-10-04,84.95828323749481,85.15538788519869,86.75409713034622,86.29086260006345,86.80394761748299,83.03095789522679,84.8925275127865
S08,2026-10-06,2,116.8,2026-10-04,123.76226549404387,124.64779311553602,125.91766666686343,126.03914765363362,127.16321222151592,126.21428085475858,126.065973760811
S09,2026-10-06,2,135.9,2026-10-04,114.26650438494026,115.34119780754315,115.01382531945814,114.41213373990868,114.68510107689545,115.1557797216865,115.08480252057231
S10,2026-10-06,2,122.1,2026-10-04,112.01519399884303,112.1677206460406,113.6206867162545,113.59637999686736,112.38342262377357,110.74359238357412,112.18213954991431
S11,2026-10-06,2,64.8,2026-10-04,86.5891092648933,88.39974536955515,88.2951160783123,87.3066547725086,88.07485457366383,83.51487719106194,85.90499663468712
S12,2026-10-06,2,112.0,2026-10-04,128.14682786198375,128.52517522913706,129.4424336967126,129.9912087360523,129.39100235946663,128.8006177932753,129.12152574499396
S13,2026-10-06,2,117.5,2026-10-04,124.09294066541374,122.26345178596723,120.15917594988103,120.27858021230162,120.60599145573633,124.32648200227243,122.24282897607674
S14,2026-10-06,2,95.7,2026-10-04,94.44898678998807,93.94826308310402,92.56409879716573,92.1945432754937,91.88987640230228,90.6347074939302,91.59940314554797
S15,2026-10-06,2,103.7,2026-10-04,91.85986480885366,91.276492246899,93.80952073856915,93.4552492749216,95.26276299760833,92.06833977567457,92.93893025712185
S01,2026-10-07,3,140.4,2026-10-04,109.16601452096235,107.08808260949634,103.73026869216791,103.77581863863077,101.84315914389923,103.58964740456209,103.659958048365
S02,2026-10-07,3,137.9,2026-10-04,138.08923119918887,140.9500757774711,143.09314555447256,142.3427177474877,142.10092497073626,139.299806460029,141.1964760072508
S03,2026-10-07,3,135.2,2026-10-04,124.56925981004224,124.67504003119109,125.97263202525795,126.03320740086068,124.98906474664678,128.52031089023126,127.2464714577446
S04,2026-10-07,3,77.1,2026-10-04,121.6856749189967,120.88742911123961,123.24647513463766,123.16711445644145,123.13131156051271,122.11459779940698,122.68053646702232
S05,2026-10-07,3,100.0,2026-10-04,100.71495671379205,101.94780968182813,103.52577015044159,102.60880664885067,101.27965749124895,98.94384258262856,101.23480636653508
S06,2026-10-07,3,84.2,2026-10-04,98.48083187842121,99.82486198204747,100.8846847585412,100.16351114688317,99.7140062402395,97.88269820036811,99.38369147945465
S07,2026-10-07,3,83.0,2026-10-04,94.6684549786973,94.88324826026914,96.51246582881765,95.93499614703558,96.56557154511543,93.49965508876267,95.00606045879016
S08,2026-10-07,3,130.6,2026-10-04,133.47243723524636,134.37565349060648,135.67603536533485,135.68328120060573,135.7377468270067,131.95031139941833,133.8131733823766
S09,2026-10-07,3,125.2,2026-10-04,123.97667612614275,125.0690581826136,124.77219401792958,124.05626728688082,123.29740270681921,124.63708873947745,124.70464137870351
S10,2026-10-07,3,131.1,2026-10-04,121.72536574004553,121.89558102111107,123.37905541472593,123.24051354383948,121.61951342031736,119.4692296486858,121.42414253170585
S11,2026-10-07,3,88.2,2026-10-04,96.29928100609578,98.1276057446256,98.05348477678375,96.95078831948074,97.65233213051424,91.49755222519677,94.77551850099026
S12,2026-10-07,3,134.3,2026-10-04,137.85699960318624,138.25303560420753,139.20080239518407,139.6353422830244,138.47734872449044,135.08064850343274,137.1407254493084
S13,2026-10-07,3,129.7,2026-10-04,133.80311240661624,131.99131216103768,129.91754464835248,129.92271375927376,129.65235430094498,132.03435795438014,130.9759513013663
S14,2026-10-07,3,113.7,2026-10-04,104.15915853119056,103.67612345817447,102.32246749563717,101.83867682246583,100.96667453688889,100.8295326940604,101.57600009484878
S15,2026-10-07,3,87.2,2026-10-04,101.57003655005614,101.00435262196946,103.56788943704059,103.09938282189374,106.25550017487906,99.21834987957595,101.39311965830828
S01,2026-10-08,4,115.6,2026-10-04,112.24063045868584,110.17692810084807,106.81160526460894,106.70481949426323,105.0323361519917,106.83666235983583,106.82413381222239
S02,2026-10-08,4,149.4,2026-10-04,141.16384713691235,144.03892126882283,146.17448212691357,145.27171860312018,145.97640577097937,141.1602876616978,143.66738489430568
S03,2026-10-08,4,130.4,2026-10-04,127.64387574776573,127.76388552254282,129.05396859769897,128.96220825649314,129.95935775270294,130.7829479255061,129.91845826160255
S04,2026-10-08,4,115.2,2026-10-04,124.76029085672019,123.97627460259135,126.3278117070787,126.09611531207392,126.13403669462699,123.52798505631814,124.92789838169841
S05,2026-10-08,4,95.7,2026-10-04,103.78957265151554,105.03665517317987,106.6071067228826,105.53780750448313,105.04494304659033,99.87498700176991,103.24104686232626
S06,2026-10-08,4,101.0,2026-10-04,101.55544781614469,102.9137074733992,103.96602133098223,103.09251200251562,104.9606122367163,99.26802664527598,101.6170239881291
S07,2026-10-08,4,88.9,2026-10-04,97.74307091642079,97.97209375162087,99.59380240125869,98.86399700266804,100.52310914310866,94.4527278546538,97.02326512795625
S08,2026-10-08,4,139.9,2026-10-04,136.54705317296987,137.4644989819582,138.75737193777587,138.6122820562382,141.0923578284662,133.66431276554172,136.2108423516588
S09,2026-10-08,4,116.0,2026-10-04,127.05129206386624,128.15790367396534,127.8535305903706,126.98526814251328,126.95514925413411,126.27871604436686,127.06612331736872
S10,2026-10-08,4,132.4,2026-10-04,124.79998167776901,124.9844265124628,126.46039198716696,126.16951439947195,124.83341557994282,121.3478083265,123.90410015683348
S11,2026-10-08,4,89.6,2026-10-04,99.37389694381928,101.21645123597735,101.13482134922477,99.87978917511319,100.38377019153947,92.43330047038415,96.78406090980445
S12,2026-10-08,4,141.3,2026-10-04,140.93161554090972,141.34188109555924,142.2821389676251,142.56434313865688,143.91532995966858,137.6079261237961,139.9450325457106
S13,2026-10-08,4,127.1,2026-10-04,136.87772834433972,135.08015765238943,132.9988812207935,132.85171461490623,133.44089078694896,134.3518174382817,133.6753493295376
S14,2026-10-08,4,120.2,2026-10-04,107.23377446891405,106.7649689495262,105.40380406807819,104.7676776780983,106.565937139752,102.2929815562406,103.8483928121594
S15,2026-10-08,4,89.0,2026-10-04,104.64465248777964,104.0931981133212,106.64922600948161,106.0283836775262,106.0471778589704,101.47537907040682,104.06230253994421
S01,2026-10-09,5,213.7,2026-10-04,117.46176088619562,115.41624951289162,112.04430577328876,111.10106699993445,107.376664014072,109.80475828090145,110.9245320270951
S02,2026-10-09,5,126.9,2026-10-04,146.38497756442214,149.27824268086638,151.40718263559341,149.66796610879138,150.10831678832398,147.4830949441866,149.44513878989
S03,2026-10-09,5,122.2,2026-10-04,132.8650061752755,133.00320693458636,134.2866691063788,133.35845576216434,134.76600128488133,135.29391059043206,134.79028984840545
S04,2026-10-09,5,143.6,2026-10-04,129.98142128422995,129.21559601463488,131.5605122157585,130.49236281774512,129.29798304365292,128.6788855466653,130.1196988812119
S05,2026-10-09,5,112.2,2026-10-04,109.01070307902532,110.27597658522342,111.83980723156245,109.93405501015434,108.6471734390821,105.1970201306684,108.51841368111542
S06,2026-10-09,5,99.5,2026-10-04,106.77657824365448,108.15302888544275,109.19872183966206,107.48875950818683,107.29810219630927,102.73654458755702,105.96763321360953
S07,2026-10-09,5,88.5,2026-10-04,102.96420134393057,103.21141516366443,104.82650290993851,103.26024450833926,102.96073676818142,98.91725193142223,101.87187742068036
S08,2026-10-09,5,143.1,2026-10-04,141.76818360047963,142.70382039400175,143.9900724464557,143.00852956190943,142.93176565811643,140.6146408333004,142.30235663987804
S09,2026-10-09,5,115.2,2026-10-04,132.27242249137603,133.3972250860089,133.08623109905042,131.3815156481845,130.68020748369585,132.00655097388878,132.5463910364696
S10,2026-10-09,5,114.1,2026-10-04,130.0211121052788,130.22374792450634,131.69309249584677,130.56576190514318,127.31723310258988,126.77219700308031,129.23264474946353
S11,2026-10-09,5,100.2,2026-10-04,104.59502737132905,106.45577264802088,106.36752185790459,104.2760366807844,104.15627156074018,97.82174681867288,102.09463433828873
S12,2026-10-09,5,145.6,2026-10-04,146.1527459684195,146.5812025076028,147.5148394763049,146.9605906443281,145.7368887526011,142.56636850113733,145.0406039887211
S13,2026-10-09,5,132.8,2026-10-04,142.0988587718495,140.31947906443295,138.23158172947333,137.24796212057743,135.15067390473112,138.34938521524458,138.29048347235897
S14,2026-10-09,5,116.2,2026-10-04,112.45490489642383,112.00429036156976,110.63650457675801,109.16392518376949,108.59840359164983,106.3704643815648,108.50348447916141
S15,2026-10-09,5,112.9,2026-10-04,109.86578291528942,109.33251952536473,111.88192651816144,110.4246311831974,111.35427663713898,106.69261075839538,109.2872686382784
S01,2026-10-10,6,124.5,2026-10-04,113.15946802043163,111.11082556572805,107.72736685321853,107.00042764114589,107.34774119997029,104.77275122103177,106.25005903712514
S02,2026-10-10,6,156.9,2026-10-04,142.08268469865814,144.9728187337028,147.09024371552317,145.56732675000282,148.3798534896849,140.8008086229334,143.9455261692283
S03,2026-10-10,6,136.8,2026-10-04,128.56271330951154,128.69778298742278,129.96973018630857,129.25781640337578,130.52442700375565,130.172633542238,130.07118186427329
S04,2026-10-10,6,110.4,2026-10-04,125.67912841846598,124.91017206747132,127.2435732956883,126.39172345895658,129.0727044186125,124.00969472072194,125.62663400820512
S05,2026-10-10,6,90.8,2026-10-04,104.70841021326133,105.97055263805986,107.5228683114922,105.83341565136578,107.09157033217247,100.0779670967772,103.8004177041347
S06,2026-10-10,6,87.8,2026-10-04,102.4742853778905,103.84760493827919,104.88178291959183,103.38812014939828,105.42733557567236,98.32916853555164,101.60547572757173
S07,2026-10-10,6,97.7,2026-10-04,98.66190847816658,98.90599121650087,100.50956398986827,99.1596051495507,101.92214805811324,94.33472293673167,97.42214346329996
S08,2026-10-10,6,142.6530612244898,2026-10-04,137.46589073471566,138.39839644683818,139.67313352638547,138.90789020312087,141.09185114863277,133.13021752891854,136.401675527652
S09,2026-10-10,6,136.8,2026-10-04,127.97012962561203,129.0918011388453,128.7692921789802,127.28087628939593,129.25366523009006,126.30011334618997,127.53470276258508
S10,2026-10-10,6,138.7795918367347,2026-10-04,125.71881923951481,125.91832397734278,127.37615357577656,126.4651225463546,127.71262456643396,121.65992516221836,124.51803936899745
S11,2026-10-10,6,100.4,2026-10-04,100.29273450556506,102.15034870085732,102.05058293783436,100.17539732199585,103.90377362533226,92.12508515401102,97.08783404592269
S12,2026-10-10,6,148.3,2026-10-04,141.85045310265554,142.27577856043922,143.19790055623469,142.85995128553952,143.75296062481644,136.36982910329493,139.7838648297648
S13,2026-10-10,6,120.0,2026-10-04,137.7965659060855,136.0140551172694,133.9146428094031,133.14732276178887,133.60509359725143,133.91855227759308,133.91659754349809
S14,2026-10-10,6,91.0,2026-10-04,108.15261203065984,107.69886641440618,106.31956565668779,105.06328582498094,106.27104037249909,101.74320078027925,104.03138321848351
S15,2026-10-10,6,98.9,2026-10-04,105.56349004952543,105.02709557820117,107.56498759809121,106.32399182440885,112.47729131703403,99.93121170559165,103.74809965184143
S01,2026-10-11,7,229.4,2026-10-04,107.80427121309278,105.73755959402631,102.34102474722778,101.31321859800599,98.75882283135556,100.16977439156469,101.25539956939623
S02,2026-10-11,7,153.8,2026-10-04,136.7274878913193,139.59955276200105,141.7039016095324,139.88011770686293,140.88161721873868,135.08808103863245,138.39599132408244
S03,2026-10-11,7,114.6,2026-10-04,123.20751650217267,123.32451701572104,124.58338808031782,123.5706073602359,123.54575271720651,124.68574632114884,124.63456720073333
S04,2026-10-11,7,120.4,2026-10-04,120.32393161112711,119.53690609576958,121.85723118969753,120.70451441581667,121.60440290154258,118.513761852823,120.18549652126026
S05,2026-10-11,7,95.1,2026-10-04,99.35321340592247,100.5972866663581,102.13652620550144,100.1462066082259,99.30245571528293,97.56147155047425,99.84899887798784
S06,2026-10-11,7,200.9,2026-10-04,97.11908857055163,98.47433896657743,99.49544081360106,97.70091110625839,96.95279788949979,93.91040224164895,96.70292152762501
S07,2026-10-11,7,92.7,2026-10-04,93.30671167082772,93.53272524479911,95.12322188387752,93.4723961064108,95.5382176498124,90.53579129242851,92.82950658815301
S08,2026-10-11,7,129.09591836734694,2026-10-04,132.1106939273768,133.02513047513645,134.2867914203947,133.22068115998098,133.88010458654367,127.74073440084842,131.01376291062155
S09,2026-10-11,7,112.4,2026-10-04,122.61493281827318,123.71853516714357,123.38295007298943,121.59366724625605,120.96929060088645,121.12709290959273,122.25502149129107
S10,2026-10-11,7,123.4,2026-10-04,120.36362243217594,120.54505800564104,121.98981146978579,120.77791350321472,120.49393250148141,115.85583155831767,118.92282151405173
S11,2026-10-11,7,104.8,2026-10-04,94.93753769822621,96.77708272915557,96.6642408318436,94.48818827885596,96.97583590286658,91.24137870786002,93.95280976985181
S12,2026-10-11,7,121.7,2026-10-04,136.49525629531666,136.9025125887375,137.81155845024392,137.17274224239964,135.63343946379047,129.55831927918172,133.68493886471282
S13,2026-10-11,7,119.7,2026-10-04,132.44136909874663,130.64078914556765,128.52830070341233,127.46011371864898,126.25818479541564,126.63860656543561,127.58345363442396
S14,2026-10-11,7,112.2,2026-10-04,102.79741522332098,102.32560044270444,100.93322355069702,99.37607678184105,98.57142852631831,97.77622109560815,99.35472232315259
S15,2026-10-11,7,78.4,2026-10-04,100.20829324218656,99.65382960649941,102.17864549210044,100.63678278126896,106.29148586834427,96.51032364410482,99.34448456810263
S01,2026-10-12,8,111.1,2026-10-04,103.32314819658913,101.26372090506008,97.9209580618695,97.48141453698373,96.51024602583433,94.49392776621943,96.20744291404446
S02,2026-10-12,8,132.8,2026-10-04,132.24636487481564,135.12571407303486,137.28383492417416,136.04831364584066,140.1087237133025,129.78033683845177,133.53208588131298
S03,2026-10-12,8,118.5,2026-10-04,118.72639348566902,118.85067832675483,120.16332139495954,119.73880329921364,127.49733782688925,121.20681071055014,120.68506605275485
S04,2026-10-12,8,117.5,2026-10-04,115.84280859462348,115.06306740680336,117.43716450433925,116.87271035479442,119.7917108143789,114.3306848598737,115.88392468210648
S05,2026-10-12,8,115.7,2026-10-04,94.87209038941884,96.12344797739188,97.71645952014318,96.31440254720364,99.26707105606202,90.93513890338212,94.32579921176264
S06,2026-10-12,8,100.8,2026-10-04,92.637965554048,94.00050027761121,95.07537412824279,93.86910704523612,97.96933463497962,89.10646173433874,92.09091793129076
S07,2026-10-12,8,82.4,2026-10-04,88.8255886543241,89.05888655583288,90.70315519851924,89.64059204538854,95.16154126127468,86.28363164070215,88.4933934196107
S08,2026-10-12,8,127.4,2026-10-04,127.62957091087316,128.55129178617022,129.86672473503646,129.38887709895872,135.1590631325452,124.0915274680055,126.97912610152098
S09,2026-10-12,8,115.6,2026-10-04,118.13380980176954,119.24469647817735,118.96288338763117,117.76186318523379,121.38107163991323,116.641534198163,117.80220879289709
S10,2026-10-12,8,107.8,2026-10-04,115.88249941567231,116.07121931667481,117.56974478442751,116.94610944219245,119.80967539733035,111.66064312131275,114.61519395287013
S11,2026-10-12,8,56.9,2026-10-04,90.45641468172258,92.30324404018934,92.24417414648534,90.65638421783369,94.37480029252484,86.81436933789409,89.5292717421897
S12,2026-10-12,8,119.8,2026-10-04,132.01413327881303,132.42867389977127,133.39149176488564,133.3409381813774,136.4651378507248,124.67624467468272,129.03386821978418
S13,2026-10-12,8,98.6,2026-10-04,127.96024608224302,126.16695045660143,124.10823401805406,123.62830965762673,125.43523897969274,121.59908243995412,122.85365822900408
S14,2026-10-12,8,79.5,2026-10-04,98.31629220681735,97.85176175373822,96.51315686533874,95.5442727208188,100.54815813228106,91.7563126977403,94.13473478153952
S15,2026-10-12,8,72.5,2026-10-04,95.72717022568293,95.17999091753319,97.75857880674216,96.80497872024671,101.34420973970744,93.2860170363323,95.52229792153723
S01,2026-10-13,9,99.2,2026-10-04,102.7615312639455,100.68286603075207,97.34172500483973,97.52602067770098,95.99164904031943,95.48449174906696,96.41310837695335
S02,2026-10-13,9,158.2,2026-10-04,131.684747942172,134.54485919872684,136.70460186714436,136.09291978655793,140.05935912967868,133.66274796865324,135.1836749178988
S03,2026-10-13,9,114.4,2026-10-04,118.16477655302539,118.26982345244681,119.58408833792977,119.78340943993089,125.7502077635922,124.50145602591822,122.042772181924
S04,2026-10-13,9,120.7,2026-10-04,115.28119166197985,114.48221253249534,116.85793144730948,116.91731649551167,119.71465410495512,115.01501635019228,115.93647389875088
S05,2026-10-13,9,88.4,2026-10-04,94.3104734567752,95.54259310308387,97.1372264631134,96.35900868792089,99.51911679707563,91.67082406523703,94.4040252641752
S06,2026-10-13,9,87.2,2026-10-04,92.07634862140435,93.4196454033032,94.49614107121302,93.91371318595337,95.97967576991337,90.85863890077484,92.67738998599393
S07,2026-10-13,9,76.0,2026-10-04,88.26397172168045,88.47803168152487,90.12392214148947,89.6851981861058,92.09016406451222,85.93335197744499,88.02863705946723
S08,2026-10-13,9,140.7,2026-10-04,127.06795397822951,127.9704369118622,129.2874916780067,129.43348323967595,133.02759201445895,128.75926371078046,129.02337769439356
S09,2026-10-13,9,82.0,2026-10-04,117.5721928691259,118.66384160386933,118.38365033060138,117.80646932595103,121.26935051504645,118.38191776365689,118.38278404712914
S10,2026-10-13,9,134.3,2026-10-04,115.32088248302867,115.4903644423668,116.99051172739775,116.9907155829097,116.86305231081445,113.7713139881814,115.38091285778958
S11,2026-10-13,9,87.0,2026-10-04,89.89479774907893,91.72238916588134,91.66494108945555,90.70099035855094,94.49021707811934,86.70435572640665,89.18464840793109
S12,2026-10-13,9,125.2,2026-10-04,131.4525163461694,131.84781902546325,132.81225870785588,133.38554432209463,134.650316196385,130.20091098679416,131.50658484732503
S13,2026-10-13,9,230.1,2026-10-04,127.39862914959937,125.58609558229341,123.52900096102428,123.67291579834396,123.32318030862663,126.2209186233741,124.87495979219919
S14,2026-10-13,9,87.4,2026-10-04,97.7546752741737,97.2709068794302,95.93392380830898,95.58887886153605,98.58430215654798,93.46348062254786,94.69870221542843
S15,2026-10-13,9,87.9,2026-10-04,95.1655532930393,94.59913604322519,97.1793457497124,96.84958486096394,101.42410216006098,95.15603054438154,96.16768814704696
S01,2026-10-14,10,120.8,2026-10-04,112.47170300514799,110.41072640582252,107.10009370331116,107.17015422467311,107.91067294882042,105.74767191952667,106.4238828114189
S02,2026-10-14,10,161.3,2026-10-04,141.3949196833745,144.27271957379727,146.46297056561582,145.73705333353004,149.63768892607055,141.3630816909017,143.91302612825876
S03,2026-10-14,10,131.1,2026-10-04,127.87494829422788,127.99768382751728,129.3424570364012,129.42754298690303,132.32547406245368,131.32673148648848,130.33459426144486
S04,2026-10-14,10,131.3,2026-10-04,124.99136340318233,124.21007290756579,126.61630014578091,126.5614500424838,131.23943435349358,125.79964977124183,126.20797495851137
S05,2026-10-14,10,101.4,2026-10-04,104.02064519797769,105.27045347815432,106.89559516158484,106.00314223489302,107.85986155364671,102.20490655416458,104.55025085787472
S06,2026-10-14,10,105.3,2026-10-04,101.78652036260684,103.14750577837366,104.25450976968446,103.5578467329255,106.20733386338595,100.026899763509,102.14070476659673
S07,2026-10-14,10,60.6,2026-10-04,97.97414346288294,98.20589205659533,99.88229083996092,99.32933173307792,103.28285108043015,96.50379331101621,98.19304207548856
S08,2026-10-14,10,139.5,2026-10-04,136.778125719432,137.69829728693264,139.04586037647812,139.0776167866481,142.82432741953974,134.47005843625692,136.75795940636752
S09,2026-10-14,10,123.0,2026-10-04,127.28236461032839,128.39170197893978,128.14201902907283,127.45060287292317,130.70173309090205,128.0169709904097,128.07949500974127
S10,2026-10-14,10,140.1,2026-10-04,125.03105422423117,125.21822481743725,126.74888042586919,126.63484912988184,129.46285891177092,122.9471956665856,124.8480380462274
S11,2026-10-14,10,78.2,2026-10-04,99.60496949028142,101.45024954095179,101.423309787927,100.34512390552308,106.0670748967107,94.89221624228433,98.15776301510567
S12,2026-10-14,10,125.7,2026-10-04,141.1626880873719,141.57567940053372,142.5706274063273,143.02967786906677,144.06080312249298,136.62340572825053,139.5970165672889
S13,2026-10-14,10,157.9,2026-10-04,137.10880089080186,135.31395595736387,133.28736965949574,133.3170493453161,134.12066024923013,134.01299353247774,133.65018159598674
S14,2026-10-14,10,106.8,2026-10-04,107.4648470153762,106.99876725450066,105.69229250678042,105.23301240850817,107.30706955384686,103.80324083394382,104.74776667036213
S15,2026-10-14,10,114.8,2026-10-04,104.87572503424178,104.32699641829564,106.93771444818384,106.49371840793609,114.52806925075353,102.48896384346946,104.71333914582665
S01,2026-10-12,1,111.1,2026-10-11,111.59636349375742,110.88331709936621,107.57436336222631,106.85722364910922,112.27578114378147,117.48360393988945,112.52898365105787
S02,2026-10-12,1,132.8,2026-10-11,133.01835212949925,134.1672985503943,133.2661632611006,132.6143287477263,135.82553847242187,128.53975736055594,130.90296031082826
S03,2026-10-12,1,118.5,2026-10-11,119.01620253110124,119.48617677753049,118.76221276484279,118.42121422718216,121.85699769726583,119.66862833231778,119.21542054858028
S04,2026-10-12,1,117.5,2026-10-11,110.50362519731185,111.018629726482,111.15388581992002,110.87583935166987,113.34013352631871,108.65832128148055,109.9061035507003
S05,2026-10-12,1,115.7,2026-10-11,95.57619000834141,96.2101271549436,95.91155554294947,94.93347300588832,97.17341745669094,93.60701592198888,94.75928573246918
S06,2026-10-12,1,100.8,2026-10-11,87.67998998367239,89.14460154510721,92.23958806151006,91.50541624499242,96.18612223659531,89.3573586688084,90.79847336515923
S07,2026-10-12,1,82.4,2026-10-11,90.76402680161218,90.42774685196247,89.37553214543199,88.3794739116816,90.32650068372647,87.2094691725609,88.29250065899645
S08,2026-10-12,1,127.4,2026-10-11,124.49260841810134,125.98115646335087,125.88693857153844,125.64680219260732,129.29390226189028,122.64141020592128,124.26417438872986
S09,2026-10-12,1,115.6,2026-10-11,117.1076636808673,117.02102011931274,114.70830873974536,114.05062897975465,115.65715115275981,113.26355407698614,113.98593140836576
S10,2026-10-12,1,107.8,2026-10-11,122.44742958882804,122.68893662406207,124.17134275334064,123.65029629221148,127.50495296117022,121.87749176001788,123.02441725667926
S11,2026-10-12,1,56.9,2026-10-11,90.39864132716778,90.62897301641526,89.15921546837683,87.92017214372468,92.20091921049541,84.72873766587378,86.9439765671253
S12,2026-10-12,1,119.8,2026-10-11,127.43882969461437,128.6786117014257,129.3783587766925,129.56638360605436,131.29487236928,125.39302164170547,127.38569020919898
S13,2026-10-12,1,98.6,2026-10-11,123.10352679703247,123.02812262806991,123.38944122277479,123.23539555950791,124.94135445248722,120.82275342955907,122.10609732616693
S14,2026-10-12,1,79.5,2026-10-11,102.33088597619624,103.85365007796783,105.52819900194118,104.40905742356563,108.9935515926133,107.89732917640299,106.71276408917208
S15,2026-10-12,1,72.5,2026-10-11,95.62450229002995,95.80697529098371,95.79868648560951,95.01910428266052,98.11433576374762,95.17156253958227,95.48512451259589
S01,2026-10-13,2,99.2,2026-10-11,111.31638064967113,110.58394426807347,107.27971995556626,107.13870529858232,114.2769057606571,119.8100316356368,113.54487579560154
S02,2026-10-13,2,158.2,2026-10-11,132.73836928541297,133.86792571910155,132.97151985444054,132.8958103971994,134.44217775441288,131.37640403966853,132.17396194705452
S03,2026-10-13,2,114.4,2026-10-11,118.73621968701497,119.18680394623775,118.46756935818276,118.70269587665527,119.60994203193341,122.12170048614652,120.29463492216465
S04,2026-10-13,2,120.7,2026-10-11,110.22364235322557,110.71925689518926,110.85924241325999,111.15732100114298,112.01597138652092,109.85931489774266,110.35927865550133
S05,2026-10-13,2,88.4,2026-10-11,95.29620716425512,95.91075432365086,95.61691213628944,95.21495465536142,95.9746468741511,94.79142690091528,95.20416951860236
S06,2026-10-13,2,87.2,2026-10-11,87.40000713958611,88.84522871381446,91.94494465485002,91.78689789446553,97.04991918644107,91.93733833800111,91.94114149642556
S07,2026-10-13,2,76.0,2026-10-11,90.48404395752588,90.12837402066972,89.08088873877196,88.66095556115471,89.25377099562706,86.91701520100888,87.99895196989041
S08,2026-10-13,2,140.7,2026-10-11,124.21262557401505,125.68178363205813,125.5922951648784,125.92828384208045,127.12640121017063,124.80068251393472,125.19648883940656
S09,2026-10-13,2,82.0,2026-10-11,116.82768083678101,116.72164728801998,114.41366533308532,114.33211062922776,113.98939318473023,115.15819197374763,114.78592865341648
S10,2026-10-13,2,134.3,2026-10-11,122.16744674474175,122.38956379276932,123.87669934668061,123.93177794168459,126.33157438351256,124.31401973907417,124.09535954287739
S11,2026-10-13,2,87.0,2026-10-11,90.11865848308149,90.32960018512252,88.8645720617168,88.20165379319779,90.61574283937618,83.91706932610869,86.39082069391274
S12,2026-10-13,2,125.2,2026-10-11,127.15884685052808,128.37923887013295,129.08371537003245,129.84786525552747,129.49018502758224,127.3724826581401,128.22809901408627
S13,2026-10-13,2,230.1,2026-10-11,122.82354395294618,122.72874979677717,123.09479781611475,123.51687720898101,124.11875887075702,122.62462498433696,122.85971140022585
S14,2026-10-13,2,87.4,2026-10-11,102.05090313210995,103.55427724667508,105.23355559528113,104.69053907303875,108.78913699869825,109.06852727221725,107.15104143374919
S15,2026-10-13,2,87.9,2026-10-11,95.34451944594366,95.50760245969099,95.50404307894946,95.30058593213363,96.43029861584839,96.38034417547365,95.94219362721157
S01,2026-10-14,3,120.8,2026-10-11,120.7077284677413,119.99476310638562,116.71436065214908,116.46833253353401,117.74004398424971,125.32642427801522,121.02039246508215
S02,2026-10-14,3,161.3,2026-10-11,142.12971710348313,143.27874455741372,142.40616055102336,142.22543763215108,140.24773049471608,137.7774920373434,140.09182629418336
S03,2026-10-14,3,131.1,2026-10-11,128.12756750508512,128.5976227845499,127.90221005476558,128.03232311160696,126.4692840449148,131.1375684596022,129.51988925718388
S04,2026-10-14,3,131.3,2026-10-11,119.61499017129573,120.13007573350143,120.29388310984281,120.48694823609466,118.12305880309997,118.50265543824307,119.39826927404295
S05,2026-10-14,3,101.4,2026-10-11,104.68755498232528,105.32157316196302,105.05155283287226,104.54458189031311,102.51247123162106,103.85500579165812,104.45327931226518
S06,2026-10-14,3,105.3,2026-10-11,96.79135495765627,98.25604755212662,101.37958535143284,101.1165251294172,100.1151461429236,96.84646865500551,99.11302700321917
S07,2026-10-14,3,60.6,2026-10-11,99.87539177559604,99.53919285898189,98.51552943535478,97.9905827961064,96.11199621515388,96.5098115352959,97.51267048532534
S08,2026-10-14,3,139.5,2026-10-11,133.6039733920852,135.09260247037028,135.02693586146123,135.25791107703213,133.19702377320692,132.3043019249892,133.6656188932252
S09,2026-10-14,3,123.0,2026-10-11,126.21902865485119,126.13246612633215,123.84830602966814,123.66173786417944,120.87909957497928,123.82881347989061,123.83855975477937
S10,2026-10-14,3,140.1,2026-10-11,131.55879456281193,131.80038263108148,133.3113400432634,133.26140517663626,133.43426830215532,129.80217962541244,131.55675983433792
S11,2026-10-14,3,78.2,2026-10-11,99.51000630115166,99.74041902343468,98.29921275829962,97.53128102814946,96.84591400546581,93.72641017586223,96.01281146708092
S12,2026-10-14,3,125.7,2026-10-11,136.55019466859824,137.79005770844512,138.51835606661527,139.17749249047915,136.51823282423516,134.43031287343928,136.47433447002726
S13,2026-10-14,3,157.9,2026-10-11,132.21489177101634,132.13956863508932,132.52943851269757,132.8465044439327,131.47158647796246,131.09159731653733,131.81051791461744
S14,2026-10-14,3,106.8,2026-10-11,111.44225095018012,112.96509608498725,114.66819629186395,114.02016630799042,115.76760947228944,115.75443004875967,115.21131317031181
S15,2026-10-14,3,114.8,2026-10-11,104.73586726401383,104.91842129800314,104.93868377553228,104.63021316708532,104.03741263362159,105.4365611182944,105.18762244691334
S01,2026-10-15,4,107.2,2026-10-11,123.80826163884716,123.11063084276952,119.82283556751555,119.43648183755039,119.7757959903403,127.81381143323078,123.81832350037317
S02,2026-10-15,4,154.8,2026-10-11,145.230250274589,146.39461229379762,145.51463546638985,145.19358693616746,144.67158814258582,140.75261487351665,143.13362516995323
S03,2026-10-15,4,134.9061224489796,2026-10-11,131.228100676191,131.71349052093382,131.01068497013205,131.00047241562334,132.2650033285058,133.30675367034726,132.15871932023964
S04,2026-10-15,4,141.6,2026-10-11,122.7155233424016,123.24594346988532,123.40235802520928,123.45509754011103,122.47239130039135,121.52805563399679,122.46520682960303
S05,2026-10-15,4,94.4,2026-10-11,107.78808815343115,108.43744089834692,108.16002774823873,107.51273119432949,107.19283553922797,105.40149233016069,106.78076003919972
S06,2026-10-15,4,107.2,2026-10-11,99.89188812876213,101.37191528851052,104.48806026679931,104.08467443343358,104.83266109931333,99.49638234642462,101.99222130661197
S07,2026-10-15,4,107.7,2026-10-11,102.97592494670191,102.65506059536578,101.62400435072125,100.95873210012277,99.78567281764857,97.93856463684781,99.78128449378454
S08,2026-10-15,4,224.5,2026-10-11,136.70450656319107,138.20847020675419,138.13541077682768,138.22606038104848,138.99527600761706,135.56516710927377,136.8502889430507
S09,2026-10-15,4,112.8,2026-10-11,129.31956182595704,129.24833386271604,126.95678094503461,126.62988716819582,125.64730850747443,125.7657021902739,126.36124156765425
S10,2026-10-15,4,148.0,2026-10-11,134.6593277339178,134.91625036746538,136.4198149586299,136.22955448065264,136.5810845529282,132.1265931260129,134.2732040423214
S11,2026-10-15,4,107.2,2026-10-11,102.61053947225751,102.85628675981857,101.40768767366609,100.49943033216584,100.57176874782513,94.7710647568241,98.0893762152451
S12,2026-10-15,4,155.2,2026-10-11,139.6507278397041,140.90592544482902,141.62683098198173,142.14564179449553,141.11547464807137,137.73840297229285,139.6826169771373
S13,2026-10-15,4,146.6,2026-10-11,135.3154249421222,135.25543637147322,135.63791342806405,135.81465374794908,134.94244644841493,133.3428990582405,134.49040624315228
S14,2026-10-15,4,218.4,2026-10-11,114.54278412128598,116.08096382137114,117.77667120723042,116.9883156120068,119.01570062585446,117.82380619423998,117.8002387007352
S15,2026-10-15,4,123.1,2026-10-11,107.8364004351197,108.03428903438703,108.04715869089875,107.5983624711017,108.60709118437894,108.05145674922287,108.04930772006081
S01,2026-10-16,5,114.2,2026-10-11,129.3150065845625,128.6353516275518,125.34736055386313,123.95228233444656,126.30870443247194,131.42593409683812,128.38664732535062
S02,2026-10-16,5,165.6,2026-10-11,150.73699522030432,151.91933307857988,151.0391604527374,149.70938743306365,149.3943340547901,144.43957877321108,147.73936961297426
S03,2026-10-16,5,140.1,2026-10-11,136.73484562190632,137.23821130571608,136.5352099564796,135.5162729125195,136.7836032706569,135.50665300991076,136.02093148319517
S04,2026-10-16,5,150.0,2026-10-11,128.2222682881169,128.7706642546676,128.92688301155684,127.97089803700722,126.39819820199308,126.18730536926917,127.55709419041301
S05,2026-10-16,5,117.5,2026-10-11,113.29483309914647,113.9621616831292,113.6845527345863,112.02853169122567,112.13253758028974,110.80100276793475,112.24277775126052
S06,2026-10-16,5,116.4,2026-10-11,105.39863307447746,106.8966360732928,110.01258525314688,108.60047493032977,109.40138649764248,104.4311945167418,107.22188988494435
S07,2026-10-16,5,115.4,2026-10-11,108.48266989241723,108.17978138014806,107.14852933706882,105.47453259701895,104.52198284219263,102.43687182133316,104.79270057920098
S08,2026-10-16,5,146.3,2026-10-11,142.2112515089064,143.73319099153647,143.65993576317527,142.74186087794467,143.61661924406005,139.33192036494648,141.49592806406088
S09,2026-10-16,5,114.7,2026-10-11,134.82630677167236,134.77305464749833,132.4813059313822,131.145687665092,129.43946438947694,128.87213310049646,130.67671951593934
S10,2026-10-16,5,148.1,2026-10-11,140.16607267963312,140.44097115224767,141.94433994497746,140.74535497754883,141.86807602384056,135.69384083503988,138.81909039000868
S11,2026-10-16,5,129.3,2026-10-11,108.11728441797284,108.38100754460085,106.93221266001366,105.01523082906203,106.4561438565472,99.55124146397684,103.24172706199525
S12,2026-10-16,5,143.5,2026-10-11,145.15747278541943,146.43064622961128,147.1513559683293,146.6614422913917,146.12310708189253,140.53591823548675,143.84363710190803
S13,2026-10-16,5,131.5,2026-10-11,140.82216988783753,140.7801571562555,141.1624384144116,140.33045424484527,139.9732725775271,136.80250481499388,138.98247161470275
S14,2026-10-16,5,115.6,2026-10-11,120.0495290670013,121.60568460615343,123.301196193578,121.50411610890299,124.93488220217418,122.95461420792688,123.12790520075244
S15,2026-10-16,5,114.1,2026-10-11,113.34314538083501,113.55900981916932,113.57168367724633,112.11416296799787,112.47211972532877,111.1730486534108,112.37236616532857
S01,2026-10-17,6,124.2,2026-10-11,124.81772379425563,124.13459131170056,120.83313822123208,119.86897701044687,121.37756242212556,127.37036828078016,124.10175325100612
S02,2026-10-17,6,158.1,2026-10-11,146.23971242999747,147.41857276272867,146.52493812010636,145.62608210906393,146.0881797383785,141.74992474360178,144.13743143185405
S03,2026-10-17,6,165.3,2026-10-11,132.23756283159946,132.73745098986484,132.02098762384855,131.4329675885198,131.99095125007344,133.18349887791842,132.60224325088348
S04,2026-10-17,6,123.4,2026-10-11,123.72498549781005,124.26990393881637,124.41266067892579,123.8875927130075,124.58174459330118,121.96813536305157,123.19039802098868
S05,2026-10-17,6,96.4,2026-10-11,108.79755030883962,109.46140136727797,109.17033040195525,107.94522636722597,108.40221308344589,105.37473901305752,107.2725347075064
S06,2026-10-17,6,120.0,2026-10-11,100.90135028417059,102.39587575744156,105.49836292051583,104.51716960633006,104.82005376835053,98.38492245340571,101.94164268696076
S07,2026-10-17,6,108.2,2026-10-11,103.98538710211038,103.67902106429682,102.63430700443777,101.39122727301925,101.52000308446651,99.07178198122836,100.85304449283306
S08,2026-10-17,6,173.3,2026-10-11,137.71396871859955,139.23243067568524,139.1457134305442,138.65855555394498,139.363243614679,135.9967198291588,137.5712166298515
S09,2026-10-17,6,142.7,2026-10-11,130.3290239813655,130.2722943316471,127.96708359875113,127.0623823410923,126.02298575321082,126.00339689332377,126.98524024603745
S10,2026-10-17,6,126.8,2026-10-11,135.66878988932626,135.94021083639643,137.4301176123464,136.66204965354913,139.6082433180279,133.0425200301179,135.23631882123215
S11,2026-10-17,6,94.9,2026-10-11,103.62000162766599,103.88024722874962,102.4179903273826,100.93192550506232,102.48192639085886,94.99647122921832,98.70723077830046
S12,2026-10-17,6,146.0,2026-10-11,140.66018999511257,141.92988591376007,142.63713363569826,142.578136967392,143.0441726938715,138.5105845435804,140.5738590896393
S13,2026-10-17,6,135.4,2026-10-11,136.32488709753068,136.27939684040427,136.64821608178056,136.24714892084555,137.02351867212937,134.14182549752164,135.39502078965108
S14,2026-10-17,6,122.5,2026-10-11,115.55224627669445,117.1049242903022,118.78697386094694,117.42081078490328,122.1962889646478,117.68611002216198,118.23654194155446
S15,2026-10-17,6,108.9,2026-10-11,108.84586259052816,109.05824950331808,109.05746134461528,108.03085764399816,109.55073806077816,106.59671035633869,107.82708585047698
S01,2026-10-18,7,131.4,2026-10-11,120.44691019813592,119.74417390685298,116.42427536123448,114.65282405119422,121.67116073630342,122.61326619167818,119.51877077645634
S02,2026-10-18,7,117.9,2026-10-11,141.86889883387775,143.02815535788108,142.11607526010877,140.4099291498113,142.77196319634157,136.9586119847143,139.53734362241153
S03,2026-10-18,7,114.8,2026-10-11,127.86674923547974,128.34703358501727,127.61212476385096,126.21681462926715,127.59134556257303,126.62928133904953,127.12070305145025
S04,2026-10-18,7,111.4,2026-10-11,119.35417190169035,119.87948653396877,120.00379781892819,118.67143975375485,121.5620106103076,114.70230982116755,117.35305382004788
S05,2026-10-18,7,102.8,2026-10-11,104.4267367127199,105.07098396243038,104.76146754195764,102.72907340797332,105.97894153134887,102.75691909836374,103.75919332016069
S06,2026-10-18,7,97.4,2026-10-11,96.53053668805089,98.00545835259398,101.08950006051823,99.3010166470774,102.50188503559777,95.37256397589432,98.23103201820628
S07,2026-10-18,7,119.1,2026-10-11,99.61457350599068,99.28860365944924,98.22544414444016,96.1750743137666,98.150844122057,94.95695248866443,96.5911983165523
S08,2026-10-18,7,129.0,2026-10-11,133.34315512247986,134.84201327083764,134.7368505705466,133.4424025946923,135.15611695684174,128.85003954711,131.7934450588283
S09,2026-10-18,7,117.7,2026-10-11,125.9582103852458,125.8818769267995,123.55822073875353,121.84622938183965,124.01871729378851,120.79140010175205,122.17481042025278
S10,2026-10-18,7,133.4,2026-10-11,131.29797629320655,131.54979343154884,133.02125475234882,131.44589669429647,136.38343864585062,127.66243888861524,130.34184682048203
S11,2026-10-18,7,83.0,2026-10-11,99.24918803154628,99.48982982390203,98.009127467385,95.71577254580967,98.50481205287169,94.16949158035831,96.08930952387166
S12,2026-10-18,7,129.8,2026-10-11,136.28937639899286,137.53946850891248,138.22827077570065,137.36198400813936,138.73792658939212,131.51827202741381,134.87327140155725
S13,2026-10-18,7,135.1,2026-10-11,131.95407350141096,131.88897943555668,132.23935322178295,131.0309959615929,133.23453571109494,127.69495245154998,129.96715283666646
S14,2026-10-18,7,103.7,2026-10-11,111.18143268057474,112.7145068854546,114.37811100094935,112.20465782565063,118.1448811085017,114.94028628433367,114.65919864264151
S15,2026-10-18,7,96.2,2026-10-11,104.47504899440845,104.66783209847048,104.64859848461768,102.81470468474551,106.60852107039351,102.65391926296883,103.65125887379325
S01,2026-10-19,8,119.1,2026-10-11,114.93173174563306,114.25918525040109,110.95503535115718,110.24278729939614,112.69963171772741,119.7684001506648,115.361717750911
S02,2026-10-19,8,132.0,2026-10-11,136.3537203813749,137.5431667014292,136.64683525003147,135.99989239801323,138.46796465396287,131.45799748990277,134.05241636996712
S03,2026-10-19,8,141.0,2026-10-11,122.35157078297689,122.86204492856537,122.14288475377366,121.80677787746909,123.59980106292534,121.1815883192447,121.66223653650917
S04,2026-10-19,8,122.7,2026-10-11,113.8389934491875,114.39449787751688,114.53455780885089,114.2614030019568,113.60753335698166,110.7074689205006,112.62101336467575
S05,2026-10-19,8,107.6,2026-10-11,98.91155826021705,99.58599530597849,99.29222753188034,98.31903665617524,100.16518773012956,95.35539481483897,97.32381117335966
S06,2026-10-19,8,90.2,2026-10-11,91.01535823554802,92.52046969614207,95.62026005044093,94.89097989527934,98.33393333881303,92.43365011697288,94.02695508370691
S07,2026-10-19,8,88.4,2026-10-11,94.09939505348781,93.80361500299735,92.75620413436286,91.76503756196853,92.50163885492262,89.00669267771327,90.88144840603806
S08,2026-10-19,8,107.5,2026-10-11,127.82797666997698,129.35702461438575,129.2676105604693,129.03236584289425,130.5184577881334,124.9350319536589,127.10132125706411
S09,2026-10-19,8,113.3,2026-10-11,120.44303193274295,120.3968882703476,118.08898072867623,117.43619263004157,119.25908143089492,115.14860971952332,116.61879522409978
S10,2026-10-19,8,135.8,2026-10-11,125.78279784070368,126.06480477509695,127.55201474227151,127.0358599424984,131.06601952791726,124.80295613456587,126.1774854384187
S11,2026-10-19,8,83.1,2026-10-11,93.73400957904342,94.00484116745014,92.5398874573077,91.30573579401161,92.87349997391995,86.6056501908892,89.57276882409845
S12,2026-10-19,8,131.9,2026-10-11,130.77419794649,132.0544798524606,132.75903076562335,132.95194725634127,132.9705319943349,127.72230089304423,130.2406658293338
S13,2026-10-19,8,136.6,2026-10-11,126.43889504890811,126.40399077910479,126.77011321170566,126.62095920979483,126.83638452766523,122.9564819041215,124.86329755791358
S14,2026-10-19,8,88.0,2026-10-11,105.66625422807188,107.22951822900271,108.90887099087205,107.79462107385255,111.72155370683184,111.37054332709982,110.13970715898594
S15,2026-10-19,8,70.3,2026-10-11,98.95987054190559,99.1828434420186,99.17935847454038,98.40466793294745,99.80022277533675,96.83158450118921,98.0054714878648
S01,2026-10-20,9,109.1,2026-10-11,114.65174890154678,113.95981241910835,110.66039194449714,110.52426894886925,117.18163007682082,122.41697582072331,116.53868388261023
S02,2026-10-20,9,145.9,2026-10-11,136.0737375372886,137.24379387013644,136.35219184337143,136.28137404748634,138.43540722150982,134.51154287891904,135.43186736114524
S03,2026-10-20,9,94.5,2026-10-11,122.0715879388906,122.56267209727262,121.84824134711363,122.0882595269422,123.26802865724201,123.95605290171385,122.90214712441374
S04,2026-10-20,9,211.8,2026-10-11,113.55901060510121,114.09512504622414,114.23991440219086,114.5428846514299,113.75475880912572,112.47088388538906,113.35539914378995
S05,2026-10-20,9,94.6,2026-10-11,98.63157541613076,99.28662247468573,98.99758412522031,98.60051830564835,100.3680792249969,97.02090472901229,98.0092444271163
S06,2026-10-20,9,87.0,2026-10-11,90.73537539146174,92.22109686484933,95.3256166437809,95.17246154475245,99.58163565069755,95.22323219719652,95.27442442048871
S07,2026-10-20,9,109.2,2026-10-11,93.81941220940152,93.5042421717046,92.46156072770283,92.04651921144163,92.40177056355087,89.07686173218143,90.76921122994213
S08,2026-10-20,9,141.9,2026-10-11,127.5479938258907,129.057651783093,128.97296715380926,129.31384749236736,131.0381079158837,127.36827387103605,128.17062051242266
S09,2026-10-20,9,145.1,2026-10-11,120.16304908865666,120.09751543905486,117.79433732201619,117.71767427951468,117.59989306245494,117.40684640797775,117.60059186499697
S10,2026-10-20,9,136.4,2026-10-11,125.5028149966174,125.7654319438042,127.25737133561148,127.31734159197151,131.13847598526846,127.43414508696104,127.34575821128627
S11,2026-10-20,9,75.4,2026-10-11,93.45402673495713,93.7054683361574,92.24524405064767,91.58721744348472,93.5442740812575,86.61126117957494,89.4282526151113
S12,2026-10-20,9,141.9,2026-10-11,130.49421510240373,131.75510702116785,132.4643873589633,133.23342890581438,133.56333764493218,129.97573151884257,131.22005943890292
S13,2026-10-20,9,133.3,2026-10-11,126.15891220482182,126.10461794781205,126.47546980504562,126.90244085926794,127.72520407315787,125.0323230682631,125.75389643665436
S14,2026-10-20,9,100.8,2026-10-11,105.38627138398559,106.93014539770996,108.61422758421202,108.07610272332568,114.13433959031445,112.73662232698403,110.67542495559803
S15,2026-10-20,9,112.1,2026-10-11,98.67988769781931,98.88347061072585,98.88471506788034,98.68614958242055,98.67083863337169,98.39484327779923,98.63977917283978
S01,2026-10-21,10,103.8,2026-10-11,124.04309671961693,123.3706312574205,120.09503264107995,119.85389618382094,124.06683316846623,127.94180808550385,124.01842036329191
S02,2026-10-21,10,163.7,2026-10-11,145.46508535535878,146.65461270844858,145.78683253995425,145.611001282438,145.02831228371696,140.70241669967186,143.24462461981307
S03,2026-10-21,10,119.1,2026-10-11,131.46293575696077,131.97349093558478,131.28288204369645,131.41788676189387,129.9283105314679,132.7133695549256,131.99812579931103
S04,2026-10-21,10,128.8,2026-10-11,122.95035842317137,123.5059438845363,123.67455509877368,123.87251188638157,123.43225745751779,120.8516733516226,122.26311422519814
S05,2026-10-21,10,111.2,2026-10-11,108.02292323420092,108.6974413129979,108.43222482180313,107.93014554060004,107.96214654515866,105.71122196591506,107.07172339385909
S06,2026-10-21,10,87.9,2026-10-11,100.1267232095319,101.6319157031615,104.76025734036371,104.50208877970412,103.80774195514402,100.0342568834157,102.3972571118897
S07,2026-10-21,10,91.8,2026-10-11,103.21076002747168,102.91506101001676,101.89620142428565,101.3761464463933,100.72577576228184,98.67973214979513,100.28796678704039
S08,2026-10-21,10,145.6,2026-10-11,136.93934164396086,138.46847062140517,138.40760785039208,138.64347472731905,138.3427141186491,134.8137874123723,136.6106976313822
S09,2026-10-21,10,138.3,2026-10-11,129.55439690672682,129.50833427736703,127.22897801859901,127.04730151446637,125.22605608703634,126.13916110704226,126.68406956282064
S10,2026-10-21,10,103.3,2026-10-11,134.89416281468755,135.17625078211637,136.6920120321943,136.6469688269232,139.3294655371899,132.71209079637725,134.7020514142858
S11,2026-10-21,10,183.0,2026-10-11,102.8453745530273,103.11628717446955,101.67988474723049,100.91684467843639,101.36830317951102,96.09046359392384,98.88517417057716
S12,2026-10-21,10,149.3,2026-10-11,139.8855629204739,141.16592585948,141.89902805554613,142.56305614076607,141.9452625647915,137.17634655097336,139.53768730325976
S13,2026-10-21,10,146.8,2026-10-11,135.550260022892,135.5154367861242,135.91011050162845,136.2320680942196,136.04388798313823,133.6420802172951,134.77609535946178
S14,2026-10-21,10,88.5,2026-10-11,114.77761920205576,116.34096423602213,118.04886828079482,117.40572995827735,122.18431335566731,119.14344074263272,118.59615451171376
S15,2026-10-21,10,110.5,2026-10-11,108.07123551588947,108.29428944903802,108.31935576446315,108.01577681737223,108.05413634263721,107.15375686616662,107.73655631531489
S01,2026-10-19,1,119.1,2026-10-18,114.55034668439019,114.44115494868262,113.60379587990903,112.78785168147519,117.98344956755145,110.50766649711422,112.05573118851163
S02,2026-10-19,1,132.0,2026-10-18,140.45176748492221,144.05781172010316,147.6507746260242,146.83669540490382,152.75613392074814,149.29403979687058,148.47240721144738
S03,2026-10-19,1,141.0,2026-10-18,122.74989118293365,123.41442949602303,125.26035094104772,125.03253015155732,128.69045982072925,121.79963643246218,123.52999368675495
S04,2026-10-19,1,122.7,2026-10-18,121.02763777136789,120.26408378077029,119.1744000159797,118.91610621067888,119.96780916467702,117.19616392889796,118.18528197243883
S05,2026-10-19,1,107.6,2026-10-18,100.60358666648682,100.0617183267162,100.07607292142316,99.36167850880977,101.43834512133769,97.19928418895486,98.63767855518901
S06,2026-10-19,1,90.2,2026-10-18,100.2176510289406,100.09443249469226,100.08649429093849,99.14093580004537,104.24069966323496,100.41047211176745,100.24848320135297
S07,2026-10-19,1,88.4,2026-10-18,92.84448789533289,93.15318385847884,99.7488345291854,99.09573646602921,107.56266865168294,99.42423743005746,99.58653597962143
S08,2026-10-19,1,107.5,2026-10-18,133.3777136468689,133.80274122652293,132.16243924113672,131.83554912777342,134.13975445930518,130.79118512832642,131.47681218473156
S09,2026-10-19,1,113.3,2026-10-18,115.86064022862847,115.63416583258243,115.27283656447908,115.05806757629398,118.63375051954483,117.17273865371897,116.22278760909902
S10,2026-10-19,1,135.8,2026-10-18,128.48603571417064,129.64858184164075,129.18871889317035,128.48922767685082,131.91298768554748,126.4726597870169,127.83068934009361
S11,2026-10-19,1,83.1,2026-10-18,89.62733182266184,89.31893415632759,87.90962495754191,87.30435239701669,89.65621234580794,84.27633688808676,86.09298092281433
S12,2026-10-19,1,131.9,2026-10-18,131.68718489074305,130.72689929279684,128.92900067945018,129.33928640402016,129.03699112793765,122.5672980097563,125.74814934460323
S13,2026-10-19,1,136.6,2026-10-18,126.26590647151659,126.61188952715153,124.72765358568519,124.84073619963007,127.41557802412648,125.61034271516475,125.16899815042497
S14,2026-10-19,1,88.0,2026-10-18,100.02082867532371,102.90907243275183,102.95755228485916,101.9610268063141,105.16526141244728,99.7609067790525,101.35922953195583
S15,2026-10-19,1,70.3,2026-10-18,98.61998650495565,98.93806063164129,102.05788079182868,101.56118457203371,107.18619027108608,102.22040352198678,102.13914215690772
S01,2026-10-20,2,109.1,2026-10-18,115.05270950095388,114.9218594868737,114.09333784299366,113.62088220159517,115.37728756143329,110.90249485620654,112.4979163496001
S02,2026-10-20,2,145.9,2026-10-18,140.95413030148592,144.53851625829424,148.14031658910883,147.66972592502378,150.00753780383886,157.25149571633096,152.69590615271989
S03,2026-10-20,2,94.5,2026-10-18,123.25225399949734,123.89513403421411,125.74989290413235,125.8655606716773,125.47466490692216,130.3322761376143,128.0410845208733
S04,2026-10-20,2,211.8,2026-10-18,121.53000058793158,120.74478831896137,119.66394197906433,119.74913673079884,118.37725118982806,120.79628030983342,120.23011114444887
S05,2026-10-20,2,94.6,2026-10-18,101.1059494830505,100.54242286490728,100.5656148845078,100.19470902892975,100.26184511392675,97.81833710793579,99.1919759962218
S06,2026-10-20,2,87.0,2026-10-18,100.72001384550427,100.57513703288333,100.57603625402312,99.97396632016535,101.83788043529222,101.53078585437791,101.05341105420052
S07,2026-10-20,2,109.2,2026-10-18,93.34685071189658,93.63388839666992,100.23837649227004,99.92876698614918,105.42800426080858,98.83205178185375,99.5352141370619
S08,2026-10-20,2,141.9,2026-10-18,133.88007646343257,134.283445764714,132.65198120422136,132.66857964789338,131.01034547727286,138.83930475837963,135.74564298130048
S09,2026-10-20,2,145.1,2026-10-18,116.36300304519216,116.1148703707735,115.76237852756371,115.89109809641394,115.105638321543,119.44428046109756,117.60332949433064
S10,2026-10-20,2,136.4,2026-10-18,128.98839853073434,130.12928637983183,129.67826085625498,129.32225819697078,130.0879392837745,135.2363244889017,132.45729267257832
S11,2026-10-20,2,75.4,2026-10-18,90.12969463922552,89.79963869451868,88.39916692062654,88.13738291713666,86.81812455141403,83.15908003083852,85.77912347573253
S12,2026-10-20,2,141.9,2026-10-18,132.18954770730673,131.20760383098792,129.41854264253482,130.17231692414012,126.67686464182451,131.07103197771136,130.2447873101231
S13,2026-10-20,2,133.3,2026-10-18,126.76826928808026,127.09259406534261,125.21719554876982,125.67376671975003,124.82299701009617,132.85299481416473,129.03509518146728
S14,2026-10-20,2,100.8,2026-10-18,100.52319149188739,103.3897769709429,103.4470942479438,102.79405732643407,101.64028803449173,101.36371181049299,102.40540302921839
S15,2026-10-20,2,112.1,2026-10-18,99.12234932151934,99.41876516983237,102.54742275491331,102.39421509215369,104.48121476631155,102.07839812853783,102.31291044172556
S01,2026-10-21,3,103.8,2026-10-18,124.16977309205285,124.05424707524931,123.24859083899821,122.87689553197148,124.37900537311083,122.28024024187204,122.76441554043512
S02,2026-10-21,3,163.7,2026-10-18,150.0711938925849,153.67090384666983,157.29556958511338,156.92573925540012,159.5972337573096,162.81510848683865,160.05533903597603
S03,2026-10-21,3,119.1,2026-10-18,132.36931759059632,133.02752162258972,134.9051459001369,135.12157400205362,134.32919294307302,135.44298751470657,135.17406670742173
S04,2026-10-21,3,128.8,2026-10-18,130.64706417903056,129.87717590733698,128.81919497506888,129.00515006117516,127.5084552994578,127.22621892025573,128.0227069476623
S05,2026-10-21,3,111.2,2026-10-18,110.22301307414948,109.67481045328289,109.72086788051234,109.45072235930607,109.66213275678508,107.00322524840342,108.36204656445788
S06,2026-10-21,3,87.9,2026-10-18,109.83707743660327,109.70752462125894,109.73128925002767,109.22997965054167,111.31508502091626,111.64478039065354,110.6880348203406
S07,2026-10-21,3,91.8,2026-10-18,102.46391430299556,102.76627598504551,109.39362948827458,109.1847803165255,113.42414589127274,109.59201430834317,109.49282189830888
S08,2026-10-21,3,145.6,2026-10-18,142.99714005453157,143.41583335308962,141.8072342002259,141.9245929782697,138.93511083297003,143.1239414657144,142.46558783297016
S09,2026-10-21,3,138.3,2026-10-18,125.48006663629113,125.2472579591491,124.91763152356825,125.14711142679027,123.92787918998697,128.57226479438825,126.74494815897825
S10,2026-10-21,3,103.3,2026-10-18,138.1054621218333,139.26167396820742,138.83351385225953,138.5782715273471,138.701719448677,141.7899290691222,140.31172146069088
S11,2026-10-21,3,183.0,2026-10-18,99.2467582303245,98.93202628289427,97.55441991663109,97.39339624751298,95.36205449947249,93.98392344871773,95.76917168267441
S12,2026-10-21,3,149.3,2026-10-18,141.30661129840573,140.3399914193635,138.57379563853937,139.42833025451645,135.4215643657365,138.00438666188387,138.28909115021162
S13,2026-10-21,3,146.8,2026-10-18,135.88533287917926,136.2249816537182,134.37244854477436,134.92978005012637,133.82159063478807,138.58810446725153,136.48027650601296
S14,2026-10-21,3,88.5,2026-10-18,109.64025508298637,112.5221645593185,112.60234724394834,112.05007065681039,108.72436853695916,109.56431654453243,111.08333189424039
S15,2026-10-21,3,110.5,2026-10-18,108.23941291261832,108.55115275820796,111.70267575091786,111.65022842253,113.15884944370305,111.70605256367601,111.70436415729694
S01,2026-10-22,4,138.7,2026-10-18,128.35639806812827,128.2520620359618,127.44405407515328,126.57445732982607,128.53373139482215,126.87384599659916,127.15895003587622
S02,2026-10-22,4,134.4,2026-10-18,154.2578188686603,157.86871880738235,161.49103282126845,160.62330105325472,163.91560499269215,166.1872832315102,163.83915802638933
S03,2026-10-22,4,142.4,2026-10-18,136.55594256667175,137.2253365833022,139.10060913629195,138.81913579990822,138.02834572330798,139.27655057247514,139.18857985438353
S04,2026-10-22,4,133.9,2026-10-18,134.833689155106,134.07499086804947,133.01465821122395,132.70271185902976,130.40268588004687,130.6850442312171,131.84985122122052
S05,2026-10-22,4,115.5,2026-10-18,114.40963805022491,113.87262541399538,113.91633111666741,113.14828415716067,111.3893936386971,110.01589408021674,111.96611259844207
S06,2026-10-22,4,91.8,2026-10-18,114.02370241267869,113.90533958197145,113.92675248618274,112.92754144839627,114.7868466800186,115.91200845288779,114.91938046953527
S07,2026-10-22,4,96.7,2026-10-18,106.65053927907098,106.96409094575802,113.58909272442965,112.88234211438011,116.1840557523581,112.84690256471538,113.2179976445725
S08,2026-10-22,4,156.9,2026-10-18,147.183765030607,147.61364831380212,146.00269743638097,145.6221547761243,142.85713019095405,146.6788752143235,146.34078632535224
S09,2026-10-22,4,152.7,2026-10-18,129.66669161236655,129.44507291986162,129.1130947597233,128.84467322464488,127.0743209638878,132.90989142050054,131.0114930901119
S10,2026-10-22,4,137.9,2026-10-18,142.29208709790873,143.45948892891994,143.0289770884146,142.27583332520172,142.770491083693,146.8436214731368,144.9362992807757
S11,2026-10-22,4,107.5,2026-10-18,103.43338320639994,103.12984124360678,101.74988315278615,101.09095804536759,99.93384155130161,97.33687639589388,99.54337977434002
S12,2026-10-22,4,139.9,2026-10-18,145.49323627448115,144.53780638007603,142.76925887469443,143.12589205237106,139.3105192516582,142.3534079593158,142.56133341700513
S13,2026-10-22,4,120.4,2026-10-18,140.07195785525468,140.42279661443072,138.56791178092942,138.62734184798094,141.4506629934303,142.48646448223434,140.52718813158188
S14,2026-10-22,4,132.1,2026-10-18,113.8268800590618,116.719979520031,116.79781048010341,115.747632454665,113.57433928732927,113.5688908020748,115.1833506410891
S15,2026-10-22,4,102.6,2026-10-18,112.42603788869374,112.74896771892047,115.89813898707293,115.3477902203846,117.88974410142852,115.85359279957927,115.87586589332611
S01,2026-10-23,5,127.9,2026-10-18,132.93725997469585,132.85134397310756,132.03962902814632,130.59276423475967,132.4591648155012,128.27284265407187,130.1562358411091
S02,2026-10-23,5,132.6,2026-10-18,158.83868077522789,162.4680007445281,166.0866077742615,164.6416079581883,167.42343362922884,170.1194461155257,168.1030269448936
S03,2026-10-23,5,140.3,2026-10-18,141.1368044732393,141.82461852044798,143.696184089285,142.8374427048418,141.590299511688,141.98017552305382,142.83817980616942
S04,2026-10-23,5,143.2,2026-10-18,139.41455106167354,138.67427280519524,137.610233164217,136.72101876396334,134.40159655700646,132.84934323360315,135.22978819891006
S05,2026-10-23,5,125.22244897959185,2026-10-18,118.99049995679246,118.47190735114114,118.51190606966044,117.16659106209426,116.03011576361999,116.50893337674408,117.51041972320226
S06,2026-10-23,5,105.3,2026-10-18,118.60456431924624,118.5046215191172,118.52232743917577,116.94584835332985,118.81099891582792,119.65014224872816,119.08623484395196
S07,2026-10-23,5,109.9,2026-10-18,111.23140118563855,111.56337288290376,118.18466767742268,116.9006490193137,120.35426490219871,118.46240743730925,118.32353755736597
S08,2026-10-23,5,137.5,2026-10-18,151.76462693717454,152.21293025094786,150.59827238937402,149.6404616810579,146.5952676622035,146.59057692293985,148.59442465615695
S09,2026-10-23,5,150.9,2026-10-18,134.24755351893413,134.04435485700736,133.70866971271636,132.86298012957846,132.07899579195208,136.74933099064415,135.22900035168027
S10,2026-10-23,5,252.7,2026-10-18,146.8729490044763,148.0587708660657,147.6245520414076,146.2941402301353,146.66416156169288,148.7566023558143,148.19057719861095
S11,2026-10-23,5,138.0,2026-10-18,108.01424511296749,107.72912318075252,106.34545810577919,105.10926495030118,103.04876090131928,102.70968038290417,104.52756924434168
S12,2026-10-23,5,153.0,2026-10-18,150.0740981810487,149.13708831722178,147.36483382768748,147.14419895730464,142.49556825589806,144.6661344880951,146.0154841578913
S13,2026-10-23,5,152.2,2026-10-18,144.65281976182223,145.02207855157647,143.16348673392247,142.64564875291455,140.9349643943821,144.1309438653435,143.647215299633
S14,2026-10-23,5,108.6,2026-10-18,118.40774196562936,121.31926145717676,121.39338543309644,119.76593935959858,118.5480943360911,117.01875155485176,119.2060684939741
S15,2026-10-23,5,131.0,2026-10-18,117.0068997952613,117.34824965606623,120.49371394006596,119.36609712531819,122.11602361239643,120.70350254113465,120.5986082406003
S01,2026-10-24,6,123.5,2026-10-18,128.6514641542776,128.56551315521833,127.7411358017188,126.6925900334963,127.29226240827728,125.43201220788782,126.58657400480331
S02,2026-10-24,6,148.6,2026-10-18,154.55288495480963,158.18216992663886,161.78811454783397,160.74143375692492,165.0994078689133,166.62483855444535,164.20647655113964
S03,2026-10-24,6,144.7,2026-10-18,136.85100865282106,137.53878770255875,139.39769086285747,138.93726850357845,138.80247063535273,139.2264072760375,139.31204906944748
S04,2026-10-24,6,157.6,2026-10-18,135.1287552412553,134.388441987306,133.31173993778947,132.8208445627,132.29647592037784,130.69500437179389,132.0033721547917
S05,2026-10-24,6,116.4,2026-10-18,114.70470413637422,114.1860765332519,114.21341284323292,113.26641686083089,113.83096428792427,110.71139352565602,112.46240318444447
S06,2026-10-24,6,122.0,2026-10-18,114.31876849882799,114.21879070122796,114.22383421274824,113.04567415206648,115.44922190948532,115.0774181482018,114.65062618047503
S07,2026-10-24,6,124.1,2026-10-18,106.9456053652203,107.27754206501454,113.88617445099516,113.00047481805032,118.83783627022312,113.26643198656384,113.5763032187795
S08,2026-10-24,6,131.9,2026-10-18,147.4788311167563,147.92709943305863,146.2997791629465,145.74028747979452,145.8093361461446,146.2755918384275,146.287685500687
S09,2026-10-24,6,141.5,2026-10-18,129.96175769851587,129.75852403911813,129.41017648628883,128.96280592831508,128.4564011869306,132.14702373885842,130.77860011257363
S10,2026-10-24,6,263.6181818181818,2026-10-18,142.58715318405805,143.77294004817645,143.3260588149801,142.39396602887194,143.5194192580876,146.6123529881211,144.9692059015506
S11,2026-10-24,6,89.4,2026-10-18,103.72844929254924,103.44329236286329,102.04696487935168,101.20909074903781,100.3802957569446,97.25303990747649,99.65000239341408
S12,2026-10-24,6,140.2,2026-10-18,145.78830236063044,144.85125749933255,143.06634060125995,143.24402475604126,140.06505989797355,141.7651612688826,142.4157509350713
S13,2026-10-24,6,157.7,2026-10-18,140.36702394140397,140.73624773368724,138.86499350749494,138.74547455165117,137.5812725786601,142.1779764733831,140.52148499043903
S14,2026-10-24,6,108.9,2026-10-18,114.12194614521111,117.03343063928753,117.09489220666893,115.86576515833521,117.12990934099412,112.75374582823643,114.92431901745269
S15,2026-10-24,6,96.8,2026-10-18,112.72110397484306,113.062418838177,116.19522071363845,115.46592292405482,118.26659010839337,114.75705865329805,115.47613968346825
S01,2026-10-25,7,131.3,2026-10-18,123.58576981353713,123.48284805391457,122.63776182569865,120.8276924360286,121.64321971924464,117.4965518582369,120.06715684196777
S02,2026-10-25,7,118.1,2026-10-18,149.48719061406916,153.09950482533512,156.68474057181382,154.87653615945723,161.48777188303862,158.18257555815612,157.43365806498497
S03,2026-10-25,7,127.6,2026-10-18,131.7853143120806,132.45612260125498,134.29431688683735,133.07237090611073,134.26372100491818,130.80733139198034,132.55082413940886
S04,2026-10-25,7,128.3,2026-10-18,130.06306090051484,129.30577688600223,128.20836596176932,126.95594696523227,128.00490876423632,122.52620440850922,125.36728518513927
S05,2026-10-25,7,118.6,2026-10-18,109.63900979563377,109.10341143194815,109.11003886721278,107.40151926336318,109.98646589642158,106.97447231976723,108.04225559349001
S06,2026-10-25,7,111.3,2026-10-18,109.25307415808754,109.1361255999242,109.1204602367281,107.18077655459878,110.19279142899721,110.14694166503156,109.63370095087984
S07,2026-10-25,7,94.7,2026-10-18,101.87991102447984,102.19487696371077,108.78280047497502,107.13557722058262,113.3543209237944,109.64699522476322,109.21489784986912
S08,2026-10-25,7,145.0,2026-10-18,142.41313677601585,142.84443433175488,141.19640518692634,139.8753898823268,138.55859982691788,138.73712490902227,139.96676504797432
S09,2026-10-25,7,144.0,2026-10-18,124.89606335777542,124.67585893781435,124.3068025102687,123.09790833084737,123.28081658691497,122.80360016524956,123.55520133775913
S10,2026-10-25,7,130.0,2026-10-18,137.5214588433176,138.6902749468727,138.22268483895996,136.52906843140423,138.91884403311178,136.79343018386658,137.50805751141326
S11,2026-10-25,7,99.7,2026-10-18,98.66275495180878,98.36062726155953,96.94359090333153,95.3441931515701,95.80278408378106,92.57388325980142,94.75873708156647
S12,2026-10-25,7,142.4,2026-10-18,140.72260801989,139.76859239802877,137.9629666252398,137.37912715857357,134.3450830344936,131.8744594851902,134.918713055215
S13,2026-10-25,7,133.5,2026-10-18,135.30132960066354,135.6535826323835,133.7616195314748,132.88057695418348,136.31302804578374,134.21408707793756,133.98785330470616
S14,2026-10-25,7,123.0,2026-10-18,109.05625180447066,111.95076553798376,111.99151823064878,110.0008675608675,107.56685272387773,106.4490841829157,109.22030120678224
S15,2026-10-25,7,118.1,2026-10-18,107.6554096341026,107.97975373687322,111.0918467376183,109.60102532658712,112.36654895400856,110.47698600186247,110.78441636974038
S01,2026-10-26,8,110.4,2026-10-18,117.91210991465343,117.83109332021489,117.00226473483882,116.2060710562752,117.65751970648799,112.58264343810202,114.79245408647043
S02,2026-10-26,8,138.0,2026-10-18,143.81353071518546,147.44775009163544,151.049243480954,150.25491477970382,156.53297061164645,152.50215786266122,151.7757006718076
S03,2026-10-26,8,127.3,2026-10-18,126.11165441319689,126.8043678675553,128.6588197959775,128.45074952635736,130.16191782477648,125.10040660740768,126.87961320169259
S04,2026-10-26,8,140.4,2026-10-18,124.38940100163113,123.65402215230256,122.57286887090947,122.33432558547888,122.54610394585087,119.58418435423486,121.07852661257218
S05,2026-10-26,8,96.2,2026-10-18,103.96534989675006,103.45165669824847,103.47454177635294,102.77989788360979,103.71447780239579,100.5192352542988,101.99688851532588
S06,2026-10-26,8,93.5,2026-10-18,103.57941425920383,103.48437086622452,103.48496314586826,102.55915517484539,105.32068174929341,103.27241857504798,103.37869086045812
S07,2026-10-26,8,75.7,2026-10-18,96.20625112559613,96.54312223001111,103.14730338411518,102.51395584082923,107.76596192724605,102.35387642952114,102.75058990681816
S08,2026-10-26,8,140.7,2026-10-18,136.73947687713212,137.1926795980552,135.5609080960665,135.25376850257342,135.6028387069428,133.36178279873073,134.46134544739863
S09,2026-10-26,8,112.5,2026-10-18,119.2224034588917,119.02410420411469,118.67130541940885,118.47628695109398,119.4584030696905,119.33364521833643,119.00247531887264
S10,2026-10-26,8,132.4,2026-10-18,131.8477989444339,133.03852021317303,132.58718774810012,131.90744705165082,134.5157942737883,129.56906444231512,131.0781260952076
S11,2026-10-26,8,113.7,2026-10-18,92.98909505292508,92.70887252785985,91.3080938124717,90.7225717718167,90.66636569641433,86.08583630375796,88.69696505811483
S12,2026-10-26,8,132.4,2026-10-18,135.04894812100628,134.1168376643291,132.32746953437996,132.75750577882016,130.14018558310536,124.42059663737459,128.37403308587727
S13,2026-10-26,8,123.8,2026-10-18,129.6276697017798,130.0018278986838,128.12612244061498,128.25895557443008,135.00488077591058,128.50481320251637,128.31546782156568
S14,2026-10-26,8,72.3,2026-10-18,103.38259190558695,106.29901080428408,106.35602113978894,105.37924618111411,105.28862434914313,102.84849459648034,104.60225786813464
S15,2026-10-26,8,79.9,2026-10-18,101.9817497352189,102.32799900317356,105.45634964675845,104.97940394683373,109.30055781495987,104.88319239970015,105.1697710232293
S01,2026-10-27,9,115.2,2026-10-18,118.41447273121712,118.31179785840598,117.49180669792344,117.03910157639517,117.88966399703548,113.21572468174479,115.35376568983412
S02,2026-10-27,9,145.6,2026-10-18,144.31589353174914,147.92845462982652,151.53878544403864,151.0879452998238,156.70777574476423,160.55152541461,156.04515542932432
S03,2026-10-27,9,129.2,2026-10-18,126.61401722976058,127.28507240574638,129.1483617590621,129.28378004647732,130.05027593720513,133.6708361212588,131.40959894016044
S04,2026-10-27,9,130.9,2026-10-18,124.89176381819482,124.13472669049364,123.06241083399411,123.16735610559886,124.65092954005071,123.43324171380843,123.24782627390127
S05,2026-10-27,9,86.1,2026-10-18,104.46771271331374,103.93236123643955,103.96408373943757,103.61292840372975,105.16896744516593,101.74323576291013,102.85365975117385
S06,2026-10-27,9,127.3,2026-10-18,104.08177707576752,103.96507540441561,103.9745051089529,103.39218569496535,106.2691792535901,104.93124092947791,104.4528730192154
S07,2026-10-27,9,107.1,2026-10-18,96.70861394215981,97.02382676820218,103.63684534719981,103.34698636094919,109.25691742997935,102.36606743667436,103.00145639193708
S08,2026-10-27,9,115.1,2026-10-18,137.24183969369582,137.67338413624628,136.05045005915113,136.08679902269338,137.76328432317445,141.73905775588,138.89475390751556
S09,2026-10-27,9,113.2,2026-10-18,119.7247662754554,119.50480874230577,119.16084738249349,119.30931747121396,119.59235950370959,122.26186440198613,120.71135589223981
S10,2026-10-27,9,131.4,2026-10-18,132.35016176099757,133.5192247513641,133.07672971118475,132.7404775717708,136.35630230426906,138.66877574864588,135.8727527299153
S11,2026-10-27,9,94.0,2026-10-18,93.49145786948877,93.18957706605094,91.79763577555633,91.55560229193668,91.64796058975637,85.55419288182536,88.67591432869085
S12,2026-10-27,9,164.1,2026-10-18,135.55131093756998,134.5975422025202,132.8170114974646,133.59053629894012,131.43033851793342,133.1598883709239,132.98844993419425
S13,2026-10-27,9,128.6,2026-10-18,130.1300325183435,130.4825324368749,128.6156644036996,129.09198609455004,131.90263267620162,135.66740906502628,132.14153673436294
S14,2026-10-27,9,119.6,2026-10-18,103.88495472215064,106.77971534247516,106.84556310287357,106.21227670123407,108.76222281769122,104.44121546265644,105.64338928276501
S15,2026-10-27,9,133.6,2026-10-18,102.48411255178257,102.80870354136464,105.94589160984309,105.81243446695369,111.04318211465807,105.34613459588161,105.64601310286236
S01,2026-10-28,10,121.3,2026-10-18,127.5315363223161,127.44418544678157,126.64705969392799,126.29511490677149,124.14782624744537,124.63236267863846,125.63971118628322
S02,2026-10-28,10,136.7,2026-10-18,153.43295712284814,157.0608422182021,160.69403844004316,160.34395863020012,166.06529151277974,166.2398672776257,163.46695285883442
S03,2026-10-28,10,137.4,2026-10-18,135.73108082085955,136.41745999412197,138.30361475506666,138.53979337685362,140.04432237636595,139.06040397477847,138.68200936492258
S04,2026-10-28,10,132.6,2026-10-18,134.00882740929381,133.26711427886923,132.21766382999866,132.4233694359752,134.49473440311363,130.17086429703934,131.194264063519
S05,2026-10-28,10,88.5,2026-10-18,113.58477630441273,113.06474882481515,113.11933673544212,112.86894173410607,114.62921307895049,110.92767965584264,112.02350819564238
S06,2026-10-28,10,101.0,2026-10-18,113.1988406668665,113.09746299279121,113.12975810495745,112.64819902534167,115.49953140892,115.00950493422108,114.06963151958927
S07,2026-10-28,10,102.4,2026-10-18,105.8256775332588,106.15621435657778,112.79209834320436,112.60299969132551,119.30721810559001,113.0902994316313,112.94119888741783
S08,2026-10-28,10,135.4,2026-10-18,146.3589032847948,146.80577172462188,145.20570305515568,145.34281235306972,148.3374387110371,146.4263978607348,145.81605045794524
S09,2026-10-28,10,113.6,2026-10-18,128.84182986655438,128.63719633068138,128.31610037849802,128.56533080159028,127.73746275905481,131.22843685773103,129.77226861811454
S10,2026-10-28,10,151.7,2026-10-18,141.46722535209656,142.6516123397397,142.2319827071893,141.99649090214712,144.08938960908893,145.3827342141876,143.80735846068845
S11,2026-10-28,10,116.2,2026-10-18,102.60852146058775,102.32196465442654,100.95288877156086,100.81161562231298,101.28690725650861,96.3539044917754,98.65339663166813
S12,2026-10-28,10,158.7,2026-10-18,144.66837452866895,143.7299297908958,141.97226449346914,142.84654962931646,140.42650257605902,140.1051021796135,141.03868333654134
S13,2026-10-28,10,144.5,2026-10-18,139.24709610944248,139.61492002525048,137.77091739970413,138.34799942492637,138.60574630778893,141.67386211984115,139.72238975977262
S14,2026-10-28,10,115.53877551020408,2026-10-18,113.00201831324961,115.91210293085076,116.00081609887812,115.4682900316104,117.81762813327583,112.83232522218005,114.41657066052909
S15,2026-10-28,10,93.2,2026-10-18,111.60117614288156,111.94109112974024,115.10114460584764,115.06844779733001,119.27099138718131,114.97334478348466,115.03724469466616
