sensor_id,target_date,h,y,cutoff,ridge (current),lstm hidden=16 epochs=40,lstm hidden=16 epochs=120,lstm hidden=32 epochs=40,lstm hidden=32 epochs=120
S01,2026-08-10,1,85.7,2026-08-09,69.92808891434282,86.05566937966006,88.55267172237592,80.53012919170516,85.32186430437224
S02,2026-08-10,1,106.6,2026-08-09,98.14578743747333,98.50926948296173,95.68377630370004,96.9448258127485,96.23486185031278
S03,2026-08-10,1,84.0,2026-08-09,87.94889326057108,87.7371309220791,89.93355677351357,86.1312709644437,90.26283695250751
S04,2026-08-10,1,78.2,2026-08-09,83.10614355774925,76.6508679466588,73.25807768872805,77.62701172402926,76.63750458530016
S05,2026-08-10,1,200.0,2026-08-09,63.13734431827501,66.39853282868862,64.09160583317279,64.7913509517908,64.04588683545589
S06,2026-08-10,1,50.0,2026-08-09,77.08577098346684,71.14340228480953,75.51620775820422,74.00098213446992,73.74572673333543
S07,2026-08-10,1,66.5,2026-08-09,64.59952023579896,70.68770705296417,72.19098934943547,70.3889296440663,71.41914926974793
S08,2026-08-10,1,95.5,2026-08-09,92.33262015472096,86.98441765223231,87.75046548758235,87.6195826283523,90.90748622034278
S09,2026-08-10,1,93.6,2026-08-09,86.26391565026451,85.21450576952525,80.99813503793307,84.86267296246119,78.9802570419652
S10,2026-08-10,1,84.9,2026-08-09,90.10777411161123,88.46022834458522,88.15052968838386,86.73157909342221,86.17147685417108
S11,2026-08-10,1,31.0,2026-08-09,56.014636794219655,63.4438924827746,71.63335051025663,65.51471858854805,76.22921209420477
S12,2026-08-10,1,101.9,2026-08-09,102.02431564109357,116.40408462200847,112.96128383193698,118.51081153665271,107.6337849191257
S13,2026-08-10,1,99.0,2026-08-09,92.45560059769454,102.75036934188432,114.74881562760896,104.87215220353431,122.42154795101709
S14,2026-08-10,1,58.5,2026-08-09,68.2018973774263,54.46762140904154,58.08690521929945,55.96693079982485,59.05710045312132
S15,2026-08-10,1,55.8,2026-08-09,71.43557721823632,64.69355443758624,60.05433829767364,63.278188503214295,60.832253417798455
S01,2026-08-11,2,63.8,2026-08-09,69.01989097096231,81.80094566685813,92.14836080116885,78.37051954610007,92.29812045139926
S02,2026-08-11,2,108.6,2026-08-09,97.23758949409282,95.61353781776769,92.0799394096647,94.37174321668489,97.4637855734144
S03,2026-08-11,2,83.0,2026-08-09,87.04069531719057,78.98037562966348,79.23204059600832,80.1229989051819,81.94190840125086
S04,2026-08-11,2,88.7,2026-08-09,82.19794561436873,74.57671571544238,73.39958209565707,75.96443478039332,76.6369919853551
S05,2026-08-11,2,70.2,2026-08-09,62.229146374894505,57.90485567450523,51.692946767807,57.54641569256782,56.36549941301345
S06,2026-08-11,2,46.9,2026-08-09,76.17757304008634,63.02567546708244,62.009460977145615,63.786915442773285,60.078786066600266
S07,2026-08-11,2,162.5,2026-08-09,63.691322292418455,63.2129388911905,56.20745672418496,63.629171536702124,58.65276111795327
S08,2026-08-11,2,93.8,2026-08-09,91.42442221134046,82.13955840979304,81.03007531676974,85.49903935704913,83.99965695057597
S09,2026-08-11,2,77.3,2026-08-09,85.355717706884,82.73620796969958,82.58613241485186,83.28944412640162,85.99146237245627
S10,2026-08-11,2,93.6,2026-08-09,89.19957616823072,82.0886097235339,82.02162676879338,82.82541328498296,86.73260094055108
S11,2026-08-11,2,47.1,2026-08-09,55.106438850839154,54.88125946010862,58.10398798074041,55.31849156703268,55.99282871569906
S12,2026-08-11,2,81.0,2026-08-09,101.11611769771307,123.11373999629703,118.96432167206493,121.02933315847602,119.8801895073482
S13,2026-08-11,2,115.1,2026-08-09,91.54740265431404,89.57414347103662,81.49900454453058,90.25037008694238,85.66237557104654
S14,2026-08-11,2,51.2,2026-08-09,67.29369943404579,48.157306723935264,49.773813002450126,46.78797941718783,52.62021865759577
S15,2026-08-11,2,70.0,2026-08-09,70.52737927485582,60.24661468608039,57.69870834691184,58.07005943996566,62.90331775588649
S01,2026-08-12,3,67.1,2026-08-09,77.20047463807107,93.9291426960911,91.08214080823319,93.07942111534732,94.26029157383101
S02,2026-08-12,3,121.3,2026-08-09,105.41817316120158,109.30837364452226,107.15167605834348,104.07165167438133,103.33858178513391
S03,2026-08-12,3,87.5,2026-08-09,95.22127898429933,97.60650972723963,95.38269470334055,95.23180927038194,94.32305338680746
S04,2026-08-12,3,92.6,2026-08-09,90.3785292814775,88.57130777112074,90.9910529481513,84.8657667266471,88.13800770810671
S05,2026-08-12,3,87.6,2026-08-09,70.40973004200326,80.93264824748039,95.26188275814056,79.63130674362182,92.10738888978958
S06,2026-08-12,3,66.3,2026-08-09,84.35815670719509,85.43972124797958,92.4704698239054,84.87697666031974,91.08806525809425
S07,2026-08-12,3,43.6,2026-08-09,71.87190595952721,85.3297169370832,101.65747209026237,85.77809883787056,101.07028289272209
S08,2026-08-12,3,98.7,2026-08-09,99.6050058784492,98.79980056498732,94.05259881528161,96.15354693446841,91.05718049172845
S09,2026-08-12,3,102.1,2026-08-09,93.53630137399276,97.09226531556673,103.04423687628336,94.51344689003058,98.31889612248965
S10,2026-08-12,3,92.5,2026-08-09,97.38015983533948,98.71660092302731,99.80405786463193,95.75281621345452,99.25065257975034
S11,2026-08-12,3,59.3,2026-08-09,63.28702251794791,67.70212938880016,56.56266402091299,64.33020311977182,60.128939557927
S12,2026-08-12,3,114.7,2026-08-09,109.29670136482181,132.5200346699783,122.77198801104512,132.77570432339397,123.54195224408593
S13,2026-08-12,3,100.9,2026-08-09,99.7279863214228,107.06755997969634,107.25067476167209,103.81061396918125,108.10454412720031
S14,2026-08-12,3,33.8,2026-08-09,75.47428310115455,59.95798274938549,57.51047503267016,56.33166428719248,55.584725700957435
S15,2026-08-12,3,64.5,2026-08-09,78.70796294196457,74.07449441296714,76.20329516274589,73.36524496121066,75.31082438571113
S01,2026-08-13,4,77.6,2026-08-09,82.08665941556886,93.73351727170603,99.31478631240981,91.55489262683051,99.39116221410887
S02,2026-08-13,4,112.7,2026-08-09,110.30435793869935,109.03780581014497,108.79027517097337,109.50887100355966,109.66671825902803
S03,2026-08-13,4,110.6,2026-08-09,100.1074637617971,90.5813030794263,91.27345940917732,91.74999556392433,91.24571530967953
S04,2026-08-13,4,102.2,2026-08-09,95.26471405897529,84.31731915122695,85.36368169377424,85.81449423006602,89.04878269902296
S05,2026-08-13,4,77.0,2026-08-09,75.29591481950105,67.33685932159423,63.75558613836765,69.03218627013266,65.73340348005294
S06,2026-08-13,4,63.5,2026-08-09,89.24434148469288,69.51471914989608,69.16382362587112,73.22478139294046,69.3008442733969
S07,2026-08-13,4,54.5,2026-08-09,76.758090737025,74.42761762573143,75.14593052251955,78.24719800187965,73.37044617666622
S08,2026-08-13,4,113.3,2026-08-09,104.491190655947,94.23569223795619,92.45810496572938,96.55198610339846,95.94641837243523
S09,2026-08-13,4,92.5,2026-08-09,98.42248615149055,93.3781795727355,96.43996400407381,98.25786022118159,95.96889434031077
S10,2026-08-13,4,85.4,2026-08-09,102.26634461283727,92.35321947761945,95.72089308329991,94.24521916934422,94.9563059342759
S11,2026-08-13,4,65.18367346938776,2026-08-09,68.17320729544569,68.9337133766285,66.98306802298342,68.83546722690974,68.23497213061367
S12,2026-08-13,4,109.8,2026-08-09,114.1828861423196,126.10857462797847,126.49688203175154,134.30463871274677,124.7605439211109
S13,2026-08-13,4,122.1,2026-08-09,104.61417109892058,102.8907949047429,97.04781490734644,102.59356665781564,101.31011809578962
S14,2026-08-13,4,70.9938775510204,2026-08-09,80.36046787865234,55.28748702321734,61.44701806892242,54.440585487229484,60.54882776056017
S15,2026-08-13,4,60.2,2026-08-09,83.59414771946237,73.32367593688625,75.18320264560836,73.3195002589907,76.42846362931388
S01,2026-08-14,5,96.7,2026-08-09,86.95623381446872,105.21747228247777,128.78741827351706,100.50883796555654,116.6069647346224
S02,2026-08-14,5,118.4,2026-08-09,115.17393233759923,119.06589315789087,114.77355705159052,114.72582565205438,114.5436366047178
S03,2026-08-14,5,94.9,2026-08-09,104.97703816069698,101.8765678524971,96.59996311068537,99.27332679629328,95.91336379647257
S04,2026-08-14,5,106.9,2026-08-09,100.13428845787514,89.50111750534602,85.13162473870948,88.51662125459738,86.40782168156333
S05,2026-08-14,5,67.8,2026-08-09,80.16548921840091,77.36284113526344,71.59090391397476,77.52535990476608,76.8931133210659
S06,2026-08-14,5,77.6,2026-08-09,94.11391588359274,81.04966407162803,75.86310158303033,82.88839658243316,75.93396368073965
S07,2026-08-14,5,60.1,2026-08-09,81.62766513592486,80.19092558457275,75.15381882472654,78.67686590685268,75.63213771714588
S08,2026-08-14,5,112.7,2026-08-09,109.36076505484687,99.50400634620871,98.59147711609091,100.5482577434608,96.28963383798089
S09,2026-08-14,5,95.4,2026-08-09,103.2920605503904,100.49505574277468,101.29960743359156,103.23309717348643,102.48797950914927
S10,2026-08-14,5,119.1,2026-08-09,107.13591901173713,102.01364153453282,101.09167688914708,102.44968899914197,102.19349258967809
S11,2026-08-14,5,77.7,2026-08-09,73.04278169434556,76.19441341246878,78.31200103844915,71.53295207406794,70.52197888131653
S12,2026-08-14,5,119.5,2026-08-09,119.05246054121946,141.1105831554958,147.66428521190372,139.75691547904697,141.6344170859882
S13,2026-08-14,5,106.3,2026-08-09,109.48374549782045,104.68546822092361,103.51793020388908,102.5372652279479,101.53602975777216
S14,2026-08-14,5,62.8,2026-08-09,85.2300422775522,60.19098084483828,60.215055719656604,58.49127132509436,59.260376878721374
S15,2026-08-14,5,90.5,2026-08-09,88.46372211836223,78.28619512064117,79.43238349897521,75.84633486611503,79.5106555734362
S01,2026-08-15,6,85.9,2026-08-09,85.78216469774395,92.67025683564799,97.75516372663634,90.7634537715997,91.22663308424609
S02,2026-08-15,6,109.2,2026-08-09,113.99986322087446,117.31913880961282,118.43112008231027,114.21893881218774,114.77452860730035
S03,2026-08-15,6,129.0,2026-08-09,103.80296904397221,96.37341628670694,90.57602546066047,93.62932461202146,88.41776821184905
S04,2026-08-15,6,98.7,2026-08-09,98.96021934115038,89.35971703401633,86.5097275564713,88.85395821205206,88.10804314932652
S05,2026-08-15,6,84.1,2026-08-09,78.99142010167614,71.14659897089004,73.23204665482044,69.94482951741665,68.47471413239836
S06,2026-08-15,6,52.4,2026-08-09,92.93984676686799,81.83255580706256,78.34300374133247,80.51671025795596,78.89730011565345
S07,2026-08-15,6,41.0,2026-08-09,80.45359601920009,88.99872405959984,89.69088150693794,85.83001895381828,91.24140097333809
S08,2026-08-15,6,238.1,2026-08-09,108.18669593812209,93.77626187120165,85.96191487227168,94.61930228349354,84.07896540079798
S09,2026-08-15,6,105.3,2026-08-09,102.11799143366564,110.34260509184428,114.6491136925561,108.3703946845872,115.63946274689265
S10,2026-08-15,6,112.7,2026-08-09,105.96184989501236,104.4641166312354,102.61103132196835,101.56690844723157,101.36488893457822
S11,2026-08-15,6,52.6,2026-08-09,71.8687125776208,66.23603462811027,60.015499997990474,65.52011206384216,52.32909585918699
S12,2026-08-15,6,115.5,2026-08-09,117.87839142449471,161.32045587812152,195.68432173047748,155.89001080308643,189.21424946103778
S13,2026-08-15,6,103.91836734693877,2026-08-09,108.30967638109568,102.0069932507617,94.14456206730432,100.1165160851819,96.52277845314569
S14,2026-08-15,6,75.2,2026-08-09,84.05597316082743,50.5070283642837,51.93529497895922,52.71683033619608,49.09741949353899
S15,2026-08-15,6,76.1,2026-08-09,87.28965300163746,76.91948073250907,77.41659017545837,74.59846170885223,77.46647330267089
S01,2026-08-16,7,76.7,2026-08-09,78.57670587352403,78.70255094511168,73.27771243197577,83.77689961833613,73.79372623307364
S02,2026-08-16,7,94.5,2026-08-09,106.79440439665454,100.76975440191372,106.1803360428129,103.28321111904724,101.99141646320267
S03,2026-08-16,7,95.5,2026-08-09,96.5975102197523,85.96628344506027,83.38426257371904,86.12679279297592,81.22414628863336
S04,2026-08-16,7,91.9,2026-08-09,91.75476051693046,77.6658039169652,73.10229200891085,78.14478907755442,75.45927274993487
S05,2026-08-16,7,66.0,2026-08-09,71.78596127745622,65.500734141469,67.75781954675912,64.57246332466602,66.06055102348327
S06,2026-08-16,7,40.7,2026-08-09,85.73438794264806,75.09283137960094,73.20024141562837,75.3421373524304,72.6197936896767
S07,2026-08-16,7,39.3,2026-08-09,73.24813719498017,76.88785596324821,77.09263405336758,76.55829294158836,77.91551901533028
S08,2026-08-16,7,88.9,2026-08-09,100.98123711390217,86.14050379906382,80.91117150102343,84.95322770391192,75.94625211272921
S09,2026-08-16,7,110.4,2026-08-09,94.91253260944572,94.27036014965601,100.59059751800127,98.12973109654017,99.79414088300295
S10,2026-08-16,7,162.7,2026-08-09,98.75639107079245,92.6033295077937,92.39054185726813,91.8735143115478,90.40826689724013
S11,2026-08-16,7,147.1,2026-08-09,64.66325375340087,52.68611278023039,50.86518492187773,57.49686251963888,47.61488105739866
S12,2026-08-16,7,114.4,2026-08-09,110.67293260027478,148.4123726776668,192.27860173497882,144.99326100860324,189.18440541539874
S13,2026-08-16,7,97.1,2026-08-09,101.10421755687575,93.5235010402543,91.39510858229227,92.40061807802743,89.36045932940073
S14,2026-08-16,7,60.2,2026-08-09,76.85051433660752,44.456999712330955,42.81640570674624,48.012103848797935,43.438609652859824
S15,2026-08-16,7,79.1,2026-08-09,80.08419417741754,63.435111141630586,68.14073791527855,66.26994120223182,71.25509003443378
S01,2026-08-17,8,83.4,2026-08-09,73.4608475200254,94.02516801399844,109.03549846751348,96.29100393993514,101.78018268687383
S02,2026-08-17,8,125.7,2026-08-09,101.6785460431559,112.36359001653535,116.07937858956201,116.55757622378214,110.18627779143198
S03,2026-08-17,8,90.7,2026-08-09,91.48165186625367,98.47799892425539,101.60154159069062,100.4439292371273,99.33013374805452
S04,2026-08-17,8,85.5,2026-08-09,86.63890216343184,87.19224739841052,85.78866157702036,95.89736048153468,86.09975563383527
S05,2026-08-17,8,72.3,2026-08-09,66.6701029239576,79.80412966609,89.3886124253273,78.69159556031227,79.30573350787162
S06,2026-08-17,8,65.3,2026-08-09,80.61852958914943,84.6878757093634,90.77101921183723,92.49040757758277,87.46423324091094
S07,2026-08-17,8,73.4,2026-08-09,68.13227884148155,83.98019699885269,96.70419050886055,92.6176603002729,92.63406945897957
S08,2026-08-17,8,109.4,2026-08-09,95.86537876040354,100.44407329474177,100.55954686318125,100.35206607495036,96.01953874294247
S09,2026-08-17,8,80.2,2026-08-09,89.7966742559471,101.94077310732432,102.02544895580836,107.80443517139979,100.42343182138033
S10,2026-08-17,8,107.2,2026-08-09,93.64053271729382,103.68299627133779,103.98316228219441,104.90186655351094,98.83223393389157
S11,2026-08-17,8,60.9,2026-08-09,59.54739539990224,68.49431012395237,66.943521086233,75.72708468522345,80.13731579865728
S12,2026-08-17,8,108.9,2026-08-09,105.55707424677615,143.3678706577846,155.36484619889941,155.38704296861377,152.9751350573131
S13,2026-08-17,8,97.2,2026-08-09,95.98835920337714,110.26592943242616,126.33063662222452,117.74003449252672,131.3304530399186
S14,2026-08-17,8,69.1,2026-08-09,71.7346559831089,58.58308557484831,60.177244768185275,67.49372255120959,63.04846923862185
S15,2026-08-17,8,67.3,2026-08-09,74.9683358239189,72.67750570816654,76.66462095720428,82.29884313685554,79.95647074920791
S01,2026-08-18,9,65.4,2026-08-09,72.5526495766449,88.82934395713465,96.35302033764975,91.62512813253062,91.91612881166594
S02,2026-08-18,9,116.6,2026-08-09,100.7703480997754,110.90500028388841,109.41721619623048,112.35338570134981,105.28113254862173
S03,2026-08-18,9,97.6,2026-08-09,90.57345392287316,91.9315567135811,94.51690669059755,97.68559689521791,90.43369124531748
S04,2026-08-18,9,72.1,2026-08-09,85.73070422005132,88.61390423050948,85.56998382343777,93.22619695237704,83.13747249564953
S05,2026-08-18,9,67.8,2026-08-09,65.7619049805771,67.23636831194162,65.63656977415084,76.02020106315612,65.1868124961853
S06,2026-08-18,9,83.0,2026-08-09,79.71033164576893,81.19872970027583,84.37669699532645,90.52517687422889,79.24872984630721
S07,2026-08-18,9,72.0,2026-08-09,67.22408089810105,81.72155423595329,87.07965417339226,89.77792514993568,76.86023219062706
S08,2026-08-18,9,102.9,2026-08-09,94.95718081702304,93.19954027373876,93.51788691197123,100.34212551031794,85.19290617619242
S09,2026-08-18,9,80.3,2026-08-09,88.88847631256658,104.8402872460229,106.21112404039927,103.71821937731333,102.729670383249
S10,2026-08-18,9,75.5,2026-08-09,92.73233477391332,99.10560467668942,100.77070364185742,101.90896981784276,97.67532938548497
S11,2026-08-18,9,45.2,2026-08-09,58.63919745652174,63.45921832706247,65.30998110409294,73.59419393922602,68.89176362763558
S12,2026-08-18,9,183.1,2026-08-09,104.64887630339565,156.4013828924724,172.28120168958392,153.95587584291187,170.79053720746722
S13,2026-08-18,9,107.2,2026-08-09,95.08016125999663,102.27088536492414,109.03511214426584,115.68462345174379,113.51065132192201
S14,2026-08-18,9,51.9,2026-08-09,70.82645803972838,54.34010770235743,59.08664945576872,64.53229706798281,58.689528294546264
S15,2026-08-18,9,71.0,2026-08-09,74.0601378805384,71.08695352716106,68.99476604802268,79.40909298402923,72.74185376507896
S01,2026-08-19,10,76.7,2026-08-09,80.73323324375366,100.443053064176,105.31778391940252,94.86312475545066,96.86556440336363
S02,2026-08-19,10,119.0,2026-08-09,108.95093176688417,118.4732009615217,117.35303746121271,114.15799604313715,105.10609382348402
S03,2026-08-19,10,117.5,2026-08-09,98.75403758998192,101.2451609492302,102.4755885720253,97.75190184712412,90.35190398693086
S04,2026-08-19,10,104.5,2026-08-09,93.91128788716009,97.21491221359797,88.63381292692252,92.46486905983515,87.68652170917817
S05,2026-08-19,10,95.9,2026-08-09,73.94248864768585,80.382540589571,85.99168858528137,77.90604061484336,80.38185364603996
S06,2026-08-19,10,74.8,2026-08-09,87.8909153128777,88.83992110831397,93.50120698554176,90.56928133113044,88.98757671458381
S07,2026-08-19,10,58.0,2026-08-09,75.4046645652098,90.97631527616402,97.089454071063,98.30635590984245,92.06481976940056
S08,2026-08-19,10,127.3,2026-08-09,103.1377644841318,100.67170194302287,95.0552103756794,102.51080623779978,87.45395473156657
S09,2026-08-19,10,83.0,2026-08-09,97.06905997967534,107.27927801779337,109.08921179941721,104.70515904596873,107.05980775526591
S10,2026-08-19,10,104.6,2026-08-09,100.91291844102207,107.88351142236165,107.78816932269505,103.59344923325948,100.11707910725049
S11,2026-08-19,10,53.0,2026-08-09,66.8197811236305,70.15480607386147,66.72865444432412,68.25568888905858,58.29724859084402
S12,2026-08-19,10,107.5,2026-08-09,112.82945997050442,167.45284697328296,186.40075525556293,164.16897675309863,178.29841574941364
S13,2026-08-19,10,98.1,2026-08-09,103.26074492710539,113.44212684205598,112.27491218021936,109.43052414229936,104.81771919301576
S14,2026-08-19,10,51.5,2026-08-09,79.00704170683714,60.5351557589003,59.74363196705069,57.49222818825926,57.20197629247393
S15,2026-08-19,10,61.3,2026-08-09,82.24072154764715,81.55389832598823,83.25653182608741,79.56793936235565,82.0215995822634
S01,2026-08-17,1,83.4,2026-08-16,82.08390462323781,76.6539312345641,75.04548909195832,75.29734255799225,75.20305806824139
S02,2026-08-17,1,125.7,2026-08-16,108.38705105669663,108.8393958619663,105.94091847155778,107.60300647084205,107.73020054761855
S03,2026-08-17,1,90.7,2026-08-16,95.4138944165694,95.25069298063006,92.94345380578723,95.37960683767285,93.20387543950763
S04,2026-08-17,1,85.5,2026-08-16,93.80389272938206,86.8181503219264,86.08159411975316,86.25011358686857,85.0473820073264
S05,2026-08-17,1,72.3,2026-08-16,72.1667196472456,90.56468243109329,96.80907903569086,91.46689167576177,99.58488894956453
S06,2026-08-17,1,65.3,2026-08-16,66.9012596888609,47.16488017269543,48.643431500877654,50.002329484905516,47.118054763759886
S07,2026-08-17,1,73.4,2026-08-16,57.533501731692,63.25113053832735,64.96099743459905,61.819434793932096,63.15379578088011
S08,2026-08-17,1,109.4,2026-08-16,95.04041880041635,113.0979643847261,111.1008466865335,112.48480171816688,110.78465298669677
S09,2026-08-17,1,80.2,2026-08-16,96.8518136856399,91.99453971726554,93.71287904126304,92.62849509162562,93.45657571596759
S10,2026-08-17,1,107.2,2026-08-16,96.96718037651506,104.34273199864796,103.66573834546975,103.78815734514168,103.74132187792233
S11,2026-08-17,1,60.9,2026-08-16,62.930963605965765,60.45369509091879,58.99529907336737,60.617366465239776,59.72653854122664
S12,2026-08-17,1,108.9,2026-08-16,107.97258868700796,97.56918097223554,96.27583990182195,99.1717613705567,95.29290790046964
S13,2026-08-17,1,97.2,2026-08-16,101.97278995761346,104.13653868838666,105.27633959084271,100.05154125049232,104.96574053197621
S14,2026-08-17,1,69.1,2026-08-16,67.23700861964679,48.340321124034446,47.90195280356936,49.455961376863044,47.725081235604804
S15,2026-08-17,1,67.3,2026-08-16,76.05634325556684,66.45917124365057,64.20645355497088,66.90174169157233,63.450858139140266
S01,2026-08-18,2,65.4,2026-08-16,80.78751725718877,72.23820829817227,71.22337365576199,71.20405579039029,70.73984885641507
S02,2026-08-18,2,116.6,2026-08-16,107.09066369064759,107.21530638251988,106.76068350289552,105.4388003758022,106.87650464091985
S03,2026-08-18,2,97.6,2026-08-16,94.11750705052036,92.56737122152533,92.88946205590453,92.43233503614154,91.70738721106734
S04,2026-08-18,2,72.1,2026-08-16,92.507505363333,87.38937665053777,85.91437552400998,86.36932585665159,85.89348856636457
S05,2026-08-18,2,67.8,2026-08-16,70.87033228119655,86.89325405614717,84.81583698051317,87.2973582740341,83.78523914473398
S06,2026-08-18,2,83.0,2026-08-16,65.60487232281184,44.4166813654559,40.23485897609166,45.08436067530087,39.22246961423329
S07,2026-08-18,2,72.0,2026-08-16,56.23711436564295,61.39810520623411,61.9389551452228,61.510868998510496,61.36568698499884
S08,2026-08-18,2,102.9,2026-08-16,93.74403143436729,113.13051597135406,112.31822387235503,112.82909826295715,111.3949874128614
S09,2026-08-18,2,80.3,2026-08-16,95.55542631959085,92.97141886694091,93.9184210021581,90.16012556297439,91.07922397000449
S10,2026-08-18,2,75.5,2026-08-16,95.670793010466,103.15874570735863,103.8104934407132,101.51087397464684,101.97956429549626
S11,2026-08-18,2,45.2,2026-08-16,61.63457623991671,57.99802470436598,55.72734403839613,57.115721734671844,57.30046633115317
S12,2026-08-18,2,183.1,2026-08-16,106.67620132095891,98.84512568201338,98.79723558511053,99.92078462924276,97.91293660487447
S13,2026-08-18,2,107.2,2026-08-16,100.67640259156441,100.09412280871986,99.18327070429443,97.1411239321482,98.68607781484245
S14,2026-08-18,2,51.9,2026-08-16,65.94062125359773,45.56556770248942,43.861116260724586,45.279024333196205,44.86809799118571
S15,2026-08-18,2,71.0,2026-08-16,74.7599558895178,64.44444521580424,63.99233802471842,62.69469200883593,62.97973110590662
S01,2026-08-19,3,76.7,2026-08-16,87.24348690243296,78.34953804553619,73.85837653705052,80.1422097166734,73.19541083702019
S02,2026-08-19,3,119.0,2026-08-16,113.5466333358918,113.62586006139009,115.80535493407933,114.7482930085489,114.86336014781682
S03,2026-08-19,3,117.5,2026-08-16,100.57347669576455,101.8034804782697,101.2469995937177,102.45723018263067,100.44506417427743
S04,2026-08-19,3,104.5,2026-08-16,98.9634750085772,95.31519802563957,95.0009516281741,95.84555242487363,94.32637861042417
S05,2026-08-19,3,95.9,2026-08-16,77.32630192644075,100.82843853490692,108.23362050907951,99.292649983934,108.28873841421944
S06,2026-08-19,3,74.8,2026-08-16,72.06084196805605,53.19121113547257,55.763951004828726,53.75015331932477,53.615177856172835
S07,2026-08-19,3,58.0,2026-08-16,62.69308401088715,63.76112203512873,66.09895850930894,65.59028949056352,65.30754768688763
S08,2026-08-19,3,127.3,2026-08-16,100.2000010796115,119.74900422537964,120.18373785868086,120.76150692919533,119.14672792809348
S09,2026-08-19,3,83.0,2026-08-16,102.01139596483505,100.92570565087455,104.8858881686415,101.8592708502497,104.52391139609473
S10,2026-08-19,3,104.6,2026-08-16,102.12676265571021,113.37213197478226,113.81116451450757,112.53322342165879,112.6401548994439
S11,2026-08-19,3,53.0,2026-08-16,68.09054588516092,62.07435730329062,58.47129154434706,65.15314470460916,59.19881466260458
S12,2026-08-19,3,107.5,2026-08-16,113.1321709662031,106.80195432464991,105.99955631728683,110.7724839293531,106.36081522639309
S13,2026-08-19,3,98.1,2026-08-16,107.13237223680862,102.6372123475325,102.06138267769931,103.70164401486038,103.5231944139254
S14,2026-08-19,3,51.5,2026-08-16,72.39659089884194,48.476587772803825,44.386580378251594,51.537721395926994,45.36089429302744
S15,2026-08-19,3,61.3,2026-08-16,81.215925534762,70.09723601181592,71.20421089016433,70.8261855146249,71.23695707664426
S01,2026-08-20,4,191.7,2026-08-16,92.26490782643155,80.3583240514355,79.16919170233554,83.44046430715493,80.16953919136098
S02,2026-08-20,4,116.1,2026-08-16,118.56805425989037,115.83521350835053,117.217859100444,117.01547897968976,116.77982307587354
S03,2026-08-20,4,98.2,2026-08-16,105.59489761976315,102.6486937126943,103.79144737337316,103.3862393519708,103.22939345453466
S04,2026-08-20,4,98.2,2026-08-16,103.98489593257578,98.67245804795198,97.64735911318235,99.4117389274495,98.50376721748285
S05,2026-08-20,4,64.2,2026-08-16,82.34772285043934,94.11337673994048,90.89441178696497,95.90177359389408,91.804722234181
S06,2026-08-20,4,83.3,2026-08-16,77.08226289205464,51.26269577571324,50.40400891133717,52.656486318792616,50.54332731791905
S07,2026-08-20,4,98.2,2026-08-16,67.71450493488574,64.55431699220622,62.68715846751417,66.65727521692003,63.523939134819166
S08,2026-08-20,4,111.8,2026-08-16,105.22142200361009,123.11915249483924,123.24430045591932,122.96856229113679,121.95646573709588
S09,2026-08-20,4,88.1,2026-08-16,107.03281688883362,102.05119817895549,104.72869358403342,102.08057544572013,103.23085046751159
S10,2026-08-20,4,98.5,2026-08-16,107.14818357970879,113.52756561466626,114.1693988604205,112.46032172569207,113.33261856564454
S11,2026-08-20,4,78.0,2026-08-16,73.1119668091595,67.0751740545621,67.01005476942564,70.54628081104065,66.35197460135723
S12,2026-08-20,4,95.5,2026-08-16,118.1535918902017,110.89278547401939,111.4116493084601,110.12153564329658,109.42597486387406
S13,2026-08-20,4,99.7,2026-08-16,112.1537931608072,105.87537330232082,103.16147282376407,107.2328968870592,104.59595862432836
S14,2026-08-20,4,78.2,2026-08-16,77.41801182284051,54.917954072790664,55.392186508017105,55.763315201240104,54.540258065300506
S15,2026-08-20,4,109.4,2026-08-16,86.23734645876057,74.52101870690073,75.66188215528216,74.6824306926557,74.91804785345282
S01,2026-08-21,5,92.7,2026-08-16,97.37303056554993,88.25483242103032,92.0890770299094,90.50369555183819,91.20542103477887
S02,2026-08-21,5,107.6,2026-08-16,123.67617699900873,122.41507939611165,121.96980066214292,122.34046406660764,121.00428588305203
S03,2026-08-21,5,114.5,2026-08-16,110.7030203588815,109.63621141229356,108.09857325468744,107.5970523229667,108.47135262404169
S04,2026-08-21,5,109.0,2026-08-16,109.09301867169415,101.97943214603833,99.66945525535516,102.21517000624112,103.49288199373655
S05,2026-08-21,5,72.3,2026-08-16,87.4558455895577,102.08540512578827,100.7844480718885,99.99037115233286,101.08900769012314
S06,2026-08-21,5,79.6,2026-08-16,82.190385631173,56.24571099446288,58.25634539627603,57.61211483308247,58.09304878615907
S07,2026-08-21,5,70.2,2026-08-16,72.8226276740041,66.43776472125734,64.99880093548978,68.90245906476463,66.57547317378754
S08,2026-08-21,5,110.5,2026-08-16,110.32954474272844,126.22482084589343,127.81516627328735,126.6259075786386,126.54599786656242
S09,2026-08-21,5,222.6,2026-08-16,112.140939627952,109.11061323625701,108.81134427530425,108.51854390842574,109.24712351901191
S10,2026-08-21,5,208.3,2026-08-16,112.25630631882716,120.07062451669148,120.67144827672413,118.1930610699313,120.14041410514287
S11,2026-08-21,5,89.7,2026-08-16,78.22008954827785,71.33702266445661,72.55315970113779,73.24933226635957,72.05171513786817
S12,2026-08-21,5,127.0,2026-08-16,123.26171462932005,116.71920860494886,118.07419801439558,116.41851807321821,116.6896126636437
S13,2026-08-21,5,123.9,2026-08-16,117.26191589992555,107.14848199516057,105.1793522167158,108.38133003219484,108.18439907982467
S14,2026-08-21,5,76.5,2026-08-16,82.52613456195888,57.26343223496012,59.63556452325217,58.87261806774556,62.02821934266619
S15,2026-08-21,5,86.3,2026-08-16,91.34546919787894,82.2851495376655,82.93411969457354,82.37294866953577,83.22920068417277
S01,2026-08-22,6,81.1,2026-08-16,97.19497562543103,83.26719956525734,82.25937815436295,86.96033949085644,83.08626631328038
S02,2026-08-22,6,126.3,2026-08-16,123.49812205888985,121.10130361829488,122.06078566227643,121.2059686294624,121.9313646069595
S03,2026-08-22,6,110.2,2026-08-16,110.5249654187626,108.90919791374887,111.04678960357393,106.59937860284532,109.95700957093919
S04,2026-08-22,6,108.3,2026-08-16,108.91496373157526,103.48985407778196,100.13094831534795,100.92341218420438,101.82956073709897
S05,2026-08-22,6,110.5,2026-08-16,87.2777906494388,96.65514221744878,99.74132432000978,101.49174882428986,100.36024479525429
S06,2026-08-22,6,76.9,2026-08-16,82.0123306910541,53.41304807492665,52.320845113481795,54.534701691355025,52.97545610495976
S07,2026-08-22,6,92.3,2026-08-16,72.6445727338852,65.24168250550116,64.22040022377456,67.39302428838397,67.54826682087565
S08,2026-08-22,6,97.7,2026-08-16,110.15148980260955,124.84106027441364,123.98229368882518,124.17408318178992,125.33742689447742
S09,2026-08-22,6,108.6,2026-08-16,111.9628846878331,110.84094874007361,114.8601972256388,110.47118685586112,112.05860159737723
S10,2026-08-22,6,92.9,2026-08-16,112.07825137870826,121.82950244971684,125.12127922603062,118.86017711588315,122.41074608394078
S11,2026-08-22,6,74.1,2026-08-16,78.04203460815897,66.0026597180059,64.79231904676462,69.34162889091576,63.85290067127253
S12,2026-08-22,6,131.6,2026-08-16,123.08365968920116,122.24088901962553,123.54112858261381,117.31387446011816,121.4495896765164
S13,2026-08-22,6,119.2,2026-08-16,117.08386095980667,102.9606699909222,100.31564458861469,104.10226266487955,103.4710088710439
S14,2026-08-22,6,61.9,2026-08-16,82.34807962183999,54.4580677305036,54.26226945264868,55.462738290863555,54.89771382554106
S15,2026-08-22,6,92.7,2026-08-16,91.16741425776004,78.644352548463,80.81350340758051,78.6280827156135,81.11853911791529
S01,2026-08-23,7,75.9,2026-08-16,89.91179598128281,74.24815552362374,71.6905623120921,77.91298026272229,75.2979035867112
S02,2026-08-23,7,106.4,2026-08-16,116.21494241474163,110.91650378507165,112.42154653732268,111.67242223013727,112.76033021126477
S03,2026-08-23,7,109.7,2026-08-16,103.2417857746144,100.19467307095016,102.12801100526536,97.57062768869635,100.90547410611595
S04,2026-08-23,7,84.4,2026-08-16,101.63178408742704,95.20480873339943,92.37057201841048,91.26385309078864,93.13328301810793
S05,2026-08-23,7,67.3,2026-08-16,79.9946110052906,94.38984096380217,96.71504227774484,92.34414603891118,94.11539286705
S06,2026-08-23,7,51.5,2026-08-16,74.72915104690588,47.09502874442509,45.04898606368474,45.94050167628697,45.581569210972106
S07,2026-08-23,7,86.2,2026-08-16,65.36139308973699,59.22656308327402,58.631830172879354,58.58490567122187,57.508439826113836
S08,2026-08-23,7,91.2,2026-08-16,102.86831015846133,114.8627666469131,112.95000181453567,113.88491258876662,114.45549034433704
S09,2026-08-23,7,211.2,2026-08-16,104.67970504368488,103.8185843024935,105.78000924927848,100.82036598963397,103.63242856604712
S10,2026-08-23,7,100.2,2026-08-16,104.79507173456004,114.875116364445,116.10246242710522,109.44513471552304,113.97672386595181
S11,2026-08-23,7,67.4,2026-08-16,70.75885496401075,60.297420653014434,57.00739923348929,62.024032356648696,60.38956645360495
S12,2026-08-23,7,116.7,2026-08-16,115.80048004505295,112.69515263225351,114.10438375856195,107.6756016289017,112.31099995161806
S13,2026-08-23,7,120.0,2026-08-16,109.80068131565845,97.6672980900061,94.16234157636283,97.61220328166603,96.89220003440498
S14,2026-08-23,7,80.6,2026-08-16,75.06489997769177,48.17547404809527,46.87588715596728,47.73563498302035,48.55571964426569
S15,2026-08-23,7,197.7,2026-08-16,83.88423461361182,70.94557895575251,74.40358936105456,72.4784299290606,74.60815548215594
S01,2026-08-24,8,78.2,2026-08-16,85.4817694312697,83.31313798257283,84.11338361033371,81.64788851567677,85.1441136939185
S02,2026-08-24,8,109.4,2026-08-16,111.78491586472853,115.2270483187267,114.94257732842652,114.32816706214635,116.87314383302419
S03,2026-08-24,8,90.3,2026-08-16,98.81175922460129,101.19970628832067,99.4649499825069,101.14060083244527,100.26796610866273
S04,2026-08-24,8,81.6,2026-08-16,97.20175753741394,87.80182887145452,87.33013633915357,88.98115296193532,86.95401463934354
S05,2026-08-24,8,51.2,2026-08-16,75.5645844552775,102.2924120570932,119.91055636065346,99.61604578750475,124.84805910246712
S06,2026-08-24,8,55.9,2026-08-16,70.29912449689279,44.83012674876622,47.102146284069335,46.37901379295758,45.94064174720219
S07,2026-08-24,8,52.3,2026-08-16,60.93136653972389,66.133612882612,69.7796799934336,64.64242457811321,67.97618369971002
S08,2026-08-24,8,111.6,2026-08-16,98.43828360844823,115.42833425956111,111.91361487763267,114.24184271054607,113.23873565452438
S09,2026-08-24,8,93.1,2026-08-16,100.24967849367178,100.11030069930213,104.92865003091948,101.26980140251773,106.5575101171221
S10,2026-08-24,8,76.2,2026-08-16,100.36504518454694,112.35221976169518,114.50070606299809,110.82338595518044,115.06712676712445
S11,2026-08-24,8,63.7,2026-08-16,66.32882841399766,58.50362035861517,53.810402038007034,58.10869786372687,55.93235570421721
S12,2026-08-24,8,118.3,2026-08-16,111.37045349503984,106.85886139358793,106.15727169747863,108.19541837513846,106.05976594920669
S13,2026-08-24,8,91.3,2026-08-16,105.37065476564536,102.80749387695907,102.19319834962009,97.00350872829078,103.89369744464277
S14,2026-08-24,8,55.5,2026-08-16,70.63487342767867,42.6492465440803,39.89184328957133,43.49809119148783,40.610484570699256
S15,2026-08-24,8,57.9,2026-08-16,79.45420806359873,70.18547444854464,69.9809993176588,69.78564006526555,68.57655286107745
S01,2026-08-25,9,53.5,2026-08-16,84.18538206522065,78.54689871014229,76.58967575111559,81.30051804759673,76.06016932108572
S02,2026-08-25,9,99.8,2026-08-16,110.48852849867947,112.96810362104861,113.60597408924787,115.56899159763543,112.98792384181706
S03,2026-08-25,9,107.0,2026-08-16,97.51537185855224,97.11151809271958,96.10163142744985,99.49310274635043,95.82688046459641
S04,2026-08-25,9,85.2,2026-08-16,95.9053701713649,86.48848001190595,86.31405595966748,89.54488624164037,88.73678025134973
S05,2026-08-25,9,73.6,2026-08-16,74.26819708922844,95.7701676558171,98.46686786370618,95.38700441228492,95.94656313168151
S06,2026-08-25,9,81.6,2026-08-16,69.00273713084374,40.451974855150496,36.998814032758986,44.935346828188216,38.51218937465123
S08,2026-08-25,9,122.8,2026-08-16,97.14189624239918,112.73852677004676,112.30969444768768,116.02071949200969,112.91343585508208
S09,2026-08-25,9,97.6,2026-08-16,98.95329112762273,96.71596419560457,100.08280842942851,101.13677128595965,98.71864698273795
S10,2026-08-25,9,75.2,2026-08-16,99.0686578184979,108.71719361969403,109.31898390629462,109.50962247082165,108.7124458303409
S11,2026-08-25,9,45.2,2026-08-16,65.0324410479486,56.99532482257391,52.06180590620543,61.40570643773581,56.56203854313399
S12,2026-08-25,9,131.7,2026-08-16,110.0740661289908,103.19113539840494,102.86924274946962,107.2447742738894,105.58935752447162
S13,2026-08-25,9,97.9,2026-08-16,104.0742673995963,100.92510729684948,102.06889807834743,101.09853669657825,102.49814353540062
S14,2026-08-25,9,60.6,2026-08-16,69.33848606162962,37.36115375204615,36.06776723309092,44.00228688164286,40.60964861555628
S15,2026-08-25,9,63.2,2026-08-16,78.15782069754968,66.43530964170183,68.27788236801113,71.35314806614603,68.88730260793652
S01,2026-08-26,10,84.3,2026-08-16,90.64135171046486,82.28956827947071,80.23402862304023,84.83663829096726,78.11799127661756
S02,2026-08-26,10,116.3,2026-08-16,116.94449814392368,118.6499672344753,122.03539408360211,119.04119349632947,120.47901920591084
S03,2026-08-26,10,94.3,2026-08-16,103.97134150379644,104.01529783223356,105.44704275046075,104.01678794835294,104.83956040654863
S04,2026-08-26,10,110.8,2026-08-16,102.36133981660909,93.42107142598502,93.72485637010209,96.06454193868808,95.5354092484074
S05,2026-08-26,10,86.7,2026-08-16,80.72416673447265,102.99894763486725,111.5275192107473,99.40257585006101,109.78316245930534
S06,2026-08-26,10,60.5,2026-08-16,75.45870677608794,46.50843782850674,48.39500679203442,46.50604544707707,46.517659412111556
S08,2026-08-26,10,107.9,2026-08-16,103.5978658876434,118.7530158731554,119.14566798987131,120.40736027447771,119.36311062345546
S09,2026-08-26,10,104.2,2026-08-16,105.40926077286693,105.79590655309813,112.78874210459846,106.60783655388015,111.41185990912574
S10,2026-08-26,10,102.4,2026-08-16,105.52462746374209,117.74042712279729,121.59835116692952,116.2580543918269,119.7899253828185
S11,2026-08-26,10,57.7,2026-08-16,71.4884106931928,59.43312797179724,53.889984669595016,64.48431167235876,56.257616760640396
S12,2026-08-26,10,133.9,2026-08-16,116.530035774235,113.36210849072252,113.38846864487444,115.97663754905973,114.33652298833643
S13,2026-08-26,10,119.4,2026-08-16,110.5302370448405,101.65404528036235,98.43976311042427,99.66502822592376,98.73487092211364
S14,2026-08-26,10,88.1,2026-08-16,75.79445570687382,39.95362797422938,36.91406974239878,44.05973979874186,40.334109753804725
S15,2026-08-26,10,68.3,2026-08-16,84.61379034279388,70.99281923397045,74.76157597516264,71.34710341010775,73.8008982992598
S01,2026-08-24,1,78.2,2026-08-23,83.20275106383721,90.92868667968682,91.38598543533257,92.6132929412382,91.27782312163285
S02,2026-08-24,1,109.4,2026-08-23,118.78959951551032,112.39042190100466,113.86015732969557,115.35348353173052,115.48921737085496
S03,2026-08-24,1,90.3,2026-08-23,109.03353846190828,100.80889394794193,101.45884832654681,102.67034458283868,103.22720283929792
S04,2026-08-24,1,81.6,2026-08-23,99.5502106297671,86.38429177233151,87.49002349802426,87.59072927066258,87.77624723740986
S05,2026-08-24,1,51.2,2026-08-23,80.75719887728377,73.03114210750375,76.48600184853588,74.84509920264993,76.56366111274276
S06,2026-08-24,1,55.9,2026-08-23,80.3938870312216,65.34825348768915,67.7863390139171,68.42968286488737,68.22033235345567
S07,2026-08-24,1,52.3,2026-08-23,81.5500115545878,74.44725049223219,75.44655402685915,75.6585301228932,75.00673284317766
S08,2026-08-24,1,111.6,2026-08-23,108.59878355995663,98.91343434197562,101.36093926472323,101.17573869270937,101.6943844114031
S09,2026-08-24,1,93.1,2026-08-23,101.35189712424655,118.16001265389579,119.97164665801185,121.44520274443286,121.91314595831292
S10,2026-08-24,1,76.2,2026-08-23,99.64872512004081,106.27197296661993,107.4999825034823,109.04459179682394,109.9724442635264
S11,2026-08-24,1,63.7,2026-08-23,71.66642691729055,58.408087515830985,59.84926300644874,61.55317837893962,60.999539145827285
S12,2026-08-24,1,118.3,2026-08-23,110.73114200244495,115.70709856322836,118.06326197556089,118.94763508907388,119.60587488583158
S13,2026-08-24,1,91.3,2026-08-23,107.97715914349394,103.00298901370594,106.17433125248978,105.04680769613812,106.34852768949101
S14,2026-08-24,1,55.5,2026-08-23,76.68430254066485,58.2032609641552,60.4238185942173,61.33842541873455,60.83382553458214
S15,2026-08-24,1,57.9,2026-08-23,86.49222756043137,92.71137383324758,93.91859028978006,94.86209922028438,93.98086559517041
S01,2026-08-25,2,53.5,2026-08-23,82.09975243594634,87.05846433469227,84.73006998130253,87.28776414820126,85.13716299959592
S02,2026-08-25,2,99.8,2026-08-23,117.68660088761945,109.99350344027792,109.94389151419912,114.29479235048805,114.34980054582869
S03,2026-08-25,2,107.0,2026-08-23,107.93053983401742,96.69708689962115,97.88894212160793,100.2934586844274,100.74526747976032
S04,2026-08-25,2,85.2,2026-08-23,98.44721200187622,85.14043820330075,84.31720269152096,87.49138024875096,86.8754861993449
S05,2026-08-25,2,73.6,2026-08-23,79.65420024939291,69.17689976777349,69.03507796611105,69.57562652911459,70.64273519005094
S06,2026-08-25,2,81.6,2026-08-23,79.29088840333073,63.375742076975946,63.386233984572534,65.27336472187723,65.41901314173425
S08,2026-08-25,2,122.8,2026-08-23,107.49578493206577,98.19875453455107,98.00224249107497,101.53735038680689,101.15925093037741
S09,2026-08-25,2,97.6,2026-08-23,100.2488984963557,115.05831583482879,116.40393092376846,118.87435234231609,117.93320133430618
S10,2026-08-25,2,75.2,2026-08-23,98.54572649214995,102.42951670033594,103.20831396920343,106.24852934224268,105.22151374561449
S11,2026-08-25,2,45.2,2026-08-23,70.5634282893997,56.781893992424,56.312017911672584,58.32073094844817,56.252989196777335
S12,2026-08-25,2,131.7,2026-08-23,109.6281433745541,116.89456539324354,117.26042093804907,122.27852033546995,117.97149764469694
S13,2026-08-25,2,97.9,2026-08-23,106.87416051560307,101.24701680711338,102.41639288238117,102.59183393887112,103.64052141181061
S14,2026-08-25,2,60.6,2026-08-23,75.58130391277398,56.55136666297913,56.510972595214845,56.62150121331215,57.06211513876915
S15,2026-08-25,2,63.2,2026-08-23,85.38922893254052,91.39390331251279,90.21269869548932,91.37342166645185,91.65851366264478
S01,2026-08-26,3,84.3,2026-08-23,88.01582007909113,94.23399864637426,92.66703733184508,94.0304674109178,92.27148936071566
S02,2026-08-26,3,116.3,2026-08-23,123.60266853076423,117.98654264967357,121.86820042516504,118.80874932940517,122.40412366773401
S03,2026-08-26,3,94.3,2026-08-23,113.84660747716221,107.00317897189942,108.37851601008859,106.21194994364467,109.25196377847877
S04,2026-08-26,3,110.8,2026-08-23,104.36327964502101,93.78980147891811,96.00517313235572,93.04209883564285,96.23736628570727
S05,2026-08-26,3,86.7,2026-08-23,85.5702678925377,81.78317261423383,84.5364393063954,79.24444553005908,83.57907248224531
S06,2026-08-26,3,60.5,2026-08-23,85.20695604647551,73.92953321811343,73.51642976988639,72.6425719401666,76.08700105462755
S08,2026-08-26,3,107.9,2026-08-23,113.41185257521056,106.72267988180475,109.37473811996834,107.60925294222044,109.81249474776642
S09,2026-08-26,3,104.2,2026-08-23,106.16496613950048,123.61745071677225,126.19054840026158,124.97030227524894,127.31695725662368
S10,2026-08-26,3,102.4,2026-08-23,104.46179413529472,112.95363301714619,116.69230805081983,112.80564537109544,116.23982833070417
S11,2026-08-26,3,57.7,2026-08-23,76.47949593254447,62.637991109490386,61.37050690650939,62.93628404438495,62.32759470641612
S12,2026-08-26,3,133.9,2026-08-23,115.54421101769887,122.93050276211332,121.52248365900348,123.29419251627158,124.8139562653644
S13,2026-08-26,3,119.4,2026-08-23,112.79022815874785,105.24913007489273,106.22008061132262,105.76343322268555,107.9594707126064
S14,2026-08-26,3,88.1,2026-08-23,81.49737155591876,62.49682157337666,59.57685819864273,61.04148178398609,60.05759573578835
S15,2026-08-26,3,68.3,2026-08-23,91.30529657568529,96.19368952257291,96.21344212932244,95.28489508224384,97.69987945468829
S01,2026-08-27,4,71.2,2026-08-23,94.02035772488621,98.85955777892045,97.59352476277522,98.98333278426102,96.63976690673402
S02,2026-08-27,4,114.1,2026-08-23,129.60720617655932,121.01893780018602,120.21976431097303,121.15332392241274,120.53917479898249
S03,2026-08-27,4,82.4,2026-08-23,119.85114512295729,108.67764843915191,111.39840824816909,109.33056442354408,111.22013112817493
S04,2026-08-27,4,91.8,2026-08-23,110.36781729081609,97.22803832271269,99.57710524329117,98.31986521610192,97.83459102043084
S05,2026-08-27,4,79.1,2026-08-23,91.57480553833278,76.81714700098549,76.26447764720236,78.16000318649624,76.37433962460075
S06,2026-08-27,4,76.6,2026-08-23,91.2114936922706,73.11807854109044,74.69424278948988,74.49499051560248,75.64817526851381
S08,2026-08-27,4,218.9,2026-08-23,119.41639022100563,107.04156708294259,107.69705046755927,108.0852587786104,108.22033035425203
S09,2026-08-27,4,116.8,2026-08-23,112.16950378529556,128.07434565467494,133.37465851647514,129.16327930135387,132.72027104241508
S10,2026-08-27,4,115.1,2026-08-23,110.4663317810898,115.40271145594974,119.3722740684237,115.16059291852375,117.92146236939092
S11,2026-08-27,4,74.1,2026-08-23,82.48403357833956,68.31879143193363,71.05970720350741,70.53344512879848,70.5523651331663
S12,2026-08-27,4,142.2,2026-08-23,121.54874866349395,124.20753661871757,126.91503824761938,126.07463827452492,127.33691526672672
S13,2026-08-27,4,108.6,2026-08-23,118.79476580454293,109.01329519788602,110.70464700556228,110.92519657782147,110.95382263979742
S14,2026-08-27,4,89.4,2026-08-23,87.50190920171384,68.8203213647008,71.61812259852887,69.3932454943657,71.57925738990308
S15,2026-08-27,4,79.9,2026-08-23,97.30983422148037,102.01014061016696,107.6371256683554,104.83290296537535,106.37354147178786
S01,2026-08-28,5,94.7,2026-08-23,100.14883598418578,105.0541161460536,102.7493550343173,104.41775311657362,105.22963319846563
S02,2026-08-28,5,116.6,2026-08-23,135.7356844358589,127.67466922487532,126.97428782667433,126.69077758874212,127.14933772768293
S03,2026-08-28,5,92.3,2026-08-23,125.97962338225686,115.74546179090228,118.20874145541873,114.01060676489558,119.71487483297076
S04,2026-08-28,5,122.0,2026-08-23,116.49629555011566,102.87919921108654,104.19657361933163,102.39848477074078,104.18862832018307
S05,2026-08-28,5,60.1,2026-08-23,97.70328379763235,85.88707161630903,82.66944115545068,82.32440253283296,84.97254190530096
S06,2026-08-28,5,97.1,2026-08-23,97.33997195157016,81.32836827550615,77.44713099215711,78.58417043004717,80.89233422194208
S07,2026-08-28,5,44.3,2026-08-23,98.49609647493637,84.16696389700685,80.67882706906114,82.26521661068712,80.14136910002146
S08,2026-08-28,5,109.2,2026-08-23,125.54486848030521,113.87678329689162,111.69885751647608,112.56331038517611,112.29840946240084
S09,2026-08-28,5,95.6,2026-08-23,118.29798204459513,137.72839485747474,141.68800889594215,137.9804345880236,146.3840293799128
S10,2026-08-28,5,115.0,2026-08-23,116.59481004038939,123.30627971632143,128.98352601868768,122.80469917995592,131.60712131602426
S11,2026-08-28,5,88.6,2026-08-23,88.61251183763913,74.20964243412017,74.43002241253852,74.14413022398948,76.91923084259032
S12,2026-08-28,5,144.4,2026-08-23,127.67722692279354,132.6241909163339,132.0022976594312,132.74622844627928,134.1051659183843
S13,2026-08-28,5,124.0,2026-08-23,124.9232440638425,113.5013823407037,112.00822247288058,114.08950099817345,113.35460143259594
S14,2026-08-28,5,72.1,2026-08-23,93.63038746101341,73.6835475921631,72.04113750755788,71.92034087181092,74.49229917526246
S15,2026-08-28,5,68.3,2026-08-23,103.43831248077996,107.3621679518904,111.64864119631903,108.40377253038542,115.29813673836844
S01,2026-08-29,6,84.5,2026-08-23,97.98291750349993,100.26967924961023,98.19276154914073,103.75731800624304,98.07375361153058
S02,2026-08-29,6,121.2,2026-08-23,133.56976595517304,123.11532889689718,126.36742239083563,126.07702856148993,124.66344927634512
S03,2026-08-29,6,107.7,2026-08-23,123.81370490157101,111.64502768133369,118.25107267413821,113.43207365189281,116.7758852830955
S04,2026-08-29,6,103.2,2026-08-23,114.33037706942982,98.92434721120766,102.40417254396847,101.73182395526341,100.7919123513358
S05,2026-08-29,6,67.9,2026-08-23,95.5373653169465,80.4941146963409,82.05699374462877,84.85212487663541,80.95624254580055
S06,2026-08-29,6,80.4,2026-08-23,95.17405347088432,75.79278749887432,76.09067642603601,78.47832263920988,76.42649514142956
S07,2026-08-29,6,83.4,2026-08-23,96.33017799425052,81.35632233257805,83.6412509300879,83.95437312807356,80.821421682196
S08,2026-08-29,6,115.53877551020408,2026-08-23,123.37894999961935,108.28599399743335,109.70198140335934,112.88442929131644,109.06451866818325
S09,2026-08-29,6,103.5,2026-08-23,116.13206356390928,134.18964251024383,142.34097777945655,136.5472468648638,141.8700802241053
S10,2026-08-29,6,87.4,2026-08-23,114.42889155970353,119.87890386325975,127.16096350295206,121.15120970947405,126.06974550826212
S11,2026-08-29,6,100.3,2026-08-23,86.44659335695329,69.34299620389938,70.84780188798904,73.09963817298411,69.75683888942002
S12,2026-08-29,6,113.5,2026-08-23,125.51130844210768,129.21919474474024,134.48249386719297,133.1987938480718,133.90810774735044
S13,2026-08-29,6,110.3,2026-08-23,122.75732558315666,108.49431119955013,111.30498861989805,113.53512937298844,109.67670648920218
S14,2026-08-29,6,77.6,2026-08-23,91.46446898032757,70.0655121266842,69.45134381800891,71.95143773257733,69.48323863595725
S15,2026-08-29,6,73.6,2026-08-23,101.27239400009411,103.67567096395152,113.26035377127783,108.24739303929465,111.55193117005484
S01,2026-08-30,7,89.0,2026-08-23,92.48482329237125,93.38177897908858,90.45864519604615,94.392087673183,93.00698050239257
S02,2026-08-30,7,94.7,2026-08-23,128.07167174404435,116.8433295064506,115.29939054708396,117.85917897905622,119.88111009086882
S03,2026-08-30,7,111.8,2026-08-23,118.31561069044233,104.34113513965693,108.37810790453639,104.37466768835273,111.93338638458934
S04,2026-08-30,7,97.7,2026-08-23,108.83228285830114,95.61707918771675,91.48958531447819,92.03527179786137,93.03402296506933
S05,2026-08-30,7,53.6,2026-08-23,90.03927110581782,71.90500137891088,70.67449776019369,73.67044960643564,73.47516765381609
S06,2026-08-30,7,74.6,2026-08-23,89.67595925975563,69.07380530153002,65.41461580906595,68.07777443443025,69.24150110696043
S07,2026-08-30,7,57.3,2026-08-23,90.83208378312183,76.34324201877628,75.6981381544045,75.07196304883276,75.86312232102667
S08,2026-08-30,7,111.0,2026-08-23,117.88085578849068,102.41988730473177,98.97497315747397,101.87162776333945,101.46602225346224
S09,2026-08-30,7,74.9,2026-08-23,110.6339693527806,130.7268343035664,134.8772737298693,127.43829871607679,138.46490114075797
S10,2026-08-30,7,91.4,2026-08-23,108.93079734857486,113.54081760463973,117.44551555556913,111.63857038436194,121.14232712728639
S11,2026-08-30,7,69.2,2026-08-23,80.9484991458246,65.4790873877704,64.35404366403817,64.13510611802339,65.84636683166026
S12,2026-08-30,7,121.5,2026-08-23,120.013214230979,125.5356384078307,125.35667266792487,123.5149940112872,127.11297502837013
S13,2026-08-30,7,110.0,2026-08-23,117.25923137202797,105.306935776983,105.33718699685166,105.36531889906952,106.25034226200411
S14,2026-08-30,7,60.8,2026-08-23,85.96637476919888,67.01707627777942,63.869656240940095,63.02115916311741,64.61824494451285
S15,2026-08-30,7,78.7,2026-08-23,95.77429978896542,100.38430825365441,107.61789124948638,101.86500404519694,109.91548490268843
S01,2026-08-31,8,76.4,2026-08-23,87.11682680178737,96.1073964735227,94.88254812487534,96.60328877099923,95.4641634848634
S02,2026-08-31,8,91.4,2026-08-23,122.70367525346049,120.80776003386293,120.04864235605513,121.0467653461865,121.89983261014734
S03,2026-08-31,8,98.10816326530612,2026-08-23,112.94761419985845,105.23370130740639,107.77644148383823,106.34505614925709,109.39805625293937
S04,2026-08-31,8,223.6,2026-08-23,103.46428636771726,89.89525755175522,91.09241460689476,91.59509075113705,92.53065214731863
S05,2026-08-31,8,92.6,2026-08-23,84.67127461523394,76.07867823477302,81.3383306705526,78.32809450134103,82.15057489957128
S06,2026-08-31,8,64.8,2026-08-23,84.30796276917175,66.36452236686434,68.97840396974767,67.7320976695844,70.66705254380192
S07,2026-08-31,8,62.0,2026-08-23,85.46408729253795,78.18995042267655,77.22876745771084,77.480835872995,77.14768018137131
S08,2026-08-31,8,111.8,2026-08-23,112.5128592979068,104.8993278373565,104.76621054900544,105.43294978184359,106.4405979667391
S09,2026-08-31,8,71.2,2026-08-23,105.26597286219672,124.65206041080611,127.69026040179389,126.55667319042342,129.75965618235725
S10,2026-08-31,8,89.0,2026-08-23,103.56280085799098,112.00621327688654,115.79174147290846,113.10251089116295,117.5424848620381
S11,2026-08-31,8,70.4,2026-08-23,75.58050265524072,61.0447764635086,60.43302046656608,63.061822602152816,62.81587893664836
S12,2026-08-31,8,111.2,2026-08-23,114.64521774039513,122.90886227137278,122.10592763594221,124.47932275107931,124.62062415297012
S13,2026-08-31,8,88.6,2026-08-23,111.89123488144409,104.95825344792435,107.06605864784548,106.07750201693604,108.0386066818876
S14,2026-08-31,8,82.1,2026-08-23,80.598378278615,58.08973870277405,58.064683145284654,59.80618185400963,59.194463855028154
S15,2026-08-31,8,74.9,2026-08-23,90.40630329838154,96.26795094949857,97.42117174459354,96.13725640369312,98.61830779840902
S01,2026-09-01,9,85.7,2026-08-23,86.01382817389651,92.55912908294371,88.81564353534154,91.70840484031609,89.20564752944878
S02,2026-09-01,9,101.98163265306124,2026-08-23,121.60067662556962,117.7900423408619,118.09787499915276,120.81934121634279,122.36761321510588
S03,2026-09-01,9,101.4,2026-08-23,111.8446155719676,104.3867401434907,106.92876369048443,104.90905871902194,108.57662340913501
S04,2026-09-01,9,101.3,2026-08-23,102.3612877398264,90.26187678107193,91.69369154849223,88.94074877032212,92.44613313355616
S05,2026-09-01,9,51.1,2026-08-23,83.56827598734309,76.98589110310589,75.3195529201201,74.96191611077104,77.26254475797926
S06,2026-09-01,9,79.1,2026-08-23,83.2049641412809,69.4438741496631,68.38257023606981,66.36196309242929,69.99836610172476
S07,2026-09-01,9,68.0,2026-08-23,84.3610886646471,80.51073545153652,80.99197087373052,81.76649225439344,82.73029824282442
S08,2026-09-01,9,114.0,2026-08-23,111.40986067001595,105.0967322741236,104.54583094311612,106.0255893584873,106.71884087701993
S09,2026-09-01,9,94.2,2026-08-23,104.16297423430586,123.14738604319948,126.46376184267658,124.26657272582608,125.59923246582704
S10,2026-09-01,9,79.9,2026-08-23,102.45980223010011,110.59819300962349,112.52146545984519,111.02758589504023,113.22110103746613
S11,2026-09-01,9,47.8,2026-08-23,74.47750402734987,59.40101819634437,59.4804816186428,59.850648069381705,58.508843952417365
S12,2026-09-01,9,93.7,2026-08-23,113.54221911250426,125.81594200900625,126.32371099761556,127.9970108168466,127.07141867003273
S13,2026-09-01,9,105.5,2026-08-23,110.78823625355324,103.99986142388413,106.38142144403288,104.02583712807724,107.83263184225986
S14,2026-09-01,9,84.2,2026-08-23,79.49537965072415,56.41798562407494,58.11042151451111,54.33003715276718,56.94445333480835
S15,2026-09-01,9,75.0,2026-08-23,89.30330467049069,95.99276878429309,101.0328997348036,93.99712685985223,98.11383229238645
S01,2026-09-02,10,88.3,2026-08-23,91.9298958170413,98.92765012511185,94.55578125954739,97.83474718161992,96.1575813492494
S02,2026-09-02,10,114.6,2026-08-23,127.5167442687144,122.7792276182345,125.9895170220307,122.31833060468946,127.87129973258291
S03,2026-09-02,10,113.1,2026-08-23,117.76068321511238,109.3113106331655,111.47927908514228,107.17856424216714,114.17724943075862
S04,2026-09-02,10,100.1,2026-08-23,108.27735538297118,95.6682669115918,96.5416062740343,92.63322652557066,97.61505258509091
S05,2026-09-02,10,70.6,2026-08-23,89.48434363048787,82.88859923865114,87.23469016637121,83.48412414576326,86.70591203059469
S06,2026-09-02,10,88.9,2026-08-23,89.12103178442568,73.1865850929969,72.56060018677796,69.46221151862825,74.2857487826475
S07,2026-09-02,10,79.5,2026-08-23,90.27715630779188,78.48566379194547,75.76803484495197,74.82032080675874,76.14363072003637
S08,2026-09-02,10,145.2,2026-08-23,117.32592831316072,109.01009478462593,110.55147406501429,108.4999022152807,110.86766925496714
S09,2026-09-02,10,98.1,2026-08-23,110.07904187745063,127.48104120684522,130.2487394873585,127.64421488238233,133.83018775922912
S10,2026-09-02,10,105.4,2026-08-23,108.3758698732449,116.57159374398847,121.48929321510454,116.21152804536482,123.47148591024538
S11,2026-09-02,10,79.0,2026-08-23,80.39357167049465,65.69349702969193,61.15404369831084,63.50554863512515,63.43759561479091
S12,2026-09-02,10,119.8,2026-08-23,119.45828675564904,127.4556564735515,122.453351189409,126.80817289373707,126.30903130492996
S13,2026-09-02,10,75.4,2026-08-23,116.70430389669802,107.72304600200484,107.0029941397054,104.92367157808373,107.11660934707949
S14,2026-09-02,10,102.2,2026-08-23,85.41144729386893,61.68735287189484,56.496195858716966,54.98775429129601,57.49839506149292
S15,2026-09-02,10,95.4,2026-08-23,95.21937231363546,98.24732222618267,98.42980065872625,93.88949167472974,101.19091686350959
S01,2026-08-31,1,76.4,2026-08-30,81.05257562516485,71.37764631765229,72.3028832580362,71.76029472606523,71.89460708754403
S02,2026-08-31,1,91.4,2026-08-30,109.35773143012416,105.92084972858429,105.5853012830019,105.81412425935268,105.60868418514728
S03,2026-08-31,1,98.10816326530612,2026-08-30,98.23738780875769,91.78741836377553,91.24742561408452,91.29894861408643,90.86343610116414
S04,2026-08-31,1,223.6,2026-08-30,96.68202013159261,90.92753379940987,89.17553126215935,88.91075327396393,88.42785208821297
S05,2026-08-31,1,92.6,2026-08-30,70.08591780517547,60.58494412643568,60.934477684327526,58.98826458794729,60.79204717023031
S06,2026-08-31,1,64.8,2026-08-30,74.82695843837558,66.2820446039949,67.40934725063187,66.40008787768227,66.20333518045288
S07,2026-08-31,1,62.0,2026-08-30,61.65246832774551,51.178521160142765,51.45223798240934,50.250204149740085,51.31051341082369
S08,2026-08-31,1,111.8,2026-08-30,104.00402444692442,121.89511566724269,122.31800391640155,120.67033595706908,121.34840882684676
S09,2026-08-31,1,71.2,2026-08-30,96.83254145469215,88.96337118489403,89.74392604572434,89.82203346235413,89.45286240918297
S10,2026-08-31,1,89.0,2026-08-30,93.19324348866411,86.34671233126096,86.05746440121106,86.56340352722577,85.55749319025449
S11,2026-08-31,1,70.4,2026-08-30,68.50166693940946,61.23631982547897,62.68578930241722,62.46110065323967,61.71102164728302
S12,2026-08-31,1,111.2,2026-08-30,116.99837535086552,120.68751986963409,121.87692683083671,121.39606188876289,121.62368010623115
S13,2026-08-31,1,88.6,2026-08-30,102.98636393726892,102.35168196473803,102.5153056553432,101.42135925803866,101.32131733213153
S14,2026-08-31,1,82.1,2026-08-30,74.83007204859679,62.67362022485051,64.45262962664876,63.11982655610356,63.83626172031674
S15,2026-08-31,1,74.9,2026-08-30,76.56888172052733,60.98526912842477,60.81076162968362,61.21039885197366,60.572298347098474
S01,2026-09-01,2,85.7,2026-08-30,80.74422464859825,66.04894115584237,62.3496206011091,67.04634516494615,63.14921244042261
S02,2026-09-01,2,101.98163265306124,2026-08-30,109.04938045355757,105.04217779934406,106.27104750573635,104.39391097724437,106.07704854309559
S03,2026-09-01,2,101.4,2026-08-30,97.92903683219109,91.27280601688794,93.3395132554429,90.77727982231549,94.14471985229424
S04,2026-09-01,2,101.3,2026-08-30,96.37366915502602,90.80213009715081,88.7755930364132,88.93398418426514,88.1683506011963
S05,2026-09-01,2,51.1,2026-08-30,69.77756682860887,57.071728644200725,58.28278028709547,56.57149517280714,59.56515186769621
S06,2026-09-01,2,79.1,2026-08-30,74.51860746180898,69.75596646921974,67.67599458949906,66.97809795992714,67.77922238366943
S07,2026-09-01,2,68.0,2026-08-30,61.344117351178916,55.5089627952448,58.03627284254347,54.294537995117054,59.694738928335056
S08,2026-09-01,2,114.0,2026-08-30,103.69567347035783,124.41601327921836,125.10084680582969,123.59443626667945,124.87964391078441
S09,2026-09-01,2,94.2,2026-08-30,96.52419047812555,88.85151338321823,89.71571069700379,87.91431155545372,90.12907188875336
S10,2026-09-01,2,79.9,2026-08-30,92.88489251209752,83.83068106600217,80.76239265033178,84.14323664733342,81.59053809472493
S11,2026-09-01,2,47.8,2026-08-30,68.19331596284286,58.75941602928299,55.620084837504805,59.56790535194534,56.23039318663734
S12,2026-09-01,2,93.7,2026-08-30,116.69002437429891,125.00750247282642,125.91359887165683,124.31823883099216,126.78642209512847
S13,2026-09-01,2,105.5,2026-08-30,102.67801296070232,100.83578981672015,101.37920312796321,100.18852286253657,102.2303812972137
S14,2026-09-01,2,84.2,2026-08-30,74.52172107203019,61.656402886765335,62.308148384945724,60.259548664944504,62.87462347831044
S15,2026-09-01,2,75.0,2026-08-30,76.26053074396074,61.06578010235513,60.61857688341821,59.509315817696695,60.48679026876176
S01,2026-09-02,3,88.3,2026-08-30,87.15384141971334,76.71173228876931,74.1045673842941,76.37434466736657,75.34486181097371
S02,2026-09-02,3,114.6,2026-08-30,115.45899722467266,111.19449463412165,114.67508709728718,110.71632154025137,114.58395755589008
S03,2026-09-02,3,113.1,2026-08-30,104.33865360330618,98.47314205409161,98.63143103585712,98.39874269829265,98.7646493261414
S04,2026-09-02,3,100.1,2026-08-30,102.7832859261411,100.41029461994766,101.11832115203141,99.25663365852088,101.10460146665572
S05,2026-09-02,3,70.6,2026-08-30,76.18718359972397,70.15840989840882,74.07602780801909,68.27106626076358,74.7417878483023
S06,2026-09-02,3,88.9,2026-08-30,80.92822423292408,76.10654511632663,76.20063486652714,75.30228219953631,76.46018440978867
S07,2026-09-02,3,79.5,2026-08-30,67.753734122294,56.181297320978985,57.96762393798147,54.63204389448677,58.17222135152136
S08,2026-09-02,3,145.2,2026-08-30,110.10529024147291,129.32914284359305,130.6951783907005,128.5532116733828,130.57994510348527
S09,2026-09-02,3,98.1,2026-08-30,102.93380724924064,96.25087049348015,98.20898023457933,95.95569450897831,98.00667918893244
S10,2026-09-02,3,105.4,2026-08-30,99.2945092832126,94.23431162254087,92.79844145753555,94.85439405075408,94.36786777337215
S11,2026-09-02,3,79.0,2026-08-30,74.60293273395796,67.27875670833248,63.13267512662071,68.29820232880968,64.6050163958754
S12,2026-09-02,3,119.8,2026-08-30,123.09964114541401,129.38796466633877,129.12225447954344,129.18681435413393,128.47722630841392
S13,2026-09-02,3,75.4,2026-08-30,109.08762973181742,107.60573826943126,107.59408062536802,107.56166817833271,108.58177941505399
S14,2026-09-02,3,102.2,2026-08-30,80.93133784314529,67.23198415424142,67.48386891271386,66.22503893162522,68.06671702946934
S15,2026-09-02,3,95.4,2026-08-30,82.67014751507583,66.58462259088242,65.62882634912216,65.50588916156971,64.64515897546494
S01,2026-09-03,4,85.9,2026-08-30,93.52786002774536,79.04719936190439,77.38922904240233,78.23623758735401,78.64992823446435
S02,2026-09-03,4,134.3,2026-08-30,121.83301583270469,112.66486103385687,111.31254684850573,113.82129749953747,112.74148690253496
S03,2026-09-03,4,119.2,2026-08-30,110.7126722113382,99.85072930731944,100.614424621846,100.72113481738738,101.0987516624587
S04,2026-09-03,4,121.1,2026-08-30,109.15730453417314,103.439792612195,102.06289626061915,103.67948449552058,103.31514588892459
S05,2026-09-03,4,90.6,2026-08-30,82.56120220775598,65.27345740539687,63.028932002612514,65.08087405306952,63.72408495587961
S06,2026-09-03,4,74.8,2026-08-30,87.3022428409561,76.94943553911787,75.5776328468163,77.52843300955635,76.78032719673854
S07,2026-09-03,4,75.2,2026-08-30,74.12775273032602,58.571025412636146,58.30889591957842,58.187645729737625,58.51563276733671
S08,2026-09-03,4,137.5,2026-08-30,116.47930884950495,130.1398406114766,131.12516629811017,132.19715043272464,132.35655336942165
S09,2026-09-03,4,106.9,2026-08-30,109.30782585727266,101.41082261247296,100.41753858817476,101.50368068856854,101.4687940899815
S10,2026-09-03,4,114.4,2026-08-30,105.66852789124462,96.54032345392875,95.98037041255407,96.77569157906942,97.58229888507299
S11,2026-09-03,4,101.4,2026-08-30,80.97695134198997,73.87399072242636,73.4505334351744,74.41269992334503,73.66063366127867
S12,2026-09-03,4,138.4,2026-08-30,129.47365975344604,132.50868517799037,131.3266067941274,132.7279553924288,132.06902827961105
S13,2026-09-03,4,132.5,2026-08-30,115.46164833984943,109.786094242973,110.57798665229764,110.3633171713778,110.73776882354703
S14,2026-09-03,4,114.5,2026-08-30,87.30535645117732,76.63459935869489,76.00497984971318,76.11430780674729,76.7968033411673
S15,2026-09-03,4,91.1,2026-08-30,89.04416612310786,73.26854254220211,73.89709028516495,75.20711395059311,74.50351352904522
S01,2026-09-04,5,106.6,2026-08-30,98.08156209526153,85.86186259048326,87.8509701694761,86.40326349990708,89.2675810958658
S02,2026-09-04,5,124.2,2026-08-30,126.38671790022084,116.50397292077541,113.95775637328624,117.03072338104248,115.56783727109432
S03,2026-09-04,5,130.1,2026-08-30,115.26637427885436,104.88523953982762,105.50071039625577,105.17549553343228,105.85365781017713
S04,2026-09-04,5,100.3,2026-08-30,113.71100660168929,109.3767084121704,110.77116727232932,109.11970883011817,111.3980367720127
S05,2026-09-04,5,70.9938775510204,2026-08-30,87.11490427527215,70.02902814490454,65.5424893025841,70.45063917828458,65.63421936077731
S06,2026-09-04,5,70.4,2026-08-30,91.85594490847227,83.01560457008225,83.04273362415177,83.56637011425835,82.98371161477905
S07,2026-09-04,5,84.6,2026-08-30,78.68145479784219,57.19130910943662,53.34032090391432,57.065960029246554,53.44008659954582
S08,2026-09-04,5,117.6,2026-08-30,121.0330109170211,133.43582622076957,131.20387162383287,134.45871196057288,132.0547608968207
S09,2026-09-04,5,115.9,2026-08-30,113.86152792478883,107.55737092835564,109.0056959961142,107.9530168746199,108.97031914932388
S10,2026-09-04,5,111.7,2026-08-30,110.22222995876079,103.94279174038343,108.26018191405706,105.11116198727063,108.36091525384359
S11,2026-09-04,5,70.4,2026-08-30,85.53065340950614,81.11214725715774,84.46631594044823,80.50136803133148,83.88019515616554
S12,2026-09-04,5,133.6,2026-08-30,134.0273618209622,138.38828142625945,137.58484061700958,137.40454550726074,137.69318696005004
S13,2026-09-04,5,129.5,2026-08-30,120.0153504073656,113.91751140568938,114.42394413266864,114.12879273508277,114.25640925977912
S14,2026-09-04,5,81.8,2026-08-30,91.85905851869347,79.91667398895535,78.53967481936726,79.20025894130978,79.66562965597424
S15,2026-09-04,5,103.8,2026-08-30,93.59786819062401,79.19602665219986,81.70180815373146,78.90759009037697,82.16978806172096
S01,2026-09-05,6,110.4,2026-08-30,96.06173075071499,81.19782968418939,78.05656739505274,83.38357149618012,80.49847879441721
S02,2026-09-05,6,122.1,2026-08-30,124.36688655567431,116.55701546669006,117.03997029662132,116.78041293025017,116.49714744389057
S03,2026-09-05,6,105.5,2026-08-30,113.24654293430783,103.33105103501252,104.90530395337514,103.94807086714677,106.01277687975339
S04,2026-09-05,6,115.7,2026-08-30,111.69117525714276,104.84236962497233,104.1957609295845,106.07291459441184,105.5873513162136
S05,2026-09-05,6,87.4,2026-08-30,85.0950729307256,68.06606339594083,68.43038984877722,68.7351851847555,67.78091447265552
S06,2026-09-05,6,60.5,2026-08-30,89.83611356392572,78.96733346538883,77.16715305255991,79.19370594578129,78.39394535081726
S07,2026-09-05,6,92.1,2026-08-30,76.66162345329565,59.734100345628605,61.00320281471525,60.81629866744791,61.97977164770876
S08,2026-09-05,6,143.3,2026-08-30,119.01317957247457,132.22713752951114,129.83440126593797,131.30232527222125,129.96238361414163
S09,2026-09-05,6,122.3,2026-08-30,111.84169658024229,105.2422482941832,105.770256039926,106.08113449556488,107.79666346056122
S10,2026-09-05,6,91.7,2026-08-30,108.20239861421425,99.92256685623101,99.28126520940236,100.87280757256917,100.62235630580358
S11,2026-09-05,6,69.2,2026-08-30,83.5108220649596,75.78802271229881,72.992883198389,76.74039019686836,75.03396435124534
S12,2026-09-05,6,122.5,2026-08-30,132.00753047641567,137.2616105888571,136.39574061972755,137.1881687257971,137.97596182567733
S13,2026-09-05,6,105.0,2026-08-30,117.99551906281906,111.33233167443957,110.3019100448915,112.44831539903369,111.43034052316632
S14,2026-09-05,6,93.9,2026-08-30,89.83922717414694,75.43105417575154,73.64836120690617,76.3363984384707,75.98660634543214
S15,2026-09-05,6,111.1,2026-08-30,91.57803684607748,75.28279955599987,75.93524838898861,75.98669539306843,77.1858935347625
S01,2026-09-06,7,103.8,2026-08-30,90.20470246573522,74.87988821225507,75.12693009333951,74.8751205857311,74.03559586959226
S02,2026-09-06,7,112.5,2026-08-30,118.50985827069454,107.81595258712768,106.90625904798507,108.78241256549954,106.87202996313572
S03,2026-09-06,7,109.8,2026-08-30,107.38951464932805,95.50615513154439,99.30735278331808,95.26651745119266,99.69789685138635
S04,2026-09-06,7,102.1,2026-08-30,105.83414697216298,97.40829662755132,97.1559271156788,96.91304955035449,97.26173206567765
S05,2026-09-06,7,68.0,2026-08-30,79.23804464574584,57.93652796489851,54.82453146321432,60.5654668186392,58.061663446256084
S06,2026-09-06,7,82.3,2026-08-30,83.97908527894596,71.10369193511349,70.13223271029335,71.72464232104164,71.27203147070747
S07,2026-09-06,7,48.0,2026-08-30,70.80459516831588,51.50048756982599,50.22197911526476,52.022671196716175,50.95269704248224
S08,2026-09-06,7,98.10816326530612,2026-08-30,113.1561512874948,123.28937857713191,121.40213421847312,123.7536536839196,120.81609986092536
S09,2026-09-06,7,98.5,2026-08-30,105.98466829526252,99.37121527759093,100.5390663121428,99.92379792524237,101.25853945059437
S10,2026-09-06,7,127.6,2026-08-30,102.34537032923448,92.32802632727794,94.5853630033987,92.72754117378167,94.39541548022203
S11,2026-09-06,7,167.8,2026-08-30,77.65379377997984,69.66102267099279,72.09216155526894,69.7965801176216,70.83554509510952
S12,2026-09-06,7,109.0,2026-08-30,126.15050219143589,129.7470645223345,131.87444072110313,130.92824138594526,132.8506295744862
S13,2026-09-06,7,131.0,2026-08-30,112.1384907778393,104.61224958513465,104.80775281999793,105.08976400111403,105.24363413665976
S14,2026-09-06,7,56.4,2026-08-30,83.98219888916717,69.91634918089423,69.6853700065187,69.73087032969508,70.06791541065488
S15,2026-09-06,7,88.1,2026-08-30,85.7210085610977,70.19659712546104,74.01266443644249,72.00726318274224,75.09609731946671
S01,2026-09-07,8,77.4,2026-08-30,84.35289782416832,75.93888058321816,75.6828503217016,75.66281571047647,74.86725575285298
S02,2026-09-07,8,116.0,2026-08-30,112.65805362912764,112.6591274395585,112.53404169082641,112.05076127052307,112.41604982614517
S03,2026-09-07,8,119.3,2026-08-30,101.53771000776116,96.11860719897918,97.22882734068803,95.31877954878978,97.33796232768468
S04,2026-09-07,8,74.4,2026-08-30,99.9823423305961,94.28048394024373,94.19928527772427,93.36499757468701,94.14539895355702
S05,2026-09-07,8,76.3,2026-08-30,73.38624000417894,63.608257484861774,64.91606925917523,61.139142153092784,63.56491298718111
S06,2026-09-07,8,77.1,2026-08-30,78.12728063737906,69.6937287892614,69.81903600650173,68.77973477499825,68.19563980357987
S07,2026-09-07,8,122.0,2026-08-30,64.95279052674898,54.19196752841984,54.2055532896093,54.1837916338018,54.88968580971871
S08,2026-09-07,8,95.7,2026-08-30,107.3043466459279,125.98281133290021,125.83062875385968,124.65340628590076,124.53026942278831
S09,2026-09-07,8,92.7,2026-08-30,100.13286365369562,96.91147221741933,97.43147994881231,96.51742665586728,97.71458834433663
S10,2026-09-07,8,90.3,2026-08-30,96.49356568766758,91.06842651494912,91.111449147548,90.81720299550466,91.16575829216413
S11,2026-09-07,8,57.3,2026-08-30,71.80198913841294,64.33774097306389,65.07055921895164,65.20711942059654,64.5609775040831
S12,2026-09-07,8,119.8,2026-08-30,120.29869754986899,128.02635433045882,128.65589332660394,128.54941824344652,129.23044642094257
S13,2026-09-07,8,119.9,2026-08-30,106.2866861362724,103.71912315700736,104.98361632440772,102.64562338803496,103.88606347356524
S14,2026-09-07,8,77.4,2026-08-30,78.13039424760026,63.481447935955856,65.97692826475415,64.4315474637917,65.39120459641728
S15,2026-09-07,8,58.2,2026-08-30,79.86920391953082,65.7281980953046,66.03414948199475,64.5146382144519,66.10241766188824
S01,2026-09-08,9,96.5,2026-08-30,84.04454684760174,69.37807439821107,65.85940136568887,71.34963213460786,65.40619595902307
S02,2026-09-08,9,104.3,2026-08-30,112.34970265256105,111.24234393909573,113.85832427740097,111.28224719986319,112.57577332407236
S03,2026-09-08,9,108.1,2026-08-30,101.22935903119456,95.80675793268851,100.5382817370551,96.28076722302607,102.31304728814534
S04,2026-09-08,9,75.5,2026-08-30,99.6739913540295,95.3549582451582,94.78078819215298,94.79428715407849,94.15180645287037
S05,2026-09-08,9,71.0,2026-08-30,73.07788902761236,59.60992985708372,62.54985967023031,59.654217598267955,62.54674495501177
S06,2026-09-08,9,104.4,2026-08-30,77.81892966081247,72.4481818001185,71.19035485344273,72.2445714022432,71.62153783398014
S07,2026-09-08,9,55.5,2026-08-30,64.6444395501824,59.12423940386091,62.91812794293676,60.3006313183478,64.9537606724671
S08,2026-09-08,9,119.4,2026-08-30,106.9959956693613,128.00997318302854,129.55762067179768,129.3133424904534,128.28350411330922
S09,2026-09-08,9,88.2,2026-08-30,99.82451267712904,95.75382289034981,97.83003967744965,97.09009318170804,99.36841832963485
S10,2026-09-08,9,113.6,2026-08-30,96.185214711101,89.11062962838582,86.21176220008306,90.46870991119317,87.3176973266261
S11,2026-09-08,9,67.8,2026-08-30,71.49363816184635,62.34769909126419,58.768092230388106,64.46550278408188,59.520233557053984
S12,2026-09-08,9,113.3,2026-08-30,119.99034657330239,132.32449993384736,133.72272003335613,133.94513588292259,136.6046198819365
S13,2026-09-08,9,95.0,2026-08-30,105.97833515970581,103.92524868462768,105.33934317742076,104.73431319211211,106.34279091124024
S14,2026-09-08,9,82.4,2026-08-30,77.82204327103368,63.13974195803914,65.16105094637189,63.56950560297284,65.98571883227143
S15,2026-09-08,9,79.3,2026-08-30,79.56085294296423,65.72869840179169,67.11972980861151,66.35324145768368,67.8481924450823
S01,2026-09-09,10,213.4,2026-08-30,90.45416361871682,81.42777322786195,78.74783570872886,82.10350493895156,78.28465155320508
S02,2026-09-09,10,119.7,2026-08-30,118.75931942367613,116.00548884570598,118.57432200312614,116.22598430812359,118.87173576951027
S03,2026-09-09,10,125.5,2026-08-30,107.63897580230966,101.111474273886,102.75419020482472,101.5880964828389,103.25015784629754
S04,2026-09-09,10,99.8,2026-08-30,106.0836081251446,103.27225513160228,105.34125640392303,103.62118370234965,105.96697851419448
S05,2026-09-09,10,79.4,2026-08-30,79.48750579872744,70.41054946673768,73.14648629469531,70.5321844790663,73.88474085671561
S06,2026-09-09,10,82.3,2026-08-30,84.22854643192755,76.48428294020039,76.7052797335599,76.01918007390839,76.61702518495065
S07,2026-09-09,10,78.1,2026-08-30,71.05405632129748,55.72169852453683,55.39900982763086,55.881163673581824,57.05454220074628
S08,2026-09-09,10,113.7,2026-08-30,113.4056124404764,131.4803449746558,132.0579247858712,130.89884410913675,131.42017632092922
S09,2026-09-09,10,114.0,2026-08-30,106.23412944824412,103.51639915747303,104.66111641866821,103.60839035851616,104.98143177969116
S10,2026-09-09,10,125.8,2026-08-30,102.59483148221608,98.68573508688382,98.26154186853341,100.10335891970567,99.57503899463586
S11,2026-09-09,10,77.6,2026-08-30,77.90325493296143,70.91889793002713,67.86057850761074,71.57456043125796,67.95105016274113
S12,2026-09-09,10,135.4,2026-08-30,126.39996334441749,134.84300535065788,134.02694214028972,135.20985517544406,134.35876939339298
S13,2026-09-09,10,108.8,2026-08-30,112.38795193082089,108.87263822465736,109.33870657560017,108.25522549663272,109.80836440090623
S14,2026-09-09,10,72.7,2026-08-30,84.23166004214876,68.43219818259988,68.60637971843991,68.55824561502251,68.82242383147988
S15,2026-09-09,10,84.3,2026-08-30,85.97046971407931,69.99872821484291,70.4485983691045,69.94416078246263,70.08134074726672
S01,2026-09-07,1,77.4,2026-09-06,90.458498357114,87.74780643710069,86.73421343394689,88.27597697802953,85.67824562617712
S02,2026-09-07,1,116.0,2026-09-06,112.06737168804277,108.36670359035101,108.57320686240759,108.46868490238752,109.33849101324644
S03,2026-09-07,1,119.3,2026-09-06,106.43595443897762,105.53711185127756,103.37697731226942,105.26724399894735,104.10830022663137
S04,2026-09-07,1,74.4,2026-09-06,101.24328584519917,116.7634168241705,116.33577733976499,115.88880955917493,117.05126628024236
S05,2026-09-07,1,76.3,2026-09-06,77.67755364749718,72.1039847552863,73.16011368186149,70.94042683840665,72.88348442763957
S06,2026-09-07,1,77.1,2026-09-06,78.98030089417617,67.66173439621926,66.79437058568001,67.87102865576745,67.68122809529305
S07,2026-09-07,1,122.0,2026-09-06,72.75552191947301,67.4971774680274,68.4719313395875,67.76870679983072,69.37304851540499
S08,2026-09-07,1,95.7,2026-09-06,114.91778231125221,117.7320514884617,118.1065988805916,116.88979054659865,118.27641400367281
S09,2026-09-07,1,92.7,2026-09-06,96.66313335277859,91.59483629550253,90.90282264436995,92.57850068892752,91.44506174411093
S10,2026-09-07,1,90.3,2026-09-06,98.00692041591142,95.61974282945907,93.60786925639427,96.18512641276634,93.61041362966812
S11,2026-09-07,1,57.3,2026-09-06,74.25526752800965,78.32032108732632,77.42684001156262,79.05319744774273,77.06729510852269
S12,2026-09-07,1,119.8,2026-09-06,112.40837485082479,109.70194577063832,109.64683233584675,109.7638407238892,110.57049869384083
S13,2026-09-07,1,119.9,2026-09-06,106.74667434061436,103.34052202957015,101.45919380443435,103.24620587485175,100.82516876714568
S14,2026-09-07,1,77.4,2026-09-06,85.90908829744839,81.68076387771538,82.0588838232415,81.49046152063778,82.15807116755417
S15,2026-09-07,1,58.2,2026-09-06,85.84502576456154,83.99220596807343,82.35529925482614,83.96600376623017,82.30449523585183
S01,2026-09-08,2,96.5,2026-09-06,89.19299444551788,82.53361409136228,80.71003904172353,83.21671684810094,81.02504958936147
S02,2026-09-08,2,104.3,2026-09-06,110.80186777644667,108.05333999355402,109.59208493490782,108.75749511082735,110.60447615941133
S03,2026-09-08,2,108.1,2026-09-06,105.17045052738152,104.33676483005544,104.88601008326074,104.62177934021017,105.64018281072637
S04,2026-09-08,2,75.5,2026-09-06,99.97778193360307,115.37780552847043,116.99039578182355,116.75621807319776,117.95250378293649
S05,2026-09-08,2,71.0,2026-09-06,76.41204973590108,67.57645654381189,67.71828430593881,67.37175705731782,69.00032284558687
S06,2026-09-08,2,104.4,2026-09-06,77.71479698258007,69.6313642948866,67.54816594123841,68.81539086401463,68.03906905055047
S07,2026-09-08,2,55.5,2026-09-06,71.49001800787691,70.58784388878517,72.20054818258755,71.23067020380073,73.15560101938568
S08,2026-09-08,2,119.4,2026-09-06,113.6522783996561,119.07705376714728,118.75420856148264,119.41601495117209,120.44892991751692
S09,2026-09-08,2,88.2,2026-09-06,95.39762944118249,90.39557519640242,91.58597233976637,92.03051644648825,92.05407965268408
S10,2026-09-08,2,113.6,2026-09-06,96.74141650431532,91.66120167459762,88.90419330086029,93.18609114374435,89.91798635210311
S11,2026-09-08,2,67.8,2026-09-06,72.98976361641355,74.48159420916012,71.72195652553013,75.87333584257534,72.58160302468708
S12,2026-09-08,2,113.3,2026-09-06,111.14287093922869,109.61721925820622,112.05647750582013,111.58839552487645,113.2696302124432
S13,2026-09-08,2,95.0,2026-09-06,105.48117042901826,100.76535029070716,100.28716681259017,102.0126348521028,101.06857401984077
S14,2026-09-08,2,82.4,2026-09-06,84.6435843858523,79.76320832201412,82.3792111051934,81.33216201492718,83.3420824182885
S15,2026-09-08,2,79.3,2026-09-06,84.57952185296544,81.93566765444619,81.42161410110337,83.60870968358857,82.28204514639718
S01,2026-09-09,3,213.4,2026-09-06,96.37276692351273,92.34632489808969,92.41434758135252,93.25087898017041,92.12888268360071
S02,2026-09-09,3,119.7,2026-09-06,117.9816402544415,117.00056714375582,119.28916533847418,116.53297634233799,118.75119542141523
S03,2026-09-09,3,125.5,2026-09-06,112.35022300537636,113.82222620666286,112.82861212164423,113.79548011243602,111.97777099803349
S04,2026-09-09,3,99.8,2026-09-06,107.1575544115979,126.61696202797548,127.5877384070839,125.44064741326228,128.26103284699576
S05,2026-09-09,3,79.4,2026-09-06,83.59182221389591,80.1726051688281,81.69317255617055,79.2195518583146,81.25940832198533
S06,2026-09-09,3,82.3,2026-09-06,84.8945694605749,77.57909680306912,77.52999896705151,77.08499702215195,76.71512244790793
S07,2026-09-09,3,78.1,2026-09-06,78.66979048587174,74.95370660849981,78.08782723673754,75.06192554661207,76.47918802627497
S08,2026-09-09,3,113.7,2026-09-06,120.83205087765094,128.36477803856394,130.13532581597826,127.10648077398798,130.54347867936156
S09,2026-09-09,3,114.0,2026-09-06,102.57740191917732,100.3338009053043,100.35945078629469,99.46755440245782,99.30802899684225
S10,2026-09-09,3,125.8,2026-09-06,103.92118898231016,102.83786847097967,100.28814307983434,103.19307490821397,100.32416514690435
S11,2026-09-09,3,77.6,2026-09-06,80.16953609440839,84.12094825931958,81.15123549529484,84.234168213393,81.22261392005852
S12,2026-09-09,3,135.4,2026-09-06,118.32264341722352,117.31982617463383,118.95019127811703,117.62964194464895,118.52766710623565
S13,2026-09-09,3,108.8,2026-09-06,112.6609429070131,108.55464350166064,107.55021331565719,108.32779492916804,107.02075140284639
S14,2026-09-09,3,72.7,2026-09-06,91.82335686384712,88.8079829437392,92.03338845797947,88.25554202010056,92.45746768244675
S15,2026-09-09,3,84.3,2026-09-06,91.75929433096027,90.23265655892236,89.02021314757211,90.69149008760495,88.78103907959802
S01,2026-09-10,4,109.5,2026-09-06,103.25042345917639,98.47629231938295,96.94836394467525,97.72742477783136,96.7189136294382
S02,2026-09-10,4,132.7,2026-09-06,124.85929679010516,121.44782540758219,120.96517158110704,121.79009166915979,123.18140414913263
S03,2026-09-10,4,111.6,2026-09-06,119.22787954104002,117.50840412348768,116.97547042638323,116.93175973266622,118.22193281621
S04,2026-09-10,4,100.6,2026-09-06,114.03521094726156,131.57455265266555,131.11588000995772,130.49051478249686,132.05119088036673
S05,2026-09-10,4,100.9,2026-09-06,90.46947874955958,78.84830060304078,76.81895085499558,77.20022835657868,77.66741617471847
S06,2026-09-10,4,86.9,2026-09-06,91.77222599623857,79.08276180326939,77.63115028440953,78.97563549280167,78.2400311022997
S07,2026-09-10,4,62.0,2026-09-06,85.5474470215354,79.64994092413359,77.92927590140276,80.20661254354887,80.4703534109252
S08,2026-09-10,4,94.8,2026-09-06,127.7097074133146,130.7280489322569,130.69388503998778,129.7559947785761,131.80093998879454
S09,2026-09-10,4,102.8,2026-09-06,109.45505845484098,107.21300225045,105.842781619089,106.71530421163355,107.16475676085268
S10,2026-09-10,4,110.8,2026-09-06,110.79884551797383,108.36524840082443,107.16300036396301,107.07741666223323,106.48481759812152
S11,2026-09-10,4,76.8,2026-09-06,87.04719263007206,92.92396122642926,90.63779229351452,91.33917132445744,89.95138334163597
S12,2026-09-10,4,141.7,2026-09-06,125.20029995288718,122.9345870652369,122.53526723768029,123.43004173423562,124.07681508745465
S13,2026-09-10,4,109.2,2026-09-06,119.53859944267677,114.68140354113918,113.77163475113254,114.00656571345668,114.44887650864463
S14,2026-09-10,4,82.8,2026-09-06,98.70101339951079,96.04909195729664,95.91011329718998,94.8882527572768,96.39035090037754
S15,2026-09-10,4,108.5,2026-09-06,98.63695086662395,98.94204031484468,98.10012843268258,98.45385070698602,98.53698875563485
S01,2026-09-11,5,88.4,2026-09-06,106.60847740928548,104.36801513263158,105.77319090792112,104.00222440787725,104.92113058992796
S02,2026-09-11,5,132.6,2026-09-06,128.21735074021427,123.17809162099924,121.3253944869813,122.3731547351655,120.28841560144987
S03,2026-09-11,5,130.6,2026-09-06,122.58593349114912,120.07828296989462,121.12205566734335,119.60531415313741,120.39401771396658
S04,2026-09-11,5,89.1,2026-09-06,117.39326489737067,133.53039115411894,132.04079881055014,132.87728667003768,130.8897340272154
S05,2026-09-11,5,76.3,2026-09-06,93.82753269966868,80.42828562558564,76.71815120504174,79.74127615691098,74.8567425727931
S06,2026-09-11,5,93.4,2026-09-06,95.13027994634767,81.24576109051705,81.56341137886048,81.19498091340066,80.655591660738
S07,2026-09-11,5,79.7,2026-09-06,88.90550097164451,76.30641204246454,74.09303723775916,77.2080068004983,73.26388666347735
S08,2026-09-11,5,143.5,2026-09-06,131.0677613634237,129.5984328803446,127.44999053746722,129.47529005676768,126.25055006563923
S09,2026-09-11,5,109.1,2026-09-06,112.81311240495009,111.6416843542031,113.62602654184614,111.13915386881148,113.0088144847325
S10,2026-09-11,5,122.7,2026-09-06,114.15689946808293,113.61429344500816,117.52766992534912,113.3117693253926,116.36187161888397
S11,2026-09-11,5,75.0,2026-09-06,90.40524658018116,97.72478679248265,101.57738665172032,97.3082754952567,100.27807692119053
S12,2026-09-11,5,135.7,2026-09-06,128.5583539029963,127.09254710759434,127.71987705315861,126.2462997325829,126.81278153147015
S13,2026-09-11,5,128.3,2026-09-06,122.89665339278588,116.78034497158866,119.82118693845611,117.43720827358108,120.11252624647956
S14,2026-09-11,5,103.8,2026-09-06,102.0590673496199,95.7606285733836,93.98646689185074,96.2036214692252,93.37573982008865
S15,2026-09-11,5,90.2,2026-09-06,101.99500481673304,101.32229592459542,104.77962311165673,102.1637682225023,104.55446954624993
S01,2026-09-12,6,103.0,2026-09-06,104.80876713754142,101.98208516069822,98.33732148238592,100.77842151352338,98.38390064963274
S02,2026-09-12,6,126.3,2026-09-06,126.41764046847021,123.03692547042932,122.69417492111292,121.56075832803812,122.36315605600443
S03,2026-09-12,6,126.9,2026-09-06,120.78622321940506,118.50469352573415,118.29543130368253,116.68204644590875,117.59201081365606
S04,2026-09-12,6,94.1,2026-09-06,115.59355462562661,130.617704388925,129.99058678490775,129.97197150928633,130.62440246088164
S05,2026-09-12,6,90.3,2026-09-06,92.02782242792462,78.5256183788267,80.01355762482557,78.90718496293697,79.2601646006194
S06,2026-09-12,6,90.3,2026-09-06,93.33056967460361,79.46222099065781,77.81201350092888,77.81235585510731,77.52245190143586
S07,2026-09-12,6,62.4,2026-09-06,87.10579069990045,79.8150092823165,81.6698514384883,79.005919070329,79.34590880700522
S08,2026-09-12,6,129.3,2026-09-06,129.26805109167964,129.4409808781769,130.06438287765047,128.16569964260123,129.06632396251223
S09,2026-09-12,6,116.3,2026-09-06,111.01340213320603,110.75705233301436,110.05252021636282,108.89887380685126,108.28437748636519
S10,2026-09-12,6,98.1,2026-09-06,112.35718919633887,110.56150819744384,108.13994768645084,108.57457432534015,107.77331765379226
S11,2026-09-12,6,73.7,2026-09-06,88.6055363084371,95.37634590693882,92.17133002408913,93.44272056647709,91.30531588622502
S12,2026-09-12,6,114.9,2026-09-06,126.75864363125223,127.44088112201008,124.93095933284077,124.99855547036442,124.18976998712334
S13,2026-09-12,6,113.4,2026-09-06,121.0969431210418,115.07339646773677,114.71408476786952,114.21322954552512,114.18163051562648
S14,2026-09-12,6,94.7,2026-09-06,100.25935707787583,94.6215316576617,93.35894695648125,94.40035893746784,94.5619031710284
S15,2026-09-12,6,78.1,2026-09-06,100.19529454498898,100.5008448268686,99.52381890075547,98.71157895582063,99.27956204669816
S01,2026-09-13,7,81.6,2026-09-06,99.23143372581359,95.38759424888663,96.59574435630016,94.42066856266133,95.40777070053987
S02,2026-09-13,7,120.1,2026-09-06,120.84030705674238,112.36496621181335,110.22126746733751,112.5568831097063,110.47469598610964
S03,2026-09-13,7,89.2,2026-09-06,115.20888980767722,110.89722685644662,112.49336840480825,110.07263779536149,113.15339540958664
S04,2026-09-13,7,100.2,2026-09-06,110.01622121389877,123.75533160032437,120.64273223025457,122.76859502983943,119.35194298369542
S05,2026-09-13,7,89.7,2026-09-06,86.45048901619677,70.40734897256765,65.65839546621713,72.55350137949857,65.5361962586728
S06,2026-09-13,7,77.9,2026-09-06,87.75323626287576,71.63102506250144,72.20304413288832,71.80180764347315,71.53003262877465
S07,2026-09-13,7,81.3,2026-09-06,81.5284572881726,68.60600230225496,64.75935433932715,68.8156504643815,65.65733184048109
S08,2026-09-13,7,114.3,2026-09-06,123.6907176799518,118.49158230096361,114.90568379730246,119.63532279104254,113.90477279991171
S09,2026-09-13,7,103.2,2026-09-06,105.4360687214782,101.60421015966152,103.61107382263457,101.12158419137289,104.1286423736385
S10,2026-09-13,7,103.2,2026-09-06,106.77985578461103,104.24629727016604,108.1051497497729,102.80890471871412,107.70637567724502
S11,2026-09-13,7,79.8,2026-09-06,83.02820289670926,88.93151937105826,93.50948000379971,88.21983395197562,93.67169553467205
S12,2026-09-13,7,116.0,2026-09-06,121.18131021952438,118.26992973917096,119.35312100510511,116.61955746646437,118.51447473570171
S13,2026-09-13,7,90.9,2026-09-06,115.51960970931397,109.53092570849027,112.96549906688075,109.01178961353641,113.15338780837398
S14,2026-09-13,7,102.9,2026-09-06,94.68202366614798,88.09646900442561,83.91980341800621,87.84605474900121,82.5992096138852
S15,2026-09-13,7,75.6,2026-09-06,94.61796113326115,93.4494207035218,96.6386661286865,93.86734537588698,97.10282910423619
S01,2026-09-14,8,83.3,2026-09-06,93.6972306945113,88.34041444190912,87.69704153367452,88.85832367071085,86.84938823410444
S02,2026-09-14,8,122.0,2026-09-06,115.30610402544008,110.19530070384111,112.05141020377245,110.12519260306921,112.72425220717754
S03,2026-09-14,8,108.4,2026-09-06,109.67468677637494,106.3628056821253,105.3933003720667,106.68098160892984,105.66090846330187
S04,2026-09-14,8,88.5,2026-09-06,104.48201818259648,119.60790320975438,120.15150390309945,119.4396635119404,121.39406759036437
S05,2026-09-14,8,61.3,2026-09-06,80.91628598489449,72.052831304082,76.02064843178663,71.90690199733648,75.57076270115498
S06,2026-09-14,8,67.2,2026-09-06,82.21903323157348,68.72994723320008,68.49760534763337,68.92403374016286,69.25382623970509
S07,2026-09-14,8,65.0,2026-09-06,75.99425425687032,68.0084810120719,70.62836945929699,68.16689935454302,71.53115528577142
S08,2026-09-14,8,109.5,2026-09-06,118.15651464864952,119.86754844755194,122.95663972243926,119.7622467842724,123.74137255454696
S09,2026-09-14,8,98.8,2026-09-06,99.9018656901759,93.93556583012854,92.75769236768996,94.5483358510903,92.70344990577017
S10,2026-09-14,8,109.2,2026-09-06,101.24565275330875,97.09685619558608,94.70517139519966,97.68444958712375,94.74377732362068
S11,2026-09-14,8,57.0,2026-09-06,77.49399986540698,80.05917111464909,77.39391887613705,80.11350298353604,77.22791994043759
S12,2026-09-14,8,138.8,2026-09-06,115.6471071882221,114.34704153622899,112.06387071694645,112.7928969898394,112.81462288286004
S13,2026-09-14,8,109.2,2026-09-06,109.98540667801169,103.52740084486346,101.61192027585845,102.98016575830322,101.03608054774146
S14,2026-09-14,8,97.3,2026-09-06,89.1478206348457,82.33952148982456,85.1469531578677,84.01788360604218,85.84013226607016
S15,2026-09-14,8,62.5,2026-09-06,89.08375810195886,86.03225316660745,83.83756618755204,85.12436974602086,83.32151438849313
S01,2026-09-15,9,99.0,2026-09-06,92.4317267829152,84.62481027075223,82.59185155459814,83.66925244757108,81.90837626882963
S02,2026-09-15,9,143.9,2026-09-06,114.04060011384398,110.5934295560893,112.59658632238474,111.28317003508177,112.98962689374652
S03,2026-09-15,9,109.2,2026-09-06,108.40918286477884,107.25826078921816,108.35820248246452,106.48879760772249,107.93804412603637
S04,2026-09-15,9,128.2,2026-09-06,103.21651427100038,119.64771017176763,121.0559781242694,120.79145978880779,120.95547184092656
S05,2026-09-15,9,59.7,2026-09-06,79.65078207329839,68.81238716543588,69.07928782404336,68.78757077158365,69.57309367955598
S06,2026-09-15,9,78.7,2026-09-06,80.95352931997738,73.03425670191646,70.77612849473954,70.99739620983601,69.63990638554097
S07,2026-09-15,9,73.1,2026-09-06,74.72875034527422,72.1555456513273,73.54213786252909,73.72344029077463,74.68489059188538
S08,2026-09-15,9,111.2,2026-09-06,116.89101073705342,122.72878215506933,122.35481395244858,124.22437528938315,123.8360828158751
S09,2026-09-15,9,90.3,2026-09-06,98.6363617785798,93.68113297309195,94.40091568316733,94.01192981089865,94.21975630606924
S10,2026-09-15,9,106.1,2026-09-06,99.98014884171263,95.3319269009999,91.7936789580754,95.07362123216903,91.57304044451034
S11,2026-09-15,9,63.2,2026-09-06,76.22849595381086,78.0277077300208,73.84242901631764,78.15038004943302,73.73030373879841
S12,2026-09-15,9,125.3,2026-09-06,114.381603276626,114.80195722367081,116.02140231813702,116.13440434272799,116.13578344519648
S13,2026-09-15,9,123.1,2026-09-06,108.71990276641557,103.53364517646175,102.850753643683,104.16013097124439,102.709511497191
S14,2026-09-15,9,61.3,2026-09-06,87.8823167232496,82.9188954008477,86.06421555557421,83.8124688638108,85.7802146969097
S15,2026-09-15,9,44.5,2026-09-06,87.81825419036275,85.46892370837075,84.89770408528192,85.79933311598641,84.70341604011399
S01,2026-09-16,10,81.3,2026-09-06,99.61149926091004,94.03477702128835,93.81496999833867,94.27884168529086,93.47228052632086
S02,2026-09-16,10,115.7,2026-09-06,121.22037259183881,118.22382321019735,120.08503561277952,117.43427680243816,120.0112465526637
S03,2026-09-16,10,124.0,2026-09-06,115.58895534277367,114.66859036952516,113.96934239089748,113.22503795743248,113.3824229043748
S04,2026-09-16,10,99.3,2026-09-06,110.39628674899522,129.13253023965018,130.21065830928939,127.65366784972802,131.3165606532778
S05,2026-09-16,10,81.9,2026-09-06,86.83055455129323,79.01892485917482,80.29140467644605,79.27792641223344,80.00253747106466
S06,2026-09-16,10,85.0,2026-09-06,88.13330179797222,77.4416926369071,77.64396938085557,77.07093926668168,76.70782236903906
S07,2026-09-16,10,101.5,2026-09-06,81.90852282326907,73.62388004490309,75.46969228365593,72.8407194657451,74.74397574492865
S08,2026-09-16,10,95.8,2026-09-06,124.07078321504825,129.54000207454226,131.9838077840235,128.7663851943638,133.1333019849684
S09,2026-09-16,10,111.4,2026-09-06,105.81613425657463,102.08309562216913,101.55195015754019,101.3785529117233,100.69256589553719
S10,2026-09-16,10,121.3,2026-09-06,107.15992131970748,105.36492436762369,102.79956591215618,104.87583584721601,102.6421043450146
S11,2026-09-16,10,82.3,2026-09-06,83.40826843180571,86.99350037665239,83.24667366274765,85.36297978886536,83.45963100024632
S12,2026-09-16,10,141.8,2026-09-06,121.56137575462083,121.78789987053189,120.44724388803753,121.54787382866654,119.757181078302
S13,2026-09-16,10,120.2,2026-09-06,115.89967524441042,109.8821281847943,108.39431939380508,108.42358862715106,107.51930160181861
S14,2026-09-16,10,81.7,2026-09-06,95.06208920124443,89.5337657926338,94.16915773579052,89.25429833286574,94.54726725050381
S15,2026-09-16,10,111.1,2026-09-06,94.9980266683576,92.09583521629018,91.51805413462488,90.60973104829235,91.05475103756679
S01,2026-09-14,1,83.3,2026-09-13,89.02043275875262,102.33562058040076,100.81662526556426,102.02359324523383,100.68535870143347
S02,2026-09-14,1,122.0,2026-09-13,117.50386459532216,115.09987566896847,116.61917049714496,115.62888887056282,116.99424427279403
S03,2026-09-14,1,108.4,2026-09-13,110.46497123816803,110.42838565324034,111.48499495599951,110.38259363983359,111.79827845905508
S04,2026-09-14,1,88.5,2026-09-13,97.67941143445431,81.3358752148492,82.04902765325137,80.339377196346,81.89814669064113
S05,2026-09-14,1,61.3,2026-09-13,84.9335288685083,79.0721707889012,79.88235921646869,77.45659322525775,80.82713716711318
S06,2026-09-14,1,67.2,2026-09-13,85.58625069189532,81.171969382252,81.00913694330623,81.95123268493583,81.30264101752212
S07,2026-09-14,1,65.0,2026-09-13,74.51886077876124,74.04056734059539,74.3805133051106,74.85424636517253,75.71540067557778
S08,2026-09-14,1,109.5,2026-09-13,110.09700573420672,108.56903641309057,107.69632308568274,108.23264716948782,107.92677326883589
S09,2026-09-14,1,98.8,2026-09-13,100.14305961365284,92.73914380414145,93.25001819474356,94.38197596413748,93.72956736428397
S10,2026-09-14,1,109.2,2026-09-13,103.84518419384182,100.71660871590886,99.73693932379994,100.75947414125714,99.55309773768697
S11,2026-09-14,1,57.0,2026-09-13,76.82103666630421,62.44130701252393,59.99033049174718,62.560843382562915,59.79600891896657
S12,2026-09-14,1,138.8,2026-09-13,118.97289853094719,115.7540681217398,115.51985167009491,116.6354494546141,115.68161867601532
S13,2026-09-14,1,109.2,2026-09-13,107.83979394277385,101.6198788200106,99.411509594747,101.92574452502387,99.1775151704039
S14,2026-09-14,1,97.3,2026-09-13,88.28312642764787,80.01869348287582,81.69819665551185,80.92972142100334,81.79379580020904
S15,2026-09-14,1,62.5,2026-09-13,83.5768792885171,71.76660067013331,71.14239996841975,73.07913443616458,71.17926916650363
S01,2026-09-15,2,99.0,2026-09-13,87.88720544741905,99.59834506937437,99.62243130632811,100.46688905188017,100.49289530345374
S02,2026-09-15,2,143.9,2026-09-13,116.3706372839886,113.6224471432822,115.76074105032852,114.44469247290066,116.54370058604648
S03,2026-09-15,2,109.2,2026-09-13,109.33174392683448,109.77170191024031,112.14804969046797,110.66422484133925,113.42370364133801
S04,2026-09-15,2,128.2,2026-09-13,96.54618412312074,80.83069828322955,81.16025534442493,80.4989522414548,81.47688490322658
S05,2026-09-15,2,59.7,2026-09-13,83.80030155717473,75.5499840625695,77.13080802048957,76.13186993684089,77.55791180815017
S06,2026-09-15,2,78.7,2026-09-13,84.45302338056175,83.0181092602866,83.12165854700973,82.74264639445713,84.11558164485862
S07,2026-09-15,2,73.1,2026-09-13,73.38563346742768,73.9977805188724,74.96169696216073,75.02499076191869,75.21901319388833
S08,2026-09-15,2,111.2,2026-09-13,108.96377842287316,108.52921753014837,108.44274609174047,108.72604845847403,108.23519228781973
S09,2026-09-15,2,90.3,2026-09-13,99.00983230231927,92.6166972373213,92.8336104605879,93.38940440160887,93.79722683174269
S10,2026-09-15,2,106.1,2026-09-13,102.71195688250825,99.59154198850904,99.32037363733563,100.23125554408345,100.54121459807668
S11,2026-09-15,2,63.2,2026-09-13,75.68780935497064,60.969616924013415,57.6014746768134,60.77272564598493,58.68149742909841
S12,2026-09-15,2,125.3,2026-09-13,117.83967121961362,116.52507953388351,117.5011875484671,116.82460777504104,118.19742567879814
S13,2026-09-15,2,123.1,2026-09-13,106.70656663144028,99.93070926410812,99.35034777862685,100.50984363896507,100.4824918125357
S14,2026-09-15,2,61.3,2026-09-13,87.14989911631432,81.15413290858268,81.0981030523777,80.56545955538749,82.2529419273138
S15,2026-09-15,2,44.5,2026-09-13,82.44365197718353,72.94924399427005,71.3001071529729,72.55711844733783,72.82116255334445
S01,2026-09-16,3,81.3,2026-09-13,96.07824071718517,110.9957091530519,110.93237586521678,111.62622841277295,110.96816063129478
S02,2026-09-16,3,115.7,2026-09-13,124.5616725537547,124.96249791511467,126.72457214721611,124.33166824557951,126.43949803241661
S03,2026-09-16,3,124.0,2026-09-13,117.52277919660058,119.16065386746611,120.74180304322924,119.76763814006533,120.7955172589847
S04,2026-09-16,3,99.3,2026-09-13,104.73721939288686,90.93059646881052,92.58053136042186,90.6687548475606,92.14431234619447
S05,2026-09-16,3,81.9,2026-09-13,91.99133682694085,87.20270738984858,87.50110053505217,87.39071161534106,88.19773317362582
S06,2026-09-16,3,85.0,2026-09-13,92.64405865032786,90.1473364440458,90.90135252305438,90.72026653417518,90.84312064775398
S07,2026-09-16,3,101.5,2026-09-13,81.57666873719378,80.1251035428473,81.70093915079322,80.24741041128125,82.26774132464614
S08,2026-09-16,3,95.8,2026-09-13,117.15481369263927,118.28436645503555,119.1791411378554,117.0576608629099,118.79327519621168
S09,2026-09-16,3,111.4,2026-09-13,107.20086757208539,103.21486948473112,103.52820847132908,103.58197890404345,103.19010748011725
S10,2026-09-16,3,121.3,2026-09-13,110.90299215227436,110.62067062567387,109.85359433080468,111.15387580330882,109.22135935735007
S11,2026-09-16,3,82.3,2026-09-13,83.87884462473676,70.8350199131029,68.15408513375691,70.79308022239378,68.22274931200913
S12,2026-09-16,3,141.8,2026-09-13,126.03070648937972,125.85016674404699,126.82725809557098,125.59608627618957,126.2711394955005
S13,2026-09-16,3,120.2,2026-09-13,114.89760190120639,108.7539216399725,108.44193393258112,108.48965639142054,108.21393964705723
S14,2026-09-16,3,81.7,2026-09-13,95.34093438608042,87.3835393641144,90.82137820720672,87.78002820387482,90.4206090554595
S15,2026-09-16,3,111.1,2026-09-13,90.63468724694965,80.98315280473658,80.69882151282259,80.7708481380982,80.27769411525556
S01,2026-09-17,4,83.6,2026-09-13,101.54261904511898,116.30407041140967,116.07091045209341,114.58945675023966,114.93066055902415
S02,2026-09-17,4,158.0,2026-09-13,130.02605088168852,128.74157730766706,129.382944892134,128.20781920381955,127.63579752572944
S03,2026-09-17,4,122.9,2026-09-13,122.98715752453441,121.99115774844374,123.0060620537826,121.64327076886381,121.37013248418059
S04,2026-09-17,4,128.1,2026-09-13,110.20159772082067,96.61098514667579,97.02207502893039,95.93070429733821,95.59807945958205
S05,2026-09-17,4,66.8,2026-09-13,97.45571515487467,87.67213941599643,88.12844575430667,87.29020440067565,86.93380028988635
S06,2026-09-17,4,91.7,2026-09-13,98.10843697826168,92.4706951362746,92.45005144008567,92.32052086123397,91.53835071453025
S07,2026-09-17,4,79.8,2026-09-13,87.0410470651276,82.56188950155463,81.92990294311728,82.45886063788619,80.75394129965987
S08,2026-09-17,4,116.7,2026-09-13,122.61919202057308,121.33762872602259,121.64252958084856,120.4758711048535,120.43158783401762
S09,2026-09-17,4,140.5,2026-09-13,112.6652459000192,110.26494784695761,110.23618935091154,109.25354456944125,108.32991583687918
S10,2026-09-17,4,113.8,2026-09-13,116.36737048020818,115.11196452166352,115.9626744219235,114.4385430493525,114.40869788612638
S11,2026-09-17,4,86.4,2026-09-13,89.34322295267057,78.8146489156144,78.11940022238663,77.85249360331467,77.08470531233719
S12,2026-09-17,4,120.9,2026-09-13,131.49508481731354,130.63097246033806,131.18073180360454,130.60720212800163,129.74594295067448
S13,2026-09-17,4,132.3,2026-09-13,120.36198022914022,114.78972326857703,114.86526358766216,114.22300044340747,113.83887085957187
S14,2026-09-17,4,82.2,2026-09-13,100.80531271401424,94.99205825328826,94.78259486556053,94.47037977576255,93.36663772761821
S15,2026-09-17,4,93.5,2026-09-13,96.09906557488347,89.05908456615039,88.43082776835986,88.98658594659396,87.33866578510829
S01,2026-09-18,5,107.2,2026-09-13,105.01903807619819,119.48226159640723,118.8361748141902,118.97077551313811,119.21422621437483
S02,2026-09-18,5,124.1,2026-09-13,133.50246991276774,131.50032017656736,129.87889651485852,131.42245862909726,129.8673533303397
S03,2026-09-18,5,276.9,2026-09-13,126.46357655561361,124.87684174690928,125.53305014286722,124.6410129896232,125.22542833600725
S04,2026-09-18,5,135.6,2026-09-13,113.67801675189988,99.3885217326028,98.01925626567431,100.03965181282588,98.67226463726588
S05,2026-09-18,5,97.1,2026-09-13,100.93213418595387,89.07638237859523,85.88520725305592,90.38764246787345,86.715442399042
S06,2026-09-18,5,103.9,2026-09-13,101.58485600934088,95.57109927960803,95.22597274013927,95.6571110171931,95.56867709585597
S07,2026-09-18,5,94.8,2026-09-13,90.5174660962068,83.06585645888534,80.01821602348771,82.67741485152926,80.70808930907931
S08,2026-09-18,5,192.0,2026-09-13,126.0956110516523,122.94259666289602,121.20450547720705,123.17002340044294,121.99547624971186
S09,2026-09-18,5,100.8,2026-09-13,116.1416649310984,114.33545707208769,115.53746967060225,114.51989395959036,114.99040110451834
S10,2026-09-18,5,133.1,2026-09-13,119.84378951128738,119.03084586347852,122.47735033716474,119.52098379816327,121.47384430255208
S11,2026-09-18,5,67.4,2026-09-13,92.81964198374979,82.47740835377148,84.86483365723065,81.8267938537257,84.38528672286442
S12,2026-09-18,5,171.5,2026-09-13,134.97150384839276,134.60285909516472,135.21740086419243,134.38182719094414,135.105410442182
S13,2026-09-18,5,130.3,2026-09-13,123.83839926021942,116.8683905516352,119.5357840870108,117.06900041443961,119.58494823319572
S14,2026-09-18,5,106.0,2026-09-13,104.28173174509345,97.29151306152343,95.20760578513145,97.03870815634727,95.74280185103416
S15,2026-09-18,5,81.3,2026-09-13,99.57548460596267,92.67464047840663,94.46020117572375,91.94456926158496,94.30969050696918
S01,2026-09-19,6,104.3,2026-09-13,102.85100641732274,114.98500472136908,114.70648711749487,115.74607258864813,115.36045139857703
S02,2026-09-19,6,104.5,2026-09-13,131.33443825389227,128.3314526481288,129.6531334919589,128.83001122900419,128.772855590071
S03,2026-09-19,6,120.4,2026-09-13,124.29554489673816,120.8956310829946,123.44475298438753,121.45432702515807,122.55558430467333
S04,2026-09-19,6,106.2,2026-09-13,111.50998509302443,94.39125043324061,95.92370559445449,95.47971655598708,95.9274115132434
S05,2026-09-19,6,98.1,2026-09-13,98.76410252707842,87.01191664721286,89.4763045855931,88.22353080894267,88.70820672299182
S06,2026-09-19,6,90.4,2026-09-13,99.41682435046543,90.05939295717647,92.14154003390243,91.67648969420364,92.24672435053756
S07,2026-09-19,6,94.6,2026-09-13,88.34943443733135,82.00736476693835,84.04820545230594,82.35853149209704,83.68593214665141
S08,2026-09-19,6,122.1,2026-09-13,123.92757939277685,118.7211116665176,120.85929139341627,120.06758822883879,121.01445904757296
S09,2026-09-19,6,99.3,2026-09-13,113.97363327222297,109.59383568210261,110.44714658004897,110.10130552990096,110.55399237615721
S10,2026-09-19,6,106.4,2026-09-13,117.67575785241193,113.6199105062655,115.22692027475152,114.69773719991956,115.40295551504407
S11,2026-09-19,6,96.1,2026-09-13,90.65161032487433,77.07065836020878,76.2034200919526,77.64408968814782,77.4126239908593
S12,2026-09-19,6,111.1,2026-09-13,132.80347218951732,130.26789970738548,130.28802931351322,130.1497003440346,130.8178617064442
S13,2026-09-19,6,132.9,2026-09-13,121.67036760134397,112.61119697136539,112.93654780728477,113.00679337126869,113.86068317932742
S14,2026-09-19,6,96.5,2026-09-13,102.113700086218,92.40183857679366,93.3790030837059,93.06041923761367,93.43915869891643
S15,2026-09-19,6,111.9,2026-09-13,97.40745294708722,87.60260409287044,87.34019166401454,86.95547162166663,87.9065985845668
S01,2026-09-20,7,104.2,2026-09-13,97.28789061472969,109.00745233723097,106.91701835223608,108.14766967871361,107.92792821505242
S02,2026-09-20,7,117.3,2026-09-13,125.77132245129924,119.89669133254459,117.90028926261833,120.35850281172564,120.06249301412275
S03,2026-09-20,7,121.4,2026-09-13,118.73242909414512,114.4940461336502,115.8517913265952,114.2492471567222,117.10253835905876
S04,2026-09-20,7,98.8,2026-09-13,105.94686929043138,88.48352656683751,85.44724752179214,88.02773934773036,87.1047297584159
S05,2026-09-20,7,67.2,2026-09-13,93.20098672448538,80.31593476470029,75.59491627897536,80.10048241402423,76.72052689875876
S06,2026-09-20,7,68.1,2026-09-13,93.8537085478724,85.5105953870075,85.54056702383926,85.21012427487543,86.32849907704761
S07,2026-09-20,7,93.7,2026-09-13,82.78631863473832,75.30961933199849,71.41943595026221,74.92282802824464,71.8271794042417
S08,2026-09-20,7,110.4,2026-09-13,118.3644635901838,110.83352490152632,107.50121398653303,111.22923827554499,109.04084442939077
S09,2026-09-20,7,115.5,2026-09-13,108.41051746962992,104.26620489401476,104.49511825522141,102.94757841570036,105.89693973256009
S10,2026-09-20,7,116.6,2026-09-13,112.1126420498189,108.31202962409172,111.85321821804557,107.61956344332013,112.54282998825822
S11,2026-09-20,7,71.5,2026-09-13,85.0884945222813,72.41448805161885,74.71944138833454,70.97656343558005,75.66235501744917
S12,2026-09-20,7,131.0,2026-09-13,127.24035638692426,124.15379038123149,124.32631583926934,123.01348246676582,125.45754170553494
S13,2026-09-20,7,121.2,2026-09-13,116.10725179875092,107.60867729676622,109.6499280434634,106.67786583197969,110.42610373241561
S14,2026-09-20,7,74.8,2026-09-13,96.55058428362496,88.43451316412538,84.77095504701137,88.17434282451867,86.61451693102717
S15,2026-09-20,7,107.9,2026-09-13,91.84433714449419,82.4680376386536,84.62029705366918,82.2846418068079,86.24197347632476
S01,2026-09-21,8,97.3,2026-09-13,92.29666905415722,106.71050911971503,105.18678901919299,106.56173629888468,104.11199284919672
S02,2026-09-21,8,123.9,2026-09-13,120.78010089072677,119.70121454724243,121.45265705694577,119.19570438840559,120.3299113018172
S03,2026-09-21,8,99.4,2026-09-13,113.74120753357265,114.01916857127632,115.08839003060545,113.89577280048813,114.75040077481951
S04,2026-09-21,8,96.3,2026-09-13,100.95564772985891,84.58799515834876,86.6734309213502,84.77219809762069,85.39975416830607
S05,2026-09-21,8,90.3,2026-09-13,88.2097651639129,82.62792750309622,85.21287673200881,81.31474730606591,84.15530514019942
S06,2026-09-21,8,150.9,2026-09-13,88.86248698729992,83.92359359392097,84.05244281717708,84.63673243501356,84.02394695409706
S07,2026-09-21,8,74.0,2026-09-13,77.79509707416584,76.20069303203907,78.73351548452463,76.48281355042543,78.49525783796396
S08,2026-09-21,8,93.1,2026-09-13,113.37324202961133,111.38224935914789,112.46643884863173,110.88238990690027,111.36972977604185
S09,2026-09-21,8,105.2,2026-09-13,103.41929590905745,96.90199850542204,97.09572254163878,98.46472835583346,97.11276425463812
S10,2026-09-21,8,100.8,2026-09-13,107.12142048924642,104.46366923834596,103.23531101431165,105.14271627153668,102.86390255178723
S11,2026-09-21,8,59.6,2026-09-13,80.09727296170881,65.98684236833027,63.59036386438779,66.59498595127037,63.40493157931737
S12,2026-09-21,8,99.9,2026-09-13,122.24913482635179,119.3605130915131,118.85367207271713,120.30643172604698,118.81380699617523
S13,2026-09-21,8,112.5,2026-09-13,111.11603023817845,104.08392291409629,102.6940863941397,104.29655466122287,102.32563730222839
S14,2026-09-21,8,72.8,2026-09-13,91.55936272305249,83.52950727045535,85.84328619241714,84.53410481512546,85.03988617509603
S15,2026-09-21,8,83.5,2026-09-13,86.8531155839217,75.79084216228553,74.57249155810901,76.69008924237319,74.53408828548022
S01,2026-09-22,9,96.7,2026-09-13,91.16344174282366,103.60030746289664,103.1204371733325,104.40391367503577,104.08286815711432
S02,2026-09-22,9,144.4,2026-09-13,119.6468735793932,117.64806475767067,119.25022028663328,118.05807132550648,120.01557633557489
S03,2026-09-22,9,116.7,2026-09-13,112.60798022223908,113.34688573394503,116.03309161279883,114.25061582837786,117.08189000625696
S04,2026-09-22,9,102.3,2026-09-13,99.82242041852535,85.0409763025386,84.46449656954833,84.23715067080089,84.94051788917609
S05,2026-09-22,9,96.9,2026-09-13,87.07653785257934,78.98780153180873,79.34312679852759,79.60806124891555,79.82379392768657
S06,2026-09-22,9,80.0,2026-09-13,87.72925967596636,85.98535113238862,86.68869413637688,86.1612987352269,87.57732044874822
S07,2026-09-22,9,74.9,2026-09-13,76.66186976283228,76.39810696829643,77.65183104321893,78.2456494181284,77.77070163403239
S08,2026-09-22,9,119.1,2026-09-13,112.24001471827776,112.05071321512972,111.58084197725569,112.7345539518765,111.5936744847468
S09,2026-09-22,9,120.9,2026-09-13,102.28606859772388,95.959647581407,96.68434618456023,96.81008516294615,97.68617919129984
S10,2026-09-22,9,89.8,2026-09-13,105.98819317791285,103.66562860991273,103.5723592617682,104.09245411838803,104.65764435912881
S11,2026-09-22,9,59.1,2026-09-13,78.96404565037525,64.82436553069523,61.45458639093808,64.66110766359738,62.760878805603305
S12,2026-09-22,9,231.6,2026-09-13,121.11590751501822,120.3519111875977,121.47030442995685,120.82903966350216,122.28028498632568
S13,2026-09-22,9,117.1,2026-09-13,109.98280292684488,103.39032303435462,103.06017961246627,103.92088372153896,104.24554724139827
S14,2026-09-22,9,100.0,2026-09-13,90.42613541171892,84.76323624551296,84.3930928915739,84.59087861180305,85.50445781499147
S15,2026-09-22,9,67.4,2026-09-13,85.71988827258815,76.79462833872863,75.48484942487308,76.78549467197486,77.1719164269311
S01,2026-09-23,10,91.8,2026-09-13,99.35447701258977,114.50250623949938,114.7385801208871,115.74187753924303,114.32945048638754
S02,2026-09-23,10,118.0,2026-09-13,127.8379088491593,128.11896655985288,129.65193692871503,127.5202159238713,129.2919114632266
S03,2026-09-23,10,136.9,2026-09-13,120.7990154920052,121.81506215844836,123.5076261988708,122.15360387478556,123.32179828797068
S04,2026-09-23,10,106.7,2026-09-13,108.01345568829146,94.73983664980956,95.89199145308562,95.26772295108863,95.38629894128867
S05,2026-09-23,10,93.4,2026-09-13,95.26757312234545,88.8722588219813,89.32734363760268,89.63777654852187,89.40294952179705
S06,2026-09-23,10,95.1,2026-09-13,95.92029494573246,92.61945007571151,93.16381929644515,92.36054761537483,93.01550207861831
S07,2026-09-23,10,81.4,2026-09-13,84.85290503259839,81.60068413828101,82.42713010524001,80.96206619058337,82.9505207261869
S08,2026-09-23,10,127.1,2026-09-13,120.43104998804387,121.67200482274805,121.59974536682878,120.15978655602251,121.48675582196032
S09,2026-09-23,10,102.4,2026-09-13,110.47710386748999,106.68317808253424,107.19152896148817,107.26637265128748,106.70370499087231
S10,2026-09-23,10,124.9,2026-09-13,114.17922844767897,114.21480844702039,114.19509532834802,114.68535917784486,113.01069925512586
S11,2026-09-23,10,95.0,2026-09-13,87.15508092014136,74.5378519264715,72.90403142997197,75.9235658539193,72.46775964467919
S12,2026-09-23,10,132.0,2026-09-13,129.30694278478433,129.9067030106272,129.8802419011082,129.4673497234072,129.48281601113933
S13,2026-09-23,10,250.5,2026-09-13,118.173838196611,111.5770781774606,112.2362403560962,111.90297663105386,111.52174737198013
S14,2026-09-23,10,161.7,2026-09-13,98.61717068148502,91.57253382205963,93.82015941143035,92.07211201488971,93.27337620258331
S15,2026-09-23,10,84.8,2026-09-13,93.91092354235425,84.98732792756387,84.6992074566228,85.39776681533881,84.36018424651452
S01,2026-09-21,1,97.3,2026-09-20,96.85659589575323,86.69246540665627,85.35956473350525,87.51794726848603,85.50486074090004
S02,2026-09-21,1,123.9,2026-09-20,120.41716898675777,121.0173989981413,123.13248658180238,122.38591419160367,122.1797242164612
S03,2026-09-21,1,99.4,2026-09-20,108.69651997338963,134.87675298494952,135.81876900536673,135.71407456440585,135.6769099508013
S04,2026-09-21,1,96.3,2026-09-20,104.78178903234333,103.95673370957374,103.90260375142097,104.80549193024635,103.72099137902259
S05,2026-09-21,1,90.3,2026-09-20,80.84303095736631,69.25451922501836,71.76220323230538,69.02092415179524,70.10984662260327
S06,2026-09-21,1,150.9,2026-09-20,85.563161145256,77.31376937457493,77.89520225354603,77.42661326059273,77.35574706324509
S07,2026-09-21,1,74.0,2026-09-20,83.95860551609259,82.62149198779038,84.75246718951634,83.08190117457083,83.33670395293406
S08,2026-09-21,1,93.1,2026-09-20,110.00169504379308,114.89701548389026,115.12330302766391,115.54742285779544,114.41719511321612
S09,2026-09-21,1,105.2,2026-09-20,103.96865497069606,99.27651361141886,98.00410047684397,100.56776106868472,97.87000492726054
S10,2026-09-21,1,100.8,2026-09-20,112.65379132233288,107.89853752936635,106.52224169458661,108.56401966299329,107.02253551568303
S11,2026-09-21,1,59.6,2026-09-20,76.71257332268546,65.49216391699655,61.586015244892664,65.96860768454415,61.66822048085076
S12,2026-09-21,1,99.9,2026-09-20,124.74950130672813,127.1257062162672,127.71754904644833,128.6670923884426,127.49566181557522
S13,2026-09-21,1,112.5,2026-09-20,119.14107268729045,117.07415823170118,116.3229467374938,117.67377276250295,116.2724012536662
S14,2026-09-21,1,72.8,2026-09-20,87.87300454561621,78.15943728004183,79.52043632779802,79.24959058676447,79.00244216237749
S15,2026-09-21,1,83.5,2026-09-20,84.90625156162749,78.34125527909823,75.4587940292699,79.97518548539706,76.12522536686488
S01,2026-09-22,2,96.7,2026-09-20,96.07793693483039,85.9732221186161,86.14797399640084,86.12227470874787,85.96505479216576
S02,2026-09-22,2,144.4,2026-09-20,119.63851002583493,121.7262829989195,122.67397636175157,121.58856534957887,122.86379368603231
S03,2026-09-22,2,116.7,2026-09-20,107.91786101246679,136.21792752785342,137.50888553006308,135.39340157551425,136.40220460040229
S04,2026-09-22,2,102.3,2026-09-20,104.00313007142049,105.31446195244789,104.4144944012165,105.09446567893028,104.41141284108161
S05,2026-09-22,2,96.9,2026-09-20,80.06437199644347,68.12707799758229,67.46853906001363,67.86174717630658,68.37287265147481
S06,2026-09-22,2,80.0,2026-09-20,84.78450218433316,79.34457301029137,79.62120673486164,77.94526829251221,78.8888716591256
S07,2026-09-22,2,74.9,2026-09-20,83.17994655516976,84.60671297141484,82.85448542663029,83.68162709155253,83.42960691877774
S08,2026-09-22,2,119.1,2026-09-20,109.22303608287025,117.37716289034911,115.57246127894946,116.25404262713023,115.5188893692834
S09,2026-09-22,2,120.9,2026-09-20,103.18999600977322,99.94908348236766,96.63177952681269,99.35344607148852,97.47423083101
S10,2026-09-22,2,89.8,2026-09-20,111.87513236141004,109.23343048776898,108.00076173033032,108.03572730507169,107.62966544713292
S11,2026-09-22,2,59.1,2026-09-20,75.93391436176262,64.62353574293,60.00310512440545,64.50466992514474,60.473236760071345
S12,2026-09-22,2,231.6,2026-09-20,123.9708423458053,129.7691513504301,129.7551394160305,128.84898788290366,129.21872219996794
S13,2026-09-22,2,117.1,2026-09-20,118.3624137263676,117.5122136277812,117.40577463337354,117.36846063562803,117.33225826450757
S14,2026-09-22,2,100.0,2026-09-20,87.09434558469337,77.31477017317499,79.21788687620844,78.13546652708735,79.41718245659555
S15,2026-09-22,2,67.4,2026-09-20,84.12759260070465,78.08886462620326,74.46025902203151,78.46081549099513,75.38462275436946
S01,2026-09-23,3,91.8,2026-09-20,104.3522552285597,94.56086310818792,94.28057212643326,95.92313648462296,94.56928055295721
S02,2026-09-23,3,118.0,2026-09-20,127.91282831956424,129.4244275763631,130.39959514141083,130.18135459721088,130.488042101264
S03,2026-09-23,3,136.9,2026-09-20,116.1921793061961,142.90357023967164,145.06844539684909,144.3525056962456,145.18054981274264
S04,2026-09-23,3,106.7,2026-09-20,112.27744836514981,112.99137982577085,113.28690431118011,113.96433289200067,113.856670512259
S05,2026-09-23,3,93.4,2026-09-20,88.33869029017279,78.06931491281304,79.68222852136407,78.10839488442454,77.83924135650906
S06,2026-09-23,3,95.1,2026-09-20,93.05882047806247,85.46778443136385,85.86402586528233,86.33025656321219,86.25612160989216
S07,2026-09-23,3,81.4,2026-09-20,91.45426484889907,88.98894405790737,90.86773722299507,89.57809275814465,90.43689063617161
S08,2026-09-23,3,127.1,2026-09-20,117.49735437659956,123.77823049000331,122.9500896556569,123.79065135291644,123.09508614971169
S09,2026-09-23,3,102.4,2026-09-20,111.46431430350255,108.71677171018507,109.30392919619169,109.20186797667827,110.0458515859076
S10,2026-09-23,3,124.9,2026-09-20,120.14945065513935,116.57977969731603,117.87164108242307,117.82348965640578,118.44736420895372
S11,2026-09-23,3,95.0,2026-09-20,84.20823265549194,74.31762026803834,72.9016091133867,73.57683409186346,73.7377614173506
S12,2026-09-23,3,132.0,2026-09-20,132.24516063953462,136.27172305243357,136.81636217044934,136.28758533852442,137.52393356519087
S13,2026-09-23,3,250.5,2026-09-20,126.63673202009691,123.802236749764,125.594314376797,124.91161194906704,126.19586475470237
S14,2026-09-23,3,161.7,2026-09-20,95.36866387842268,85.25163363468434,87.94382749859776,86.31107839558805,88.05304891232933
S15,2026-09-23,3,84.8,2026-09-20,92.40191089443395,87.61400400575117,87.80504980853625,87.16024450289883,89.36269817671605
S01,2026-09-24,4,109.5,2026-09-20,109.69308056808553,99.37617847025395,98.05854254662991,98.32446904182434,99.18991656303406
S02,2026-09-24,4,141.4,2026-09-20,133.25365365909008,133.73352953791618,131.25485771894455,133.20570358633995,133.15099993348122
S03,2026-09-24,4,118.5,2026-09-20,121.53300464572192,146.2043434057917,145.6035177831139,145.88006992382662,146.87881093961852
S04,2026-09-24,4,103.9,2026-09-20,117.61827370467563,118.64859617352485,117.13525845706462,118.34795593321323,119.015545463562
S05,2026-09-24,4,111.4,2026-09-20,93.67951562969861,79.74617797221455,78.86484879340443,78.99096849645886,80.64529839243207
S06,2026-09-24,4,96.5,2026-09-20,98.39964581758831,88.42078610190323,87.17022067734173,88.19434693881443,88.86109157332352
S07,2026-09-24,4,95.3,2026-09-20,96.7950901884249,91.55763379165104,89.3174096090453,91.04113831051758,91.75898386963776
S08,2026-09-24,4,122.3,2026-09-20,122.83817971612538,128.70462888649533,126.16234140268394,127.86986024848052,127.72582934967109
S09,2026-09-24,4,128.7,2026-09-20,116.80513964302837,114.7666625729629,114.10986893389907,114.31752779100623,116.45427123223033
S10,2026-09-24,4,92.7,2026-09-20,125.49027599466518,120.80674403692994,120.36147759641919,120.2190835901669,121.98938847865377
S11,2026-09-24,4,63.4,2026-09-20,89.54905799501776,80.69741273479802,79.36859274463994,80.28825963096959,81.69788377540452
S12,2026-09-24,4,127.4,2026-09-20,137.58598597906044,140.24611643510207,138.49704234855517,139.752692049316,140.34194244997843
S13,2026-09-24,4,136.9,2026-09-20,131.97755735962275,130.1625287187951,128.75471432038717,129.33177631625108,130.598698000397
S14,2026-09-24,4,74.3,2026-09-20,100.70948921794852,91.96979696665491,90.2215651682445,91.72701495502676,92.42855752621378
S15,2026-09-24,4,94.5,2026-09-20,97.74273623395979,93.9213446693761,94.00511303714343,93.89121005109378,96.69758150151797
S01,2026-09-25,5,192.0,2026-09-20,114.71916860434708,102.06840441823006,103.03717584609986,102.72509412169457,103.96970839500428
S02,2026-09-25,5,121.8,2026-09-20,138.27974169535162,135.44291996955872,134.19298747181892,135.68410420417786,136.36502543091774
S03,2026-09-25,5,114.8,2026-09-20,126.55909268198347,150.27289759857314,151.5109397147383,149.42814033968108,151.5321209703173
S04,2026-09-25,5,124.2,2026-09-20,122.64436174093719,122.58285141587257,121.02181992530822,122.38000190854072,122.96210012435913
S05,2026-09-25,5,94.0,2026-09-20,98.70560366596015,82.55780506219182,78.92479486103568,82.85806048001561,81.21369424547467
S06,2026-09-25,5,63.2,2026-09-20,103.42573385384985,93.01782674023083,92.65470779367855,92.35183945723942,93.48139739462307
S07,2026-09-25,5,110.9,2026-09-20,101.82117822468645,92.63879275747708,90.75963898428849,92.61805332132748,93.16407657095364
S08,2026-09-25,5,146.3,2026-09-20,127.86426775238694,131.28401765397618,130.34474232963154,131.59063512257168,132.0430544929845
S09,2026-09-25,5,124.2,2026-09-20,121.83122767928992,117.4410060099193,116.5748558989593,117.62026027355876,118.57130378995623
S10,2026-09-25,5,116.7,2026-09-20,130.51636403092672,125.18565924252782,127.65397996987615,125.11479900564466,127.76003674949918
S11,2026-09-25,5,96.1,2026-09-20,94.57514603127932,83.73706000106675,82.4032913352762,83.58358623640878,84.28531097429139
S12,2026-09-25,5,125.0,2026-09-20,142.61207401532198,144.1424351836954,144.74152891891345,144.56301151769503,145.38915722625597
S13,2026-09-25,5,110.8,2026-09-20,137.0036453958843,132.37632308432035,133.22323654123716,132.43836555906705,134.42378286549024
S14,2026-09-25,5,101.6,2026-09-20,105.73557725421006,94.52616194997515,92.8945019355842,94.89312390599932,94.94200344000544
S15,2026-09-25,5,99.8,2026-09-20,102.76882427022133,96.98029750755855,97.38131457737514,96.8328602033002,99.45632884076663
S01,2026-09-26,6,96.5,2026-09-20,110.74891688975657,100.32598258256913,99.18941700160504,99.23867502510548,99.87472289502621
S02,2026-09-26,6,155.8,2026-09-20,134.30948998076113,132.9862847328186,131.58311986923218,132.20702366530895,133.2249909043312
S03,2026-09-26,6,121.4,2026-09-20,122.58884096739297,146.3395122115101,145.1566919360842,145.47916051489966,146.9097412799086
S04,2026-09-26,6,111.7,2026-09-20,118.67411002634668,117.63969852626323,117.28834888935089,117.9422964066267,118.87146911621093
S05,2026-09-26,6,87.5,2026-09-20,94.73535195136965,80.78715446676526,81.10702577318463,79.9407733538321,81.7436670818499
S06,2026-09-26,6,98.10816326530612,2026-09-20,99.45548213925935,88.45630003937653,87.02629296907357,87.73792325385979,88.98883997329644
S07,2026-09-26,6,86.0,2026-09-20,97.85092651009595,91.24379261263779,91.11312731036118,90.60315220483712,92.36770934292248
S08,2026-09-26,6,129.9,2026-09-20,123.89401603779643,127.3866737054927,126.90437042883464,126.82364450565406,128.0002305077655
S09,2026-09-26,6,105.0,2026-09-20,117.8609759646994,114.67579156671252,114.67412859712329,114.64801505718913,116.27380326901164
S10,2026-09-26,6,109.4,2026-09-20,126.54611231633622,120.36959612156663,120.06722026850495,119.9686647334269,121.85208172883306
S11,2026-09-26,6,97.5,2026-09-20,90.6048943166888,81.30337255256516,81.11200364487512,80.1747667993818,82.24694313662393
S12,2026-09-26,6,142.3,2026-09-20,138.6418223007315,139.5626266207014,138.13479139464243,138.8679542298828,139.9796888883625
S13,2026-09-26,6,134.9,2026-09-20,133.03339368129377,129.57803178855352,128.75491250583104,128.7593441111701,130.60009125896863
S14,2026-09-26,6,93.7,2026-09-20,101.76532553961955,92.40732337151255,90.96179115389074,92.0057102552482,92.6301247886249
S15,2026-09-26,6,82.7,2026-09-20,98.79857255563083,95.38728887013026,94.57392612269946,93.63741868904658,95.93862810901233
S01,2026-09-27,7,111.2,2026-09-20,105.25400247637789,94.10420077182353,91.93503347486258,94.15209864526987,91.864754755795
S02,2026-09-27,7,141.6,2026-09-20,128.81457556738243,126.13945045601578,125.29338564351202,126.61528873583303,125.77323856391014
S03,2026-09-27,7,117.47551020408164,2026-09-20,117.09392655401429,140.20574126882212,142.4535197813596,140.16805038811373,140.7743789630543
S04,2026-09-27,7,138.2,2026-09-20,113.179195612968,111.97282132497057,111.26523778811097,111.37708548493683,111.36432860083877
S05,2026-09-27,7,86.2,2026-09-20,89.24043753799097,74.00201632912669,72.25139233555112,74.4546308116189,73.0810183965734
S06,2026-09-27,7,94.2,2026-09-20,93.96056772588067,82.25348316931299,81.87795388379267,82.09095843934587,81.91139302083424
S07,2026-09-27,7,53.7,2026-09-20,92.35601209671727,84.84641193279198,83.64650654473475,85.4892072347658,84.45466394403151
S08,2026-09-27,7,114.7,2026-09-20,118.39910162441775,119.4907290654523,118.3783726560218,120.00129276684352,119.2445913123233
S09,2026-09-27,7,102.5,2026-09-20,112.36606155132073,108.44601113860097,110.74042078618493,108.51766150955643,109.9883712879249
S10,2026-09-27,7,129.9,2026-09-20,121.05119790295754,114.57062162804816,118.12204075391803,114.7173960168979,115.90972863483641
S11,2026-09-27,7,76.3,2026-09-20,85.10997990331012,75.20889550628407,76.56949958013637,74.67946367519242,75.87695805536849
S12,2026-09-27,7,136.0,2026-09-20,133.1469078873528,133.49922548042878,134.1722419554767,133.6834088153605,133.7768131121461
S13,2026-09-27,7,120.8,2026-09-20,127.53847926791511,123.76714763508312,123.69577582270972,123.49958285034768,123.5379091957318
S14,2026-09-27,7,84.0,2026-09-20,96.27041112624087,86.85707733769502,83.8015792406031,85.82738117350797,84.66667230044092
S15,2026-09-27,7,100.8,2026-09-20,93.30365814225215,89.71997400543519,92.00830006769725,88.94057910687157,90.51661429724523
S01,2026-09-28,8,110.8,2026-09-20,100.08629078642942,89.81907510459423,88.21785406470299,89.9229380607605,88.2668483376503
S02,2026-09-28,8,118.1,2026-09-20,123.64686387743396,124.20359843969347,126.41889080847615,124.63631176948549,125.23558608815075
S03,2026-09-28,8,125.9,2026-09-20,111.9262148640658,137.65673913551228,139.14859580365675,137.95459807408707,138.63855876518147
S04,2026-09-28,8,117.3,2026-09-20,108.01148392301951,105.89696957767009,106.87093704044818,106.84533013999462,106.44787593781948
S05,2026-09-28,8,71.5,2026-09-20,84.0727258480425,72.31240625764642,74.93307096223745,71.67487646724496,73.3777541601232
S06,2026-09-28,8,68.6,2026-09-20,88.79285603593218,79.67196120747498,80.96863380500248,79.18536565133503,80.08718504437378
S07,2026-09-28,8,89.7,2026-09-20,87.18830040676878,84.88814105146697,87.9895380777972,84.78867291339806,86.56268409320286
S08,2026-09-28,8,101.3,2026-09-20,113.23138993446926,116.94175021520682,118.09711025825568,117.31382066181727,117.11788641086646
S09,2026-09-28,8,106.4,2026-09-20,107.19834986137225,102.10465826605048,100.80790669236865,102.09691189740386,100.44097081337657
S10,2026-09-28,8,121.4,2026-09-20,115.88348621300905,110.6290363648108,109.53783289875302,110.62562623407159,109.7329989948443
S11,2026-09-28,8,96.3,2026-09-20,79.94226821336164,67.66907679097993,64.11292212264878,67.64005230920655,64.05854927556855
S12,2026-09-28,8,115.0,2026-09-20,127.97919619740432,129.90918799298151,130.75812018471106,130.61948946671828,130.20855157630785
S13,2026-09-28,8,123.2,2026-09-20,122.37076757796663,118.64700299033098,119.24120206662587,118.76556482442788,118.95223465093545
S14,2026-09-28,8,76.3,2026-09-20,91.10269943629238,80.63641111169542,82.5715248918959,80.72885530803885,81.9168097785541
S15,2026-09-28,8,170.2,2026-09-20,88.13594645230367,81.10149273446628,78.12883922627994,81.17440411618777,78.48746770790645
S01,2026-09-29,9,88.0,2026-09-20,99.30763182550658,89.60623064339161,90.15049369335175,89.67902393341065,89.79881399571896
S02,2026-09-29,9,105.2,2026-09-20,122.86820491651112,125.02837221696974,126.44388250634076,125.21834116056563,126.50895323828446
S03,2026-09-29,9,112.9,2026-09-20,111.14755590314297,139.4733545046832,142.36212369544165,139.53083461640136,140.28016288323062
S04,2026-09-29,9,103.91836734693877,2026-09-20,107.23282496209667,108.19521813690662,108.26569243371486,108.60577157735824,108.36488089561462
S05,2026-09-29,9,79.0,2026-09-20,83.29406688711966,71.6084098377398,70.380619720476,71.602558524268,71.81700709547314
S06,2026-09-29,9,77.8,2026-09-20,88.01419707500935,82.26022445463708,83.63576328132434,82.11557776534131,82.60438567825726
S07,2026-09-29,9,82.0,2026-09-20,86.40964144584595,86.85854897701314,86.17707432347483,86.98432967865041,86.75985388324729
S08,2026-09-29,9,124.8,2026-09-20,112.45273097354644,120.16592470726796,119.09381242266723,119.47926690599748,119.28851658276149
S09,2026-09-29,9,98.0,2026-09-20,106.41969090044941,102.81773172829833,100.44082254682269,102.75911987338748,101.2415178171226
S10,2026-09-29,9,100.9,2026-09-20,115.10482725208622,112.47939308519874,112.90765059526477,112.05075689937387,111.8001812079123
S11,2026-09-29,9,67.4,2026-09-20,79.1636092524388,67.87427472131593,63.91470240609986,67.62997167365891,64.24134480016572
S12,2026-09-29,9,129.8,2026-09-20,127.20053723648148,132.73653562175377,134.11646703718498,132.46674749063595,133.06821041735157
S13,2026-09-29,9,121.4,2026-09-20,121.59210861704379,120.13406139143876,121.36597000339202,120.249631817426,121.11340873220138
S14,2026-09-29,9,108.3,2026-09-20,90.32404047536956,80.03475586686815,82.68741084997143,81.7801709732839,83.15713084105934
S15,2026-09-29,9,74.0,2026-09-20,87.35728749138083,80.95382446220943,78.6667644398553,82.23119484058448,79.22528827360698
S01,2026-09-30,10,90.2,2026-09-20,107.58195011923588,97.30794665664435,96.81791042238474,98.7560707449913,97.37928894609213
S02,2026-09-30,10,148.8,2026-09-20,131.14252321024043,131.4535881727934,132.9283438026905,133.03245970606804,132.75296235084534
S03,2026-09-30,10,206.5,2026-09-20,119.42187419687228,145.05178738875048,148.2478581045355,146.84563052398818,147.75744077307837
S04,2026-09-30,10,122.0,2026-09-20,115.507143255826,115.49443273842334,115.92204689085483,116.4220404535532,116.26016764938831
S05,2026-09-30,10,93.0,2026-09-20,91.56838518084896,79.41242548908505,80.86342009987149,80.90199883367333,79.57229632224355
S06,2026-09-30,10,92.1,2026-09-20,96.28851536873866,87.14425391384533,88.54614659079483,88.61416219600609,88.67425224610737
S07,2026-09-30,10,94.1,2026-09-20,94.68395973957526,89.41438375839165,92.74348459073475,91.3165855301278,91.97950652667454
S08,2026-09-30,10,134.5,2026-09-20,120.72704926727575,125.39590222558805,125.29147079012223,126.0992025750024,125.55395176431962
S09,2026-09-30,10,128.6,2026-09-20,114.69400919417873,110.53655818615641,111.78168319676604,111.96511351083007,112.33711503957
S10,2026-09-30,10,106.1,2026-09-20,123.37914554581553,119.1716716566256,121.22517907406602,120.7289655634335,121.2509770819119
S11,2026-09-30,10,92.5,2026-09-20,87.43792754616811,76.43329030083758,75.28644273238523,76.29458982678396,76.50535734551293
S12,2026-09-30,10,143.4,2026-09-20,135.4748555302108,138.81635970430716,139.86873037176474,139.1942114289318,139.95390764432295
S13,2026-09-30,10,123.1,2026-09-20,129.8664269107731,125.59859054439835,128.3900527311223,126.39398537852935,128.60372346171312
S14,2026-09-30,10,119.1,2026-09-20,98.59835876909887,87.70537241165127,90.17279925559248,89.01049229119505,90.14906021569456
S15,2026-09-30,10,115.4,2026-09-20,95.63160578511014,90.00338552317449,90.50137487969228,89.6446411850197,91.92255915871688
S01,2026-09-28,1,110.8,2026-09-27,94.62073013616478,105.61388811894825,103.23731011578015,104.35876182147435,103.87843555637768
S02,2026-09-28,1,118.1,2026-09-27,126.48333133067646,128.7069373292582,130.90863083430696,127.33559389540126,131.3534878654139
S03,2026-09-28,1,125.9,2026-09-27,116.24031524350251,111.2171289972244,111.50842211164816,109.7438601306854,112.3288699886976
S04,2026-09-28,1,117.3,2026-09-27,107.19873984087,103.04627614617348,103.07324575781823,101.44775333404542,103.52719622254372
S05,2026-09-28,1,71.5,2026-09-27,90.5839013483768,88.2119530137096,89.25979447322231,86.92231972473007,89.7334409202848
S06,2026-09-28,1,68.6,2026-09-27,86.16276868391773,90.3543030991325,91.82358925781341,89.56413698933216,92.03592856965156
S07,2026-09-28,1,89.7,2026-09-27,80.60578485664982,77.17327036346708,78.06589201475893,76.12188280011927,78.25378857936178
S08,2026-09-28,1,101.3,2026-09-27,117.06605122910922,113.68861477289882,113.21698855076518,111.95766161595073,113.67145459566798
S09,2026-09-28,1,106.4,2026-09-27,108.7387842991323,104.27569631934166,103.44847921729088,102.51132507324219,103.97630293369293
S10,2026-09-28,1,121.4,2026-09-27,108.41394582983324,101.22498799392157,99.02349341937476,99.96065352388793,99.6237241131919
S11,2026-09-28,1,96.3,2026-09-27,76.03420097066052,68.71569339292388,65.71867425101142,67.29653958337646,65.90061817424636
S12,2026-09-28,1,115.0,2026-09-27,121.28243700450795,133.8604730980737,134.35479974917004,132.77763477138112,135.0404476242406
S13,2026-09-28,1,123.2,2026-09-27,114.57675720612175,133.1515959203243,133.15700727701184,131.53818908333776,133.56427165865895
S14,2026-09-28,1,76.3,2026-09-27,86.24290087025514,90.17055006623268,92.02910037636757,89.4343790590763,92.6283349275589
S15,2026-09-28,1,170.2,2026-09-27,88.65869828091188,77.8609481539045,76.40886873858315,77.06471131103379,76.63747713821274
S01,2026-09-29,2,88.0,2026-09-27,94.83078705364191,106.10587603279522,104.2871267242091,105.66384575196675,104.93314421602658
S02,2026-09-29,2,105.2,2026-09-27,126.6933882481536,131.45295348891187,133.40318747737575,130.99789959319997,132.39068244525362
S03,2026-09-29,2,112.9,2026-09-27,116.45037216097964,112.33928366519793,113.05540031709059,112.26868568875177,113.40573555745466
S04,2026-09-29,2,103.91836734693877,2026-09-27,107.40879675834714,104.482006752491,104.57923906445504,104.0076275408268,104.4247721374035
S05,2026-09-29,2,79.0,2026-09-27,90.79395826585393,88.86582863288265,91.09999065058571,88.2520714099918,90.40139776425701
S06,2026-09-29,2,77.8,2026-09-27,86.37282560139487,92.14123619339557,93.86185390493961,92.41452348969074,93.51269287607761
S07,2026-09-29,2,82.0,2026-09-27,80.81584177412695,79.92344208444868,80.33831760670458,79.17023271705423,79.60582383360182
S08,2026-09-29,2,124.8,2026-09-27,117.27610814658635,116.22852403138366,115.6038427672216,115.6913241318294,115.47062377844539
S09,2026-09-29,2,98.0,2026-09-27,108.94884121660944,105.91367740631104,104.69715331196785,105.72134141325951,104.08655066490174
S10,2026-09-29,2,100.9,2026-09-27,108.62400274731037,102.07121376224929,99.07024208733016,101.67101178595,99.67545721956664
S11,2026-09-29,2,67.4,2026-09-27,76.24425788813765,69.15632221954208,65.56177098410468,68.54207251327377,64.78199917929511
S12,2026-09-29,2,129.8,2026-09-27,121.49249392198509,136.7380571978433,136.7760063575847,136.24050928822587,136.77764474025795
S13,2026-09-29,2,121.4,2026-09-27,114.7868141235989,134.15601316094396,134.77077956497666,133.98345324397084,134.58537000417707
S14,2026-09-29,2,108.3,2026-09-27,86.45295778773229,90.89026497602462,93.6421950340271,91.32525296807289,93.65339958965778
S15,2026-09-29,2,74.0,2026-09-27,88.86875519838901,79.1138787652765,76.67525903241975,78.7448470379625,75.6314699436937
S01,2026-09-30,3,90.2,2026-09-27,103.43663645289962,115.55491859891585,113.44226061466283,116.45273852029017,115.04357994401029
S02,2026-09-30,3,148.8,2026-09-27,135.2992376474113,137.41025985160042,138.5130301577704,138.60884723195005,138.80872023233343
S03,2026-09-30,3,206.5,2026-09-27,125.05622156023735,120.63135462768658,120.359441404718,121.93609341003283,121.0226052901922
S04,2026-09-30,3,122.0,2026-09-27,116.01464615760484,113.89251864105464,112.99575726091862,114.8892584308982,113.84571744650603
S05,2026-09-30,3,93.0,2026-09-27,99.39980766511164,97.17677061217171,97.15167016493422,98.34674645917755,97.49017071681362
S06,2026-09-30,3,92.1,2026-09-27,94.97867500065257,99.92858619979711,99.99353905758949,101.08175297818276,100.2239162250528
S07,2026-09-30,3,94.1,2026-09-27,89.42169117338466,84.91906475658928,85.57801664258753,85.58088735129152,85.7820284404925
S08,2026-09-30,3,134.5,2026-09-27,125.88195754584406,123.69933332715716,122.92960462559547,124.61232523833003,124.128568167133
S09,2026-09-30,3,128.6,2026-09-27,117.55469061586714,113.9789610773325,113.42422833181918,115.51751956790686,113.9612409889698
S10,2026-09-30,3,106.1,2026-09-27,117.22985214656808,111.37105752059394,109.50868271102333,112.6330856634038,110.74415821858817
S11,2026-09-30,3,92.5,2026-09-27,84.85010728739536,79.4781688238893,76.22489962833266,80.3624158363257,77.40975228244703
S12,2026-09-30,3,143.4,2026-09-27,130.0983433212428,144.1647663207991,143.52803905106018,144.41179069301913,144.7936083616955
S13,2026-09-30,3,123.1,2026-09-27,123.39266352285661,142.5461298525333,142.35031872242686,143.49834106117484,143.14541562646625
S14,2026-09-30,3,119.1,2026-09-27,95.05880718699,99.99665068387985,100.6860976099968,101.58633747994901,101.3168315395713
S15,2026-09-30,3,115.4,2026-09-27,97.47460459764673,88.84610923858625,86.81877245115382,90.07587050007922,87.48647377513615
S01,2026-10-01,4,115.7,2026-09-27,107.24910658930494,118.30903186329773,117.31390475162438,118.46265612968377,119.33283849486283
S02,2026-10-01,4,138.0,2026-09-27,139.11170778381663,140.84221315511633,140.75097110995222,141.63789977260996,141.09657858439851
S03,2026-10-01,4,138.7,2026-09-27,128.86869169664268,122.45754129208906,122.41258635141237,122.82703197516783,123.1713423035322
S04,2026-10-01,4,128.3,2026-09-27,119.82711629401017,116.6700971364975,116.3522274285555,117.11533377468587,117.90394755601884
S05,2026-10-01,4,101.3,2026-09-27,103.21227780151696,98.80202200966221,99.44421362834316,99.20888070719582,99.93942801611763
S06,2026-10-01,4,92.9,2026-09-27,98.7911451370579,101.3788161947498,101.43975039563271,101.64025595030877,101.83040184519383
S07,2026-10-01,4,76.0,2026-09-27,93.23416130978998,87.4200274088553,87.43732393171106,86.8127313294581,87.87429936613356
S08,2026-10-01,4,129.4,2026-09-27,129.69442768224937,126.64077076528754,126.18159073804107,126.55287030552115,127.4162711522409
S09,2026-10-01,4,131.0326530612245,2026-09-27,121.36716075227247,118.03588491380215,117.592573133111,119.08179183006287,119.24187127947808
S10,2026-10-01,4,121.7,2026-09-27,121.0423222829734,113.79173476525717,112.52088997789794,114.27227933236533,114.75003291198188
S11,2026-10-01,4,94.2,2026-09-27,88.66257742380068,83.38782150404792,81.65544640379291,83.91865301983695,84.30474061625343
S12,2026-10-01,4,134.2,2026-09-27,133.91081345764812,146.5062437074525,146.24762362412045,146.8281471597297,147.39909148386548
S13,2026-10-01,4,116.5,2026-09-27,127.20513365926193,145.28454269468781,145.0763313770294,145.7998263388872,146.1731719523668
S14,2026-10-01,4,104.8,2026-09-27,98.87127732339532,103.4628340035677,103.30148423016072,104.01218132972718,103.98680614233018
S15,2026-10-01,4,102.3,2026-09-27,101.28707473405206,93.14676755028111,91.81641348557812,93.92833010213715,94.01157990949494
S01,2026-10-02,5,124.0,2026-09-27,112.55734960614407,123.10746616550854,124.00088763662747,122.74122393557003,124.11467364856175
S02,2026-10-02,5,156.3,2026-09-27,144.41995080065576,144.44475029536653,142.00767432280946,143.73056520649362,141.71982412167955
S03,2026-10-02,5,102.7,2026-09-27,134.1769347134818,126.11616454042776,126.01804933466299,126.36187351264341,125.54246759929045
S04,2026-10-02,5,136.9,2026-09-27,125.1353593108493,122.03634279370308,121.60330461859704,121.32757055163384,121.47471653819085
S05,2026-10-02,5,107.2,2026-09-27,108.52052081835609,101.49839942114693,101.22494448678833,102.36641590254646,101.17822636621338
S06,2026-10-02,5,96.8,2026-09-27,104.09938815389702,104.65498325965497,104.14754731199834,105.12840209148023,104.04557717583272
S07,2026-10-02,5,90.5,2026-09-27,98.54240432662911,89.24166866030012,88.92072670544897,89.94570754851614,88.7983285674027
S08,2026-10-02,5,139.0,2026-09-27,135.0026706990885,131.38164560709683,131.41170869980542,131.0123702457973,131.19016121540753
S09,2026-10-02,5,118.1,2026-09-27,126.6754037691116,122.49085490107537,122.62471650242806,122.68421832919121,122.54886512160301
S10,2026-10-02,5,115.7,2026-09-27,126.35056529981253,118.30246378013068,119.54701770373755,118.58100224563056,119.4232404632228
S11,2026-10-02,5,115.9,2026-09-27,93.97082044063981,88.54445252673965,89.31465927617889,88.22061006086211,90.1572066928659
S12,2026-10-02,5,140.1,2026-09-27,139.21905647448725,151.25557533076832,150.87256929448674,151.66049948504994,150.54591795972416
S13,2026-10-02,5,143.4,2026-09-27,132.51337667610105,149.3820733129978,149.20423540472981,149.22589051723477,149.06317058205602
S14,2026-10-02,5,95.0,2026-09-27,104.17952034023443,108.04012389779092,106.3646924674511,107.47668119072915,106.02901698946954
S15,2026-10-02,5,109.1,2026-09-27,106.59531775089118,98.58250365512711,98.53456065910203,97.86234841602189,98.82022784011704
S01,2026-10-03,6,92.5,2026-09-27,108.4339908539219,118.52527304419449,118.55025707611016,119.52290131577423,119.18611495622567
S02,2026-10-03,6,137.8,2026-09-27,140.29659204843358,140.02050314971376,140.43074068554807,142.05058445164133,141.52411748596597
S03,2026-10-03,6,142.0,2026-09-27,130.05357596125964,121.77916630126818,122.59583896912916,123.32041053988321,123.37283655025347
S04,2026-10-03,6,99.1,2026-09-27,121.01200055862714,116.20956967175007,117.0825512200594,117.90327141582966,117.84329535961152
S05,2026-10-03,6,72.8,2026-09-27,104.39716206613392,97.94162225680691,99.37475931601864,99.7935486282621,100.17297987597328
S06,2026-10-03,6,101.6,2026-09-27,99.97602940167486,100.00018385789487,101.33061540863606,102.06689929208848,102.24169177553746
S07,2026-10-03,6,102.6,2026-09-27,94.41904557440695,86.17081091191088,87.29265787090574,87.88833327974592,88.29799190546785
S08,2026-10-03,6,152.51818181818183,2026-09-27,130.87931194686635,125.58404374335494,126.70778426740851,127.30422224317279,127.48646605227675
S09,2026-10-03,6,118.3,2026-09-27,122.55204501688944,118.23482063114643,118.51756122410298,119.09511570334435,119.07559294700623
S10,2026-10-03,6,143.1,2026-09-27,122.22720654759037,113.39204240867072,113.85775249728137,114.79360688754493,114.67255581447058
S11,2026-10-03,6,87.8,2026-09-27,89.84746168841765,83.7051465745483,83.72180309253078,84.87991724269729,84.45143286245208
S12,2026-10-03,6,136.2,2026-09-27,135.09569772226507,145.82454911044667,146.62961787155697,147.38746224514077,147.37793444267342
S13,2026-10-03,6,136.9,2026-09-27,128.3900179238789,144.92231297492978,145.44230799376962,146.1284990161657,146.17596890032289
S14,2026-10-03,6,88.0,2026-09-27,100.05616158801227,103.78723749816419,103.5446197718382,105.03237517476083,104.1435019105673
S15,2026-10-03,6,82.5,2026-09-27,102.47195899866901,93.81844558673245,93.41328822927815,94.8160913671766,94.15461243050439
S01,2026-10-04,7,93.2,2026-09-27,103.16000645381918,113.56559614816173,114.48862884991935,114.42525132426194,114.03253480659
S02,2026-10-04,7,131.9,2026-09-27,135.02260764833088,134.46146990114022,134.22891427704263,136.17014619463254,134.38711711147
S03,2026-10-04,7,110.6,2026-09-27,124.7795915611569,117.23971106067582,117.50724180557116,117.81514493587709,117.60976545002593
S04,2026-10-04,7,98.6,2026-09-27,115.7380161585244,111.37961708530784,112.21375184189529,112.15131318252534,112.19175716917962
S05,2026-10-04,7,126.8,2026-09-27,99.1231776660312,93.97343688415629,93.31375921847564,94.47404020702731,93.72352094160658
S06,2026-10-04,7,84.0,2026-09-27,94.70204500157213,95.74017433068843,95.58878449342342,96.07087459034415,95.81153971693607
S07,2026-10-04,7,71.6,2026-09-27,89.14506117430422,80.51329616840397,80.7072697990707,81.79199833806072,81.0501206518284
S08,2026-10-04,7,137.8,2026-09-27,125.60532754676362,119.79558895741191,121.13958871391203,121.02178404506829,120.76705293197718
S09,2026-10-04,7,125.22244897959185,2026-09-27,117.2780606167867,112.39136752188206,113.38021132610739,113.1280807916075,113.6402702562511
S10,2026-10-04,7,98.5,2026-09-27,116.95322214748764,108.93079700690829,110.94788428672724,109.59862516538375,110.80862604358369
S11,2026-10-04,7,89.9,2026-09-27,84.57347728831492,78.47142167030167,80.72619937466722,79.52438971134167,81.24451652275663
S12,2026-10-04,7,123.3,2026-09-27,129.82171332216234,140.48369205168316,141.48932410946915,141.80027017912695,141.53725127301047
S13,2026-10-04,7,130.6,2026-09-27,123.11603352377617,139.76073015667495,140.37124385079366,140.57312211091627,140.47870475053784
S14,2026-10-04,7,91.0,2026-09-27,94.78217718790955,98.43753002276644,97.71707998514175,99.0461832370609,97.68412918709218
S15,2026-10-04,7,86.1,2026-09-27,97.19797459856628,88.16199865112347,89.69182045119149,89.79199704634291,90.26000861929995
S01,2026-10-05,8,109.3,2026-09-27,97.90669745645009,107.63049467333725,107.08571380802563,108.98241071828774,106.32710314222744
S02,2026-10-05,8,122.1,2026-09-27,129.7692986509618,131.50404882558752,135.05306136735845,132.24578858294655,134.23486868792344
S03,2026-10-05,8,103.1,2026-09-27,119.52628256378782,113.4123363993345,115.59157050170286,114.45460407950266,115.0906208432494
S04,2026-10-05,8,99.8,2026-09-27,110.48470716115531,104.82945191264153,107.10363211631775,106.18728483617306,106.10991651713849
S05,2026-10-05,8,76.5,2026-09-27,93.86986866866211,90.28123591797691,93.42547229262334,91.45142280267817,92.54934874134403
S06,2026-10-05,8,69.4,2026-09-27,89.44873600420304,92.6455879732141,95.96747785425873,93.98833999029489,94.78599058083387
S07,2026-10-05,8,88.5,2026-09-27,83.89175217693513,79.80801396455084,82.24660687531744,80.6286829375795,81.06082760180746
S08,2026-10-05,8,97.5,2026-09-27,120.35201854939453,115.69643821035113,117.27726775620665,116.60684253488269,116.16064812455859
S09,2026-10-05,8,109.3,2026-09-27,112.02475161941761,106.52742941379547,107.50002671480179,107.31573921144009,106.59842450618744
S10,2026-10-05,8,137.0,2026-09-27,111.69991315011855,103.08984931835109,102.82268975206786,104.54044122525626,102.12313089796477
S11,2026-10-05,8,82.3,2026-09-27,79.32016829094583,70.44711593644958,69.40324936168533,71.76516387718063,68.24562136190276
S12,2026-10-05,8,126.4,2026-09-27,124.56840432479326,136.436135457669,138.47300051323006,137.2842931615455,137.62863068452904
S13,2026-10-05,8,135.5,2026-09-27,117.86272452640708,134.88139311969277,137.22710262238976,135.74326063692567,136.2315921783447
S14,2026-10-05,8,113.4,2026-09-27,89.52886819054046,92.13711330592632,96.14794840961694,94.02394229471683,95.35735500901937
S15,2026-10-05,8,96.5,2026-09-27,91.94466560119719,80.17289609568459,80.2305688049112,81.5912720646177,79.02539865033967
S01,2026-10-06,9,97.9,2026-09-27,98.11675437392722,109.38428087958268,108.01938294300011,109.02918993362358,108.20635451802185
S02,2026-10-06,9,137.1,2026-09-27,129.9793555684389,135.08142597216312,137.30642036476303,134.546518604617,136.3087942352252
S03,2026-10-06,9,116.9,2026-09-27,119.73633948126495,115.94376224048717,116.85485676817878,115.8171414858876,117.27171889461859
S04,2026-10-06,9,111.9,2026-09-27,110.69476407863245,108.23754678070546,108.43018973767758,108.00459543764592,107.8553848952055
S05,2026-10-06,9,97.6,2026-09-27,94.07992558613924,92.08726783054215,94.81158920334917,91.48167942421776,94.1825882147931
S06,2026-10-06,9,100.8,2026-09-27,89.65879292168017,95.7374254389772,97.6892635374436,95.76808672017546,97.4174263103971
S07,2026-10-06,9,84.6,2026-09-27,84.10180909441226,83.3495653086475,84.10318576182638,82.19585290328999,83.4267398194543
S08,2026-10-06,9,116.8,2026-09-27,120.56207546687166,120.26656111170139,119.58341355834689,119.29829306368318,118.966997223241
S09,2026-10-06,9,135.9,2026-09-27,112.23480853689475,109.456911277771,108.48771181404591,109.23194509446621,107.27375518977642
S10,2026-10-06,9,122.1,2026-09-27,111.90997006759568,105.74760590025359,102.66095403858596,105.30041460224562,103.06432139405185
S11,2026-10-06,9,64.8,2026-09-27,79.53022520842296,72.55710620539527,69.09916360037666,72.02987779038291,67.42923814909797
S12,2026-10-06,9,112.0,2026-09-27,124.7784612422704,140.71483709460924,140.64529710060785,139.8817721249802,140.4333054514868
S13,2026-10-06,9,117.5,2026-09-27,118.0727814438842,137.47443339973685,138.58260872960088,137.5489317551255,138.26614215224978
S14,2026-10-06,9,95.7,2026-09-27,89.73892510801758,94.16162902414798,97.42149542942643,94.95425308048725,97.40148605704307
S15,2026-10-06,9,103.7,2026-09-27,92.15472251867432,82.36270331697804,80.3076241995607,82.42510416465146,78.40976984160287
S01,2026-10-07,10,140.4,2026-09-27,106.72260377318493,118.57491663524083,116.5825142232435,118.59655610152653,118.17748664745262
S02,2026-10-07,10,137.9,2026-09-27,138.58520496769663,140.65605518349577,141.84145484992433,141.5294237894671,141.72536511846948
S03,2026-10-07,10,135.2,2026-09-27,128.34218888052266,123.70849936224802,123.74085164584501,124.05054247893675,124.04762632169111
S04,2026-10-07,10,77.1,2026-09-27,119.30061347789015,117.13900985717774,116.25030162334443,117.36309538185597,116.94939258098603
S05,2026-10-07,10,100.0,2026-09-27,102.68577498539695,99.68377475397926,100.45573946791035,100.21690887170178,100.47493514376026
S06,2026-10-07,10,84.2,2026-09-27,98.26464232093788,102.84935330591294,103.42298281929585,102.93886383614633,103.26409397266004
S07,2026-10-07,10,83.0,2026-09-27,92.70765849366997,87.33265370513712,88.94629113759314,87.50780493404184,88.78542565192495
S08,2026-10-07,10,130.6,2026-09-27,129.16792486612937,126.90367418740477,126.23559925173011,126.93664524172034,127.30877007756915
S09,2026-10-07,10,125.2,2026-09-27,120.84065793615245,117.17891168296337,116.5792584091425,117.58246493041516,117.05926802456379
S10,2026-10-07,10,131.1,2026-09-27,120.51581946685339,114.57394030221873,112.66675781735354,115.13544548579627,113.83196678289347
S11,2026-10-07,10,88.2,2026-09-27,88.13607460768067,82.53543820338588,79.06324179949503,82.43068825559955,80.47176763521772
S12,2026-10-07,10,134.3,2026-09-27,133.3843106415281,147.40007235280106,146.8832434581859,147.06721468440125,147.8976590054376
S13,2026-10-07,10,129.7,2026-09-27,126.67863084314192,145.37258844077584,145.68146306276319,145.308110371232,146.20641569793221
S14,2026-10-07,10,113.7,2026-09-27,98.3447745072753,103.10961203575135,104.00452921092511,103.56108741760255,104.37322864234449
S15,2026-10-07,10,87.2,2026-09-27,100.76057191793203,92.09718563514096,89.79210228579385,91.82541043417794,90.56816128002745
S01,2026-10-05,1,109.3,2026-10-04,100.0174597124035,94.59797174079078,92.8411442075457,94.95536640627044,92.97674998981613
S02,2026-10-05,1,122.1,2026-10-04,128.94067639063002,127.18829010299275,128.50422729424068,127.58654039970467,128.0633838909013
S03,2026-10-05,1,103.1,2026-10-04,115.42070500148338,127.71865205083573,128.63257863734447,127.78616399679863,128.1366367003747
S04,2026-10-05,1,99.8,2026-10-04,112.53712011043784,106.45085760991009,107.65438044111164,106.71703109185131,107.23036938945683
S05,2026-10-05,1,76.5,2026-10-04,91.5664019052332,87.1556362560817,87.95391530309404,87.26033740256513,87.23259777341569
S06,2026-10-05,1,69.4,2026-10-04,89.33227706986236,81.3571188560554,81.81410431478704,81.20674676809992,81.50595202658857
S07,2026-10-05,1,88.5,2026-10-04,85.51990017013844,81.5037226911102,82.28077168124062,81.04031371431691,81.75387556212289
S08,2026-10-05,1,97.5,2026-10-04,124.32388242668752,122.69958180266542,123.1371313043229,122.84907323199434,123.1215029664628
S09,2026-10-05,1,109.3,2026-10-04,114.8281213175839,109.52586638877067,110.24417164871367,110.42771893689307,109.6318196053234
S10,2026-10-05,1,137.0,2026-10-04,112.57681093148668,107.83102010743958,107.03925361292703,107.86354338186128,106.46806304710252
S11,2026-10-05,1,82.3,2026-10-04,87.15072619753693,83.49030148983002,82.01028463244438,84.08135530352592,81.74948450922966
S12,2026-10-05,1,126.4,2026-10-04,128.70844479462738,122.8941311963967,124.35711155618941,123.11186919893538,124.13595597233092
S13,2026-10-05,1,135.5,2026-10-04,124.65455759805738,120.63973336645535,120.73924183079174,120.72714059778622,120.37370144554546
S14,2026-10-05,1,113.4,2026-10-04,95.01060372263171,90.32070994377136,91.96760825812817,91.02255463600159,91.52475953102112
S15,2026-10-05,1,96.5,2026-10-04,92.42148174149729,97.1525822673525,97.0391218457903,98.226020941564,96.34842694742338
S01,2026-10-06,2,97.9,2026-10-04,99.45584277975986,93.09271157128471,93.0928725038256,93.36544677955764,92.72941306574005
S02,2026-10-06,2,137.1,2026-10-04,128.3790594579864,127.45505367091725,129.242507188235,127.98105646542142,128.4165678607566
S03,2026-10-06,2,116.9,2026-10-04,114.85908806883975,127.9924724361726,129.3639388046094,128.20100859914504,128.49838697527133
S04,2026-10-06,2,111.9,2026-10-04,111.97550317779421,107.39596450368794,107.97797703782948,107.50535318295391,107.20399135391148
S05,2026-10-06,2,97.6,2026-10-04,91.00478497258956,86.21062696490968,88.10025848959172,86.42462179575647,86.95409469817365
S06,2026-10-06,2,100.8,2026-10-04,88.77066013721871,82.81387164805616,84.25634540234293,82.73803814862455,83.55294316623892
S07,2026-10-06,2,84.6,2026-10-04,84.95828323749481,83.30805885153157,84.69615919994456,84.02442658799035,84.4360463927899
S08,2026-10-06,2,116.8,2026-10-04,123.76226549404387,125.23127158063573,125.85270737188978,125.77651400941534,125.1730929769866
S09,2026-10-06,2,135.9,2026-10-04,114.26650438494026,110.01186478087577,108.96994206258925,110.19746917435798,108.16937494227561
S10,2026-10-06,2,122.1,2026-10-04,112.01519399884303,107.70313387172563,105.49634640472276,107.73021151678903,105.05370443122727
S11,2026-10-06,2,64.8,2026-10-04,86.5891092648933,82.46216309070587,79.07465678453445,82.43325409293175,78.70551627874374
S12,2026-10-06,2,112.0,2026-10-04,128.14682786198375,125.85791627849852,126.83390545632159,126.22561919476306,126.3792486765555
S13,2026-10-06,2,117.5,2026-10-04,124.09294066541374,120.3816676063197,121.41717910000256,120.96926509567669,120.6508988065379
S14,2026-10-06,2,95.7,2026-10-04,94.44898678998807,90.51000908017159,93.28418917953968,90.46789765357971,92.36984610557556
S15,2026-10-06,2,103.7,2026-10-04,91.85986480885366,96.49438084108488,94.51705039484159,96.26456023199216,93.91431854111806
S01,2026-10-07,3,140.4,2026-10-04,109.16601452096235,103.73846564782518,102.3632096347,103.46806861800808,101.6565339394446
S02,2026-10-07,3,137.9,2026-10-04,138.08923119918887,138.03731967381069,138.64836116007396,137.3236915158374,138.30187749734947
S03,2026-10-07,3,135.2,2026-10-04,124.56925981004224,138.3069433382579,138.77042160545074,138.09910156939708,138.22101690982066
S04,2026-10-07,3,77.1,2026-10-04,121.6856749189967,118.59310904185207,118.18758064548405,118.00217872152956,117.45710616598757
S05,2026-10-07,3,100.0,2026-10-04,100.71495671379205,96.99694499884332,97.87130378697599,96.88374907289231,97.15136461470807
S06,2026-10-07,3,84.2,2026-10-04,98.48083187842121,91.75708107267107,91.07848330949034,91.70820973430361,90.4538523367473
S07,2026-10-07,3,83.0,2026-10-04,94.6684549786973,90.90712542193276,90.82231583552701,90.49033137517316,90.71238326387746
S08,2026-10-07,3,130.6,2026-10-04,133.47243723524636,134.55692713040037,133.25116258937044,134.20120400267763,132.7950077772431
S09,2026-10-07,3,125.2,2026-10-04,123.97667612614275,120.93028086373481,121.40784706124934,120.53323327699574,120.76432439634475
S10,2026-10-07,3,131.1,2026-10-04,121.72536574004553,118.98758878367288,117.88861194061381,118.2523213456784,117.2208760063563
S11,2026-10-07,3,88.2,2026-10-04,96.29928100609578,94.4224141612649,93.25689879059792,93.49134518578649,92.82237748429179
S12,2026-10-07,3,134.3,2026-10-04,137.85699960318624,135.09720544304167,134.2963296824268,133.9134370812348,133.61965044374978
S13,2026-10-07,3,129.7,2026-10-04,133.80311240661624,130.72665049859455,130.6052397487419,130.0132385937231,129.815684400286
S14,2026-10-07,3,113.7,2026-10-04,104.15915853119056,101.0958666354418,101.72100834548475,100.63306860625745,101.17695279419424
S15,2026-10-07,3,87.2,2026-10-04,101.57003655005614,108.29511572612182,108.2305855025138,107.69218233419315,107.76284922850982
S01,2026-10-08,4,115.6,2026-10-04,112.24063045868584,107.60741301221508,106.44155808133739,106.38366408986705,105.95215589148658
S02,2026-10-08,4,149.4,2026-10-04,141.16384713691235,140.38252104691097,140.42027984431812,140.62246028951236,140.291954769407
S03,2026-10-08,4,130.4,2026-10-04,127.64387574776573,139.34094422672473,140.48071057711326,139.3325574806758,140.2380559704133
S04,2026-10-08,4,115.2,2026-10-04,124.76029085672019,121.0421443138543,121.54528760950001,120.61492094437511,121.11659945587547
S05,2026-10-08,4,95.7,2026-10-04,103.78957265151554,97.92146295819963,99.44039345298494,98.16332556818212,99.30300139401639
S06,2026-10-08,4,101.0,2026-10-04,101.55544781614469,92.18418076251234,92.28159039829458,92.04060136888708,91.98311641429152
S07,2026-10-08,4,88.9,2026-10-04,97.74307091642079,91.03728222208363,91.24279791968209,91.05833756285054,90.90829516308648
S08,2026-10-08,4,139.9,2026-10-04,136.54705317296987,136.58264388221426,136.03097122985048,136.2489841588132,135.59319187778158
S09,2026-10-08,4,116.0,2026-10-04,127.05129206386624,124.49696916291389,125.42284759828719,124.3696305448738,125.29587107846412
S10,2026-10-08,4,132.4,2026-10-04,124.79998167776901,120.9647899623428,122.4007973577295,120.5617593731199,122.12021817820413
S11,2026-10-08,4,89.6,2026-10-04,99.37389694381928,98.42536655068398,99.01894015073776,97.53265325725079,99.38799646496773
S12,2026-10-08,4,141.3,2026-10-04,140.93161554090972,136.552979228752,136.30116897608553,136.0157886424235,135.84980982329165
S13,2026-10-08,4,127.1,2026-10-04,136.87772834433972,133.12903954812458,133.38868743905,132.57789588698319,132.97165609129837
S14,2026-10-08,4,120.2,2026-10-04,107.23377446891405,103.65592114627363,103.21817867457868,103.04670430719854,103.03516037762166
S15,2026-10-08,4,89.0,2026-10-04,104.64465248777964,112.21581892115728,113.3703921828951,112.01481939298765,113.49093140108243
S01,2026-10-09,5,213.7,2026-10-04,117.46176088619562,111.45944252950805,112.55331218583244,111.9334715638842,112.76715651495117
S02,2026-10-09,5,126.9,2026-10-04,146.38497756442214,144.22050361207553,141.88347105554172,144.14812792709895,142.57789794972965
S03,2026-10-09,5,122.2,2026-10-04,132.8650061752755,143.06631387387,142.08384306345664,143.19537283096992,142.87149013195716
S04,2026-10-09,5,143.6,2026-10-04,129.98142128422995,125.64645597378643,124.87522029916676,125.82604849378498,125.53986796776684
S05,2026-10-09,5,112.2,2026-10-04,109.01070307902532,100.95068946991645,100.50211459909164,101.51285216723167,101.31153151903831
S06,2026-10-09,5,99.5,2026-10-04,106.77657824365448,96.03448547039713,95.53506411228861,95.97473628435816,96.44430018578257
S07,2026-10-09,5,88.5,2026-10-04,102.96420134393057,93.88619015472275,93.52283353464944,93.80598539965493,94.5171008493219
S08,2026-10-09,5,143.1,2026-10-04,141.76818360047963,141.44564566093607,141.3711957343213,141.1947503395669,141.8983235664956
S09,2026-10-09,5,115.2,2026-10-04,132.27242249137603,128.3614810104099,127.96966093728217,128.51968738386304,128.64856156656415
S10,2026-10-09,5,114.1,2026-10-04,130.0211121052788,124.88084008353097,125.58980157034738,125.37448947685105,126.18183066504342
S11,2026-10-09,5,100.2,2026-10-04,104.59502737132905,102.37617549300194,103.11927404999733,102.87804660201073,104.00770735740662
S12,2026-10-09,5,145.6,2026-10-04,146.1527459684195,141.4071163066796,140.54641555036818,141.3832103737763,141.49923752035414
S13,2026-10-09,5,132.8,2026-10-04,142.0988587718495,137.07091449924877,136.86924218365124,137.27362989612988,137.40429072805813
S14,2026-10-09,5,116.2,2026-10-04,112.45490489642383,106.41647040843965,105.35132944583894,106.98173627257349,106.18203565478326
S15,2026-10-09,5,112.9,2026-10-04,109.86578291528942,115.96886635763303,116.59531564457075,116.33045942527906,117.1279285941805
S01,2026-10-10,6,124.5,2026-10-04,113.15946802043163,106.80927031082767,107.32370496136802,107.34679468316692,106.35134607894081
S02,2026-10-10,6,156.9,2026-10-04,142.08268469865814,140.36941771081516,139.57914617529937,140.34081344178745,138.7923834907157
S03,2026-10-10,6,136.8,2026-10-04,128.56271330951154,139.6390188596078,139.6449949703046,139.81834166858874,138.73416670773707
S04,2026-10-10,6,110.4,2026-10-04,125.67912841846598,120.75508238415154,121.15766891877087,120.86450682620438,120.06975637416275
S05,2026-10-10,6,90.8,2026-10-04,104.70841021326133,98.26153725896562,98.40370439503873,98.16908300433839,97.30978332970822
S06,2026-10-10,6,87.8,2026-10-04,102.4742853778905,92.4524079969951,92.45816096280302,92.9383676460811,91.59214645240988
S07,2026-10-10,6,97.7,2026-10-04,98.66190847816658,91.53061869101865,91.82998599963528,93.08390716569764,91.03303539114339
S08,2026-10-10,6,142.6530612244898,2026-10-04,137.46589073471566,136.7615971423976,136.83264066356344,137.87791428047342,136.05853651541395
S09,2026-10-10,6,136.8,2026-10-04,127.97012962561203,124.66574493000182,124.68888419816169,124.65564939329299,123.50438716957244
S10,2026-10-10,6,138.7795918367347,2026-10-04,125.71881923951481,120.97124440031392,121.76239808457238,120.74008603947503,120.46401930408818
S11,2026-10-10,6,100.4,2026-10-04,100.29273450556506,98.25708475708961,99.05627724528313,98.12805597484112,98.05024099349976
S12,2026-10-10,6,148.3,2026-10-04,141.85045310265554,136.50729189600264,136.87152842964446,137.5285530367068,136.05821262087142
S13,2026-10-10,6,120.0,2026-10-04,137.7965659060855,133.18646303543022,133.1506555450814,133.49687731989792,132.00136399992874
S14,2026-10-10,6,91.0,2026-10-04,108.15261203065984,103.13596598803998,102.68790893256666,103.30930113792421,101.80782921612264
S15,2026-10-10,6,98.9,2026-10-04,105.56349004952543,112.2011956666197,112.89376662118093,111.91038982016698,111.45351984543458
S01,2026-10-11,7,229.4,2026-10-04,107.80427121309278,101.28181793136257,101.12596622077483,102.29710885198521,100.36911901427167
S02,2026-10-11,7,153.8,2026-10-04,136.7274878913193,133.58520437649318,134.08493623754808,134.00423441233912,132.86172226688691
S03,2026-10-11,7,114.6,2026-10-04,123.20751650217267,133.14039335761748,134.45427232597552,133.59257193457864,133.1440675183066
S04,2026-10-11,7,120.4,2026-10-04,120.32393161112711,113.8393500041488,115.43594365141274,114.88285632005812,114.73894693556161
S05,2026-10-11,7,95.1,2026-10-04,99.35321340592247,92.52103017222667,94.01377387855733,93.21276387943486,92.48739350166703
S06,2026-10-11,7,200.9,2026-10-04,97.11908857055163,85.89078988496746,85.73367613915886,86.3628592303821,84.87350381527628
S07,2026-10-11,7,92.7,2026-10-04,93.30671167082772,84.1344016279493,84.57390448557479,84.05418420689446,83.03282024817807
S08,2026-10-11,7,129.09591836734694,2026-10-04,132.1106939273768,128.4870959528081,128.87298517751617,129.22998309957904,128.86200711953563
S09,2026-10-11,7,112.4,2026-10-04,122.61493281827318,117.82341284114766,120.07496017167243,118.6001891283867,119.23345090025934
S10,2026-10-11,7,123.4,2026-10-04,120.36362243217594,114.47425048234207,117.38361717568976,115.39169635059578,116.59705062764031
S11,2026-10-11,7,104.8,2026-10-04,94.93753769822621,91.76198438089341,95.09694614261389,92.91487793251872,94.6483504101634
S12,2026-10-11,7,121.7,2026-10-04,136.49525629531666,128.81433348144805,129.66990581687008,129.92755620713746,129.19794301475798
S13,2026-10-11,7,119.7,2026-10-04,132.44136909874663,126.8235695099192,127.6366918131443,127.16831690796784,126.7541755472975
S14,2026-10-11,7,112.2,2026-10-04,102.79741522332098,96.7365553509444,96.93292546086013,97.82283298205584,95.82540806382895
S15,2026-10-11,7,78.4,2026-10-04,100.20829324218656,106.03292250545428,108.72059361083166,107.28872668934719,108.1817111839141
S01,2026-10-12,8,111.1,2026-10-04,103.32314819658913,97.67712273044246,96.04225933892387,98.3934550766434,96.6233081404652
S02,2026-10-12,8,132.8,2026-10-04,132.24636487481564,130.4462513016803,131.62500728539058,130.9126274721963,131.6072873832924
S03,2026-10-12,8,118.5,2026-10-04,118.72639348566902,130.66830896948062,131.7135138547846,131.21973724280082,131.63069804374658
S04,2026-10-12,8,117.5,2026-10-04,115.84280859462348,109.7406864319268,110.79793648461731,110.38580165843399,110.76873467902573
S05,2026-10-12,8,115.7,2026-10-04,94.87209038941884,90.08283470336879,91.02315124635184,90.46463486318076,90.68626579408134
S06,2026-10-12,8,100.8,2026-10-04,92.637965554048,84.2545188925096,84.93920433883156,84.57075487439121,84.93317979936089
S07,2026-10-12,8,82.4,2026-10-04,88.8255886543241,84.31450451271874,85.38740572067243,84.57131913410765,85.10177420931203
S08,2026-10-12,8,127.4,2026-10-04,127.62957091087316,126.02149729508085,126.38282884734792,126.44346986788435,126.63642537671251
S09,2026-10-12,8,115.6,2026-10-04,118.13380980176954,112.99613150903853,113.43409153768691,113.4424391681877,113.16537256488475
S10,2026-10-12,8,107.8,2026-10-04,115.88249941567231,110.90915968077523,110.21002662735326,111.21663210349423,110.00422296481473
S11,2026-10-12,8,56.9,2026-10-04,90.45641468172258,86.68611963093281,85.2621419429779,87.22175937891006,85.3471031486988
S12,2026-10-12,8,119.8,2026-10-04,132.01413327881303,126.37767362381732,127.53133307184493,126.82816664661681,127.54119279767787
S13,2026-10-12,8,98.6,2026-10-04,127.96024608224302,123.48604216405323,123.86696017512253,123.79846028217247,123.87462682255676
S14,2026-10-12,8,79.5,2026-10-04,98.31629220681735,93.59477110207081,95.03568973392248,94.28669050335884,95.01272890716791
S15,2026-10-12,8,72.5,2026-10-04,95.72717022568293,100.89788072747842,100.2619002853121,101.3812863175358,99.91622724575655
S01,2026-10-13,9,99.2,2026-10-04,102.7615312639455,96.97440445763725,96.45816974682468,97.7241776172604,96.39683954758304
S02,2026-10-13,9,158.2,2026-10-04,131.684747942172,131.37417380384036,133.3131204886628,131.84407987317869,132.17592994368502
S03,2026-10-13,9,114.4,2026-10-04,118.16477655302539,131.63993117575131,133.37109620858513,131.89146389429055,132.25333486859284
S04,2026-10-13,9,120.7,2026-10-04,115.28119166197985,111.42892690042885,111.74383835534485,111.4493437264386,110.84995941857727
S05,2026-10-13,9,88.4,2026-10-04,94.3104734567752,89.95240092788423,92.07179802049482,90.26281390850032,90.69045264784778
S06,2026-10-13,9,87.2,2026-10-04,92.07634862140435,86.16416900966848,88.12338038895811,86.27488361288394,87.38353538409407
S07,2026-10-13,9,76.0,2026-10-04,88.26397172168045,86.68322100375579,88.79383473204715,87.27652604239327,88.31993012236697
S08,2026-10-13,9,140.7,2026-10-04,127.06795397822951,129.07180205809993,129.5758597262494,129.57132101881427,128.93383406925125
S09,2026-10-13,9,82.0,2026-10-04,117.5721928691259,113.52754864046248,112.77933935770663,113.99568054029616,111.69254589030417
S10,2026-10-13,9,134.3,2026-10-04,115.32088248302867,111.64592785196645,109.15667173819882,111.71171871381146,108.5839906837259
S11,2026-10-13,9,87.0,2026-10-04,89.89479774907893,86.34257633984089,82.52693620324135,86.56885904073715,82.11749923229218
S12,2026-10-13,9,125.2,2026-10-04,131.4525163461694,129.77320290144002,130.6809584514371,130.23976598839675,130.20227597068464
S13,2026-10-13,9,230.1,2026-10-04,127.39862914959937,124.08929816612175,125.08658184834889,124.78721658864191,124.3541800899165
S14,2026-10-13,9,87.4,2026-10-04,97.7546752741737,94.08436886966228,97.2330306796357,94.19538103044033,96.14252880215645
S15,2026-10-13,9,87.9,2026-10-04,95.1655532930393,100.1760230307068,98.17814053041593,100.4909233097519,97.33523101551191
S01,2026-10-14,10,120.8,2026-10-04,112.47170300514799,108.17579023880619,106.18540451271194,107.389582622477,105.47417693180698
S02,2026-10-14,10,161.3,2026-10-04,141.3949196833745,141.64905790856906,142.2862405019147,140.84999357036182,141.78240541986057
S03,2026-10-14,10,131.1,2026-10-04,127.87494829422788,141.50850028906547,142.30456427846633,141.34382830177032,141.7295403889247
S04,2026-10-14,10,131.3,2026-10-04,124.99136340318233,122.31183984915646,121.85267323295506,121.66864016692074,121.00801394919785
S05,2026-10-14,10,101.4,2026-10-04,104.02064519797769,100.05711004648887,101.37237668548309,100.05116150294029,100.8072412065097
S06,2026-10-14,10,105.3,2026-10-04,101.78652036260684,94.74877975497927,94.41123641644205,94.87273729954447,93.75689252827848
S07,2026-10-14,10,60.6,2026-10-04,97.97414346288294,93.59654436366898,93.97472838418824,93.43373949187142,93.7165717269693
S08,2026-10-14,10,139.5,2026-10-04,136.778125719432,137.95790073352975,136.72810454744024,137.57183884161634,136.0488287814252
S09,2026-10-14,10,123.0,2026-10-04,127.28236461032839,124.54822096178206,125.06904560277137,124.41129717180404,124.42874941179427
S10,2026-10-14,10,140.1,2026-10-04,125.03105422423117,122.44874705927712,121.61030416744096,121.78499644058091,121.02357504325254
S11,2026-10-14,10,78.2,2026-10-04,99.60496949028142,98.45067319273949,97.06642274558544,97.32296188175678,96.7521959990263
S12,2026-10-14,10,125.7,2026-10-04,141.1626880873719,138.6666541823319,137.65154498602664,137.39694970633303,136.85796800042903
S13,2026-10-14,10,157.9,2026-10-04,137.10880089080186,134.19918208548,134.20137032100132,133.2534281087773,133.45319829114845
S14,2026-10-14,10,106.8,2026-10-04,107.4648470153762,104.91440802812578,105.21426707506181,104.29000392556192,104.62812021374704
S15,2026-10-14,10,114.8,2026-10-04,104.87572503424178,112.32350290758268,111.94816724402563,111.2594668660845,111.58578627748147
S01,2026-10-12,1,111.1,2026-10-11,111.59636349375742,139.8645091508116,138.12129680854935,140.54010470254082,137.4257351909365
S02,2026-10-12,1,132.8,2026-10-11,133.01835212949925,134.08770680938449,135.38513042543616,134.49656822298255,134.64522183452334
S03,2026-10-12,1,118.5,2026-10-11,119.01620253110124,116.16949225919586,116.81301566915852,116.268885239533,115.77294851796967
S04,2026-10-12,1,117.5,2026-10-11,110.50362519731185,102.68108065128325,102.91403273940085,102.70152206420897,102.11196730732917
S05,2026-10-12,1,115.7,2026-10-11,95.57619000834141,89.61703849818025,90.05010200526033,89.64320791746889,89.00990968431745
S06,2026-10-12,1,100.8,2026-10-11,87.67998998367239,99.36619405320712,100.18373806646892,99.51038290432521,99.23301790526935
S07,2026-10-12,1,82.4,2026-10-11,90.76402680161218,83.13545701674053,84.19343163839409,83.22212850323746,83.46233633926937
S08,2026-10-12,1,127.4,2026-10-11,124.49260841810134,119.55042389709472,119.24632323462485,119.20361874181746,118.64285377342223
S09,2026-10-12,1,115.6,2026-10-11,117.1076636808673,113.88150185602053,114.54182669775828,113.76839906232699,113.70474875228747
S10,2026-10-12,1,107.8,2026-10-11,122.44742958882804,121.4269538669649,121.64116401959093,121.52577911306055,120.50255884218844
S11,2026-10-12,1,56.9,2026-10-11,90.39864132716778,81.85036337631091,80.17290613310679,82.02092206733569,79.67327839391574
S12,2026-10-12,1,119.8,2026-10-11,127.43882969461437,123.83676676750184,124.70073981881143,123.69685752987863,123.86371477246286
S13,2026-10-12,1,98.6,2026-10-11,123.10352679703247,118.4769348527704,119.06030711787088,118.54545188205583,118.06544822709901
S14,2026-10-12,1,79.5,2026-10-11,102.33088597619624,101.95546951379096,103.72700263048922,102.61308010901725,102.68680323149478
S15,2026-10-12,1,72.5,2026-10-11,95.62450229002995,87.30113355687685,86.76726890972681,87.74380980304308,85.9797343449933
S01,2026-10-13,2,99.2,2026-10-11,111.31638064967113,138.7966472361769,136.85871620518822,139.4137311433043,136.75359149319786
S02,2026-10-13,2,158.2,2026-10-11,132.73836928541297,135.11683427308287,136.98002554987158,135.41512497280326,136.73747748647418
S03,2026-10-13,2,114.4,2026-10-11,118.73621968701497,116.92732769208294,117.8956181849752,117.33968529062611,117.73935529547077
S04,2026-10-13,2,120.7,2026-10-11,110.22364235322557,103.30846871137618,102.82226691842078,103.59326640963553,102.62127707600592
S05,2026-10-13,2,88.4,2026-10-11,95.29620716425512,89.55008907105241,90.72837902094636,89.6853260495833,90.58143643523965
S06,2026-10-13,2,87.2,2026-10-11,87.40000713958611,101.37104321888515,101.69273432961532,101.75028373173305,101.57404769829341
S07,2026-10-13,2,76.0,2026-10-11,90.48404395752588,85.57440569273064,86.54404492697546,86.06457734129259,86.31169763973782
S08,2026-10-13,2,140.7,2026-10-11,124.21262557401505,122.24765998799323,120.57022211629867,122.48804216761111,120.30312029201507
S09,2026-10-13,2,82.0,2026-10-11,116.82768083678101,115.34010276453837,115.13073474424228,115.31021438794478,114.84224379318103
S10,2026-10-13,2,134.3,2026-10-11,122.16744674474175,121.38680119801195,120.72083552170427,121.5954122393194,120.58750067639978
S11,2026-10-13,2,87.0,2026-10-11,90.11865848308149,81.18834501760348,78.06449091689929,81.32394260423526,77.44293740647181
S12,2026-10-13,2,125.2,2026-10-11,127.15884685052808,126.14615916013719,125.90299679636956,126.68646446168424,125.56617243885995
S13,2026-10-13,2,230.1,2026-10-11,122.82354395294618,118.50765061633928,119.17507064597947,118.96024358528001,119.05297872679574
S14,2026-10-13,2,87.4,2026-10-11,102.05090313210995,102.12896522368705,104.673431629794,102.60832216824805,104.34835050489222
S15,2026-10-13,2,87.9,2026-10-11,95.34451944594366,86.83025909832544,85.7755161660058,87.10302261880464,85.36724893621034
S01,2026-10-14,3,120.8,2026-10-11,120.7077284677413,149.8093964238252,149.1552130956735,149.88200978232283,147.29431870773635
S02,2026-10-14,3,161.3,2026-10-11,142.12971710348313,144.35008734975543,144.8527482203075,144.92139153693404,144.12594892595496
S03,2026-10-14,3,131.1,2026-10-11,128.12756750508512,126.20362351792198,126.63615691619259,126.63030411260468,125.73335237013441
S04,2026-10-14,3,131.3,2026-10-11,119.61499017129573,113.46177033036946,113.71351669430732,113.63423599749802,112.26170335784553
S05,2026-10-14,3,101.4,2026-10-11,104.68755498232528,99.10785069550786,99.42181480910097,99.45478772606168,98.68579877402101
S06,2026-10-14,3,105.3,2026-10-11,96.79135495765627,109.61127360037395,110.02818387619087,109.84430764487811,109.1047285558922
S07,2026-10-14,3,60.6,2026-10-11,99.87539177559604,92.30059167018959,93.4612520562751,93.27883502117226,92.8112812863929
S08,2026-10-14,3,139.5,2026-10-11,133.6039733920852,130.90962508249996,130.8683164559674,131.08473198045013,129.19510380852935
S09,2026-10-14,3,123.0,2026-10-11,126.21902865485119,124.1152798037444,124.89587880926474,124.66771707194194,123.84758491324529
S10,2026-10-14,3,140.1,2026-10-11,131.55879456281193,131.59098599839837,131.60985757399231,131.8041739313665,130.26909430313736
S11,2026-10-14,3,78.2,2026-10-11,99.51000630115166,92.11070022242411,91.42836375789985,92.1184598158513,89.3858289502029
S12,2026-10-14,3,125.7,2026-10-11,136.55019466859824,134.72630216479303,135.64249130636455,135.0647524252534,134.23720144405962
S13,2026-10-14,3,157.9,2026-10-11,132.21489177101634,128.20639398949487,129.1740426148687,128.21758718299014,127.98148238169296
S14,2026-10-14,3,106.8,2026-10-11,111.44225095018012,112.01195772971427,113.02232686664378,112.13293094422137,112.2339988150767
S15,2026-10-14,3,114.8,2026-10-11,104.73586726401383,97.42123464367218,97.49570207915134,97.46005514881439,95.97959460935421
S01,2026-10-15,4,107.2,2026-10-11,123.80826163884716,152.87050266606468,152.5357469622578,152.404293016025,151.57431174857277
S02,2026-10-15,4,154.8,2026-10-11,145.230250274589,147.3375146142074,146.9726403108665,147.20751613889422,145.8165385625192
S03,2026-10-15,4,134.9061224489796,2026-10-11,131.228100676191,128.3236143286739,128.36592356818062,127.61772620635372,127.40430097239357
S04,2026-10-15,4,141.6,2026-10-11,122.7155233424016,116.70792329013346,116.57460260093211,116.45336265563964,115.69141412973403
S05,2026-10-15,4,94.4,2026-10-11,107.78808815343115,100.9482282945088,101.04362888123308,100.29383485998426,100.19600575651441
S06,2026-10-15,4,107.2,2026-10-11,99.89188812876213,111.31025668850967,111.68211777380534,110.607682584439,110.54214765003749
S07,2026-10-15,4,107.7,2026-10-11,102.97592494670191,94.43478850296566,94.92467311791012,93.86180197468826,93.32494070402214
S08,2026-10-15,4,224.5,2026-10-11,136.70450656319107,133.9280897893381,133.87185057181833,133.19693041522024,132.68350606340883
S09,2026-10-15,4,112.8,2026-10-11,129.31956182595704,127.75855653243407,127.32322618620738,127.07841947930201,126.42961658792838
S10,2026-10-15,4,148.0,2026-10-11,134.6593277339178,134.01768219459683,133.8767466394964,133.48560605931908,133.1479856072727
S11,2026-10-15,4,107.2,2026-10-11,102.61053947225751,95.86686386423453,95.29723307745799,95.49492380278453,94.52229558186873
S12,2026-10-15,4,155.2,2026-10-11,139.6507278397041,137.72001287639142,138.0204042673111,137.3510020107031,137.0556654661894
S13,2026-10-15,4,146.6,2026-10-11,135.3154249421222,131.23641883092267,131.38011333601816,130.89788195746286,130.56959745543344
S14,2026-10-15,4,218.4,2026-10-11,114.54278412128598,114.80845306302821,114.73533902551448,114.47751615430629,113.703888843315
S15,2026-10-15,4,123.1,2026-10-11,107.8364004351197,101.16068011394567,100.68545600644178,100.82988923660345,99.90217348805494
S01,2026-10-16,5,114.2,2026-10-11,129.3150065845625,157.10108239991325,158.40295513016838,156.56753365738052,157.95642991406578
S02,2026-10-16,5,165.6,2026-10-11,150.73699522030432,149.6084605208465,148.43404338274684,149.58452776585307,147.78304070745196
S03,2026-10-16,5,140.1,2026-10-11,136.73484562190632,131.28506477134567,130.79211647765976,130.6607642318521,130.51193739431244
S04,2026-10-16,5,150.0,2026-10-11,128.2222682881169,121.22118811011313,121.32587174773215,120.65991352200507,120.99021191596984
S05,2026-10-16,5,117.5,2026-10-11,113.29483309914647,103.74662464346204,103.24658116187368,103.01004534448896,102.95658072318349
S06,2026-10-16,5,116.4,2026-10-11,105.39863307447746,114.25914619735309,114.09044866136142,113.50879673532077,113.96704320481845
S07,2026-10-16,5,115.4,2026-10-11,108.48266989241723,96.21137423089573,95.93243268898556,96.08193827441761,95.67524237207004
S08,2026-10-16,5,146.3,2026-10-11,142.2112515089064,138.13297060806272,138.73186839301107,137.4321496256065,138.4689284630489
S09,2026-10-16,5,114.7,2026-10-11,134.82630677167236,130.70147812621934,130.5957558776651,130.12662410991533,130.1578502382551
S10,2026-10-16,5,148.1,2026-10-11,140.16607267963312,137.56443311262757,137.83701036859185,137.1129130272928,137.52204377937943
S11,2026-10-16,5,129.3,2026-10-11,108.11728441797284,100.2807237829481,101.86716696875438,99.80618512885913,101.41296392934665
S12,2026-10-16,5,143.5,2026-10-11,145.15747278541943,142.10611789226533,142.22052379250528,141.92850797176362,141.99498279690744
S13,2026-10-16,5,131.5,2026-10-11,140.82216988783753,135.17028329031808,135.13806325452668,134.46461197989328,134.91853636758668
S14,2026-10-16,5,115.6,2026-10-11,120.0495290670013,117.72153284634864,116.60228427733695,117.15740096058165,116.36920031394278
S15,2026-10-16,5,114.1,2026-10-11,113.34314538083501,105.13838975003786,105.8697350161416,104.73319886497087,105.38702978066034
S01,2026-10-17,6,124.2,2026-10-11,124.81772379425563,152.4732365910496,153.69458381874222,152.1709203426327,153.82425968391556
S02,2026-10-17,6,158.1,2026-10-11,146.23971242999747,146.7522011003324,146.01214461539473,147.3120209625789,146.2370407632419
S03,2026-10-17,6,165.3,2026-10-11,132.23756283159946,127.67856429474693,127.85018357591969,128.31972102778298,128.20366147117954
S04,2026-10-17,6,123.4,2026-10-11,123.72498549781005,116.41063320338725,117.16471317112445,116.64586591422557,117.41595866978167
S05,2026-10-17,6,96.4,2026-10-11,108.79755030883962,100.20509956266199,100.39702130343233,100.58915091540132,100.62099767710481
S06,2026-10-17,6,120.0,2026-10-11,100.90135028417059,110.69483277073928,111.1729603695018,111.38934720924922,111.52503904572555
S07,2026-10-17,6,108.2,2026-10-11,103.98538710211038,94.6684025751693,94.0696590172393,94.86644198766777,94.39214100709984
S08,2026-10-17,6,173.3,2026-10-11,137.71396871859955,133.82320833880422,134.68372208554266,134.66311266202447,135.2358287342262
S09,2026-10-17,6,142.7,2026-10-11,130.3290239813655,127.88656756537303,127.27685563521727,128.05958196776254,127.52125405030593
S10,2026-10-17,6,126.8,2026-10-11,135.66878988932626,133.34988181281716,133.964387819058,133.69672459352643,133.9685765354696
S11,2026-10-17,6,94.9,2026-10-11,103.62000162766599,95.6911821539913,96.97078770654544,95.35447551565512,97.0436886574541
S12,2026-10-17,6,146.0,2026-10-11,140.66018999511257,137.99755482673646,138.45577931702138,138.44943440258504,138.8644131153822
S13,2026-10-17,6,135.4,2026-10-11,136.32488709753068,131.19538028793676,131.4099912817989,131.0309429939304,131.65909250336034
S14,2026-10-17,6,122.5,2026-10-11,115.55224627669445,114.25022203709399,113.96380346502578,113.87205701555526,114.14722483839309
S15,2026-10-17,6,108.9,2026-10-11,108.84586259052816,100.98007282486982,101.45519746712274,100.42605361214704,101.57864092162676
S01,2026-10-18,7,131.4,2026-10-11,120.44691019813592,147.65669421149153,147.37786287996653,147.63207034529853,148.01739022923368
S02,2026-10-18,7,117.9,2026-10-11,141.86889883387775,140.88947773956295,140.2921101176047,140.81455688968833,140.92005685482707
S03,2026-10-18,7,114.8,2026-10-11,127.86674923547974,122.07587520735603,121.95406817974788,122.42418954758239,122.61933495667097
S04,2026-10-18,7,111.4,2026-10-11,119.35417190169035,110.75138429068028,110.88952753115444,110.54979244135319,111.5568248124793
S05,2026-10-18,7,102.8,2026-10-11,104.4267367127199,95.04120005621974,94.86246442283903,95.76387005254094,95.57621613239337
S06,2026-10-18,7,97.4,2026-10-11,96.53053668805089,104.9180176543338,105.22882598138281,105.58058232686349,105.90112113545516
S07,2026-10-18,7,119.1,2026-10-11,99.61457350599068,87.40849015883038,87.97180331892201,87.6748022215707,88.74431574365923
S08,2026-10-18,7,129.0,2026-10-11,133.34315512247986,126.62118637490987,127.51804451946138,126.59168542850732,128.18142437864063
S09,2026-10-18,7,117.7,2026-10-11,125.9582103852458,121.38321603205323,121.05492756026133,121.43228227295249,121.81340337055072
S10,2026-10-18,7,133.4,2026-10-11,131.29797629320655,128.07177733898044,128.48315095447816,128.38199591474023,129.16184959735602
S11,2026-10-18,7,83.0,2026-10-11,99.24918803154628,90.23367092408508,90.70359972933575,90.13232023966766,91.64013943331584
S12,2026-10-18,7,129.8,2026-10-11,136.28937639899286,131.17494865059854,131.94478128775955,131.23021389096976,132.55903506856413
S13,2026-10-18,7,135.1,2026-10-11,131.95407350141096,125.26371151278062,125.62021751025958,125.56244044633848,126.28429015701903
S14,2026-10-18,7,103.7,2026-10-11,111.18143268057474,109.15958190105324,108.38671108010625,109.32367500151908,109.01204869385278
S15,2026-10-18,7,96.2,2026-10-11,104.47504899440845,95.77823135315306,95.39559941750817,95.8279973199857,96.21569689608044
S01,2026-10-19,8,119.1,2026-10-11,114.93173174563306,142.8360100541796,141.7650337968554,143.68689057273525,140.2105208192553
S02,2026-10-19,8,132.0,2026-10-11,136.3537203813749,137.52820611510958,138.71093512092318,137.8651863760182,137.84090046350445
S03,2026-10-19,8,141.0,2026-10-11,122.35157078297689,119.0218840833221,120.11458288090569,119.53159916358334,118.73631003456455
S04,2026-10-19,8,122.7,2026-10-11,113.8389934491875,105.47186734974383,106.45896944105624,105.87781484127044,104.92958168387412
S05,2026-10-19,8,107.6,2026-10-11,98.91155826021705,92.60307138647352,93.3167930492333,92.93924996490989,92.05518325652395
S06,2026-10-19,8,90.2,2026-10-11,91.01535823554802,102.12467726937362,103.43630169204303,102.69551840296813,102.12069977692195
S07,2026-10-19,8,88.4,2026-10-11,94.09939505348781,85.72834288350174,87.35789270720312,86.28280782720873,86.4344591798527
S08,2026-10-19,8,107.5,2026-10-11,127.82797666997698,122.14351428229331,122.84585257548808,122.29182404953956,121.32453826744079
S09,2026-10-19,8,113.3,2026-10-11,120.44303193274295,117.00883612292155,118.0316074963127,117.16512359934195,116.68789230542525
S10,2026-10-19,8,135.8,2026-10-11,125.78279784070368,124.310448139793,125.07034067798288,124.74625122535856,123.45576857019098
S11,2026-10-19,8,83.1,2026-10-11,93.73400957904342,84.9222589905773,83.97835760074004,85.21314306812629,82.57993018882617
S12,2026-10-19,8,131.9,2026-10-11,130.77419794649,126.68703368604184,128.19396464824678,126.76956078708173,126.58721527755262
S13,2026-10-19,8,136.6,2026-10-11,126.43889504890811,121.15844723837716,122.43902807193143,121.51330684380872,120.92787263052804
S14,2026-10-19,8,88.0,2026-10-11,105.66625422807188,105.28064985062396,106.98918774958169,105.76401446248805,105.74231986190593
S15,2026-10-19,8,70.3,2026-10-11,98.95987054190559,90.81549121311731,90.40507598093576,90.68317635229654,88.90056012443132
S01,2026-10-20,9,109.1,2026-10-11,114.65174890154678,142.21349728150028,141.02831181926388,143.3136455420937,140.78652744037765
S02,2026-10-20,9,145.9,2026-10-11,136.0737375372886,138.8740065372416,141.0210684737989,139.91348215889718,141.07116804037776
S03,2026-10-20,9,94.5,2026-10-11,122.0715879388906,120.33275916384798,121.84798066647988,121.33646086933356,121.96489098625523
S04,2026-10-20,9,211.8,2026-10-11,113.55901060510121,106.91096301078795,106.91447074413298,107.45828228890895,106.72865177392958
S05,2026-10-20,9,94.6,2026-10-11,98.63157541613076,92.80582496758018,94.69256264019225,93.7752194502524,94.80431995216225
S06,2026-10-20,9,87.0,2026-10-11,90.73537539146174,104.58948970458337,105.58128459065088,105.60160157888063,105.75638096465596
S07,2026-10-20,9,109.2,2026-10-11,93.81941220940152,88.82683073750565,90.42445081866214,89.86359616390297,90.46882293767163
S08,2026-10-20,9,141.9,2026-10-11,127.5479938258907,125.67102686990022,124.63315149325847,126.37147532332658,124.36810267645835
S09,2026-10-20,9,145.1,2026-10-11,120.16304908865666,118.90808131801232,119.22805115836009,119.44434598343715,119.07014187680825
S10,2026-10-20,9,136.4,2026-10-11,125.5028149966174,124.83419825125368,124.8103098272148,125.67515031237038,124.71391570556791
S11,2026-10-20,9,75.4,2026-10-11,93.45402673495713,84.69713858025416,82.38779610650882,85.20490943150863,81.4714760209833
S12,2026-10-20,9,141.9,2026-10-11,130.49421510240373,129.47473547160627,129.90349421948196,130.44546398073436,129.60867642164231
S13,2026-10-20,9,133.3,2026-10-11,126.15891220482182,121.74304363386972,123.1620583038245,122.68452582018716,123.16777550684554
S14,2026-10-20,9,100.8,2026-10-11,105.38627138398559,105.83020281280791,108.6433978774718,106.57036528225457,108.56885693735843
S15,2026-10-20,9,112.1,2026-10-11,98.67988769781931,90.3901658790452,89.96969124547071,90.99464042357035,89.44781011215277
S01,2026-10-21,10,103.8,2026-10-11,124.04309671961693,153.63937650663513,152.20243555349964,152.95023840708393,150.8583396379437
S02,2026-10-21,10,163.7,2026-10-11,145.46508535535878,147.85682157192912,147.8229363313743,147.62683555994715,147.07638666544642
S03,2026-10-21,10,119.1,2026-10-11,131.46293575696077,129.52302108662468,129.54491461770874,129.1831740285669,128.76371714430195
S04,2026-10-21,10,128.8,2026-10-11,122.95035842317137,117.28651489019393,116.71223754882811,116.64180907309054,115.6265616685152
S05,2026-10-21,10,111.2,2026-10-11,108.02292323420092,102.42486556853567,102.38520836319242,102.09623535956655,101.73407604779516
S06,2026-10-21,10,87.9,2026-10-11,100.1267232095319,112.65665446094104,112.9032358961446,112.33032461873123,112.06018258503505
S07,2026-10-21,10,91.8,2026-10-11,103.21076002747168,94.70832800141403,96.26944852641651,95.62517447045872,95.5002781527383
S08,2026-10-21,10,145.6,2026-10-11,136.93934164396086,134.24285484034536,133.71390347856996,133.84170030731676,132.40184319693563
S09,2026-10-21,10,138.3,2026-10-11,129.55439690672682,127.63275310652598,127.84376546995982,127.66322113829001,127.05303125338897
S10,2026-10-21,10,103.3,2026-10-11,134.89416281468755,135.2555585353437,134.69974000740677,134.65341304231316,133.6434015332523
S11,2026-10-21,10,183.0,2026-10-11,102.8453745530273,96.05864851432189,94.52544717746123,95.3054648514305,93.19382874923095
S12,2026-10-21,10,149.3,2026-10-11,139.8855629204739,138.12794781029226,138.53144294321538,137.96555421054364,137.40891835391523
S13,2026-10-21,10,146.8,2026-10-11,135.550260022892,131.55221392469747,132.1579900856529,131.0177122529064,131.21948440628393
S14,2026-10-21,10,88.5,2026-10-11,114.77761920205576,115.87162446464812,115.97483214225089,115.018765816944,115.24729710306441
S15,2026-10-21,10,110.5,2026-10-11,108.07123551588947,101.39216145745344,100.58560742310114,100.60429794958658,99.49984213582105
S01,2026-10-19,1,119.1,2026-10-18,114.55034668439019,106.1525620486055,106.4978711272989,107.58209377186638,106.13019838588578
S02,2026-10-19,1,132.0,2026-10-18,140.45176748492221,142.29744486893927,143.96148175384317,143.17143597091948,144.55845542635237
S03,2026-10-19,1,141.0,2026-10-18,122.74989118293365,123.51346297561253,124.35548289119328,124.2122678309592,124.70843626557911
S04,2026-10-19,1,122.7,2026-10-18,121.02763777136789,118.28418812070576,119.49488586102215,119.04482087407796,119.68871122513501
S05,2026-10-19,1,107.6,2026-10-18,100.60358666648682,95.75607519575529,96.80487330981664,96.40427011975221,96.85621786841325
S06,2026-10-19,1,90.2,2026-10-18,100.2176510289406,97.46692901253702,98.83027834594252,98.43654459118845,98.98039413392546
S07,2026-10-19,1,88.4,2026-10-18,92.84448789533289,88.95098931363651,90.19695661238262,89.73164438477585,90.57270392051765
S08,2026-10-19,1,107.5,2026-10-18,133.3777136468689,144.18190573964804,145.07656177197188,145.19569357548446,145.58574786101073
S09,2026-10-19,1,113.3,2026-10-18,115.86064022862847,106.73276472091673,107.59443926811217,107.42218109965323,107.8228196799755
S10,2026-10-19,1,135.8,2026-10-18,128.48603571417064,126.01580048033169,126.89256468841008,126.70430416294506,126.8675568146365
S11,2026-10-19,1,83.1,2026-10-18,89.62733182266184,80.4304493027074,80.08277540973255,81.95306634477207,79.99821131995746
S12,2026-10-19,1,131.9,2026-10-18,131.68718489074305,125.0217748599393,126.91773230007716,126.26173177531787,126.79371366075107
S13,2026-10-19,1,136.6,2026-10-18,126.26590647151659,139.38341792736736,141.34178515587536,140.4711073270866,141.2509357563087
S14,2026-10-19,1,88.0,2026-10-18,100.02082867532371,110.85240913203782,112.3794160561902,111.72918600610322,112.90945520273274
S15,2026-10-19,1,70.3,2026-10-18,98.61998650495565,92.53445729613303,93.16674783825873,93.7043772637844,93.12631726264952
S01,2026-10-20,2,109.1,2026-10-18,115.05270950095388,106.47578313606125,104.96459006922585,107.31479450719696,106.27610683100563
S02,2026-10-20,2,145.9,2026-10-18,140.95413030148592,144.73614469553743,146.8062270471028,145.72858438278948,146.7775318809918
S03,2026-10-20,2,94.5,2026-10-18,123.25225399949734,125.10035580395783,125.54095780848587,125.53433237969006,126.24044886230553
S04,2026-10-20,2,211.8,2026-10-18,121.53000058793158,120.84318315897671,119.87486025605885,120.60523471151082,120.81070756827084
S05,2026-10-20,2,94.6,2026-10-18,101.1059494830505,96.05030830928258,97.40212712415628,96.63894254692964,98.08353785404138
S06,2026-10-20,2,87.0,2026-10-18,100.72001384550427,99.39821375310423,99.89617516994478,99.59131678342821,100.52545157969
S07,2026-10-20,2,109.2,2026-10-18,93.34685071189658,91.65324858597347,92.27232775858471,92.17672749630043,92.46729119888374
S08,2026-10-20,2,141.9,2026-10-18,133.88007646343257,148.58801630948275,146.7487030259201,148.36515156243533,147.26190050755233
S09,2026-10-20,2,145.1,2026-10-18,116.36300304519216,108.7284854352474,108.46146631240843,108.88726326823233,109.15070164203642
S10,2026-10-20,2,136.4,2026-10-18,128.98839853073434,127.34082365461758,126.56826475688389,127.52899924346379,127.76415968367031
S11,2026-10-20,2,75.4,2026-10-18,90.12969463922552,81.70536061695644,78.18460961750576,81.94948336056301,79.78408759406635
S12,2026-10-20,2,141.9,2026-10-18,132.18954770730673,128.56250086597035,127.30894589594432,128.78399135342667,128.16281819513867
S13,2026-10-20,2,133.3,2026-10-18,126.76826928808026,141.14928450499264,141.71914104436127,141.63432326231685,142.44983140443054
S14,2026-10-20,2,100.8,2026-10-18,100.52319149188739,111.68564183286256,113.79670461288518,112.05064279607362,114.37807229927606
S15,2026-10-20,2,112.1,2026-10-18,99.12234932151934,93.66713628172873,92.73408293724059,93.88746485114096,93.81297692656516
S01,2026-10-21,3,103.8,2026-10-18,124.16977309205285,117.80564356254679,117.0959396253739,117.26097780870539,117.12059732185942
S02,2026-10-21,3,163.7,2026-10-18,150.0711938925849,153.81477475549494,154.01783325161253,153.25907171155725,154.19552028562342
S03,2026-10-21,3,119.1,2026-10-18,132.36931759059632,134.7473064660939,134.87637436389053,134.35493970661486,134.78074392675484
S04,2026-10-21,3,128.8,2026-10-18,130.64706417903056,130.9487839258143,130.7707673898765,130.37488302503314,130.5864422610828
S05,2026-10-21,3,111.2,2026-10-18,110.22301307414948,106.04319874175958,106.25934157499246,105.75055148431234,106.08274009057455
S06,2026-10-21,3,87.9,2026-10-18,109.83707743660327,108.22728959620001,108.61623300015928,108.11833528578283,108.45789586901667
S07,2026-10-21,3,91.8,2026-10-18,102.46391430299556,98.22672057173082,99.5761825816972,98.27520094088146,99.74176465741226
S08,2026-10-21,3,145.6,2026-10-18,142.99714005453157,157.1040513521859,157.11091929738015,156.6248516148755,156.9582632339427
S09,2026-10-21,3,138.3,2026-10-18,125.48006663629113,118.30392002314328,118.69604612886904,117.91236835718153,118.42668398469685
S10,2026-10-21,3,103.3,2026-10-18,138.1054621218333,137.40182543226652,137.20338182577066,136.92992260732822,137.03377047606878
S11,2026-10-21,3,183.0,2026-10-18,99.2467582303245,93.21806536934206,91.48534623852798,92.36549040249416,91.70002852513322
S12,2026-10-21,3,149.3,2026-10-18,141.30661129840573,137.28241620383093,137.5840706544263,136.7929426746709,137.38118221781085
S13,2026-10-21,3,146.8,2026-10-18,135.88533287917926,150.7316090172955,151.2934880337545,150.11104326759067,151.01591516349998
S14,2026-10-21,3,88.5,2026-10-18,109.64025508298637,122.29098526409692,122.89799114337987,121.86692559740371,122.8543232905013
S15,2026-10-21,3,110.5,2026-10-18,108.23941291261832,105.01971054822205,104.63915836066006,104.21614382416008,104.45998195558785
S01,2026-10-22,4,138.7,2026-10-18,128.35639806812827,120.78165076332432,120.349919792584,120.77730595724923,120.82810513334614
S02,2026-10-22,4,134.4,2026-10-18,154.2578188686603,157.15421401347433,156.6533621438912,156.78768419112478,157.1436654814652
S03,2026-10-22,4,142.4,2026-10-18,136.55594256667175,137.5384414791974,137.33344136177624,137.0068790614518,137.59821785985554
S04,2026-10-22,4,133.9,2026-10-18,134.833689155106,135.09979015503612,133.96160258267608,134.6191785327026,134.19107524965492
S05,2026-10-22,4,115.5,2026-10-18,114.40963805022491,107.8892328215497,107.81161192783289,107.51070830949716,107.9965211821454
S06,2026-10-22,4,91.8,2026-10-18,114.02370241267869,110.6905435562134,110.60028424263002,110.12738583385946,110.77379187345507
S07,2026-10-22,4,96.7,2026-10-18,106.65053927907098,101.42207249275276,101.54343127480576,100.85518836251327,101.95007092526981
S08,2026-10-22,4,156.9,2026-10-18,147.183765030607,161.34213810477942,161.12170448218077,160.81639980588645,161.26920362625808
S09,2026-10-22,4,152.7,2026-10-18,129.66669161236655,122.61325183510779,121.61131340265273,122.00734230875968,121.72891783714293
S10,2026-10-22,4,137.9,2026-10-18,142.29208709790873,140.2495721919196,139.46558633872442,139.8166368348258,139.7530867350953
S11,2026-10-22,4,107.5,2026-10-18,103.43338320639994,97.65707379153797,95.86290953627655,97.52922629884311,96.46485237351486
S12,2026-10-22,4,139.9,2026-10-18,145.49323627448115,141.11537949911187,140.70212410560677,140.8678019212825,141.00610406867096
S13,2026-10-22,4,120.4,2026-10-18,140.07195785525468,154.0048556408712,153.38647384260383,153.80143951688495,153.51842623267856
S14,2026-10-22,4,132.1,2026-10-18,113.8268800590618,126.13146079352921,125.32759790888852,125.55903641155786,125.50463227203912
S15,2026-10-22,4,102.6,2026-10-18,112.42603788869374,109.83159407973288,108.22086684405802,109.42094042897223,108.50707232952116
S01,2026-10-23,5,127.9,2026-10-18,132.93725997469585,125.47038271682602,126.48407742040497,125.30406191604477,125.70408284323555
S02,2026-10-23,5,132.6,2026-10-18,158.83868077522789,159.6898000725678,159.05795358504568,159.83939879025732,157.8954000064305
S03,2026-10-23,5,140.3,2026-10-18,141.1368044732393,140.8753795772704,140.89636041223133,140.89744000135983,139.83159272371853
S04,2026-10-23,5,143.2,2026-10-18,139.41455106167354,139.24780702505794,138.8205192080566,138.90795773182597,137.67867153797832
S05,2026-10-23,5,125.22244897959185,2026-10-18,118.99049995679246,110.83013456293516,110.87697934338026,111.29665117689542,110.01452025004797
S06,2026-10-23,5,105.3,2026-10-18,118.60456431924624,113.88987650871279,113.79416337013247,114.00273268818857,112.791470938921
S07,2026-10-23,5,109.9,2026-10-18,111.23140118563855,104.11378733089992,104.02813471129963,104.11734572819302,103.15004951528141
S08,2026-10-23,5,137.5,2026-10-18,151.76462693717454,165.79950680647582,165.85652908001632,164.98954152379721,164.55701222334594
S09,2026-10-23,5,150.9,2026-10-18,134.24755351893413,125.57015705108641,125.87958040833472,125.79785349965094,124.75541892647742
S10,2026-10-23,5,252.7,2026-10-18,146.8729490044763,143.94265884586744,143.86273497768812,144.1429535491126,142.89209568926267
S11,2026-10-23,5,138.0,2026-10-18,108.01424511296749,102.39872759154865,103.50033244064876,101.98216041496822,102.39818220904895
S12,2026-10-23,5,153.0,2026-10-18,150.0740981810487,145.97328135541508,145.5149573998792,145.3864915089948,144.47316581181119
S13,2026-10-23,5,152.2,2026-10-18,144.65281976182223,157.72107075963703,157.15303551469532,157.54886101995197,156.2087139121124
S14,2026-10-23,5,108.6,2026-10-18,118.40774196562936,129.21419364980287,128.56031132510728,129.57633060983247,127.50695420077867
S15,2026-10-23,5,131.0,2026-10-18,117.0068997952613,113.88356924057005,114.00533333420752,113.86137470602988,112.90275394916533
S01,2026-10-24,6,123.5,2026-10-18,128.6514641542776,120.36165482955319,120.79454473810536,120.27474455194813,120.79267203467232
S02,2026-10-24,6,148.6,2026-10-18,154.55288495480963,156.40039556111608,155.8143634387425,156.3695061990193,155.55763729299818
S03,2026-10-24,6,144.7,2026-10-18,136.85100865282106,136.84624081849182,136.68876907228554,136.80415472387398,136.55189184843624
S04,2026-10-24,6,157.6,2026-10-18,135.1287552412553,134.05524445985046,133.71064802919116,134.15391994927612,133.53002919171539
S05,2026-10-24,6,116.4,2026-10-18,114.70470413637422,107.19049800166063,107.03220967182092,106.963773853864,106.9054983926671
S06,2026-10-24,6,122.0,2026-10-18,114.31876849882799,110.09779212772848,109.96978146731855,110.02998290359976,109.70790399014952
S07,2026-10-24,6,124.1,2026-10-18,106.9456053652203,102.19404987267086,100.9406129943473,101.70219532421658,100.74939607850143
S08,2026-10-24,6,131.9,2026-10-18,147.4788311167563,161.22183581505507,160.92330595169753,161.35979523573607,160.61555338714808
S09,2026-10-24,6,141.5,2026-10-18,129.96175769851587,122.33707818388937,121.11863668262957,122.43475529551505,120.9476324468851
S10,2026-10-24,6,263.6181818181818,2026-10-18,142.58715318405805,139.4883936835187,139.01352496870928,139.4650018406766,138.88859996625357
S11,2026-10-24,6,89.4,2026-10-18,103.72844929254924,96.91346673241684,97.11605099907943,96.8972900318248,97.05226285329887
S12,2026-10-24,6,140.2,2026-10-18,145.78830236063044,141.56370440295765,140.7104009555919,141.31424406341145,140.3868721591575
S13,2026-10-24,6,157.7,2026-10-18,140.36702394140397,153.51239908550468,152.88378130708423,153.11718564544407,152.57022325013367
S14,2026-10-24,6,108.9,2026-10-18,114.12194614521111,124.84359738997048,124.53683500758237,124.76626930407113,124.32473783961362
S15,2026-10-24,6,96.8,2026-10-18,112.72110397484306,108.67193728685378,108.32241415977477,108.42500753700732,108.16135644912718
S01,2026-10-25,7,131.3,2026-10-18,123.58576981353713,115.22886799307805,114.6820743999843,115.4625788296972,114.75676889190716
S02,2026-10-25,7,118.1,2026-10-18,149.48719061406916,149.61746922145997,149.46383585139577,150.47722026157592,149.10591137978648
S03,2026-10-25,7,127.6,2026-10-18,131.7853143120806,130.87323473206783,130.38300780951107,131.09578140917296,130.4215572066518
S04,2026-10-25,7,128.3,2026-10-18,130.06306090051484,126.7178822337517,126.87016148407547,127.45917109128622,126.98037121732322
S05,2026-10-25,7,118.6,2026-10-18,109.63900979563377,102.6440891109141,101.94552679524891,102.65784670111857,101.98060831965081
S06,2026-10-25,7,111.3,2026-10-18,109.25307415808754,104.29286764711144,104.20444471538069,104.43855318017306,104.32442919127645
S07,2026-10-25,7,94.7,2026-10-18,101.87991102447984,94.92758089884052,95.06327478422651,94.94167329951057,94.98364954463074
S08,2026-10-25,7,145.0,2026-10-18,142.41313677601585,152.15324466739386,152.8349048985967,153.31747881759495,153.03748553310126
S09,2026-10-25,7,144.0,2026-10-18,124.89606335777542,115.04912816174327,114.47222705185412,115.16976568102835,114.54961260035633
S10,2026-10-25,7,130.0,2026-10-18,137.5214588433176,133.6252301098513,133.38689516351693,134.03554905783054,133.44940250792675
S11,2026-10-25,7,99.7,2026-10-18,98.66275495180878,90.41356881095895,89.99508995509574,90.9722286032546,90.02555128133723
S12,2026-10-25,7,142.4,2026-10-18,140.72260801989,133.08161401918957,133.8919908533139,134.0256877968354,134.19504787570665
S13,2026-10-25,7,133.5,2026-10-18,135.30132960066354,147.22300223138717,147.15171661291805,147.6476784103417,147.35989142273155
S14,2026-10-25,7,123.0,2026-10-18,109.05625180447066,118.7222918274147,118.28481888047284,119.22049489335953,118.30519137552804
S15,2026-10-25,7,118.1,2026-10-18,107.6554096341026,102.0352919679135,101.40871681272982,102.64087377348913,101.51308668777345
S01,2026-10-26,8,110.4,2026-10-18,117.91210991465343,110.91681718485695,109.83738004820687,111.2846687402044,109.29950438099247
S02,2026-10-26,8,138.0,2026-10-18,143.81353071518546,146.90447040285383,146.92331534262215,146.56757936264788,147.23694641526257
S03,2026-10-26,8,127.3,2026-10-18,126.11165441319689,127.86660140751923,127.42014622687424,127.49873048066223,127.58488638698185
S04,2026-10-26,8,140.4,2026-10-18,124.38940100163113,122.47801451299874,122.60987339828698,122.41203515146462,122.66335925374715
S05,2026-10-26,8,96.2,2026-10-18,103.96534989675006,100.13233091660909,99.99369293430023,99.92668092229538,99.79389704742603
S06,2026-10-26,8,93.5,2026-10-18,103.57941425920383,101.66115922629835,101.91948855072262,101.56589461266996,101.86943033486607
S07,2026-10-26,8,75.7,2026-10-18,96.20625112559613,92.99701350948641,93.17226699760982,92.57258224508593,93.3571108730776
S08,2026-10-26,8,140.7,2026-10-18,136.73947687713212,148.61632441793174,147.9959123364517,148.11342140351027,148.4757956645319
S09,2026-10-26,8,112.5,2026-10-18,119.2224034588917,110.86488950252532,110.67968893051146,110.50860385596751,110.76924043893813
S10,2026-10-26,8,132.4,2026-10-18,131.8477989444339,130.37373112567835,130.1465174747365,130.1485045445817,129.8727056575673
S11,2026-10-26,8,113.7,2026-10-18,92.98909505292508,84.86467389336654,83.40899622014591,85.22659702173301,83.19944566062519
S12,2026-10-26,8,132.4,2026-10-18,135.04894812100628,129.50200939348767,129.94721101394722,129.28950654140542,129.76609820297787
S13,2026-10-26,8,123.8,2026-10-18,129.6276697017798,143.57903841946808,144.50593534920898,143.47321521554676,144.22389883611885
S14,2026-10-26,8,72.3,2026-10-18,103.38259190558695,114.78580867520398,115.4535360412938,115.02710764876431,115.77279416493005
S15,2026-10-26,8,79.9,2026-10-18,101.9817497352189,96.82691819965838,96.3330303877592,96.68355785310267,96.22591748833655
S01,2026-10-27,9,115.2,2026-10-18,118.41447273121712,110.67269034343106,109.14823710577828,111.59384809093815,110.31390539961201
S02,2026-10-27,9,145.6,2026-10-18,144.31589353174914,148.6296307333878,150.85597867529307,150.0074340650945,150.9755344168416
S03,2026-10-27,9,129.2,2026-10-18,126.61401722976058,128.842568047336,129.56190595774973,129.40540148316944,130.28362851961577
S04,2026-10-27,9,130.9,2026-10-18,124.89176381819482,124.67728695188252,123.96473652039258,124.46247963522164,124.87067794714658
S05,2026-10-27,9,86.1,2026-10-18,104.46771271331374,100.02322461434774,101.40415964626841,100.65490253248386,102.0904210999342
S06,2026-10-27,9,127.3,2026-10-18,104.08177707576752,103.15863521546127,103.87344931960108,103.50759004950525,104.52793898303064
S07,2026-10-27,9,107.1,2026-10-18,96.70861394215981,95.08112996092865,96.19968464805612,95.60400164893696,96.52336296832988
S08,2026-10-27,9,115.1,2026-10-18,137.24183969369582,152.10029357735604,150.83046002004832,152.0924808985421,151.38318041030854
S09,2026-10-27,9,113.2,2026-10-18,119.7247662754554,112.34650264680384,112.52647086232899,112.56056509166955,113.20026337355374
S10,2026-10-27,9,131.4,2026-10-18,132.35016176099757,131.2022682843464,130.6441588891404,131.4685762492674,131.76518162765674
S11,2026-10-27,9,94.0,2026-10-18,93.49145786948877,85.65670264831611,82.50093957356044,85.94480058125087,83.8929263310773
S12,2026-10-27,9,164.1,2026-10-18,135.55131093756998,132.17530695519278,131.31274746528695,132.46005585214922,132.13264604828188
S13,2026-10-27,9,128.6,2026-10-18,130.1300325183435,144.89066079322782,145.72487231407848,145.47595121030298,146.4214916347393
S14,2026-10-27,9,119.6,2026-10-18,103.88495472215064,115.68008100262708,117.85197805262035,115.90355073681897,118.45300232640332
S15,2026-10-27,9,133.6,2026-10-18,102.48411255178257,97.4052333831787,96.86948932707308,97.88509845733641,97.90665857493876
S01,2026-10-28,10,121.3,2026-10-18,127.5315363223161,122.291898724011,121.09221405940396,121.99514507906777,120.98023146050316
S02,2026-10-28,10,136.7,2026-10-18,153.43295712284814,157.31183328117643,157.37487785901342,156.92614503587996,157.47859292115484
S03,2026-10-28,10,137.4,2026-10-18,135.73108082085955,138.354984506956,138.38737218081081,138.14915849267567,138.2068826109084
S04,2026-10-28,10,132.6,2026-10-18,134.00882740929381,134.6431634417602,134.45963999543872,134.66976946507182,134.1878297767469
S05,2026-10-28,10,88.5,2026-10-18,113.58477630441273,109.76434539982252,109.79546051451139,109.59564488359861,109.55203961559705
S06,2026-10-28,10,101.0,2026-10-18,113.1988406668665,111.65067380070688,112.07995241284372,111.70820196866991,111.86419999003412
S07,2026-10-28,10,102.4,2026-10-18,105.8256775332588,100.93687764576504,102.86186925343105,101.09731248787472,103.00916946700642
S08,2026-10-28,10,135.4,2026-10-18,146.3589032847948,160.31875280354708,160.62779878888816,160.26127939735144,160.43345188413352
S09,2026-10-28,10,113.6,2026-10-18,128.84182986655438,121.62964220345019,122.29032430052756,121.59010010957716,121.93920972943305
S10,2026-10-28,10,151.7,2026-10-18,141.46722535209656,141.21509889193945,140.93533331581526,140.9725042624133,140.67542949744634
S11,2026-10-28,10,116.2,2026-10-18,102.60852146058775,97.2309527354581,95.60308543912002,96.90497716835567,95.63046297005245
S12,2026-10-28,10,158.7,2026-10-18,144.66837452866895,140.6329015063388,141.17117093673775,140.4377748983247,140.89954064956734
S13,2026-10-28,10,144.5,2026-10-18,139.24709610944248,154.22996785555569,154.86233737383571,153.8950534543821,154.55061998282162
S14,2026-10-28,10,115.53877551020408,2026-10-18,113.00201831324961,126.028222568546,126.39789057544297,126.13598925641602,126.2846015172345
S15,2026-10-28,10,93.2,2026-10-18,111.60117614288156,108.76912489533423,108.47278736531733,108.61868910491465,108.18847469985484
