sensor_id,target_date,h,y,cutoff,ridge (current),rf leaf=10 feat=0.3,rf leaf=10 feat=0.6,rf leaf=30 feat=0.3,rf leaf=30 feat=0.6,rf leaf=80 feat=0.3,rf leaf=80 feat=0.6,xgb depth=2 n=200 child=20,xgb depth=2 n=200 child=80,xgb depth=2 n=600 child=20,xgb depth=2 n=600 child=80,xgb depth=3 n=200 child=20,xgb depth=3 n=200 child=80,xgb depth=3 n=600 child=20,xgb depth=3 n=600 child=80,xgb depth=5 n=200 child=20,xgb depth=5 n=200 child=80,xgb depth=5 n=600 child=20,xgb depth=5 n=600 child=80,xgb pseudo-huber depth=3 n=600 child=80
S01,2026-08-10,1,85.7,2026-08-09,69.92808891434282,72.88678274447716,72.27051562669158,74.9578297372848,72.75418764565585,75.76454882911518,75.1423308680443,72.45879271371025,71.58643057686943,69.68423750741142,68.78238585335869,72.9559765134539,71.65279486519951,69.83259871346611,69.30207541329521,72.95593169076103,67.84337904793877,71.1080408368792,64.54610541207451,64.01564123971123
S02,2026-08-10,1,106.6,2026-08-09,98.14578743747333,99.39814529052306,94.46252690159098,105.53642378198872,100.7541928422527,104.2613980698275,99.31982746366837,100.63697974341257,100.01322261946542,96.60856167929514,97.75583378928049,99.87362138884409,98.64398352759225,95.75919549124582,95.58882443564279,94.44030825751169,94.64227931158884,87.03348366873605,91.55873696463449,91.1191159929548
S03,2026-08-10,1,84.0,2026-08-09,87.94889326057108,93.07647528621443,97.41960861088246,89.65933008274952,90.49304703952417,91.24485843878901,88.79040002619953,89.60083855390549,89.65184791088105,83.00141592025757,84.15332145690918,89.59586699008942,90.33457143306732,85.68888540267945,86.17879242897034,94.00811977386475,93.62399501800537,95.18564147949219,91.96147413253784,80.22189540863037
S04,2026-08-10,1,78.2,2026-08-09,83.10614355774925,80.76777369436022,78.65176097147778,82.39193030756024,78.84687529343446,85.6032676052027,81.4973505174912,83.4501060622079,83.72873453072138,78.32906953266688,79.56095115116663,78.1646918433053,80.24398938587733,73.59831134251185,75.58690253666468,77.17171517780848,75.93073646000452,73.97305385044642,72.22322360447474,70.36285296848841
S05,2026-08-10,1,200.0,2026-08-09,63.13734431827501,60.316647667265116,58.52298135569666,60.90780004076791,58.14917926507242,63.4987363213917,61.852544531234386,62.19386253356933,62.12765083312988,57.6632152557373,56.911520576477045,60.33598957061767,59.81833896636962,53.341346359252924,52.67751083374023,54.05184516906738,56.70697746276855,50.52432022094726,49.95836791992187,49.9220100402832
S06,2026-08-10,1,50.0,2026-08-09,77.08577098346684,78.80432147255631,76.53121521651599,80.28396946013989,79.86394291451819,82.31496825819161,80.06637982990586,80.36448138100761,80.38179438454765,75.50789566976684,75.95870047701257,81.48349278313773,81.35421650750297,77.53983085496085,76.44867073638099,81.64241354806083,81.47192805153983,83.65039627892631,79.5182546888079,72.06584518296378
S07,2026-08-10,1,66.5,2026-08-09,64.59952023579896,64.55824962707402,62.90738901841752,63.64262890460623,61.57540005022911,65.48436637501749,64.21680700440126,64.56301351024528,66.19027944042107,60.313246683615645,62.14205546810051,63.05195708705803,62.863701776999434,60.99562735988518,60.693464235800704,64.76529880000969,59.569705919760665,68.2089900536718,61.564022020834884,58.65313620998283
S08,2026-08-10,1,95.5,2026-08-09,92.33262015472096,92.97069786735919,89.27440495909447,93.816502409741,87.05939039463797,97.29509029351043,92.3160590806392,93.1643273285457,93.24925309930528,88.98762602124894,91.10122961316789,89.73457950864518,91.71079177175248,88.21912521634782,89.76656240735734,88.97679609571183,88.69561523709977,87.87295288358415,88.17889208112443,85.90568155561174
S09,2026-08-10,1,93.6,2026-08-09,86.26391565026451,83.18950145002134,84.63398977426141,85.5637152259145,81.6637928951845,89.19931977151846,86.10838321426425,84.68308154514857,85.20306006840296,80.7321499960763,83.13740722111292,82.40009108952113,82.82635108402796,83.42601148060389,82.61893121174403,84.26172820499964,84.38860503605433,91.34034863880701,87.27942649296351,80.53995124271937
S10,2026-08-10,1,84.9,2026-08-09,90.10777411161123,85.13558828286834,89.21558696803656,86.47053891015562,89.36267321187376,90.00164385744442,87.86971085260465,89.07139652797154,89.63295137711934,83.2324978692191,84.92803782054357,87.1939670426505,89.18198114463262,84.29205769130162,85.86856621333531,91.01290178128652,88.38047379084996,91.07182895966939,87.6379482133048,81.7929169518607
S11,2026-08-10,1,31.0,2026-08-09,56.014636794219655,60.41344835552299,59.4511175695842,59.683572602852536,58.20345466053582,61.834742247635184,61.23037640511466,60.14831729616438,61.337537724631176,58.29597612108503,59.86435313905989,57.6058525630406,57.939175088065014,59.33790631975447,59.169248063223705,59.63904138292585,53.678291756766185,64.02477331842695,54.28340287889753,51.97193284715925
S12,2026-08-10,1,101.9,2026-08-09,102.02431564109357,99.18362201868813,97.81247262403454,100.4433485460158,97.55514760671021,103.74338229728372,101.59191103549028,101.86076578412738,101.31817468915668,101.96082147870746,100.57461771283832,104.52189478193011,101.29886659894672,105.86506685529437,102.04372438703265,103.77837595258441,98.36063417707172,108.11350282941547,97.50071939740863,98.0640605381557
S13,2026-08-10,1,99.0,2026-08-09,92.45560059769454,90.07823049662946,90.26282830174947,89.44296687593526,89.65280306997906,90.74655219221145,89.30207188488708,92.35549193790982,90.53952151707242,88.79262858799527,89.82402163914273,93.26121646336148,92.01219016483853,91.54598933628628,92.7955372946603,91.87842017582486,88.65523654392788,87.996144594465,85.72436648777554,83.71651584080288
S14,2026-08-10,1,58.5,2026-08-09,68.2018973774263,67.70953456785425,69.30969278588742,68.91852821533345,68.04642295443614,71.60849608792914,69.84883883190824,68.72240852628435,68.60920976911272,63.12524890218462,61.745630972726005,65.66631745610918,68.71596121106829,56.58202528272356,58.89836096082415,64.82425104890551,66.74805998120989,57.96915983472552,56.818143122536796,54.33500551496233
S15,2026-08-10,1,55.8,2026-08-09,71.43557721823632,70.9434940327837,68.3356942546872,73.30430835719086,71.61942419142015,75.64377867631227,74.35033110084338,76.34286921364921,76.68369810921806,74.86176579339164,75.93146460396903,76.52109663827079,76.55077021462577,73.20410244805473,73.91800778252738,73.01343624932426,74.30340712411063,72.25133698327201,72.9558653150286,66.43660633904594
S01,2026-08-11,2,63.8,2026-08-09,69.01989097096231,72.02126743844659,71.00805325102422,74.94836865158308,72.69567025316307,75.67594448787557,74.72328175036341,70.4557028089251,71.1218405042376,66.78710272652764,66.11184599740166,68.34576704842705,71.13729956490654,64.68440344674248,68.20257284981865,64.47445395333428,66.1476908002581,60.66147520882744,63.779330280848924,64.1626119886126
S02,2026-08-11,2,108.6,2026-08-09,97.23758949409282,107.02141372061222,104.64790850872102,112.21839252399617,110.07139855268898,107.62290725005832,105.6636266516102,103.40135209219797,102.43490330832346,100.96304817455156,100.75202508228166,104.77162305968149,102.54833154337747,100.80422960179193,101.24291125642402,103.42745940344675,99.6490608896528,97.1237570490156,97.07367245810373,98.5326925958906
S03,2026-08-11,2,83.0,2026-08-09,87.04069531719057,87.16021413079116,82.5593508087076,89.62188991582347,86.90208378811994,92.33885450115311,90.21685688283954,91.00899977684021,90.72136707305908,85.99346776008606,85.78663749694825,88.20349932909012,88.89912001490593,84.35054750442505,85.36112780570984,81.20492906570435,85.54657096862793,79.11830825805664,81.95360584259033,82.27431173324585
S04,2026-08-11,2,88.7,2026-08-09,82.19794561436873,84.517857456207,82.11940712042954,86.07161269106368,85.36973587461857,88.69164918708152,88.0164912285704,85.95320639780589,86.32646600178309,82.45093385151453,82.75084582737513,84.4598237650735,85.49277368954249,80.4920901434762,81.4155487196786,82.05886022022791,83.0666455405099,78.26828328541346,80.20949021748133,78.42433301380701
S05,2026-08-11,2,70.2,2026-08-09,62.229146374894505,59.35397800708297,57.42462221328746,60.690662498606144,57.99781209102217,63.11843739432895,61.070475361493564,60.6817642211914,59.64035377502441,54.608713722229,52.77802238464355,60.00282535552978,58.84168491363525,51.635976409912104,52.09246025085449,50.10838470458984,55.53725204467773,46.99050865173339,51.72764358520507,49.07573280334472
S06,2026-08-11,2,46.9,2026-08-09,76.17757304008634,79.07400274306649,76.38982113883604,80.56250496397057,76.34247381716979,81.56633636321499,78.11968814603867,77.79735904080528,76.934588602611,71.39836590630668,70.69189541680473,75.28227304560798,75.08137660367149,69.63607924325126,70.5010051046099,72.0080715928759,74.41115718228477,72.34086840493339,71.55241196496146,70.09634964806693
S07,2026-08-11,2,162.5,2026-08-09,63.691322292418455,59.0186354568761,57.82908980631294,62.178719317220896,60.47517785303917,64.98175916623444,63.11697325112678,61.88222785426994,60.60243888332268,55.37083049251457,53.89316363765617,60.274449305075606,58.55567927791496,53.54068942500969,53.57131762935539,55.25969119502922,55.135026888388595,53.39167209102531,52.48290439083,51.67896838619133
S08,2026-08-11,2,93.8,2026-08-09,91.42442221134046,101.86167494048941,99.56225923261441,101.14081763369498,100.6854639214659,101.00693772608172,99.80304497133382,95.66742820058549,95.58278948579515,93.10948747907365,94.02692804996455,95.7563077858516,96.2406794479915,94.26740851019109,95.75775450978959,96.09724730764115,96.8192915371486,93.99333689127648,95.54068702970231,93.34693807874406
S09,2026-08-11,2,77.3,2026-08-09,85.355717706884,88.85176331771211,84.38901458118349,90.11802789176652,86.63544735550906,91.25046723277087,89.70090271627387,87.22671643665858,87.21492937973566,84.71514789036341,85.75392166546412,84.71959344318934,85.14561144283839,85.74839369228907,86.62804213932581,82.72062674931117,85.77659598759242,85.34171072414942,86.95844069889613,87.33526317051478
S10,2026-08-11,2,93.6,2026-08-09,89.19957616823072,86.56982193888986,82.18736241778926,89.1177813321838,86.56385287230114,92.48121456265811,91.02173670794829,90.96688154169492,91.18564820119313,86.56734460421971,87.08538096972875,88.11989348956517,89.77175068684987,84.07662457057408,86.58106750079564,84.410406766619,86.6763455254691,83.30188339778356,84.36677807399205,85.02481573649816
S11,2026-08-11,2,47.1,2026-08-09,55.106438850839154,57.29139751000466,56.41757738052997,59.32506800766034,57.820869924407546,61.16176455638327,60.276801706471645,56.65474935259138,56.01389165605818,52.328552682059154,50.67404790605818,54.5387606212071,53.561802346365795,51.71662374223982,51.028002221243725,57.09633870806013,50.06054540361677,56.073720414297924,48.04438825334822,44.805407006399975
S12,2026-08-11,2,81.0,2026-08-09,101.11611769771307,97.1449903830144,94.33824060751189,100.29971997011083,97.49752224997454,103.7540973111492,101.57518815739881,100.07527574811664,101.17470201764789,99.33098444257465,98.04645952497211,97.04915270124164,97.86820253644672,96.72956880841937,96.8585990360805,94.00689348493304,94.86725267682758,95.50957903180804,94.02221521650043,96.50702699933734
S13,2026-08-11,2,115.1,2026-08-09,91.54740265431404,89.8307215726542,88.63063835701145,89.50362424474946,89.67038021866381,90.81764415788959,89.07164084599134,94.21194106510708,92.36429625919888,92.33987933567593,90.55153495243619,93.86510688236783,91.90518695286343,93.16820651463101,91.1593821661813,90.71715670994351,86.17378932407925,86.91118174961636,83.79369861057828,83.70944529942105
S14,2026-08-11,2,51.2,2026-08-09,67.29369943404579,70.47570345954652,73.36471543917243,66.20448339134941,67.23693329265353,68.36500112630954,66.40151228503403,67.05615495954241,67.0411484173366,62.905808373061674,61.17241417680468,63.140258335215705,67.23593782697405,54.25637125287737,59.451916449410575,65.08411454473223,66.19050359044756,59.01320552144732,59.41468023572649,58.491255038125175
S15,2026-08-11,2,70.0,2026-08-09,70.52737927485582,68.908675276842,64.6937603761434,70.607253617774,67.54980695610978,72.47193114274087,69.16598081917037,71.62298863274711,70.63284652573722,68.67546688658851,67.97604157669204,69.05502014500755,68.35207497222083,63.64787476403373,65.20806091172355,63.41807787758964,64.60960977418083,60.49943821770805,61.72681753976005,62.228575638362344
S01,2026-08-12,3,67.1,2026-08-09,77.20047463807107,73.27797443719805,71.95744961714857,75.49631841382092,73.45955927860315,76.02764963499374,75.17477655238947,73.818745640346,73.85895445687432,70.69804671151299,69.46374991280693,72.6079712186541,73.33242800576348,70.18905737740654,69.27537443978447,69.41790297372002,70.88675406319756,68.10233404976982,68.67913916451592,70.99715140206474
S02,2026-08-12,3,121.3,2026-08-09,105.41817316120158,111.25928128330597,109.85101392405835,116.05769107735802,119.5588641425737,110.92948712765094,113.00121857778909,107.88799874441965,107.23510758536203,106.39118592398508,106.3355433191572,109.98756901877267,108.01339881079538,106.4321624483381,106.0223085130964,109.79285351889474,107.82781903403146,103.19359473841531,104.02343957083566,103.11779753821237
S03,2026-08-12,3,87.5,2026-08-09,95.22127898429933,92.02907477811159,90.04828378228268,93.0328345408857,92.55260368965314,95.48543900256176,94.87126853890203,96.618625831604,96.64046545028687,92.69533891677857,92.63964338302613,95.97724838256836,95.99871559143067,93.69662828445435,93.17248363494873,91.60688395500183,95.32328290939331,90.99103040695191,94.20188875198365,91.28467435836792
S04,2026-08-12,3,92.6,2026-08-09,90.3785292814775,89.78872480284826,90.55646266149833,89.76117059788824,91.04177796488892,90.94810915325793,91.99320659937364,90.70112554005213,91.21481362751551,88.31916538647242,88.40485660008021,90.23841182163783,90.85720149448939,87.974434532438,88.07222691944666,90.63576070240565,87.62001673153468,90.95443002155848,87.49910894802638,84.97566508523055
S05,2026-08-12,3,87.6,2026-08-09,70.40973004200326,64.02526472627873,62.853677929990454,63.77758692002736,61.73570822465585,64.07448964482684,62.130057570739936,66.37766942977905,66.49853477478027,63.88797245025634,62.742915725708,65.28513774871826,65.42270622253417,63.998551464080805,62.82327613830566,61.916236019134516,62.87575302124023,66.97685871124267,65.49914083480834,61.266893959045404
S06,2026-08-12,3,66.3,2026-08-09,84.35815670719509,89.60047712877648,91.51103359401915,89.78206037385971,91.90243339462066,89.41444334811447,89.81112777804685,86.76068442208427,86.89121096474784,83.60694687707084,83.48642294747489,87.2974066053118,87.05429022652763,87.39979212624687,85.69046252114433,90.67827265603202,88.27967589242118,94.34610503060478,91.25771086556571,85.8893894468035
S07,2026-08-12,3,43.6,2026-08-09,71.87190595952721,65.08452948030607,64.33958151099924,64.99951196525501,64.06742526516061,65.71051427257161,64.42510704544286,67.62963910533806,67.74414868785759,64.70220227672478,64.16780944301506,65.39458318187614,64.75564666225334,66.47602839900871,63.964109377402266,67.44931121303459,62.79472346736809,72.18920533491989,67.42171140148064,64.42947955562492
S08,2026-08-12,3,98.7,2026-08-09,99.6050058784492,105.40842786370797,103.99871929217171,104.71043580106061,104.3982324661919,104.4605124572707,106.1709315099781,100.41534704480851,100.47113746915544,98.97771639142717,99.68093866620744,100.61797804151261,101.22203392301286,100.02800125394548,100.72030061994279,100.97319216047013,100.33818907056535,99.45743603025163,99.37702364240373,98.08804029737199
S09,2026-08-12,3,102.1,2026-08-09,93.53630137399276,93.55149754754032,94.79929426922745,94.17529488021466,94.72375477232573,93.94042472790778,95.22159672873683,91.51559988430567,91.81581798962183,90.30011180809565,91.4143017905099,91.2381314413888,91.31417409351893,94.49462453297205,94.06581536701746,91.87976423672266,94.10482827595301,95.50916854313441,98.09963504246302,95.27534953526087
S10,2026-08-12,3,92.5,2026-08-09,97.38015983533948,89.98966392635509,90.37540281895906,91.62706475561023,92.24067374254146,94.32564150128376,95.96146195112273,96.08918779918126,96.62156742640904,92.91314428874425,93.58078950473241,94.65393656321935,96.42654055186681,91.90694016047887,93.84596699305943,93.44657653399877,93.59693640300206,93.50215071269444,93.38122385569982,92.38680904933385
S11,2026-08-12,3,59.3,2026-08-09,63.28702251794791,58.48652896133577,57.28818605974471,60.922234410928326,59.00460081900392,61.9316776638599,61.52217304518199,62.763040501730785,63.15560193743025,61.19579930986677,60.5659675189427,59.98495574678694,60.21087499346052,62.55036588396345,59.60922189440046,58.957700211661205,57.055621583121166,63.99661775316511,57.99342103685652,55.722646195547924
S12,2026-08-12,3,114.7,2026-08-09,109.29670136482181,98.57575666966778,97.3359103580447,100.23261454067531,97.46557737842224,103.7464399102206,101.59191103549028,103.11052545819965,103.59071001325336,102.23530992780414,100.69878420148578,100.82125887189594,101.50956568036761,99.89214548383441,97.94337114606586,96.62493166242328,96.51182779584613,97.08443102155414,93.81637605939594,98.23823389325824
S13,2026-08-12,3,100.9,2026-08-09,99.7279863214228,91.01950297910986,90.94805140995706,89.70732917817591,90.48527556035033,90.82310212458066,89.53281079051355,96.0887902396066,94.70638305119107,94.62443381718228,93.22300750187466,94.91080409458706,95.07634574345181,94.76220351627896,93.79350406101773,92.75828963688443,90.83413249424527,92.9381154196603,88.9399636404855,88.3881886618478
S14,2026-08-12,3,33.8,2026-08-09,75.47428310115455,76.1298848342039,80.76468534034436,78.35140161723055,79.11963708681262,77.78806608669527,79.11017815420072,75.300056212289,75.42971967969622,72.1745507649013,70.15830444608416,73.04623102460589,75.52904962812151,69.6292626789638,69.89131473813738,76.32829355512347,74.38485788617815,76.62052797589983,72.01688074384417,68.44412731443133
S15,2026-08-12,3,64.5,2026-08-09,78.70796294196457,86.73581236334161,89.34371375525744,85.23725079516463,88.05911629305078,83.41872700176276,84.8370475457154,82.51993410927909,82.67799513680595,83.01684325081962,83.19520705086845,82.35905688149589,82.20474093300956,85.19383185250419,83.31371348244804,85.96601622445243,82.86330168587821,90.43410818917411,87.85823576790946,79.80658858163017
S01,2026-08-13,4,77.6,2026-08-09,82.08665941556886,83.48735461867643,88.76606629978824,84.30556438384511,88.82153874402242,81.36211444961252,83.92906160605965,78.6589613233294,79.10984614236015,80.34365895135063,80.06081202370781,82.65687992913384,80.89674189431328,86.36903086049217,83.28697350365776,86.86934688431877,80.48289349419731,87.25047322852272,81.74921133858818,78.20837214333672
S02,2026-08-13,4,112.7,2026-08-09,110.30435793869935,115.2034332181785,114.69980509046646,117.12624816216197,120.87254513653372,111.26896171158627,113.33223827263487,108.29061286108835,107.74491660254343,109.28718011038644,109.27355878012521,111.21480099814279,109.42972008841379,109.43381135123117,108.94639985220773,115.52728097098215,111.26948182242258,110.99348370688303,107.82498662131174,107.05068986075266
S03,2026-08-13,4,110.6,2026-08-09,100.1074637617971,92.95281007014171,91.90564469149697,93.77083700073807,93.8121586692255,95.66231397899654,95.16610078826665,97.02123756408692,97.15027256011963,95.53086490631104,95.69147653579712,95.95199317932129,96.77088947296143,93.17150754928589,94.37904472351075,92.30417723655701,97.37185401916504,90.33857066631317,94.87266416549683,93.35087175369263
S04,2026-08-13,4,102.2,2026-08-09,95.26471405897529,90.7053716527586,91.39869194269733,91.16231927474544,91.87637304587828,91.55081470288472,92.23737558032066,92.18516150883265,93.0616611616952,94.31287280491419,95.72002498081751,92.93307486942835,92.92621127537318,98.22643939426966,95.53512183598109,95.17066852024622,92.06278459003993,100.08566180637904,95.6314887183053,87.52400199345179
S05,2026-08-13,4,77.0,2026-08-09,75.29591481950105,78.03828893798409,90.32838035296231,73.92034660583035,82.02242507740596,69.36744090680548,72.6056709139289,71.06676647663116,71.60090956687927,72.06908950805663,71.54978356361389,77.42555723190307,75.95746669769287,78.02002868652343,74.78370914459228,82.13635311126708,76.34998378753662,82.3542905807495,77.43857631683349,65.71861133575439
S06,2026-08-13,4,63.5,2026-08-09,89.24434148469288,86.17874039654842,88.5081283678562,87.5397544736741,88.27854082764064,88.94357403202245,88.65664861355302,87.39441626412528,87.630628994533,86.30036681038993,86.35127585274833,86.98403590066093,87.62918036324638,84.07699053628104,84.09627096993583,86.86440985543388,87.22596972329276,86.24750655038017,83.36993306023734,85.52128737313407
S07,2026-08-13,4,54.5,2026-08-09,76.758090737025,66.10907652601094,64.30236585215746,70.99873387995322,71.94815665783862,70.39540583806304,75.06535811323855,71.46843482686897,71.73909546567818,70.51430089904686,69.7044882340612,72.60999699069878,73.81370253993889,67.23269553615471,69.37239785625358,63.020935968893966,72.18608142568489,60.58833880855461,68.64836998416801,67.48790688945671
S08,2026-08-13,4,113.3,2026-08-09,104.491190655947,107.5135299778742,106.94579869942166,105.93393978980826,106.47021082531546,104.74478575901064,106.44228770918181,101.049080317361,101.21055788312638,102.91105455671037,104.18425745282853,101.68251985822404,102.98411173139299,101.9364118031093,103.89160246167863,103.17677683149064,105.24621576581681,102.83619016919816,104.84403032575334,101.37890142713273
S09,2026-08-13,4,92.5,2026-08-09,98.42248615149055,94.28573964889705,96.70534552436058,95.26110392393754,96.01663961015606,94.8340880044014,96.64441661394217,93.5689796583993,93.74519578388758,93.84302512577601,94.90506068638392,94.39280787876673,94.45365230015345,96.43160430363245,96.91349688938685,92.88092795780726,97.35185805729456,93.48504821232386,97.45249358585902,98.27252952030726
S10,2026-08-13,4,85.4,2026-08-09,102.26634461283727,91.99964081689409,93.02683571495079,92.8742408638171,93.55520695219478,94.68425618528894,96.28014705302837,96.49180191584996,97.13137644359044,94.533697782244,95.42706173488072,95.22188776561192,97.62064474650792,92.28460067340306,95.68389242717198,94.09026902743749,96.12189119883946,92.89091151782445,93.57683557101659,95.36909884044103
S11,2026-08-13,4,65.18367346938776,2026-08-09,68.17320729544569,64.22247442652815,62.7083034878782,68.2619597127529,67.56425042724454,67.12837070777468,70.88997808756537,66.75295360769545,67.78518669690405,68.0700870343617,68.34040625776564,68.2201480456761,69.65040870394026,65.35134573663984,69.23199983324324,57.854863602774486,67.31595994915281,54.90175386156355,66.15678771223341,60.831479508536205
S12,2026-08-13,4,109.8,2026-08-09,114.1828861423196,99.11561845302973,98.10794650438258,100.83641084045723,97.70314698187944,105.42718073538883,102.73093878353157,107.10043939862933,108.22029146466937,110.04793772016254,109.61792024884906,104.1961463383266,103.83981928144183,106.0409778050014,105.31095918927875,101.92144617353168,101.05904230390277,100.40078386579242,99.67006716047015,105.19366106305804
S13,2026-08-13,4,122.1,2026-08-09,104.61417109892058,97.16978380362855,97.08018388695852,92.52102495734877,94.35106162811397,93.45387335612419,94.66954306549904,100.15870982578824,99.4170554297311,102.67836290768216,102.91847330502102,100.49061328342984,101.03596240452359,101.60237008503506,104.2842784540994,99.57834178379605,98.68544751576016,98.73218709400723,98.62835818699429,94.93634063175747
S14,2026-08-13,4,70.9938775510204,2026-08-09,80.36046787865234,75.05734046377577,77.25301115332347,77.16295981482713,76.90549894482182,77.80710941587512,78.55175872035548,79.60459780011858,77.47914194379534,86.28424143110003,77.95606111798968,78.76166128431048,77.79119276319231,85.90684389386858,78.24581407819475,80.12832903180804,77.9265677860805,86.03616022382464,80.50841783796038,71.97388529096331
S15,2026-08-13,4,60.2,2026-08-09,83.59414771946237,80.28475583215995,81.06981360641302,81.8125981693583,82.1359679459053,82.74733477472367,83.2413530583895,82.77928583962577,82.94028132302421,85.00295393807548,84.8942140851702,82.04568617684501,82.45601694924491,78.67456953866142,80.20363467080253,79.9872488294329,80.92895548684257,77.21772520882743,76.09150927407401,79.24974768502372
S01,2026-08-14,5,96.7,2026-08-09,86.95623381446872,83.05795151795705,84.58028554624212,80.96372473021177,82.06253512259698,78.19326861530504,79.64702202300968,79.25950053078789,79.04550745827812,78.7668075834002,77.75152304513115,79.35865786416191,80.19718840462822,79.64290716988701,79.8660393033709,81.35383131844658,83.30868866784233,84.28902056557793,82.57933428628105,79.23672869546074
S02,2026-08-14,5,118.4,2026-08-09,115.17393233759923,116.22281612164835,118.48795553760071,117.89004066732153,121.40357754227256,112.82143558215719,114.37885287028969,113.31400887625558,112.72296921866281,113.38794152396066,113.5430366243635,115.77563779013498,114.43411938803537,114.52449242728098,114.78056351797922,119.82704178946359,115.74236790793283,117.16380803244455,115.29959885733469,112.50650708334787
S03,2026-08-14,5,94.9,2026-08-09,104.97703816069698,96.63345782922839,95.93734591112779,97.5803809452026,98.202755525275,98.23284536082384,98.14133917329444,101.8623239517212,102.12831897735596,99.3800880432129,99.82078285217285,100.7656795501709,101.58174915313721,98.96304435729981,99.39208908081055,94.94174070358277,99.06289596557617,94.33198471069336,97.98470134735108,97.91611976623535
S04,2026-08-14,5,106.9,2026-08-09,100.13428845787514,94.35098255947659,93.45965831755497,93.76633837338485,94.77674161717908,93.53577478142908,94.75775910037729,95.63203040531702,96.39156142643519,95.3384322302682,95.75571147373743,95.33672038487025,97.04386702946253,94.93774119785853,95.71411506107874,94.56269637516566,94.50315371922083,94.26620952061243,95.55196753910609,91.16079751423426
S05,2026-08-14,5,67.8,2026-08-09,80.16548921840091,65.36684368892338,63.93611482152507,65.86993103482183,64.03059158155331,65.97942486373277,65.92522420303062,70.87556252479553,70.96735069751739,70.50847820043563,69.33668128252029,68.76209232807159,68.31705520153045,65.79484376907348,65.5889554977417,62.608351325988764,65.61584196090698,60.11144218444824,63.765203094482416,66.97226057052612
S06,2026-08-14,5,77.6,2026-08-09,94.11391588359274,98.57448605005558,101.32238724575731,96.56623035885781,99.08686814796474,94.54038634272838,96.08379784099944,93.14269965035575,93.39248411996024,91.66443293435233,91.65223448617118,94.95015852791923,92.82534163338798,92.69497816903251,90.71664946419853,97.58627264840263,94.08078329903739,100.88040488106864,94.53302328927177,92.93844168526786
S07,2026-08-14,5,60.1,2026-08-09,81.62766513592486,66.73571192549493,67.70288896999611,67.49675128934254,66.52431067075653,67.64422301652769,68.30851606462761,72.40238998218199,72.37989197804352,71.0194707675161,70.43084235622307,69.23724480106254,68.34249396755119,67.61884351207634,67.2984356446447,68.14015527202507,67.21005912258049,68.2409085793676,67.10587115718742,70.51467771961113
S08,2026-08-14,5,112.7,2026-08-09,109.36076505484687,110.04654553134026,109.54377772531684,107.94793383778479,108.87558534510218,106.31460827652423,107.13009381778718,106.62287802015031,106.74334043775285,107.17744154248918,108.11085504804338,107.10760015760148,108.72759336744035,108.10624212537492,109.78034586225236,109.66345590863908,109.21869463239396,111.47565645490373,111.85509676252092,106.72893995557511
S09,2026-08-14,5,95.4,2026-08-09,103.2920605503904,95.68545336166164,96.96419405001782,97.27065230157727,98.34022119817125,97.13594607259044,98.24419170130122,96.83534470966883,97.23821059635706,97.13013068607874,98.59556189945765,96.03306523731776,96.85461799076624,99.64479628971644,99.94477836063929,94.73660603931971,99.317691721235,96.45897475651331,101.91231147221156,102.01119224003382
S10,2026-08-14,5,119.1,2026-08-09,107.13591901173713,97.146864833996,97.34848955358625,97.21218252689356,98.15820877885919,97.23972637648004,99.36480323545952,101.8019091469901,102.43234032222203,100.13613575526647,101.15043324061803,99.98328465053014,102.7596613747733,98.42483013698033,101.55948036738805,97.88985889979772,98.80798882075719,96.80764025279454,98.61590260096959,100.95941036769322
S11,2026-08-14,5,77.7,2026-08-09,73.04278169434556,61.86227756451003,63.65708113622637,62.717913643292704,61.98048477030485,63.51324140190265,64.61114456190111,67.27217187370573,67.7892428581736,68.35834731544767,68.04619203891073,64.29119964327131,63.71683259691511,65.17030711855207,65.44196768488203,61.46957917894636,62.901277024405346,60.91805215563093,61.971528489249096,62.72938008989607
S12,2026-08-14,5,119.5,2026-08-09,119.05246054121946,99.53876410703194,98.68298114116337,100.91251711564924,97.68412634274554,103.80465098793393,101.56429890693687,108.33068880353656,108.68642076764789,110.0577014378139,108.60106119428363,110.95729669843402,109.31175455365863,113.0556662968227,110.29561170850482,109.68330892835345,106.75955232892719,111.51827749524799,106.99578508649554,109.10545000348773
S13,2026-08-14,5,106.3,2026-08-09,109.48374549782045,95.4478192762638,97.45551881974302,92.03876225273208,94.81584155362388,91.69509785443815,90.90322054561172,100.97949677876065,99.6483901160104,102.02133017948697,100.8687556403024,102.83975488117764,101.1379845755441,105.64537888935635,103.09248167446682,104.37743646076748,99.14766246250699,106.31584023109505,99.53271943501065,96.4422534125192
S14,2026-08-14,5,62.8,2026-08-09,85.2300422775522,87.49318585364571,88.84037360175213,84.37677493919608,85.81937441242188,83.3826387432957,86.59634431948305,83.1079757145473,83.37478517804827,82.99415277753558,80.92413973127093,82.72697328839983,84.81908296857561,76.75616239820208,79.47972749982561,84.693140738351,84.96880029950823,80.8057124546596,81.92725443158831,75.97470831189837
S15,2026-08-14,5,90.5,2026-08-09,88.46372211836223,88.68849352595106,90.62236275057025,88.96432887985611,91.49682479993344,89.2001844718494,91.82695048507259,90.1217817578997,90.18986075265067,92.16321509225028,92.50639288766044,89.86935751778739,89.96030371529716,88.49676840645927,90.13244574410575,85.34094565255302,87.65023367745536,83.361341885158,86.91392462594169,86.99898856026786
S01,2026-08-15,6,85.9,2026-08-09,85.78216469774395,77.74185197818669,77.81718465540342,78.47241158575444,77.90485391623152,77.99545401361864,78.46657177669319,80.2394557271685,80.48507693154473,81.25684502465386,80.39389517647881,80.71560814721245,81.4044628415789,81.22443869454521,80.4951987539019,78.30036642892021,79.26830866677422,76.635733631679,76.38882162911553,76.80006411416191
S02,2026-08-15,6,109.2,2026-08-09,113.99986322087446,121.96856984153389,128.6189974031428,118.98051067789251,123.0617092991171,112.92458843655247,114.98016314159943,115.49231068747385,114.17661587851389,117.12419716971262,116.441614314488,117.63053338187082,115.59453026907785,116.89975468771799,116.52280156271799,119.53256623404367,114.69913212912424,117.63144700186594,114.49683396475656,110.54636876242502
S03,2026-08-15,6,129.0,2026-08-09,103.80296904397221,96.12604593854977,94.1344862738941,96.42000813343053,96.52876073091444,98.89137149094252,99.07471277805381,104.32563514709473,103.86697502136231,103.4310848236084,103.00806255340576,102.81895370483399,103.75743789672852,102.84027786254883,103.04757232666016,97.000124168396,102.77759952545166,98.33630485534668,102.35834426879883,96.63602657318116
S04,2026-08-15,6,98.7,2026-08-09,98.96021934115038,91.16067744870482,91.69152438680467,91.63611420918416,92.30999218193998,93.32899217025218,94.19917296546815,98.1231240408761,98.34764377049036,98.76989356449671,98.5287865774972,96.30833522251673,97.27259818485804,94.48336688450404,95.44046870640345,92.26271048954554,90.04063598087855,90.57653371265955,86.45188061169215,87.58184591702052
S05,2026-08-15,6,84.1,2026-08-09,78.99142010167614,65.28895775829052,62.848890752881395,65.65172618469025,64.01753079487322,65.7105209065743,65.08212782668497,72.63477883338928,72.78646597862243,73.96190509796142,72.85207352638244,72.12552413940429,73.80922946929931,69.7048323214054,71.91362962722778,66.74346480369567,69.28176886439323,62.61711177825927,64.07951793670654,67.03462705612182
S06,2026-08-15,6,52.4,2026-08-09,92.93984676686799,94.22277355972423,91.40524463528602,97.73921028418225,95.49591685087645,96.35520534950697,99.92114375938985,94.32595007760185,94.29637091500419,94.7377599988665,94.40625708443778,96.97432463509696,97.84203856331962,96.83888380868095,97.34736006600517,94.2836126599993,102.25023596627372,95.86454718453544,101.49413245064872,90.19083731515067
S07,2026-08-15,6,41.0,2026-08-09,80.45359601920009,67.50185987797074,67.83890934771466,67.09007219459268,67.25389687943978,67.60135121894434,67.41980975000199,74.23751731349846,74.50631852580925,75.31216640903374,74.89032454921623,73.12892092897316,73.71216519309898,74.06683953239342,74.63910456134697,72.3798655284824,72.5471348403277,73.95589096977135,71.55010970069786,70.4552480740728
S08,2026-08-15,6,238.1,2026-08-09,108.18669593812209,110.44864048470086,108.42245594868314,107.17087410476125,107.18491994179294,106.35645690822209,107.45997702938428,108.01965708051408,107.41264433179582,109.61313814435685,109.63249010358537,107.83061117444718,108.48493856702531,109.27587408338273,109.80778116498674,105.2394952229091,105.84074301038468,107.06059355054582,105.5364922932216,102.88147157941545
S09,2026-08-15,6,105.3,2026-08-09,102.11799143366564,99.12343748434881,103.37040759718685,99.1470458503328,100.42258354040294,98.61243852436158,100.52146574378621,97.99768344334193,98.00694648197718,100.1227578299386,100.88488570622035,97.49123660496302,99.6133584158761,105.66073504856654,104.5074414389474,106.63053599766322,103.77783385685511,115.39749614170618,108.52349940708704,101.56551543644495
S10,2026-08-15,6,112.7,2026-08-09,105.96184989501236,94.32939525946743,94.10538034655471,95.57691491735478,95.73490505744056,96.8380493917652,98.48432827999308,103.79619186946324,103.84808033534459,103.75643127986363,104.24050110408238,101.34158962794713,103.8942696435111,100.83745354243688,103.48623245784215,99.2638346535819,99.85650890895299,98.45565432139806,100.64594906398229,99.193516431536
S11,2026-08-15,6,52.6,2026-08-09,71.8687125776208,63.1771337900677,60.517679087199355,63.87140748777724,63.37480439873696,63.60543006877531,64.15465866046927,63.458791215079174,63.92201252664839,63.29507442201887,62.76008601869856,61.00833650316511,61.3482727595738,59.37995000566755,60.79315562929426,62.465035874503,61.21484323229109,58.91866346086775,58.02245374407087,57.67973180498396
S12,2026-08-15,6,115.5,2026-08-09,117.87839142449471,99.13639051678008,98.64554848111455,100.50269863684721,97.8187156215987,103.67150327224685,101.49544622837404,109.12976679120746,109.68742021833148,112.26746782575336,110.61917337690082,106.9749606541225,105.77515253339496,111.09681257520404,107.00659593854633,106.6221717289516,103.05900224958148,108.20559343610492,105.31079897199359,105.88264879499164
S13,2026-08-15,6,103.91836734693877,2026-08-09,108.30967638109568,91.5967062589674,90.75608603862675,90.16401068620902,90.78407315899403,91.05347889670762,90.35747242437496,101.78584224155972,100.3597281592233,103.68233925274441,102.3074272292001,98.97565204075406,98.60981065205166,100.08098584583828,99.63139945438931,94.40364104679654,93.93088656834195,93.72894412449429,91.91966659000943,92.26725417545865
S14,2026-08-15,6,75.2,2026-08-09,84.05597316082743,83.32708406303898,85.85391813943002,85.08292654254443,88.73545082854366,82.84135576349172,87.36817814751602,82.09313463483538,82.445976965768,82.78658746991839,81.31699632917132,86.9391066959926,87.3276565006801,84.74120401654925,84.85246347699847,86.55889963422503,88.36740755353655,86.15297197614397,84.02498125348772,73.23129724775042
S15,2026-08-15,6,76.1,2026-08-09,87.28965300163746,97.43764201544663,102.54636548751765,94.98304805806266,100.11473786265663,90.26184208133967,94.23231649224589,90.08519690377372,90.19358961922782,94.8337835584368,94.72951834542411,99.09393637520927,95.23053305489677,105.37251608712333,100.06112997872489,109.31264441353935,101.28377096993583,112.71728461129325,103.62987463814872,85.8162225995745
S01,2026-08-16,7,76.7,2026-08-09,78.57670587352403,69.85317898963049,68.93503726010545,73.35111221052281,72.09344578435352,76.016045144211,75.11931677642777,73.33100703103203,74.01721861703057,70.19522192818779,69.9666719709124,72.06379988534111,72.3255872998919,67.1254911695208,65.98209860665459,66.65006735665459,68.02092650277275,61.580023792811815,60.481017139979784,66.52204420907158
S02,2026-08-16,7,94.5,2026-08-09,106.79440439665454,121.11852807964661,124.66765668400245,118.29726435302295,121.84679987916327,111.4534920292843,113.66450698437868,108.30586735861642,107.53751437323434,107.60571210043771,106.00370804922922,112.71759526388986,110.62502972739084,112.85404984610422,111.75367467062814,117.6882421221052,113.47382371085031,118.00393311636789,117.39028184073312,106.45296589987619
S03,2026-08-16,7,95.5,2026-08-09,96.5975102197523,91.36108065663687,88.70624296867986,93.26971576559556,92.01214036144376,95.41114956798522,95.11500227776826,96.85417861938477,96.94286842346192,92.3508812904358,92.05723280906678,94.99867362976075,95.65867395401001,88.84383563399315,89.86605591773987,90.59596915245056,94.08602685928345,85.91082901954651,89.03405643701554,88.41311861276627
S04,2026-08-16,7,91.9,2026-08-09,91.75476051693046,88.94148623347216,89.1676253788678,89.91769150673184,90.31055132552558,91.18015686040683,92.38774249692598,90.83273545673914,91.41600982121058,89.04730407169886,88.29351679256983,89.90550605228968,91.35235301426478,85.76859966686793,86.55475596359797,89.39007083347865,88.79774657658167,87.5360891001565,84.67504609397479,83.26654664448328
S05,2026-08-16,7,66.0,2026-08-09,71.78596127745622,65.63974956082288,63.974359402465296,64.18665302044273,61.64892401158081,63.66388614507922,61.948274566968905,66.85914788246154,67.17408189773559,64.60954055786132,63.883977985382074,65.07873163223266,65.1516767501831,59.66819629669189,59.50714454650878,60.60185394287109,60.66775188446044,58.77230510711669,56.993572807312006,58.70886096954345
S06,2026-08-16,7,40.7,2026-08-09,85.73438794264806,79.91645140688445,76.87867020272066,83.5660593541232,80.25327190214668,87.55375854736454,85.43961221990152,87.02590887887138,87.35510199410575,83.86098807198661,84.10930006844657,88.30107634408134,87.88388865334647,84.14839022500175,83.0320314679827,83.80165903908866,83.65891783578056,80.59279244286674,79.82128494126457,81.78234808785575
S07,2026-08-16,7,39.3,2026-08-09,73.24813719498017,64.33004999935503,63.449712247293895,64.7203602141019,63.10921136161779,65.34831798400475,63.971763619370115,67.1479401154699,68.09675307704826,63.998193697470626,64.84083028270622,64.4144639535131,63.60746760799309,61.203057245749434,60.23351951076408,61.93619151546379,60.224039988059005,63.28226657344719,59.25163646175285,61.080638842123946
S08,2026-08-16,7,88.9,2026-08-09,100.98123711390217,112.17104506852816,112.93517864746721,107.2827058286266,107.96621735248931,104.8242633270552,106.86312655196795,100.72926897321427,100.6723336628505,99.99992794309343,99.81645721708024,103.0721482685634,104.26207536969865,104.33385175977433,106.47723669324601,104.49874586377824,106.62107176099504,110.73848909650529,113.25280184064592,101.63226026807511
S09,2026-08-16,7,110.4,2026-08-09,94.91253260944572,91.31942894639293,91.57494668330189,92.8269418574839,93.17027160675417,93.74092404282482,94.87103959500162,91.75115577152796,92.11822382381983,90.70303288868494,92.36082331112452,89.59853602222033,89.91968790463038,90.2878244297845,90.39255241325922,91.24810687473841,91.66372863224574,90.35074547699519,92.47993127277918,93.93267289570399
S10,2026-08-16,7,162.7,2026-08-09,98.75639107079245,90.19270242907112,88.87355498519047,92.58986941539607,92.06055435602457,94.69622552447093,96.62798189476347,96.32474440165929,96.9239737374442,92.99167793818883,93.88529294558934,95.20936983653478,96.74720305034093,90.13633763619832,92.16359299251012,94.79622763225011,93.96712750026158,90.27642072566918,90.74354794451169,91.71366447040013
S11,2026-08-16,7,147.1,2026-08-09,64.66325375340087,58.29314949714597,55.61663519786586,58.933987192009155,57.77830560101967,61.65244449544153,60.96806503135345,62.43245883669172,63.656724888937816,61.27111955370222,62.1406426021031,59.56024594988142,59.197946030753,56.834141213553295,58.08498712267195,55.44334836687361,54.955428559439525,51.89708562578474,49.43115659441267,54.044401604788646
S12,2026-08-16,7,114.4,2026-08-09,110.67293260027478,98.58914550192746,98.687303266485,100.29842371111337,97.69196097086804,103.6736329726296,101.49544622837404,102.4021953037807,103.39896425519672,105.11866411481586,101.2690337589809,105.75884088788715,103.84196314130511,111.35554346357074,106.0935901096889,102.97974237714496,102.52440103803363,111.729477255685,108.5563586643764,101.40825304303851
S13,2026-08-16,7,97.1,2026-08-09,101.10421755687575,90.57272159684076,88.87898065998334,89.43542837748738,89.74774132780054,90.48709503311179,88.54131746034241,95.90625792912076,94.5878432410104,96.46608764103482,92.94470626286099,96.91896468571255,96.11340648106167,100.11029368809292,97.86490947178433,95.25644332340786,93.46799022129605,96.6706412451608,94.85733539036343,90.12829524448941
S14,2026-08-16,7,60.2,2026-08-09,76.85051433660752,70.5824577408968,68.70045445252967,73.18248299438235,71.01688779821339,75.98081327127612,74.3580701882622,74.91945432935442,75.48935579572405,69.81055712018694,69.01701568875994,73.041999571664,74.87657331739153,60.229750864846366,63.86327283893313,70.2771971157619,69.95838712964739,58.99423074041094,57.06826328550066,62.314753585202354
S15,2026-08-16,7,79.1,2026-08-09,80.08419417741754,75.36449527932088,72.30741009171777,77.25360349588081,75.25059061811956,81.26434625123295,79.39644932497373,82.88910525185722,83.35353796822685,83.62610953194755,84.34173910958427,83.04192393166679,82.850937298366,80.38085787636894,81.16612093789237,77.13225024087089,78.07285254342216,72.62986367089408,75.4730567250933,76.21277945382255
S01,2026-08-17,8,83.4,2026-08-09,73.4608475200254,74.17438301373382,72.28217750950085,75.19410625780523,72.67071738154179,76.79853054971682,76.27396112537035,73.5417452130999,72.82201960427422,72.30374815804619,71.27054694039482,74.9348287854876,73.8028478894915,73.16399195534844,72.47918513161797,73.526997593471,70.64047530038017,72.15869620186943,65.40453627450127,67.09247877938408
S02,2026-08-17,8,125.7,2026-08-09,101.6785460431559,101.7723081572714,97.60898984799722,105.89499332249945,100.88536722314726,104.48183189914853,99.44008555936199,101.66236112969263,100.94196931975229,99.6121762241636,99.45554058211191,101.79689745562418,100.1926160301481,98.96996752875192,98.39562670843942,97.9391388143812,97.60750739233835,95.67111937659128,96.52336089270456,93.57842270987375
S03,2026-08-17,8,90.7,2026-08-09,91.48165186625367,92.8278580577457,97.50082497667346,89.8207412303829,90.8734687373074,91.42831869680649,89.01165756958808,90.44390733242035,90.58059461116791,85.101531457901,85.87678427696228,90.53168840408325,91.27307815551758,87.09024937152863,87.88624025583267,95.48769207000733,94.17484159469605,96.4493486404419,93.48054428100586,82.67841215133667
S04,2026-08-17,8,85.5,2026-08-09,86.63890216343184,81.34742983601402,79.02517188374819,82.65776712053417,78.96537361873474,85.68381355162988,81.5484686973436,84.1892280953271,84.55627099445887,80.388173021589,80.97518102100916,79.65383426121302,81.44551197460719,76.23863307407923,77.69034329823084,79.94364587238856,77.88092461994715,78.42094174793787,74.57828704289027,72.12108603886195
S05,2026-08-17,8,72.3,2026-08-09,66.6701029239576,62.768100644102375,60.867870765697816,63.039988188038635,59.666323770953554,64.5413868121997,63.50917394805557,63.28285512924194,63.4295407295227,60.69188842773437,59.83478984832763,63.00058755874633,62.664617156982416,57.80604228973388,57.06286964416503,57.024870491027826,59.60754642486572,53.46764526367187,52.84199295043945,53.325214004516596
S06,2026-08-17,8,65.3,2026-08-09,80.61852958914943,79.58586153083785,77.63940862585176,80.73840120998378,80.55505773847784,82.70062514415604,80.7367573003592,81.23722164971488,81.47202961785453,77.7309343133654,78.03383415085929,83.91533511025565,83.53396170479911,81.05255406243461,79.65606539590019,83.3413109098162,81.54456036431449,84.25836794716972,79.26094668252128,74.52696149689811
S07,2026-08-17,8,73.4,2026-08-09,68.13227884148155,66.24423684186284,65.04430808264831,65.00499958418467,62.97931392067053,66.48399347948852,65.74228057403754,65.65200515224358,67.62021537258049,63.58725543453117,65.65406556560417,65.37605376674553,65.39781661464592,65.96196408702751,64.87796540691276,67.60152907802483,62.83043952419182,73.92419715358635,65.39654488994499,61.55061145259758
S08,2026-08-17,8,109.4,2026-08-09,95.86537876040354,93.81695251031877,89.53960212692516,94.00261971047848,87.28251944757946,97.349644670383,92.35278126321009,94.08576235429915,94.07678905174667,91.34080309186662,92.69601625714982,91.45007390294755,93.51563388620103,91.0860323360988,92.7486138990947,92.73528653894151,91.64535230909074,94.691245501382,94.54706931625093,87.53728765760148
S09,2026-08-17,8,80.2,2026-08-09,89.7966742559471,83.30987927841888,84.59422989813314,85.6891233208371,81.78822582624493,89.36682507515074,86.21292588851993,85.52615038326807,86.13180653027125,82.89156381062098,85.10699740818568,83.2434124129159,83.70419398716517,84.91814509800501,83.73310271671839,86.0247651713235,85.62066832951136,90.37131551674433,88.36418900660105,83.10023061207362
S10,2026-08-17,8,107.2,2026-08-09,93.64053271729382,85.20282777937038,89.31083021735603,86.69850913672272,89.57885378604874,90.21613538459023,87.99483280767895,89.91446566411427,90.56169813701085,85.85376518794469,87.13084310122899,88.72418969699315,90.25553685256413,86.3581573350089,87.80333393641881,93.7604667527335,89.73170453139714,92.4037933928626,89.52661323377065,84.63434475490025
S11,2026-08-17,8,60.9,2026-08-09,59.54739539990224,63.2075581378603,61.05062144479663,60.81170468891368,59.397194723907624,62.98931092374007,62.99484409143781,61.38842721666609,62.91599364961897,61.85223003114973,63.71582742418562,60.24843116487776,60.107754189627514,64.32575793947493,62.476384598868236,60.64095254625593,55.69228120531355,65.90807386125837,55.35549493517195,55.719487626211986
S12,2026-08-17,8,108.9,2026-08-09,105.55707424677615,99.47024473798487,99.59188906914636,100.4924492445446,97.69196097086804,103.66844565930997,101.49544622837404,102.72312578473773,102.20375665937152,104.47488054547992,102.00473245893207,107.87445101056781,103.14858850751605,110.1658557346889,105.52570947919574,105.4290679386684,100.28023752485004,108.87351831708636,101.50852999006,100.69594415937152
S13,2026-08-17,8,97.2,2026-08-09,95.98835920337714,90.13483481288753,89.69594773867003,89.69055838467753,89.56413545568049,90.8821938678111,89.49866979363838,92.78047305515835,91.04732448032925,90.81325560978482,90.99036914280484,95.18449241093228,92.74174148014615,94.58441001347134,94.39695865086148,92.5650504248483,89.75079089573453,91.03517943790982,87.83870631626675,86.00216227940152
S14,2026-08-17,8,69.1,2026-08-09,71.7346559831089,70.0955057578655,70.73269734770942,69.52594092112916,69.34072664892034,71.9918645186485,70.5840599472555,68.94932340894427,69.29519104276385,65.340108864648,64.31492065702166,68.45517086301531,70.12548040662493,61.17428528581347,62.6164817741939,67.26282429013933,68.41898941312517,60.738821261269706,58.41540216718401,57.237510435921806
S15,2026-08-17,8,67.3,2026-08-09,74.9683358239189,71.392881287251,69.15569056506645,73.69325531688122,72.37756384063601,75.96927573021426,74.99050572837452,77.31955378396171,77.98558562142509,77.71518938882011,78.78141348702567,78.46888487679618,78.65810911996024,76.33358805520194,77.21585791451591,74.86930983407157,74.70065682274955,73.6219791684832,72.28895514351981,69.3088094506945
S01,2026-08-18,9,65.4,2026-08-09,72.5526495766449,73.53649831599498,71.37572877627377,75.14284713223844,73.06337741209663,76.61467567268495,75.42479753469317,71.39368155343193,72.21118643624443,68.98575308663506,68.34484198434014,70.32461645943779,73.03299143654961,67.95937826974053,70.67693999154228,64.65483000619072,68.50881102425713,61.19030287606377,64.16739943368096,66.80668166024346
S02,2026-08-18,9,116.6,2026-08-09,100.7703480997754,110.44010100654674,108.83368164472212,113.09348664120058,111.1613317108958,108.15719396442165,106.43397178110862,104.28176204817636,103.21740512507303,103.75164501326425,102.58066205637796,106.53519742148264,103.82289092200143,104.81410710471017,104.05698983328683,108.13856999533517,103.1796606029783,108.49526183264597,102.42271213190897,101.38758425371988
S03,2026-08-18,9,97.6,2026-08-09,90.57345392287316,88.74425821225513,87.51187632001783,90.45790800101449,88.70957012835392,92.75166264456249,91.06783048848256,91.70709748268128,91.50386853218079,87.73403180837632,87.4991533279419,88.97962094545365,89.56355304718018,86.0900830745697,86.73406465053559,83.87653608322144,87.03333313465119,81.76351709365845,83.59678525924683,85.44015998840332
S04,2026-08-18,9,72.1,2026-08-09,85.73070422005132,86.0494346359726,85.36665514137442,87.13177897774301,86.53094376755688,89.07956320844576,88.64339489142912,86.547357239042,87.00775722435542,84.54290858677454,84.29400590828486,85.78926602772303,86.42022136620112,83.4059609549386,83.10809079578944,85.20566887429781,85.65482161215373,82.63643137386866,83.12454167774744,80.66963664463587
S05,2026-08-18,9,67.8,2026-08-09,65.7619049805771,62.10954846513198,59.91479663216973,62.85642746482135,59.62362243930639,64.03232616928763,62.322444953197554,61.62578449249267,60.79599628448486,57.670264816284174,55.759338951110834,62.507722949981684,61.189440345764154,55.859101867675776,55.647227859497065,52.54875526428222,58.07134399414062,50.68028984069824,54.79119834899902,52.90334091186523
S06,2026-08-18,9,83.0,2026-08-09,79.71033164576893,80.95490846408909,77.26473268349825,81.08065735077844,77.1420200536975,82.01636233023689,78.7504065607444,78.52512758118766,77.87857835633415,73.40638940674918,72.89596360070365,77.55441396577018,76.9060470376696,73.20813553673881,72.9124836240496,73.10555975777763,74.64892058713096,71.61471407754081,70.9236273084368,73.01792972428458
S07,2026-08-18,9,72.0,2026-08-09,67.22408089810105,60.302003978763274,60.185556822886184,63.51004905531585,61.92113271395287,65.83923165265698,64.2435728666458,62.826244310873946,61.88612742854973,58.67771621181389,57.28249164058586,62.43884749843498,60.59126849605461,58.26547332240959,56.77379031612297,56.72076888515373,57.42679019405266,57.09764762355705,55.142141298788985,54.89315982295891
S08,2026-08-18,9,102.9,2026-08-09,94.95718081702304,103.293648222483,101.11427150613962,102.04649712764912,101.59782465613033,101.39208022885562,100.4228098289964,96.44389123235429,96.26408118520463,95.49553818021501,95.75064594064439,97.31210107122148,97.77144855771745,98.4380602291652,98.71229118619645,99.66927189145768,100.44671196256364,101.388022845132,102.74288744245256,95.40050501142228
S09,2026-08-18,9,80.3,2026-08-09,88.88847631256658,90.08282493071944,86.38929234701764,90.91701759340643,88.0769841278449,91.54374906044046,90.328056114014,87.92481378487177,87.99743083885737,86.65954533985682,87.671713747297,85.40321532658167,85.60593549183436,87.19269124439784,87.00424186161585,85.55685273579188,87.3479594366891,85.54814402035304,88.56662277153559,90.37841693333216
S10,2026-08-18,9,75.5,2026-08-09,92.73233477391332,88.91426716149346,86.49610320136289,90.12762199853526,88.264499571185,92.9995622235193,91.90081426444465,91.66497891971044,91.96815019675664,88.97359150477818,89.23639148303441,89.49041569062642,90.57123276421002,86.61054009028844,88.40829270907811,87.99565142222814,89.14122313090733,85.32402771541051,87.11489790507726,88.48292475768498
S11,2026-08-18,9,45.2,2026-08-09,58.63919745652174,59.281100706707406,58.308713377022755,60.416405292521695,59.16233925254204,62.150806071637184,61.53901185076313,57.74988504137312,57.44610257829939,55.46395059313093,54.08385415758406,57.181343514578685,55.39501233782087,56.18956609453474,53.491174180167064,57.396511513846264,51.40645833696638,53.55695005144392,47.581978280203685,48.346653420584545
S12,2026-08-18,9,183.1,2026-08-09,104.64887630339565,98.29749346586846,97.2900203018209,100.38096921729846,97.63433561413237,103.67916067317543,101.47872335028256,100.79266390119281,101.91403993879047,101.56870302472797,99.40308603559222,100.40171083722797,99.46356233869281,102.08346208844867,100.28739771161761,96.04105028424945,96.53184160505023,97.67208513532367,98.4565452030727,98.78377184186664
S13,2026-08-18,9,107.2,2026-08-09,95.08016125999663,90.42408205005117,89.29804857855692,89.98250842019057,89.62184657238959,90.95328583348923,89.14931402665442,94.49195033482144,92.72585326603482,94.08418399265835,91.78333693913052,95.62868243626187,92.21722060612271,96.46158439091275,92.19302398136685,92.62261897495816,86.8296292441232,91.1762745993478,85.44112330845425,85.88510447910855
S14,2026-08-18,9,51.9,2026-08-09,70.82645803972838,72.0884030131331,74.02091554075425,67.25583089034986,67.87281028466762,68.73302825956524,66.99409333461774,67.13809704099383,67.58088373456683,64.93102645192828,63.44101905141558,65.76941227231707,68.29038309369768,58.34814667020525,62.38449101958956,66.72831463132586,67.45550131116595,61.32199250970568,59.36710261617388,61.72584842954363
S15,2026-08-18,9,71.0,2026-08-09,74.0601378805384,71.9781342051903,67.71642489529277,71.27076217738802,68.8245348865064,72.9968345286374,69.78502291374903,72.45470326287406,71.78848903519767,71.1693503175463,70.9306675706591,70.84310763222831,70.18534200532096,67.02773880107063,68.12042369587081,66.59301691395896,65.15982406479972,62.75704996926444,61.28282683236259,65.87069063527244
S01,2026-08-19,10,76.7,2026-08-09,80.73323324375366,75.30240463471839,72.25160659563912,75.70410664773114,73.78765009663022,77.04751655905739,76.17344378149656,74.90169813973564,75.09455111367363,73.08048918587822,71.90444090706963,74.44311716897148,75.33489802224297,74.01815131051201,72.14798643929619,70.2679529462542,73.31976034981865,70.87774184090752,69.72881796700615,73.40310004098076
S02,2026-08-19,10,119.0,2026-08-09,108.95093176688417,114.50736342149759,116.60659339884852,116.71750583181316,119.93821594749201,111.21333815371263,113.58153186956228,108.91338030951364,108.16385571616037,109.56740395682199,108.64403407233102,111.7774697984968,109.42422310965402,110.65210740225656,109.11551825659616,114.76304642813547,110.85059849875314,115.32365243094308,109.71708504813058,106.00302426474435
S03,2026-08-19,10,117.5,2026-08-09,98.75403758998192,92.60312910953584,90.72661603278546,93.94668838880281,93.40082862260735,95.64272786157433,95.39366589493602,97.46169204711914,97.5692102432251,94.82352561950684,94.83200521469116,96.77969665527344,96.79941673278809,95.47841329574585,94.97318143844605,93.20766277313233,95.96253366470337,93.44114322662354,95.69268293380738,94.39864654541016
S04,2026-08-19,10,104.5,2026-08-09,93.91128788716009,90.81033594983177,93.0433894429091,90.59796944041459,92.09906556123902,91.08965976169117,92.48762245714019,91.44024840763636,92.0423511641366,90.59129420689173,90.28128329685755,91.5941785948617,91.9209198134286,91.21469680241175,90.00710097721644,93.95051852634974,89.89771262577601,97.56566611698695,90.05758277348109,87.28603879383631
S05,2026-08-19,10,95.9,2026-08-09,73.94248864768585,68.02443756108768,65.17434491662121,66.0364526980514,63.82525103838877,65.174286233288,63.79830218799094,67.46666107177734,67.8004233598709,66.9264570236206,65.87838897705078,67.9611387014389,68.13570234775543,69.14514864087104,67.1756607055664,65.8208981513977,66.42814478874206,73.59117827415466,69.88850162029266,65.46971521377563
S06,2026-08-19,10,74.8,2026-08-09,87.8909153128777,90.30486000469797,92.3692138006711,90.55311370927339,92.72643688795777,89.67993592687763,90.19841593569251,87.63342230660575,87.98144381386894,85.93000643593925,85.95591204507011,89.74064867837089,89.10075610024589,91.41194002968925,88.62892191750663,92.29994719369071,88.21979182107108,95.7477525983538,90.25757830483573,88.60359804970878
S07,2026-08-19,10,58.0,2026-08-09,75.4046645652098,66.81537361728367,65.86309958838142,66.49533739820792,65.74211185069149,66.71170123758978,65.89645249643876,68.71863050891777,69.17408318950554,67.98541255428215,67.69697089626213,67.73008389903923,67.15647979213615,71.81313057376762,67.75794263317009,70.96650691463371,65.70928140117546,79.75386662914177,70.92920358611961,68.04289288951774
S08,2026-08-19,10,127.3,2026-08-09,103.1377644841318,107.20951374434561,106.82758698179268,105.36404002638685,105.34157110758022,104.62862831927231,106.66036784235885,101.33678192411149,101.29867500577653,101.54392093930925,101.73792070661271,102.20010084424699,102.88906854901994,104.75506300245011,103.76723188672746,105.06529325757707,103.4647206715175,109.70554060254777,106.10930341993058,100.0575842312404
S09,2026-08-19,10,83.0,2026-08-09,97.06905997967534,94.69297238368708,95.11354455603427,94.77158965406382,95.59231348555703,94.05671998006643,95.61981509434958,92.35866872242518,92.74456516674586,92.42830053738184,93.53977385929652,91.94807807377406,92.05421225002833,96.28267852238245,94.86458960941859,95.09766427448817,95.74361840656825,97.90733043125697,100.02619544437952,98.35179416111536
S10,2026-08-19,10,104.6,2026-08-09,100.91291844102207,91.1424175797835,91.12193392245652,92.83760541758907,93.1942329148245,94.5802969749234,96.64378956076311,96.9322573525565,97.55031508037023,95.57576483317784,96.0860683304923,96.05078238078526,97.36229246684483,94.48310106822423,96.10095470973424,95.94357937404088,95.01079338618688,95.29745215007237,95.72787731715611,95.78505486079625
S11,2026-08-19,10,53.0,2026-08-09,66.8197811236305,60.57920792520367,58.358645857206334,61.92973049727761,60.52919650825842,63.030660102858775,63.207498331851895,64.0031492301396,64.73405619348799,64.38435097421919,64.15092988695417,62.62860866274153,62.23639150347029,66.52579470361982,62.486641842978344,61.31271310533796,58.70092435564314,66.11561866487776,58.5482296534947,59.297621209280834
S12,2026-08-19,10,107.5,2026-08-09,112.82945997050442,99.81905150800141,100.35835081078197,100.34928746207433,97.63980045811496,103.67150327224685,101.49544622837404,103.97288545881,104.4762919834682,104.85968622480121,102.3941558292934,103.53371843610492,102.75633653913226,105.29144510541644,101.16644510541644,99.03549417768207,98.3427470615932,101.95597681318011,98.69059213910785,100.43911012922015
S13,2026-08-19,10,98.1,2026-08-09,103.26074492710539,92.18304736255295,92.0922905323737,90.22799176423774,90.83786218035183,90.9587438001803,89.749337178886,96.51377135685513,95.2141860144479,96.75636321476529,94.93466025761197,96.70070487431119,95.66809398106167,98.42387420109341,95.39835578373501,95.86051494053433,91.86638003758023,98.66706973484585,91.99311953953335,90.71634704044888
S14,2026-08-19,10,51.5,2026-08-09,79.00704170683714,79.50516569881006,83.17382743122428,79.50002635735828,81.38760490924045,78.17353571952562,79.96554226432643,75.5269677570888,76.11569952283587,74.38416647229876,72.58106970105852,75.99144434247698,76.66561769757952,74.21011518750872,72.65679334912981,78.11971735273089,76.41254686628069,80.15574907575335,73.3132522038051,71.46821665082659
S15,2026-08-19,10,61.3,2026-08-09,82.24072154764715,87.85710739947862,89.33005185859771,85.18467048421932,88.32608601420331,83.7119099593976,85.1542734650943,83.49661867959159,83.97988264901298,85.69513838631767,86.30396788460868,84.31825201851981,84.17880194527763,89.50835173470634,86.77327864510673,87.85691206795829,82.81024401528495,93.10657828194755,87.80417387826103,83.73739474160331
S01,2026-08-17,1,83.4,2026-08-16,82.08390462323781,87.5279051025586,88.86500203396345,87.81114782091623,88.41689138749362,84.01457042109722,84.13835042390346,83.04283097812107,83.04457024165562,79.83314744063786,80.5355041367667,83.93266085215977,83.24631765910557,82.41264370509556,81.7836013180869,88.39041546412876,85.18756893702916,83.78389385768345,80.61505940982273,76.46793941089085
S02,2026-08-17,1,125.7,2026-08-16,108.38705105669663,108.16296254926056,107.66465988921054,108.92598364166753,108.20112040437809,108.86315072462078,108.7426572834781,109.5914380959102,109.15251533303942,105.48405889783587,106.52259949956621,107.49991707120623,107.26980976377214,102.04560426984514,101.50346140180315,102.27480749402727,103.49345115934099,97.3819461277553,96.2339740208217,99.00353674207415
S03,2026-08-17,1,90.7,2026-08-16,95.4138944165694,100.11003433479343,100.26894012412836,98.4466971549162,99.45378382027026,98.8476123541071,98.06809085295039,99.52577437673297,99.06277074132647,99.3037713936397,99.97722281728473,99.4762886932918,100.31509484563556,99.17453409944262,100.87797297750201,102.75218166623797,102.92898859296527,103.96967281614032,102.79268945966449,94.28272189412799
S04,2026-08-17,1,85.5,2026-08-16,93.80389272938206,90.84065082203168,89.96170331269352,92.81072988100853,92.12944579425123,93.76328288212686,91.86078563846021,95.67281080314092,95.51907933780126,91.25908411570958,91.73578299113683,93.44728417226247,93.49437547751836,90.27136815616063,89.8019865853446,92.55020977088384,91.55940807887487,88.57291401454381,86.97556770869664,87.81740034648351
S05,2026-08-17,1,72.3,2026-08-16,72.1667196472456,77.79907136899081,79.59399489379169,78.62688368353939,79.53955767002583,79.31664172905127,78.59425570488901,77.62310044424875,77.89952199118478,75.15918557303293,76.33703629629953,79.01268403189523,78.82402627127512,78.3320008959089,76.98004738943918,81.54427258627756,79.90450303213937,80.96235577719553,79.83399216788156,74.37248627798898
S06,2026-08-17,1,65.3,2026-08-16,66.9012596888609,71.01029803597814,71.05828775940462,71.0805429706352,70.81102320090467,70.23154209142183,69.89422522990328,67.38361214229039,67.54292152949742,68.62775467463902,68.95398090907506,68.08240364619664,69.16119717189244,73.05348347255162,70.90485237666539,70.22317074366978,71.96165798732213,73.99720333644322,73.12339733668736,61.62611244746616
S07,2026-08-17,1,73.4,2026-08-16,57.533501731692,55.79480517757231,53.01107728070406,58.89665975333193,55.03238953096929,59.62241201910496,56.17555082933459,59.98224844251361,60.87820162091937,54.50716413770404,56.22628320966449,57.65864767347064,58.182431357247495,53.69799150739398,56.63620580945697,52.99849142347064,52.58850969587054,46.96822084699359,47.38166155133929,47.955922263009214
S08,2026-08-17,1,109.4,2026-08-16,95.04041880041635,98.70716475786907,97.43850336681709,100.05994055577403,99.55997636635031,98.7388429128187,97.46491487892062,100.31376130240304,99.60791260855538,96.92765290396554,96.65000207083565,98.72270257132394,97.52767235892159,96.29904038565499,93.5231099809919,95.93086297171456,96.08646256583077,94.07923752920968,92.70248849051339,93.70138222830636
S09,2026-08-17,1,80.2,2026-08-16,96.8518136856399,97.22181004184208,98.16399257289446,98.44919010324845,98.49795873739781,97.86665297998823,96.59104860854002,99.10716364724294,98.95323632104055,97.5099454317774,98.29510507924215,98.59023151738302,98.60160801751272,96.77028274727718,96.66298921551288,100.50345251900808,98.36340365750448,99.09722588402883,94.69429049832479,90.53668234688894
S10,2026-08-17,1,107.2,2026-08-16,96.96718037651506,97.18759399781618,95.13123334633359,98.7891031275827,95.77493265029864,101.0943384274705,99.19461214553007,98.5191922051566,98.41240929194859,92.77177094050816,93.01968716212681,94.96748398372105,95.33084057399205,92.01738976069859,90.55090473720006,91.2377333504813,91.45428513118199,88.83539150782994,87.56738232203892,92.87553642817906
S11,2026-08-17,1,60.9,2026-08-16,62.930963605965765,58.983952844637074,56.2571057209431,59.90921697561069,56.62773458985246,61.39714205835093,59.6500374001388,61.972891452222115,62.42313397160078,60.697938563733345,61.532342555432564,61.30273163548017,61.76245224705244,62.00418293705488,63.14321005573774,62.69350826969648,62.65290129414106,62.35533583393598,64.36346733799482,54.75712454548383
S12,2026-08-17,1,108.9,2026-08-16,107.97258868700796,106.15765282732966,105.36904167321997,108.84562864547276,108.81664169666418,108.23130382488614,106.92224946700811,111.04068637575423,111.13516832079208,113.44095063890731,113.5336420604161,111.96345878328597,112.84979463304794,115.24052453722274,116.43340039934432,117.03653550829208,113.17605901445663,118.77720285143172,116.31074262346542,106.535894043105
S13,2026-08-17,1,97.2,2026-08-16,101.97278995761346,104.41349611768464,103.62304265211814,106.27876299559736,104.8480524157034,106.43040542356873,105.31158465264059,106.89704627945541,106.67817689135192,101.19922031118988,102.48905218794464,104.71381188585876,104.46408511355041,99.79233993246673,98.56315101339935,103.72607864096283,101.99151672079681,100.05468667700409,94.82734502508758,97.27204908087371
S14,2026-08-17,1,69.1,2026-08-16,67.23700861964679,77.1140278754982,80.36711079119547,76.18348018515876,76.99757022471755,73.09996109559476,72.24850533135319,68.25733271284632,68.55826273603968,73.41556826277308,73.1744803492599,70.67502489729456,70.80325213118128,76.8075255457931,74.95349684401087,77.18668356581263,76.95952215834193,82.41951170607142,80.74289122267298,61.814345986085456
S15,2026-08-17,1,67.3,2026-08-16,76.05634325556684,76.23763504149856,73.1705048566949,77.57550799101348,78.18029809521889,77.38789684063842,78.58394839580947,75.48272299085345,75.877626650674,71.56007867370333,73.6317372253963,75.22322439466204,75.75925230298724,75.05546020780291,72.91112541471209,73.9245347908565,75.48624204908099,76.48894190107073,74.55727791104998,69.95374625240053
S01,2026-08-18,2,65.4,2026-08-16,80.78751725718877,78.07927367168728,76.34359794492576,78.73726119943868,77.31360205703479,80.95224809375325,79.29825250899287,82.04231360980442,81.94750717708042,79.61864236422947,79.43619305321148,80.15269449778965,79.60297808476857,76.8708529812949,76.49073771068028,77.77336529323033,77.3997779233115,72.78776863643101,72.73088244029454,75.26845935412815
S02,2026-08-18,2,116.6,2026-08-16,107.09066369064759,106.99504592921731,105.61861128064392,109.22004995992414,107.63037965164256,110.06621436909842,108.32017101857258,109.45133219276156,108.85308579717363,107.1966548374721,106.76925162587847,107.07299665723528,106.96919302259172,104.02719597135271,102.5585122517177,104.36114267621721,103.87722448621477,100.17310575757708,98.2418561390468,102.36529115949358
S03,2026-08-18,2,97.6,2026-08-16,94.11750705052036,95.95357623621504,92.39794827036496,96.27473556267485,94.04520529492932,99.24017205746652,96.12964700029616,98.54466231380191,97.77329913739648,99.30322696481433,98.76576526675906,97.97764305983272,97.88038632486548,97.48812289748874,97.79993905526187,97.20989801202502,98.58462490354266,95.49087943349566,98.81225778375354,94.59927691732135
S04,2026-08-18,2,72.1,2026-08-16,92.507505363333,90.96764432003214,89.57241793043185,92.51398304510934,90.87871392999696,94.6149996958746,92.68372372362377,95.269488464083,95.01806123086385,91.83633006640844,91.31277955600194,93.32377959319524,92.86077440806798,89.53501928874425,88.77446306773595,89.10069931575231,89.93836630412511,85.87468708583287,85.71457661220006,90.88304961749486
S05,2026-08-18,2,67.8,2026-08-16,70.87033228119655,74.91005165308832,74.10540071711472,77.40690888289573,77.26352985782997,79.30909477077789,78.5964945333362,74.55432908194406,75.27378861563547,71.24538247244699,73.09840218680246,73.77880875723703,75.07367722647531,70.51212327139719,72.48176018851144,72.22428338187082,75.05714242117746,68.64203087942941,72.20847527640207,69.74966447012766
S06,2026-08-18,2,83.0,2026-08-16,65.60487232281184,60.97538676675193,57.62580804469958,59.123625775872846,57.28358725601022,60.59666419875882,56.85433700569083,62.27777956553867,61.984231935228614,61.4980568749564,61.18636368342808,61.72695969172886,62.1955928666251,61.061035142626075,59.42386959620884,64.09986637660435,62.6245479447501,62.221066938127784,61.51835344859531,54.77052258082798
S07,2026-08-18,2,72.0,2026-08-16,56.23711436564295,58.47893315387555,58.815904770928384,60.57173337027497,58.02030047789892,59.62111953599769,57.073212048136234,57.935910361153745,58.57007517133441,51.74292673383441,52.370525496346616,58.695537703377866,58.215467589242124,53.41287817273822,52.748755591256284,54.25915731702533,50.913765089852475,50.77565111432757,44.224362509591245,44.18569483075824
S08,2026-08-18,2,102.9,2026-08-16,93.74403143436729,96.47472013342234,94.97047856817252,99.71303525140308,99.08320279389949,98.76159872987417,97.46491487892062,98.14501244681222,97.82214600699288,94.40602357046944,94.36345536368233,94.4680906023298,93.95767075674874,90.77767426627022,89.86807114737374,91.34089715140206,91.72307450430733,87.56092507498605,87.31048257010323,91.0749841417585
S09,2026-08-18,2,80.3,2026-08-16,95.55542631959085,94.12050757421892,91.50723010379893,96.01582405567648,94.11894254088476,97.90617708411826,94.82391856023045,98.55049584252492,98.29926190716878,97.93384538037435,97.71914491994039,97.00081426841871,96.47188324672834,95.17851553303854,94.2117042337145,96.42161696595804,94.12537858826772,93.06433389527456,91.73813174111501,93.88145301682607
S10,2026-08-18,2,75.5,2026-08-16,95.670793010466,98.28126144289942,98.33417671527921,101.2853749721892,99.22871289281373,101.38440641360236,100.49685239211415,100.77408217021397,100.17931364604405,96.26665257045201,95.11694286891392,98.30813072749547,98.31523941584996,94.46263741084508,93.5127806527274,95.45980118342808,96.01159809657506,93.49682186671666,93.27885578700474,92.19492195674351
S11,2026-08-18,2,45.2,2026-08-16,61.63457623991671,62.93121929022217,63.300997705878025,62.02418613446985,60.39737472604235,61.58272693676361,60.23398180483771,60.818100573926216,61.16525995960737,58.463021876721626,58.16233980885053,60.74659502735639,61.43883717289472,58.54062044849897,59.190922381787544,62.58086598148847,61.13562643757368,64.02875483265424,61.61661017170454,51.161965014844185
S12,2026-08-18,2,183.1,2026-08-16,106.67620132095891,109.60619481485338,110.52097156388558,109.25590660595809,108.62199455696535,109.49695020167533,107.85229511236142,110.44718337740218,110.21193981851852,114.0390598842076,112.7697613307408,112.89467979158675,112.61869931902206,114.84415078844344,115.44565988268172,115.4080407687596,113.42860007967269,116.1523115703038,116.14954686846053,110.27805472101485
S13,2026-08-18,2,107.2,2026-08-16,100.67640259156441,106.1443578476102,106.12375638493323,106.95178013980966,105.6267245451657,107.72927921753985,105.44915241125422,106.17408749117969,105.62095380976318,102.18250812246917,101.8992282266867,104.41041005804657,103.79933155729888,100.74325383856414,98.45478023245452,100.29084314062713,101.05460418417572,97.6875697489035,95.17517484381317,99.62779153540252
S14,2026-08-18,2,51.9,2026-08-16,65.94062125359773,64.01819912737524,61.38392707194164,64.6360496285234,62.6696506414615,64.35583085046845,61.34600237486164,65.92065087004237,65.77337065382532,70.65951910658411,69.6477469508224,65.09321823759608,65.60661354704432,71.73575201674036,69.64921847029261,66.71530571623377,67.5222586695724,70.89466276808314,71.99519148512415,60.058568865495246
S15,2026-08-18,2,71.0,2026-08-16,74.7599558895178,69.36975861373256,67.98390970706325,71.14863435459714,69.3469346412072,72.85394993764572,71.41677173141574,71.60996883426394,71.90024911676134,67.04440497670855,68.107602589471,70.18470954213824,69.99229627166476,67.22582101140704,64.02944587979998,67.56591796193804,64.87407135282244,65.15546201978411,60.72832750592913,65.31262659345354
S01,2026-08-19,3,76.7,2026-08-16,87.24348690243296,87.24841877058172,85.53681930810534,87.09744860049564,85.2928237835096,87.1853145766786,85.38455397903911,87.92849663325718,88.03654793330601,86.32502153941563,86.39529017039708,87.77715233394078,87.30767944880894,85.7904188973563,84.91942051478794,87.38793781825474,85.47724941798619,83.79783657618931,83.35747603007725,83.35658958980015
S02,2026-08-19,3,119.0,2026-08-16,113.5466333358918,113.1723795413577,113.1833434005339,115.36909784505224,115.87703785783606,116.47145264876124,119.10012693133844,114.20083574567522,113.8726687840053,112.1519246510097,112.08879951749529,112.89897350583757,113.12334565435137,109.12700347219194,108.81010989461626,111.23342112813677,111.81554202352251,107.82318405423845,105.37740949903215,108.34337429319109
S03,2026-08-19,3,117.5,2026-08-16,100.57347669576455,105.16265639163129,104.18973073951815,105.40975052305869,106.09908864637295,105.83674120919974,106.09849729223494,103.64988102231708,103.08246673856463,104.93602766309466,104.66013111386981,104.45205654416766,104.65919508252826,104.60496439252582,105.68134846006122,106.43308653150287,108.26680959974017,105.59697307859149,108.38460459027972,101.85282005582538
S04,2026-08-19,3,104.5,2026-08-16,98.9634750085772,98.39716765750222,97.79460215750775,99.33018003686313,98.61573480216803,100.29790014442014,99.76091940658145,100.55848110743932,100.51105726787023,97.87811435290746,97.67583454677037,99.76095999308995,99.75895012446813,96.68440259524755,96.30966294833593,97.89303172656469,98.1261984212058,95.55281544753484,94.81935525962285,98.17772568293981
S05,2026-08-19,3,95.9,2026-08-16,77.32630192644075,75.82599097971249,73.26652610320296,77.64618219349012,76.70635870747078,79.33524977727683,78.65740472993974,77.66350190298898,78.60613934653146,74.17662446158273,75.83083169119699,77.3098708833967,78.9199258531843,73.88576714651926,75.52783982413156,73.93624512808664,77.348916217259,72.56914536612375,75.71540848868234,74.88862244742258
S06,2026-08-19,3,74.8,2026-08-16,72.06084196805605,73.97813134031473,73.99926123672152,72.37806595152776,72.56985430324052,72.29231789768154,71.85996296336556,70.16076134272984,70.24071549006871,71.61086224147252,71.1691994530814,70.42969845363072,71.01493595668248,71.63401554652623,69.22706841060094,73.083604322161,73.20029972621373,73.3056444985526,73.16368053981236,67.51395748683385
S07,2026-08-19,3,58.0,2026-08-16,62.69308401088715,57.14838250053802,57.63009826649987,60.10693919187087,57.43918821613067,59.87466020875188,56.877470021134336,60.74121727262225,61.55792345319476,56.17107977185931,56.9707385471889,59.70785822187152,59.49444212232318,56.27451051984515,55.82885278974261,53.93103422437396,53.43772615705218,52.68462766919818,48.16710771833148,52.137047903878354
S08,2026-08-19,3,127.3,2026-08-16,100.2000010796115,98.42691528904554,97.32171012123091,99.76954823648735,98.79631703678669,98.70652670626637,97.46491487892062,100.64314133780343,100.61138589041573,96.17919785635812,95.9827047075544,97.17319352286202,97.56200081961495,92.22217614310128,92.50126893179757,94.53182084219796,93.9563375200544,91.12082154410226,89.54860932486397,93.14446313040597
S09,2026-08-19,3,83.0,2026-08-16,102.01139596483505,103.24379407005831,102.82399820228972,104.34146618861125,104.04158784820366,104.83268553726137,104.8434041217371,103.99283478600637,103.94521544320241,104.12897417885915,104.23516295296804,104.28650353295461,103.94849608285085,103.34327767235891,102.30333779198781,105.4137899671282,102.94509528023855,103.33010123116628,100.10432670457021,100.52313659531728
S10,2026-08-19,3,104.6,2026-08-16,102.12676265571021,101.3756124477089,100.2449647726173,102.85219467520696,101.16477245360386,102.75190114121195,101.56491026359582,102.09810923167637,101.88691757747105,98.10490177699498,97.15740727015904,98.92377136775426,99.4656729561942,95.26951931544713,94.98542259761265,97.27737377711705,96.8310589654105,94.4805598122733,92.71243618556431,96.68041275569371
S11,2026-08-19,3,53.0,2026-08-16,68.09054588516092,59.655331900723255,59.3130648797868,61.05657681565802,59.19336133585018,61.64430489301351,60.29030006419607,63.212157370953804,63.583075644879585,62.411577823071724,62.24164831867719,62.25201189747358,62.82654345264936,61.64391577473188,62.67561400166059,61.84565270176435,62.89611017933393,62.56481707325483,62.45222771397138,58.45456183186079
S12,2026-08-19,3,107.5,2026-08-16,113.1321709662031,115.16224311164989,116.07749910726756,116.3732567941068,120.52984662390801,116.22070930814327,117.92002939060549,115.65008378710067,115.85532212938583,118.95285535539901,118.44252038683211,118.33903241838729,118.69480920519149,120.38512540544784,122.17435384477889,119.9257319041661,120.59247136797225,120.56113362993514,122.68979955400741,115.96205783571517
S13,2026-08-19,3,98.1,2026-08-16,107.13237223680862,111.75558314837544,111.92335788777196,113.01505031597277,113.14504062676887,114.46717384707738,115.01708196490243,111.20705045416473,111.09893668844818,107.48864473059295,107.85788418009399,110.59101260855316,110.63493789389251,106.0374280627024,105.1309416408789,107.29901398375152,109.34222067549346,105.8127505297911,103.690466296221,105.54670495941757
S14,2026-08-19,3,51.5,2026-08-16,72.39659089884194,77.43388439445596,81.81912481773273,77.60551384731201,78.39350532148129,75.09682318090695,74.61957032459867,73.03991690321497,73.44372263594202,79.4579047267013,78.76308813734583,74.80203619642786,75.61694899244837,80.01325979872279,79.80771055861048,77.4720706049972,80.68910399122767,79.8657702509933,85.01932135267786,70.16439142866663
S15,2026-08-19,3,61.3,2026-08-16,81.215925534762,76.29797665366578,74.21782112253898,76.20027484071719,75.01019970242363,78.71291328858499,78.25188648206581,78.25987123761858,78.57542108808245,74.89372133527483,76.03393959317889,77.93545126233782,77.73175787244524,76.28702282224383,72.81815122876849,76.13389229093279,73.04333638463702,75.45574735913958,72.02973901544298,76.99257063184466
S01,2026-08-20,4,191.7,2026-08-16,92.26490782643155,90.40670341929729,88.07821646054808,88.59718951845113,87.34591231520153,87.8429697972013,86.66882092830168,88.28948143550328,88.73769501277378,87.89210156032017,89.8881733758109,88.80347851344517,89.04892376491001,89.02380684443882,89.37615898677281,89.89647892543248,88.77481869288853,87.3141529900687,88.56574657985142,86.85183933803013
S02,2026-08-20,4,116.1,2026-08-16,118.56805425989037,114.26743906027129,114.48943227942046,116.25308787329506,116.93720190516359,117.30772590857913,120.1925854003309,115.15912012372698,115.09197572980608,114.1440847328731,114.7618117741176,115.07839683805193,114.19489006314959,112.49445704732622,110.71634988103594,113.54419044767107,112.3958199432918,111.09812788282122,106.74328593526567,112.21526936803545
S03,2026-08-20,4,98.2,2026-08-16,105.59489761976315,106.63375690405664,105.6217231855972,107.15823261483195,107.56269212371458,106.62505351556501,107.14579745705186,104.83204330716815,104.52523865018573,106.5970984867641,107.53864111219134,105.66970648084369,106.183942931039,106.54360784803119,108.12046255384173,107.2131930759975,109.03188528333392,106.2668172291347,109.41091074262347,105.5912219456264
S04,2026-08-20,4,98.2,2026-08-16,103.98489593257578,101.4461463284574,102.96947906487341,101.73350714859507,101.48732592671168,101.22968907212902,100.8957101791974,100.84428013392858,101.05419148036412,98.7822374207633,99.80895794459752,100.35165012904577,100.99154366084508,99.30456007548742,99.38101423808507,100.3424180848258,99.98568810054235,98.8164352280753,97.95095313617162,101.99733389445714
S05,2026-08-20,4,64.2,2026-08-16,82.34772285043934,84.10526663512013,83.86254690732827,83.60230424074344,86.05184362122975,82.55352916314851,82.36813602550669,81.98763672964914,83.16413418906076,82.73414723532541,83.7706166948591,84.33685223715646,84.55258481161935,84.75438611166818,86.35787503378732,86.96501938956125,86.11323468344553,87.41482178824289,90.47339360373361,80.93104092734201
S06,2026-08-20,4,83.3,2026-08-16,77.08226289205464,71.86149504607764,71.87564077712659,72.21485398950249,72.1391481377432,72.30119734068157,71.87857617998972,70.73487042018346,70.95327328273228,73.50329159327916,73.94043873378209,71.71446846553258,72.14907406398228,72.66402863093785,70.53600834437779,73.28233097621373,72.61980484553746,73.32727764674596,71.26545761653355,67.98351906367711
S07,2026-08-20,4,98.2,2026-08-16,67.71450493488574,67.1251200683122,65.62551673205328,65.10346302862975,62.157937252788514,63.01846157489023,64.90056060865354,64.21434773717608,65.37449218545642,60.28915418897357,62.23412670407977,66.93006473992553,66.82834170971599,64.47016062055316,64.61365641866412,57.13314737592425,64.56604446683612,55.607772009713315,59.501899855477475,56.721812384469175
S08,2026-08-20,4,111.8,2026-08-16,105.22142200361009,100.51179088769348,98.47597426487103,100.75334587996909,99.71401497851325,99.78565513977557,98.39468919192423,104.29289204733712,104.52353722708565,101.87845284598214,102.68789727347237,100.53001267569405,100.39686066763741,98.26945168631417,98.38221223013741,100.06694657461983,98.89526803152901,98.79346139090401,95.52039200919015,100.21509225027901
S09,2026-08-20,4,88.1,2026-08-16,107.03281688883362,105.92608880650802,105.34471262988988,106.16293968589596,105.6417886914019,105.60414869625535,106.0065608550899,104.35382054192678,104.56394884926931,104.96887133462087,106.28962824685232,104.8771927152361,104.68950388772146,104.77228567940847,104.22837326867239,106.4256546292986,104.31948683602468,104.15121195656911,102.08177540642873,103.65962670189992
S10,2026-08-20,4,98.5,2026-08-16,107.14818357970879,106.47559015852067,107.85609385839987,105.15227608142025,108.10020996717073,104.60767029586293,107.54548204050391,105.20389865466527,105.25331591197423,102.10656307765416,102.04498814174107,106.58503292628697,106.30200599261693,105.68693481513432,103.81459830829075,106.70253388711384,107.06979651876858,105.02953384944371,103.50876878329686,104.84282063075474
S11,2026-08-20,4,78.0,2026-08-16,73.1119668091595,70.61470427866789,76.58402159976191,68.2426393685513,69.16140268277772,65.0765388769085,67.88991134405262,67.35967004528547,67.88169759741331,69.35668212404752,67.46003699532056,71.64012444248701,70.62222755184675,68.37024571230913,69.48012078037763,69.86220872631574,70.03843069305921,68.37201872697378,66.75593400230909,62.17845642796064
S12,2026-08-20,4,95.5,2026-08-16,118.1535918902017,117.44465577513476,119.89149305285405,118.3549727078526,122.90735135821195,117.03102392767454,118.81022644126729,116.7241652079991,117.2028725215367,121.76632333483016,122.95495153154647,119.81633210863387,121.16405225481307,124.16111303056991,127.63377690996444,123.99919343675887,123.205766923087,125.20597387041366,127.50652623857772,120.86627126421249
S13,2026-08-20,4,99.7,2026-08-16,112.1537931608072,113.8886991667455,115.05137238398424,114.25342746500966,115.20699440381247,115.27264996218284,115.91857099977155,112.46439756109832,112.61730779364227,110.00290168478607,110.89743722632049,112.88495458319305,112.22648538305877,111.15534747793792,109.17061294272064,111.3428923006308,111.18610871985076,111.00219262793182,107.75439537718414,110.36187423422454
S14,2026-08-20,4,78.2,2026-08-16,77.41801182284051,76.0046995884829,79.47197141619782,77.55135724499866,78.2493998837837,75.23977924770912,74.52307834554537,74.17261114759974,74.67387858076624,83.94775953932337,82.24795904799036,77.1097430293136,76.72507277174525,84.21503248854212,84.18952170057825,82.72266569777064,81.83878508253626,87.0581530634933,90.34263601942591,74.17483797712855
S15,2026-08-20,4,109.4,2026-08-16,86.23734645876057,76.07665131184461,74.1483202729371,75.71892714602996,75.03945835509705,79.03027808638859,78.6204835873665,78.71818088803973,79.46393465314593,75.52912258420672,77.44910263334002,78.6119024685451,78.41754555021014,76.20430301938738,73.30625366483416,73.73348426137652,73.84294318471636,69.70549237046923,69.65490149770464,76.8367068699428
S01,2026-08-21,5,92.7,2026-08-16,97.37303056554993,96.98150446970394,96.26117783069111,94.44483587369075,94.60643016748332,93.14804308348172,92.06159527697749,93.85784748622349,93.58334282466343,93.56056908198765,93.42753532954625,95.00167683192662,94.40842655726841,95.67994907924107,94.290511403765,100.13237598964146,95.346588407244,101.30898693629673,96.96786717006138,89.65031269618443
S02,2026-08-21,5,107.6,2026-08-16,123.67617699900873,117.61675809882591,120.18957958105372,119.41278165994969,121.44784693839455,118.93651411508912,122.82959886050315,119.88864473615374,119.09149317060198,119.45279650006975,119.09837393079485,119.8621182850429,119.84931616101946,118.20355753217424,117.23000911985125,119.53002409253801,118.69903425489153,116.69592146192278,115.09383682523455,118.15011410032
S03,2026-08-21,5,114.5,2026-08-16,110.7030203588815,108.1877350471633,108.49935372282722,109.33831297865419,108.64425081972502,108.14960771474149,108.98559090436613,109.42188562665667,108.3814641407558,112.14088644300189,111.44340338025775,110.64946378980365,111.33810533796039,112.14355863843646,113.8825923374721,110.29380430494037,112.82530702863421,110.31188120160785,114.40480531964984,110.90841974530902
S04,2026-08-21,5,109.0,2026-08-16,109.09301867169415,104.85625182883683,107.1216930443455,105.12101271325952,105.6109784167052,104.39340653098012,104.8018465097351,106.60991848536901,106.08944309779577,105.36184300013952,104.86425674983434,106.78864182063512,106.63466824122838,105.64970959254674,105.14271725245885,105.26466740199498,105.48567474910192,105.16203774043493,104.91941536494664,106.29619206019811
S05,2026-08-21,5,72.3,2026-08-16,87.4558455895577,86.81159262840231,85.59365483898877,82.81286312006105,83.20446011407586,81.01350788937873,81.11333945748433,83.34469525473459,84.26513592856271,81.82772366659982,83.89933030264719,85.21484105246408,85.17234532492502,83.97070519583566,84.50043599264963,82.73223797934396,83.25275532858713,84.90064351218088,85.85125414984567,83.22762410300119
S06,2026-08-21,5,79.6,2026-08-16,82.190385631173,75.23746126484382,77.53476900908355,76.30880417808265,75.3123576899472,76.77804583153241,76.82009246949904,77.41630505153111,77.56605290004185,80.14831684657506,79.99268864222935,77.85489796229771,78.99566410609654,79.31470440455846,78.63220928737096,77.36062191554478,79.23759602137974,79.3341746194022,78.83404873439244,77.05777119227818
S07,2026-08-21,5,70.2,2026-08-16,72.8226276740041,62.784548582616964,65.17507956121193,62.42508089750077,61.78571903049618,60.91699498328748,60.41738383920947,65.39548565660205,65.82997007880893,62.25738205228534,62.6170050076076,63.40799488340106,63.77092565808978,60.83000816617694,61.78275503431048,63.09131230626788,61.31989635740008,64.34490718160357,58.33525480542865,60.01531900678363
S08,2026-08-21,5,110.5,2026-08-16,110.32954474272844,99.9889135663186,98.7932685904785,100.64634368822597,100.14923789806969,99.123796563582,97.89484696926671,106.48364312308175,106.13683659689767,104.50897557394845,104.48399407523019,107.11971909659249,106.27922970908028,104.97859818594796,104.35701043265206,104.16465813773019,104.78708798544747,102.2183404650007,103.34109551565987,104.91093403952462
S09,2026-08-21,5,222.6,2026-08-16,112.140939627952,106.14612037289905,105.24333660172924,108.12704676100738,105.16490551962009,108.11910358049211,107.89840428105921,109.96007273537771,109.4434301648821,111.40439341408864,111.21765158517019,110.73854468209402,110.40530035836355,111.01498434884206,110.15556738717214,109.1002380643572,107.88070223672048,108.19498560769216,106.17230532509939,108.54715941292898
S10,2026-08-21,5,208.3,2026-08-16,112.25630631882716,107.6638051279304,109.36674986776265,107.13920183351459,108.92581958273033,104.35598500402614,105.6878225699155,107.62468548246792,106.95675586291722,105.08971785136632,103.83728765078953,106.22835312911442,106.89803518482617,104.57616447040013,104.27878640719823,107.03101222344807,107.35032844671181,105.78077434131077,104.78268288203648,108.30758677550725
S11,2026-08-21,5,89.7,2026-08-16,78.22008954827785,63.927292860775374,66.55071986014423,63.550080859636395,62.36528301873957,62.88799007952981,63.40223674476727,67.24234831562543,67.52345848312879,67.65865671864057,67.39435410728956,64.55205738773847,65.47619498005415,64.25850928059126,66.09298789730573,64.98963606586958,65.28185355892683,65.41236055126691,63.42851460209394,65.89986765614057
S12,2026-08-21,5,127.0,2026-08-16,123.26171462932005,119.22351576609934,123.0306608897098,120.32681308052004,124.80716176175893,118.59433298917281,121.78162265327025,120.85138059343612,120.75452256883895,125.88474775041854,125.43438077654159,125.01193738664901,125.41802144731795,129.1909267970494,131.29208684648788,128.46782994951522,128.759402520316,130.19683957781112,133.5634338923863,125.29096723284042
S13,2026-08-21,5,123.9,2026-08-16,117.26191589992555,115.57106314924259,118.02963123019795,117.33396424605363,119.49910763369097,117.21606922852746,119.30547152465662,116.56460107519744,115.99161542608856,114.45925916388153,114.36060060217498,117.20332635595916,117.14267648413299,114.57696164801239,113.76275886252044,115.80775941565155,116.53684247686981,114.6034804697287,113.3068815584433,115.01465238287567
S14,2026-08-21,5,76.5,2026-08-16,82.52613456195888,75.03551990183013,76.12283118393114,78.06077287725161,78.73091493226418,78.94080074425379,80.42073560507872,80.15906706495814,80.76253500624232,87.56007376356654,87.38829031630091,81.48116484327845,82.55317106886439,87.24108877821497,87.76292410536341,80.85882559462122,83.26276770277552,83.26432791395716,85.55902662916712,78.63613691969447
S15,2026-08-21,5,86.3,2026-08-16,91.34546919787894,89.23345191381401,93.1001978994025,85.62127515950554,86.91417292529293,85.68555288923255,86.94138633941148,85.75221418653216,85.97457861219134,83.57254862104143,84.65748571668352,86.1557347706386,85.78096460614886,85.25845121656145,82.16290640149798,83.58382295880999,82.11204885755267,84.73283361707415,82.91744875226702,85.37307714734759
S01,2026-08-22,6,81.1,2026-08-16,97.19497562543103,100.17464426618619,100.36139764355622,99.18840182090423,98.4515413529935,97.87503615141263,99.30681600387449,96.64126232692173,96.75671986171177,97.63921574183873,97.74996403285435,98.36077335902623,98.69493511744908,97.98314503261021,98.52429035731724,95.02820328303746,98.72232464381626,94.22492722102574,95.89496830531529,89.96385792323521
S02,2026-08-22,6,126.3,2026-08-16,123.49812205888985,128.26979599760995,129.42590954838013,131.84923152481537,136.80527068095225,123.8902933655898,128.09772305509603,123.07543138776506,123.50151399884905,125.77296308789934,127.61646990094866,125.95188288007463,124.59653143201555,125.76543478284563,126.39028696332659,125.33540968213762,128.0805716923305,122.4759812763759,128.28916887555803,119.81686739240374
S03,2026-08-22,6,110.2,2026-08-16,110.5249654187626,116.8843369887297,117.94791461321566,115.06904963535321,117.48301009150431,113.92855590416849,115.81614377658039,112.65673746381488,112.01368536267962,116.50801767621722,116.09574236188617,115.10536112104144,115.06237711225238,118.59116472516742,119.88522066388812,115.66327013288226,118.24331392560687,116.84225763593402,119.54362406049457,110.63758577619281
S04,2026-08-22,6,108.3,2026-08-16,108.91496373157526,108.68043665190177,109.1611366514156,109.5108281683658,109.65539712932289,109.78362429418404,110.48364136365147,109.51505077907018,109.50784100123815,109.51366032191686,109.30101193019323,110.64644993373327,110.40135372706823,108.16768444606237,107.19446648189,106.79838169642858,107.87943638392858,105.16989887782506,104.40758026668004,106.6081570489066
S05,2026-08-22,6,110.5,2026-08-16,87.2777906494388,80.70843337966534,81.86754258483651,80.35387490401938,81.14982832708907,79.96451190020674,80.13018010507128,83.74687211172922,84.54841725485666,83.80981366293771,85.19207017081125,83.77829472678049,85.11929242270334,82.11917512076242,85.27802817480905,81.80485551016672,84.17587773459299,79.2285777773176,83.57334630148752,81.18807618277414
S06,2026-08-22,6,76.9,2026-08-16,82.0123306910541,76.5869659346967,83.43554136109992,80.38104752548259,82.023096601048,77.4061149253925,78.00879547488469,77.12821339198521,77.34406422206334,81.42253063746861,80.94818447657994,84.2686400277274,85.77930401393346,87.81491230555943,87.32956837245396,88.5290160042899,91.48586414882115,92.02078007289342,92.59644459315709,73.58545254298619
S07,2026-08-22,6,92.3,2026-08-16,72.6445727338852,59.24343163053186,56.918664104493715,60.81430829647343,58.54716145153833,60.26672746522538,58.9703793590328,66.30727930579867,67.12283997450557,64.48764504705157,65.28481675897326,64.16956962857928,64.3232821396419,60.42963756833758,62.27668775830951,58.03593267713275,57.50190843854632,55.42005934034076,50.718184607369565,54.505432265145444
S08,2026-08-22,6,97.7,2026-08-16,110.15148980260955,100.52406613939424,99.21284503382844,100.26410197123525,100.07353413999148,98.92701274220575,97.74825430299664,106.88995892660958,107.42767865317208,107.73903233664376,109.02032715933663,105.60499150412423,106.49095399039132,102.73559434073312,107.06260068075997,100.61879784720284,104.23925358908517,97.48082215445382,105.87563283102853,103.23045594351632
S09,2026-08-22,6,108.6,2026-08-16,111.9628846878331,116.89991826473533,122.69440894495949,116.73716089255485,118.33131711275246,114.87290647502819,115.90160441905704,113.22239706856863,113.21793578011648,116.2635099683489,116.36096403939382,115.86965964181081,115.38448355538503,119.70649931771413,117.9695360456194,117.15720007760183,119.46826575142995,118.61319563729421,118.25725386483327,109.63464377267019
S10,2026-08-22,6,92.9,2026-08-16,112.07825137870826,110.44316480511786,111.14620443721869,108.69126594068759,107.95032305511153,105.84542638643019,106.96648882628851,109.18852327891759,109.08524654933385,107.78583227225712,106.98588748403958,105.71874915191106,105.9324629170554,101.72577427455357,102.58814095088414,105.15982101985387,107.27730244525841,99.56208180018834,104.41081641742161,104.23970173427037
S11,2026-08-22,6,74.1,2026-08-16,78.04203460815897,59.069686300401735,57.82011241652441,62.35665485354225,59.28424946677569,62.308719200267475,62.02942962894716,64.5747393392613,64.79306638470197,62.78732407322431,63.258655192761665,60.476059558301216,61.7294503473332,58.25441134205366,60.197723987012154,58.07794153919721,60.936941745190865,54.41202700367475,58.105717303662544,56.80505717030073
S12,2026-08-22,6,131.6,2026-08-16,123.08365968920116,139.15186381551078,155.83803315209306,130.3411259412013,140.18114375824516,122.81576701089027,127.80772742368386,123.48254037584579,123.96498895372665,130.88969350542342,131.83410192217147,130.45214772905624,131.14304853166854,134.6440804072789,138.9572441646031,144.5230915614537,135.2226364680699,147.56617856706893,143.6617176600865,125.30186200823104
S13,2026-08-22,6,119.2,2026-08-16,117.08386095980667,122.18171687036963,126.0162550144297,124.7207001002607,130.33095938195547,122.22185364500439,124.69633407852207,119.56313146307586,120.20795644476532,118.33986200049041,119.75875295355438,119.89908422186492,119.23591150000213,115.65991319372772,115.34924997046112,114.9816895838034,116.82563222601532,110.01584113791107,113.49957956030487,113.62365115835784
S14,2026-08-22,6,61.9,2026-08-16,82.34807962183999,76.25087382796022,75.88789501800322,79.41793432059313,77.56733448765331,77.95115647705401,76.26574677589034,76.40603819532923,76.630866915422,82.07321921034388,82.34280577345423,74.6315173213058,75.6279543940597,80.54794493361048,78.93303480787806,77.95458594008021,79.14010801954798,79.52884665175013,82.48616781874232,71.3805874888473
S15,2026-08-22,6,92.7,2026-08-16,91.16741425776004,86.11484442657225,85.96325180036112,88.64555738479821,87.2699566859796,89.45571595696609,90.45079385597184,86.64811682019915,87.0595080784389,86.09304212842669,87.31696390424456,88.68357538495745,88.7219664982387,88.97765421186175,87.49460481916155,87.52428125653948,85.85819505964007,86.95781015668597,84.87129473005022,83.32890867505755
S01,2026-08-23,7,75.9,2026-08-16,89.91179598128281,83.52068024921363,81.91204426936392,85.96356720162119,83.03454791637542,86.86593713941338,85.49980387892722,88.6614830834525,88.89410618373326,86.64819124766758,86.91430023738316,88.79638126918248,88.4520514351981,83.8791025025504,82.34729269572667,86.59513977595738,83.8122022492545,80.71576682158879,77.34145406314305,80.793534551348
S02,2026-08-23,7,106.4,2026-08-16,116.21494241474163,118.84425929835345,119.26752805154656,120.23061591176784,124.37902555986524,118.4476489168926,121.85812004174196,115.03419546399797,115.47255186353411,113.73948196683611,114.30163339887346,116.05422071729387,115.30848411832537,114.95348600660051,116.68085722242083,118.33698992047991,116.55128340039934,116.290335219247,118.33498625074114,111.1097663453647
S03,2026-08-23,7,109.7,2026-08-16,103.2417857746144,116.79268014773132,115.99004126782609,111.0998972670517,113.84549467842209,108.00523673191726,109.11112704561071,104.55833400998797,103.88118709836688,106.45197500501361,106.0906230381557,107.17036642347064,106.9324723652431,111.09064592633929,112.3682462147304,110.99122442517962,112.28336729322162,114.56420435224261,118.51492990766253,103.13480295453753
S04,2026-08-23,7,84.4,2026-08-16,101.63178408742704,101.57453414646524,99.56074958690469,102.7829242761919,100.31115185280863,102.30645019252057,101.72675699306986,101.31665505000524,101.4277919633048,98.1966399056571,98.22729052134923,101.047644506182,101.42703760692052,97.57604135104589,98.21188868113927,100.49180115291051,100.45402802058629,99.26146877833776,98.61184919902257,99.16492355891637
S05,2026-08-23,7,67.3,2026-08-16,79.9946110052906,74.00543887154137,74.32636315899433,77.43262491340407,77.29152185717567,79.16227592332002,78.34286697076223,77.93161408560617,78.93050400870187,75.29503266470773,77.26917950766428,77.09034363882883,79.12752453940256,72.61456505911691,74.42219559805734,74.48225037711008,76.20933358328683,71.32510773794992,71.89200608389719,73.1501161302839
S06,2026-08-23,7,51.5,2026-08-16,74.72915104690588,73.03117978783469,73.45536134042233,73.1856002796447,72.51926017140748,72.28606243491804,72.19297187535318,70.49251602717808,70.6751112801688,72.14235066005162,72.77460049220494,71.1863236291068,72.22708366939,71.59174679347447,70.75285290309361,71.86759708949498,74.6243529183524,71.76847027369908,74.87821911403111,68.21048973628453
S07,2026-08-23,7,86.2,2026-08-16,65.36139308973699,59.77504774239017,58.36420833064935,61.11229896450181,57.96215739334247,59.67514277759323,56.73008507588179,61.633427756173276,62.41485180173602,57.51942648206439,59.00255073819842,59.63614668164935,59.597332136971616,55.203705923897886,56.70674146924701,55.059068816048764,53.90291036878314,54.82961000714984,52.43742384229388,51.279853957039975
S08,2026-08-23,7,91.2,2026-08-16,102.86831015846133,100.14451208005387,99.09007767637041,100.09830163773096,100.09395489885202,98.78116972873485,97.46491487892062,100.6672921861921,101.29883629935128,97.6962228502546,98.3457475389753,98.11725289481026,97.959383555821,94.88235146658761,96.57193429129464,96.96617371695382,95.33849961417062,93.56773621695382,93.63668496268136,96.15846688406808
S09,2026-08-23,7,211.2,2026-08-16,104.67970504368488,109.18802325186991,110.42467987291819,109.35994264367956,110.25322491072959,106.78935872291962,107.50621823225963,104.82619498116628,104.93754980904714,104.99567530495779,105.19890807015554,106.07275412423269,105.68953917367116,105.9168827329363,105.74491522652761,109.47384379250661,107.275467136928,112.12581179482595,111.14851019723073,101.64129088265554
S10,2026-08-23,7,100.2,2026-08-16,104.79507173456004,98.0147103818567,95.06514355555288,102.48201978520775,97.64271471194724,102.94545263208859,101.08542776029842,102.53865860530308,102.63168476649693,98.64755009242467,98.34945534297398,100.22029779979161,100.07866190501622,97.91149757930211,98.21511887141637,97.47496841975621,98.92395638057164,92.39604805537633,95.94431351252965,97.44477127620152
S11,2026-08-23,7,67.4,2026-08-16,70.75885496401075,61.50534305069921,60.496298686674464,61.353154158205314,59.90359345582767,61.53288984190123,60.162588047221234,64.10436737766767,64.440004470258,63.943621280102974,64.65921485653425,61.35904371967817,63.305652739911324,61.17274487247968,64.69585669270063,63.95010006657148,65.13591611614729,68.94757807484174,68.63476135811115,57.00794565907026
S12,2026-08-23,7,116.7,2026-08-16,115.80048004505295,123.58961527521434,132.15322873088726,120.3925104227678,123.88112827968834,117.88207851447572,119.95783584451631,115.75154853548324,116.20391679491317,119.71956945146835,119.5643751689366,122.34431482042586,120.80826688494002,131.14112401689803,127.80793500627792,128.74019361223495,124.925080544608,137.08294988359725,136.56578946794784,119.29795385088241
S13,2026-08-23,7,120.0,2026-08-16,109.80068131565845,110.87977933844104,108.53661550867453,115.15288445237802,114.5059567871986,116.08359571148901,117.04409744266053,111.94003785803436,112.59964669897674,108.85874451353668,109.74243844702362,113.38159574225067,112.87016500189422,109.99150742247222,110.0256177301657,112.47783769323944,111.2520638818991,106.72708461835502,108.3443673963797,106.66434441163658
S14,2026-08-23,7,80.6,2026-08-16,75.06489997769177,75.66928329953953,79.07028904474004,76.95760876548758,77.47777025751506,74.85174979293488,75.10037301031396,74.24379816694788,74.5836371485763,81.50854101820521,81.0383605067306,75.79253378553919,78.64367285414271,81.55135527296595,82.75354376478724,77.79240790052943,81.11262694044642,80.68672171278529,85.02886572523646,70.9278811518722
S15,2026-08-23,7,197.7,2026-08-16,83.88423461361182,72.98629325644121,71.4530248748702,74.43469099038863,73.15191136018433,78.54248581842384,78.14397982575215,79.18945001874651,79.71533750806536,76.2903315952846,77.81855272565569,79.284937613351,79.45779108319964,75.72837089811053,73.06984042440142,74.07777261052813,74.26771806989397,69.23686348710741,69.01598619733538,74.90791010175433
S01,2026-08-24,8,78.2,2026-08-16,85.4817694312697,88.72761349895099,90.45251490596718,88.63051299924118,88.87797598659962,84.31806723752005,84.74696048338579,83.9260971886771,84.012031350817,82.35325697490147,82.80728558131626,85.45315340587071,84.98408773967198,85.21709707805088,84.59883049556187,89.66897896357945,86.6019218308585,86.35639217921666,83.92318323680333,79.34510192700795
S02,2026-08-24,8,109.4,2026-08-16,111.78491586472853,109.74399521835356,109.33303036890354,109.89542341897274,108.88221275239573,109.223228357307,109.39556894533918,110.78171912942614,110.86229858909334,109.78335795913424,110.4886843076774,110.70922617231096,109.75148616347994,108.58310560498919,107.02636722837175,110.48142872367586,108.37440661702837,108.99252454553331,104.54876188550676,105.08379701886858
S03,2026-08-24,8,90.3,2026-08-16,98.81175922460129,101.8170205382713,102.00774424061096,99.61705090350853,100.01944052600118,99.35217077159031,98.77718737438667,100.43422736440387,99.97139181409564,102.29573501859393,102.57931913648333,101.49507345472064,102.59471954618182,102.54222740445819,105.36232723508563,106.725127356393,107.43365968976703,109.8183947971889,110.35675062452044,98.6014765075275
S04,2026-08-24,8,81.6,2026-08-16,97.20175753741394,92.24533560029829,91.71038316467657,93.88705397084725,92.75497736319215,94.17930433358843,92.43406924268574,96.58126391002111,96.54571403094701,94.27112207838468,94.46253792473249,95.30872274466924,95.51843119689397,94.09983202346734,93.59651119538717,97.01101244517736,95.48131657668523,96.22562278338842,93.78120146223478,92.93636442252568
S05,2026-08-24,8,51.2,2026-08-16,75.5645844552775,77.31800182803265,78.43645024952859,78.60171486562123,78.6426295916574,79.42377389210145,78.48924755407376,78.10730664389474,78.31748311179025,77.42128674643381,78.01347462790353,80.68920533316476,79.90064732687814,80.83210293906076,79.33247677939279,82.46238629477365,80.23652093069894,82.62535397665842,80.46786229269846,76.045036479405
S06,2026-08-24,8,55.9,2026-08-16,70.29912449689279,71.03651906735769,73.14872310638971,72.63907401038377,71.52119106489299,70.76406536030399,70.47313237014527,67.71536682673863,68.08721684047154,70.45574425288609,70.81020592280797,69.08530281611851,70.15819786616734,74.69299458095006,72.93323467799596,70.80009029933385,74.49997852870396,71.52045677730015,75.09950779506138,64.31364534923009
S07,2026-08-24,8,52.3,2026-08-16,60.93136653972389,58.19116958087014,55.34814396905313,59.90041271825759,56.1324867599494,60.006167783629365,56.85167618165507,60.874458449227475,61.84503044400897,57.899262564522886,59.68718876157489,59.204706805092954,59.951622622353696,58.84316648755755,61.71050943647113,56.856065886361264,55.76702417646136,56.38545717511859,54.34079851422992,50.30741609845843
S08,2026-08-24,8,111.6,2026-08-16,98.43828360844823,100.59649417699374,100.28628529799012,100.25434285873976,100.28187898120827,98.79024540026475,97.46491487892062,100.76064736502511,100.3889604296003,99.86928422110421,99.26599938528878,100.35597092764718,98.36026055472237,99.6323800768171,96.62460953848702,99.28442437308175,98.69925553458077,99.76083047049386,98.64938408987862,97.83922631399972
S09,2026-08-24,8,93.1,2026-08-16,100.24967849367178,98.36005391610674,99.92862482105208,99.35392816156694,99.34869321331718,98.22944721907251,97.34147255098742,100.09080193383352,100.05547044617788,100.47306106431142,100.90553496224538,99.93827174050466,100.49330947739736,99.52163575036184,100.03293893677846,104.06883261544363,101.66650936944143,105.26485941750661,100.46066162926809,94.93084857804433
S10,2026-08-24,8,76.2,2026-08-16,100.36504518454694,100.19063199066228,97.05927877940582,100.48901899952179,96.58570846033825,102.07342755293534,100.03366197145564,99.42764423915318,99.5043749673026,96.04947517939976,96.08309601375035,98.54490994044713,97.93045090266637,96.79860828944615,95.71088551112584,97.96207569667271,98.38384197780064,97.12923668452672,96.78829811641148,96.98214958735875
S11,2026-08-24,8,63.7,2026-08-16,66.32882841399766,59.850308904557124,57.18644592848573,60.91187794314547,57.54453051944853,61.808821794708564,60.45260450245139,62.86510145893598,63.389962794690376,63.29421103230024,63.92655289402509,61.99229347935224,62.5918713830998,64.33465636005903,65.64270603886152,64.62762439480329,62.784178378491646,68.39885387053991,64.93039047947431,56.07398569813276
S12,2026-08-24,8,118.3,2026-08-16,111.37045349503984,108.00056029015607,107.68101745153437,109.52977991589451,109.14354311102804,108.54286209776573,107.44075391797416,111.14215136255538,111.5936629840306,115.11248851503646,115.26171994890487,113.78815246309554,114.47927070345199,118.56915212358749,120.05108571733749,121.46608186449325,116.90467000688827,123.08168054308211,121.9453384944371,109.73356557573592
S13,2026-08-24,8,91.3,2026-08-16,105.37065476564536,105.98695649525176,105.41142149716651,107.01280964932816,105.28374520479547,106.72717077983543,105.80747861291478,107.98695481970428,108.28878678038238,105.30426455690979,106.35596450820087,107.58487225725769,106.98960174276947,105.4288520331633,103.3033858652365,110.36024154379486,105.83062792971252,107.75528384401916,101.8890758867514,101.96288980200409
S14,2026-08-24,8,55.5,2026-08-16,70.63487342767867,79.6566854695044,84.37784109998645,77.08181174181544,77.81720162647568,73.53405180091362,72.81092336919197,69.46121493025355,69.80807676954798,76.51693716688685,76.18709936781458,73.0043438975387,73.14274492903284,81.60320273085169,79.04153814955286,79.9881896082931,78.91852560682825,88.29433241529993,83.11160650892786,65.37020531340174
S15,2026-08-24,8,57.9,2026-08-16,79.45420806359873,76.97154551958053,75.85755106847586,78.60679101857572,78.94330465217087,77.91308769886457,79.45784349827784,76.56258558545794,77.12744402204241,74.39572572026934,76.47604345594134,76.87142442975725,77.89778303418841,78.58580660138811,76.49728512082781,74.80203198705401,77.59455179486956,77.07865785871233,77.01481127057757,73.35799335752215
S01,2026-08-25,9,53.5,2026-08-16,84.18538206522065,78.39170784181049,77.09012742284587,79.75537995942628,78.47710613586014,81.7800176198237,80.58984448120168,82.92558029719761,82.91496900149754,82.13223556109837,81.83291557856968,82.55922893115452,82.23048428126744,79.97387889453343,79.75581518241337,80.24026337691716,79.4263345343726,75.26773384639195,75.58860663005284,78.97967893310955
S02,2026-08-25,9,99.8,2026-08-16,110.48852849867947,108.36865889662687,107.1024232213506,110.33327270693037,108.68362551807469,110.86890582977556,109.81195502340454,110.64161266003336,110.56286905322756,111.36228398595537,110.95291851077761,111.38294832025255,110.2656273654529,111.45184294496264,108.91663042817797,112.21811608586992,109.90863854799952,112.07699660573687,108.08684019361223,109.18971912179674
S03,2026-08-25,9,107.0,2026-08-16,97.51537185855224,96.98321308547303,94.36927466571065,97.86444664418258,95.76349833030648,100.15231210912854,98.0429923642452,99.45311583791461,98.68191983018603,102.16152395520892,101.41253580365863,101.09707083020892,100.97476734433856,101.6834055355617,102.85774578366961,101.54704655919757,104.88547577176776,102.94831718717303,108.62383093152728,99.10454978261676
S04,2026-08-25,9,85.2,2026-08-16,95.9053701713649,92.72528686225755,92.88196743451904,93.83318149832787,92.45880103344308,95.63118010759153,94.26372441272126,96.1779414517539,96.0446953875678,94.71470124551229,94.08420927354268,96.28586305209569,95.69958759375982,93.9752178741353,92.88676644393377,95.86085380145482,95.51784719058446,95.61539758273534,94.47794053980283,96.07542706557683
S05,2026-08-25,9,73.6,2026-08-16,74.26819708922844,74.92742181474465,73.4894025496319,77.17263862728615,76.55563367939119,79.41622693382806,78.49148638252095,75.03853623526437,75.69174973624094,73.42108361380441,74.82436768668039,75.55529229300363,76.33820931570871,72.80613534109933,74.51375596182687,73.27819268362863,75.54408471243723,70.09894578116281,73.01367203848703,71.57029740469797
S06,2026-08-25,9,81.6,2026-08-16,69.00273713084374,62.47336854490654,61.337517401435846,61.585262359185236,58.85308561958484,61.57449400304619,58.67547970658132,62.60953568049839,62.52852867671421,63.61924742289951,63.28325699397495,63.43304537364414,63.903901563371925,63.73099611827305,62.30528877803257,65.14202641078404,65.87394093104771,61.841794477190284,64.43592260905675,58.30291603633335
S08,2026-08-25,9,122.8,2026-08-16,97.14189624239918,98.52657913929662,98.0054258049667,99.83892020144287,99.80510540875744,98.81300121732022,97.46491487892062,98.59189850943429,98.6031938280378,96.66171509878976,96.95953805106026,96.20132500784737,94.90318925040108,94.29580170767647,92.83772713797433,94.36132104056222,94.62336213248116,94.15078599112374,93.44121415274483,95.6361699785505
S09,2026-08-25,9,97.6,2026-08-16,98.95329112762273,95.55893946367014,94.54746437357628,97.18757395250474,95.85381591408745,98.76194251466005,96.25494388417098,99.53413460595266,99.40149662835256,100.76329157693044,100.54715273720876,99.44949815613882,99.17834208352224,98.90304277283803,98.63214300019399,101.44466517312185,98.96134350640432,101.31043694359914,99.52909992081777,98.86632798058645
S10,2026-08-25,9,75.2,2026-08-16,99.0686578184979,101.39311622238195,100.60190709131746,103.21431899540671,100.53450766627356,102.49434733921544,101.80560596276379,101.68253420421055,101.27128075190953,99.41068743297032,98.2250256402152,102.54485176631383,101.1222514969962,100.31365011760167,98.63884972163609,102.26713560649327,103.75023053714207,102.90259264537266,103.9903733594077,96.72012375422887
S11,2026-08-25,9,45.2,2026-08-16,65.0324410479486,64.24047730224473,64.18216822817807,62.618137659426765,60.87819663080667,61.938935545103455,61.05363555645444,61.71031058064008,62.13208878269697,61.0182424806645,60.647504928021675,61.53219425907636,62.372199180035835,60.76849615803266,61.935028674512154,63.72365677586103,61.02046644917036,69.59809673061872,62.98242724171186,52.98179495564008
S12,2026-08-25,9,131.7,2026-08-16,110.0740661289908,110.65345247552091,110.32478180090297,109.63394766677878,108.66819946112629,110.17873713113815,108.95279559659987,110.54864812578475,110.67043400491988,115.91118932451522,114.79568505968368,115.82001805986678,115.06293225969588,120.08019090379989,120.21089482988631,118.98130822862899,117.01905847276961,120.92527509416854,121.8927500316075,114.0466134616307
S13,2026-08-25,9,97.9,2026-08-16,104.0742673995963,107.23647706963304,107.04337901393824,107.62756656474804,106.28097480532905,108.52440597564551,106.69659024254611,107.2639960165274,107.23156280472396,106.15388530149578,105.98371748283027,108.54791654303192,107.13960720255493,107.34450955345748,104.26321781828521,106.7801862473738,105.76737893774627,106.43117255374311,103.49273503973602,105.40723950817703
S14,2026-08-25,9,60.6,2026-08-16,69.33848606162962,65.99852754338774,63.88318806143765,66.36487354620854,64.60246963604726,65.16203827347692,63.00545607053795,67.12453356428675,67.02318850203089,73.67449083967738,72.58554640455775,68.12572279615931,68.65741339369349,76.09675779982142,74.3371829096847,71.0407551829391,71.34777727766566,75.20875540419154,75.70468512220911,64.26122465773157
S15,2026-08-25,9,63.2,2026-08-16,78.15782069754968,73.15119470740896,72.94095416029792,73.35431751018496,72.91334002366706,74.01468302798466,73.31498130699,72.68983160768236,73.1500670841762,69.79366111074175,70.99658747081246,72.53609573159899,72.84213113103594,70.88806584727551,67.9079422882625,70.73114738677229,69.2245527437755,67.6334175995418,64.50955986295428,69.42348610673632
S01,2026-08-26,10,84.3,2026-08-16,90.64135171046486,87.73673053131787,86.31383382406717,87.80510142030069,85.97332670820698,87.6922980405682,86.27981535011612,88.81176212855748,89.00400570460728,88.53729275294712,88.62350109645298,89.40559319087437,89.22977188655308,88.05180386134556,87.40700558253697,88.41924789973667,86.8100984437125,84.09602287837437,85.54605845042637,86.52676800319126
S02,2026-08-26,10,116.3,2026-08-16,116.94449814392368,115.64794228988293,117.14747518657232,117.18177342893628,118.0996467883484,117.10372834684688,120.22315644048254,115.39111665998186,115.58245186124529,116.01622823987688,116.1039634159633,116.43083624158587,115.72227291379656,115.68267444883074,114.23133663449968,118.20448164258684,116.72404245649065,118.66462187085833,114.42348675046648,114.22834352765764
S03,2026-08-26,10,94.3,2026-08-16,103.97134150379644,107.8972678041772,108.17021880526126,107.36463529186985,108.44058852398412,106.78415820030915,107.3952482821233,104.55833400998797,103.99108709607806,107.71821321759906,107.42325987134662,106.93894495282855,107.20128073011126,108.40992273603167,109.95800985608783,109.81893839154925,112.97870554242816,112.11608042035785,116.62190164838519,105.69106258664813
S04,2026-08-26,10,110.8,2026-08-16,102.36133981660909,100.92356670860853,100.8045297129277,101.19366596697137,100.64973336614558,101.17385260866939,100.97076900676838,101.46693409511022,101.53769196101598,100.45515812465123,100.27876032420568,101.94495333262853,101.90025557109288,100.1120861870902,99.50185049601964,102.18041027614049,102.16609419413976,102.64723290034703,102.09768904277257,102.2270706994193
S05,2026-08-26,10,86.7,2026-08-16,80.72416673447265,75.1732004586832,72.25093591986314,77.66472692555698,75.95912558853968,79.41340370228927,78.49507503315536,78.14770810263498,79.02410046713693,76.27621857779367,77.6731692995344,78.57749859946115,80.16770283835275,76.066126033238,77.84423176901682,75.14205758231027,78.00810639517648,74.93069474356516,77.83826748984201,76.50699250357492
S06,2026-08-26,10,60.5,2026-08-16,75.45870677608794,74.8481542498304,76.05184299884621,73.99681619020367,73.39816530094728,72.81218355678809,72.616927754236,70.49251602717808,70.78501080104283,73.4016852242606,73.01779888698033,71.50325058528355,72.1630377633231,73.78017376491002,71.83128117152623,73.55118511744908,75.34762905665806,71.94914864131383,75.70024822780064,70.86576412745885
S08,2026-08-26,10,107.9,2026-08-16,103.5978658876434,100.48027300766725,100.84429961138451,99.88624380173322,99.46424560494226,98.75792919371243,97.46491487892062,101.0900274004255,101.39243371146065,98.35877473013741,98.69513947623116,98.70382935660226,98.49867493765694,96.10644204275948,95.43282181876046,96.98111397879464,96.63506753104073,98.19992501395089,95.85623604910714,96.92548424857003
S09,2026-08-26,10,104.2,2026-08-16,105.40926077286693,104.8860565223183,105.50813884676614,106.03457205856444,106.33646116156035,105.5289596285213,106.15694960152591,104.97647402627126,105.04744932992116,106.6570999417986,106.8946602140154,105.95709250313894,105.9574510846819,106.21053049904958,105.88433192116872,109.37701533181325,106.31455538613454,110.73443339211599,107.38225386483327,105.01621458871023
S10,2026-08-26,10,102.4,2026-08-16,105.52462746374209,105.46965064470525,104.55243622400299,105.34735380186747,102.97741770518064,103.84346697896659,102.76351044843493,103.00656269618443,102.97888468333653,101.17281578608922,100.38185070582799,103.21460007258824,102.26383732386998,101.32923983165196,100.18363283702305,104.12877391406468,104.28294824191502,104.88040612765721,103.7658324105399,100.39532469340733
S11,2026-08-26,10,57.7,2026-08-16,71.4884106931928,62.08240721074766,60.86971355424095,62.12300401116423,59.7469483965356,62.056940022118006,61.1099538158128,64.10436737766767,64.54990446796918,64.70225417843366,64.60904729595686,63.012227179913765,63.80705988636518,63.73251211872602,64.75459969273115,63.6795498155644,63.328983905225044,67.23764908543134,64.55491411915327,60.30354368916059
S12,2026-08-26,10,133.9,2026-08-16,116.530035774235,117.53606923404803,121.0155651160814,117.69774387606921,121.23065116774393,116.87109827888091,118.77243786649115,115.75154853548324,116.31381726946151,120.74887300218856,120.52179933275497,120.6318333217076,120.58674455370223,125.29307294573104,126.07883382524764,123.80758691515243,124.03794313158309,125.92923665727889,128.82532430376327,119.0274393626622
S13,2026-08-26,10,119.4,2026-08-16,110.5302370448405,113.19987501030253,114.01896022979138,114.03240356469517,114.6050189604843,115.06890676480373,115.91648056358497,112.29695905401825,112.70954669668792,111.15869535162567,111.77387441351532,113.95042718603729,113.27770580008148,112.125511300112,110.15192784025787,113.53264726355194,112.90692342474578,115.19729245855926,111.09551776602386,110.24607576086639
S14,2026-08-26,10,88.1,2026-08-16,75.79445570687382,78.4066800316253,82.19781764845813,78.31114198903576,78.81778364507312,75.51183758370111,75.36362579717454,74.24379816694788,74.69353666945032,82.39674940748743,81.75425902052454,77.20200911207728,78.10754194899134,83.80434408827357,84.10943022413782,80.34381857557825,82.14156141920618,84.34216681166224,87.4326304499679,74.43130865736536
S15,2026-08-26,10,68.3,2026-08-16,84.61379034279388,76.57052843345089,75.14002012660369,77.27485456887403,75.50448087736869,79.3645387849866,79.15649556049645,79.33973001752581,79.82523702893938,77.34164833341326,78.75441860471453,79.50874876294817,79.87617754255022,79.16914915357317,75.93316196714129,77.093287222726,75.12891840253558,74.88892244611468,73.74612902913775,80.60737394605364
S01,2026-08-24,1,78.2,2026-08-23,83.20275106383721,84.78884624905147,82.98029344856494,83.98404810760795,83.28096196739186,84.82365194123004,81.38520615763555,83.17060993739537,83.45062588282994,86.67498158046178,86.48602341243199,87.26116703578404,86.66785191127232,89.11351345607213,91.17584894725255,87.65496872493199,87.96065901347569,87.7060179574149,91.2919657094138,81.3055519921439
S02,2026-08-24,1,109.4,2026-08-23,118.78959951551032,121.40040767544194,123.14353615408152,117.90411421475935,118.18950794837552,117.21075464552476,115.89966353503826,117.72345199074064,117.3855606504849,117.76792313541685,117.60545219864164,116.03145958866392,116.21433683122908,114.02173515047346,113.11358328546797,113.33521099771772,114.52094264711653,112.01834483827864,110.63263936723982,112.99797173227583
S03,2026-08-24,1,90.3,2026-08-23,109.03353846190828,111.76134337867167,109.39489742532612,109.30720925145208,108.59445323844622,110.28804592975801,107.35172155487118,109.46629747663226,109.78797373090472,111.43070921216693,111.22430881772723,108.42912849698749,108.9191561630794,105.84889951263156,107.5089965752193,108.13755568776813,108.74368819509235,106.34060218845096,104.5771984747478,102.22914251599994
S04,2026-08-24,1,81.6,2026-08-23,99.5502106297671,98.15895762472205,94.16355375130475,97.48960264352085,97.19676129532866,98.73002341283508,96.31428451360063,100.42509153911045,101.20133188792637,102.16215828486851,101.74786833354405,101.31824377604893,100.96952322551182,101.49790934153965,100.6466544015067,100.3208487374442,99.23371914454869,100.19040134974888,101.19437960215977,93.66387686559132
S05,2026-08-24,1,51.2,2026-08-23,80.75719887728377,88.28462120708495,85.51220366020043,87.46649065049382,86.71373283175132,85.57467229599813,83.86391796667051,85.52183843340192,85.67803264345442,87.60441232408796,87.85767961229597,87.30382753099714,87.13814855303083,86.56604696001325,89.7873632975987,88.19848085130964,88.96485830034528,92.8258678981236,93.80095601763044,78.92464379157339
S06,2026-08-24,1,55.9,2026-08-23,80.3938870312216,80.99090083015496,80.01858693631983,80.28664866387058,80.84462005374989,80.91030065629627,82.69341974236073,82.9454434803554,83.83820852552141,85.61910661969866,86.25399812970842,82.95962080274309,82.03877290998186,83.45241102491106,83.49095186505998,79.29365143094743,81.99713262830461,81.52003797803606,83.58829817090715,77.37837394986833
S07,2026-08-24,1,52.3,2026-08-23,81.5500115545878,92.27326130093834,87.46631992674722,88.72415486486956,89.5616513867245,86.70028661596675,86.58346994232441,83.25922609056747,83.54259372438705,78.82327289070403,78.75491783704078,81.2956323691777,81.63037658418929,79.37121767486846,79.74041557993209,87.9080374308995,86.80287385668075,90.55865884508407,85.87714982713973,74.40770841326034
S08,2026-08-24,1,111.6,2026-08-23,108.59878355995663,110.31696139726911,111.08464908148017,109.43912812642857,109.58849661921882,108.96072135388505,107.46430868685295,108.89363892418997,108.82064493043082,109.19196744305746,109.99678809983389,108.35270579201834,107.57217581612723,107.88695324999945,107.35569195491927,107.87461490971701,107.91683442933218,108.324956372806,108.58387680394308,107.8590813432421
S09,2026-08-24,1,93.1,2026-08-23,101.35189712424655,116.25052627279453,116.51921814087595,112.86857572756242,112.82265678941181,110.6289778475711,110.67280544222712,110.64348261696951,110.77058737618582,114.85014670235769,113.98050158364431,115.59747259957449,114.49648230416433,119.21749680382864,118.9440950666155,121.30872743470327,116.04481928689138,125.72231279952184,121.61568897111074,106.89580672127859
S10,2026-08-24,1,76.2,2026-08-23,99.64872512004081,104.39551120996879,103.64650067975248,102.34547765476498,104.01074531598285,101.42147085003205,101.47614835472596,98.82093432290215,98.9176578794207,101.60408404214043,101.52945521218437,104.0142441068377,104.01772311074394,107.92087462288994,106.72976639611382,109.15453198296684,107.1641030584063,108.31341364724297,109.76377942902703,99.73364642007012
S11,2026-08-24,1,63.7,2026-08-23,71.66642691729055,83.60688350613279,83.97780128362626,80.34927822372543,81.41724672640467,77.93460771949748,78.61157818349234,78.12535610198975,78.916921043396,79.06256523132325,79.08713092803956,77.5525001525879,78.52925243377686,77.22762336730958,80.32865371704102,86.06053199768067,81.69532527923585,86.65648880004883,83.98873939514161,74.20341720581055
S12,2026-08-24,1,118.3,2026-08-23,110.73114200244495,119.47608686918359,119.01532827840047,119.11184914963287,119.25120586928458,118.7078100416897,118.44067171634546,114.46210013798304,114.0179825919015,111.24897490910121,111.37210666111537,116.13026343754359,114.47761355808802,111.76086627415248,111.70170222691127,114.27422629765101,116.29158603123255,110.11280166081019,112.52033149174281,110.19805442265101
S13,2026-08-24,1,91.3,2026-08-23,107.97715914349394,111.34999648372641,111.37452628834964,110.88728952269233,111.48251877550955,110.34678629607382,108.64676724033184,109.75464337042399,109.6365602510316,106.28030191830226,106.49673639706202,109.36319005212613,108.63369165829249,106.20621859005519,104.07016335896083,106.82020079067775,106.99895988873072,105.09560643604823,104.10391580036708,104.59549008778163
S14,2026-08-24,1,55.5,2026-08-23,76.68430254066485,74.99826364081946,76.08386470861221,77.75190553073496,75.92217748629122,77.5533022809872,77.11985083142001,77.24141273498535,78.13337669372558,79.31350479125976,79.66764984130859,77.41929111480712,76.87548503875732,77.61415157318115,77.03436622619628,78.07012710571288,77.6238037109375,79.01858291625976,79.71789226531982,71.26472196578979
S15,2026-08-24,1,57.9,2026-08-23,86.49222756043137,87.68974629024649,87.31032200208277,86.79543838459611,85.78818465239533,84.53040489774352,83.12573502342848,83.86589529854912,84.4102402005877,86.33429720742363,86.68516829354424,87.58151247841973,85.79895594460625,90.7658491407122,88.94065668923515,91.93280794961113,88.38891795022148,100.35003807885307,96.8219262634005,80.77814390999932
S01,2026-08-25,2,53.5,2026-08-23,82.09975243594634,84.20063453714546,81.71510855691287,84.55872658357434,84.18445302524964,85.03320677522186,82.69446406306588,83.81124447413853,83.87926815577916,86.76349781581334,85.79703472682408,86.00465725490025,86.10277603694371,87.66579388209752,89.67941187449864,87.93529604503087,89.8107051713126,87.9500946862357,92.90310715266637,78.80295132228306
S02,2026-08-25,2,99.8,2026-08-23,117.68660088761945,123.29283319866806,125.56321081015987,118.6061037434567,119.38590154992366,117.28908252806404,115.93055849354715,118.99907489504133,116.82082713033472,123.2191247531346,119.0131578036717,117.8456590959004,115.37954576696669,121.6256279536656,114.94322438921247,116.00311692442213,115.12399728979383,117.15463166322027,112.86126156534468,115.31474264349256
S03,2026-08-25,2,107.0,2026-08-23,107.93053983401742,106.38181515786047,105.60309175837826,106.65495301513204,104.08212046468344,107.57534607685093,103.6181251239856,107.9018701008388,107.82888302121845,110.58902725492206,109.30156502042499,106.45725867067065,106.58350905690875,105.48242109183755,105.11094319735255,105.03610891018596,104.9377684882709,103.69110211644855,102.10522040639606,101.2126930645534
S04,2026-08-25,2,85.2,2026-08-23,98.44721200187622,94.31956434602111,92.96274768815837,96.32714723067397,93.42820602610968,97.23164705854222,94.87886280979161,98.24169329234532,98.62087372371128,99.84382036754063,98.77002790996006,97.89436033793858,98.07848909923008,98.61055306025914,97.8177204472678,97.34960964747837,97.27917984553746,97.17261556216648,100.39099672862461,93.20173231192997
S05,2026-08-25,2,73.6,2026-08-23,79.65420024939291,78.1294644440494,74.46645246781604,80.52989260198866,77.57990395148641,81.56058421931021,79.13869259322382,83.338437802451,83.0975725718907,84.8940789767674,84.79170823778425,85.3436639377049,84.95450330461775,83.45890546526228,86.44497752870832,85.75507236208234,88.95108438219343,87.25262380327497,92.23269582475935,76.54955054010664
S06,2026-08-25,2,81.6,2026-08-23,79.29088840333073,75.32389996908435,71.17399071221139,75.76554925954862,72.86938436841332,75.56868619361197,73.40356457016269,79.02623972211565,79.4211867741176,80.9211138180324,81.1124504498073,76.79393944059099,76.49392995153154,76.54458150182451,76.70053252492632,72.76873287473406,74.37953045879091,72.20821091447557,75.12161180291857,72.25108978067125
S08,2026-08-25,2,122.8,2026-08-23,107.49578493206577,112.78631724313071,112.56914641121784,111.61482992725409,112.16481109185952,110.34546089159016,109.53819013482311,110.08069498879568,108.16558475834982,113.660294846126,110.87128217560904,112.19805987221854,108.69130261284964,116.19503386361258,111.40061266762869,113.04151280266898,111.13663680894034,114.64925797326224,114.34185583932059,110.85457451684134
S09,2026-08-25,2,97.6,2026-08-23,100.2488984963557,115.48979146199444,116.03772746633376,112.31060221328458,111.78876730701262,110.59652878388444,110.72619645049468,111.29467814309255,110.25064032418386,117.60613530022756,114.23838560921804,116.3562044416155,112.89035075051443,122.48977082116262,118.32789652688162,121.01797645432607,114.82859652382986,126.51650815350668,120.95070808274404,105.20464079720632
S10,2026-08-25,2,75.2,2026-08-23,98.54572649214995,105.84142680660024,105.6108970892242,103.21083231100289,104.42349411192043,101.82275658322366,102.650762335385,101.3489790235247,100.36656477791924,106.05448820931572,103.6101799283709,105.71041252953667,103.48925021035332,114.30526068551201,107.96905234200615,114.54761841637749,108.87776043755669,115.52612307412285,112.810469356605,101.39814570290703
S11,2026-08-25,2,45.2,2026-08-23,70.5634282893997,70.41818454383838,65.96708515600236,71.33152172177024,68.6476086845301,71.57737295177961,69.50882545514374,74.12217988967896,74.4098204612732,74.28060188293458,73.71355857849122,72.52501430511475,73.07141437530518,72.27993431091309,73.30203523635865,74.601491355896,71.87679281234742,72.489910030365,71.29580297470093,68.32023444175721
S12,2026-08-25,2,131.7,2026-08-23,109.6281433745541,123.09825121808609,123.08124867870694,120.633030768317,120.8492163716955,119.28452542291069,120.1353676164068,118.21482478550502,115.93470202854701,119.75105201176234,114.79356681278773,118.52642451695033,115.40569030216761,121.10174213818141,115.32122432163783,122.23851381710597,118.56203090122767,125.18050449064799,118.41417895725795,112.14728080204554
S13,2026-08-25,2,97.9,2026-08-23,106.87416051560307,113.6794271800167,111.79551318159261,110.91749620505466,109.35202472091112,110.88645622000912,109.51786301643496,109.64458291700907,108.15873550346919,108.80583273342677,106.34170090130397,110.51251672676631,107.43942009380885,109.6777292387826,104.98068295887538,109.54726982585021,106.31159745625087,108.22651838234492,105.16139613560267,107.1559437411172
S14,2026-08-25,2,60.6,2026-08-23,75.58130391277398,69.13101034139522,65.72963629568198,70.79250609905701,66.31034541283344,70.6934458031445,67.35082516910661,73.23823413848876,73.62627611160278,74.53153953552246,74.43602380752563,70.90406737327575,71.19508943557739,70.52560267448425,70.36792931556701,66.70421711206436,68.55147228240966,65.02900109291076,68.52272078990936,66.29597190618514
S15,2026-08-25,2,63.2,2026-08-23,85.38922893254052,85.5455739331043,82.918695433064,85.79473914410872,84.1057026577369,84.35947661714647,83.21750499946214,81.67316534859795,82.00072768075127,83.19076540810723,82.92965987069267,83.55487254006523,83.12034895760674,86.36948016030449,85.20665266854424,83.74973109109062,84.74992373330254,89.30588915688652,91.1233840261187,78.00236037118096
S01,2026-08-26,3,84.3,2026-08-23,88.01582007909113,84.96581749729695,83.19559023192981,84.82936409690262,84.11900779546977,85.14769129954496,82.49401817737396,85.65864418574742,85.6519579751151,88.90199040004185,87.66246269771031,87.45154713221959,86.51435516902379,88.77483080455235,90.61660479136876,87.7214250428336,88.29821966716221,87.05592583247594,91.27464507647923,83.94978474208287
S02,2026-08-26,3,116.3,2026-08-23,123.60266853076423,120.05091384862882,121.79060098159272,120.54489795268378,120.94066083920076,121.37950266098665,122.26785962831227,122.17372604097639,121.37257524217878,122.59263988222395,122.29422660555159,120.4385478087834,120.57455893244062,119.39257593836103,118.7061075755528,118.74608727182661,119.04101677622114,116.15408505882536,115.20308693136488,119.5831007548741
S03,2026-08-26,3,94.3,2026-08-23,113.84660747716221,114.856941407501,114.84895183467829,114.91343870222562,114.34097934008803,116.13970766869136,116.01041276718679,114.72777494703021,114.58618864331928,117.36979517255511,116.60102876935687,114.18132433210101,114.8711141041347,112.7376297405788,114.92801985059467,114.53247198377338,113.99142679486957,114.31410345349994,111.63851675306049,110.57302269254413
S04,2026-08-26,3,110.8,2026-08-23,104.36327964502101,105.75097324308102,104.48305745329873,105.60500759375023,105.50856032221068,105.78629310085516,104.68769868489204,105.59800461360386,105.9092161996024,107.79861763545445,106.57841232844761,106.37703445979527,106.43828228541783,107.40599468776158,107.08784130641392,105.64285782405308,104.97002628871373,105.65046719142369,107.3471348626273,102.49735811778477
S05,2026-08-26,3,86.7,2026-08-23,85.5702678925377,93.05189862037682,94.71765601778942,92.27178988441025,92.58077304736469,90.91200244443702,90.50262362483787,90.69474817003523,90.38591790880476,92.54226995195661,92.28727460588728,91.96536756243025,91.54276872362409,90.02370668138776,92.48583150591169,93.14931512560163,93.48580003465925,93.62688565935407,95.85963941301618,85.60899282182966
S06,2026-08-26,3,60.5,2026-08-23,85.20695604647551,83.64761696446284,83.88904927384367,84.25184679016758,86.01017652367605,83.43802309939258,85.8530811701732,86.47479471479143,86.79586920057024,89.17476305280412,89.59022936139787,85.63840612683977,85.31648287091936,85.90986856733049,86.6406520298549,82.4181178501674,84.60321745191301,80.99424490247453,83.86993822370256,82.83405336652483
S08,2026-08-26,3,107.9,2026-08-23,113.41185257521056,111.40888430338691,112.58868393746403,113.30923576668336,112.65346588003004,113.92692381749758,113.98602444305621,113.25534708840506,112.71733267647879,113.82969458443777,113.96253998620169,112.89065201623099,111.83501847130911,112.66936428887503,111.99041016442435,112.72651274544852,111.38493521554129,112.37240012032645,112.89731152398245,113.66795285088675
S09,2026-08-26,3,104.2,2026-08-23,106.16496613950048,115.25089665316695,114.41826096805666,112.26119455872833,112.39359514109975,110.68212411263274,110.70532213469968,112.37052386147634,112.39605944497244,115.99470465523855,114.4898885999407,114.16855566842214,114.55360834939138,117.35041802270071,118.75050394875662,115.79064028603689,114.74229567391531,119.52114861352102,119.97279351098196,108.45525114876882
S10,2026-08-26,3,102.4,2026-08-23,104.46179413529472,104.53831187756283,102.74754111181386,102.9794172814501,104.56672390893684,101.84043974720322,102.38676704243588,101.55753043038506,101.36755183083672,103.76640799386162,102.8926620755877,104.18404677254814,104.43350794655937,108.00079491479057,107.43024876458306,109.4296047960009,107.05213978631157,108.5393996511187,109.7841985498156,102.7008610044207
S11,2026-08-26,3,57.7,2026-08-23,76.47949593254447,83.44495657018979,84.52427840741278,83.40562686269942,83.80746292070998,80.51014744044707,81.38469574887739,81.90326728820801,82.12314357757569,82.74531402587891,82.12852516174317,81.39804306030274,81.52446784973145,80.99886550903321,82.31587352752686,81.8744234085083,81.83140029907227,80.57270183563233,82.41339149475098,79.56746425628663
S12,2026-08-26,3,133.9,2026-08-23,115.54421101769887,121.21470418447329,120.55517345791627,121.06717872204116,120.94314177510162,119.79872657011828,120.60300717128221,117.46533690861293,116.33076392582484,112.74614821842738,111.60905085972377,117.5875512259347,115.6511202948434,113.87786017826625,112.49526797703334,118.38643323353358,117.41654263905116,114.25831233433314,114.16900168827601,113.67927657536097
S13,2026-08-26,3,119.4,2026-08-23,112.79022815874785,112.37268363303875,112.79434557542548,113.95544827556714,113.68581484757848,114.5882393614783,114.61922618415662,114.11635123661586,113.53324805668422,111.31962000301905,110.77769993713923,114.00466309956141,112.89653359821864,111.58907972744532,109.60223661831446,112.81799136570521,111.14657997063227,110.40772377422877,109.36972412935324,111.51836453846522
S14,2026-08-26,3,88.1,2026-08-23,81.49737155591876,78.75184223155117,77.17216594338099,80.71482852638434,79.57442985993711,80.50448774658474,80.31127965796978,81.01932392120361,81.33959922790527,82.89486083984374,82.96988067626953,79.939768409729,80.15319595336913,79.40034255981445,80.19998416900634,77.57590065002441,79.09867916107177,75.93066844940185,80.01849708557128,76.99278507232665
S15,2026-08-26,3,68.3,2026-08-23,91.30529657568529,86.69870062051638,86.19302822304567,86.37651064186241,85.40986840667573,84.40209733563017,83.25234323048558,84.59445956093926,84.93045714242119,86.24531844002861,85.73987391335625,85.2354650769915,84.8679285321917,88.10019591195244,87.62051871163506,86.74221041543144,86.55730822426933,92.49134590966362,93.831534412929,82.07168295724053
S01,2026-08-27,4,71.2,2026-08-23,94.02035772488621,88.44753615971516,85.06101001151296,88.83455115827127,87.00291366512268,88.07483811507045,86.05826067319771,89.04446934291295,89.22353600093297,97.52402089663914,96.47763548919133,93.09517215320042,92.94100879260472,97.20989130565098,100.60809420176915,95.6347820026534,94.13597284385136,98.3302056653159,101.75405214854649,88.74401997157506
S02,2026-08-27,4,114.1,2026-08-23,129.60720617655932,120.25919652572176,121.50253704309952,120.58746221889777,121.19299165783066,121.8506980265854,122.60414309289355,123.1086716243199,122.48029323305403,124.65449376787458,124.63513036455427,121.72652097429548,122.00800414766584,120.52597614015852,119.71142478670393,119.14480920519148,120.58953948702131,114.07996292795454,116.05222751583372,121.18945737566267
S03,2026-08-27,4,82.4,2026-08-23,119.85114512295729,115.53499466113354,113.72220282042575,115.17039580959754,114.54655406296659,116.71819748620015,116.30936832451164,115.44324526105609,115.4746583393642,119.15439161573138,118.89178308759418,115.02425607953754,116.25386556897845,113.71014913831439,116.01971849714008,115.70340761457172,115.32680162702289,115.126618712289,111.79725107465472,112.05673584256854
S04,2026-08-27,4,91.8,2026-08-23,110.36781729081609,108.61934847704292,106.72275182591184,107.69681894646133,107.29597245803879,106.6617374247327,106.41004781190264,106.52704552241734,107.19656017848423,110.48310307094029,109.8846686226981,108.70344952174595,108.71534660884312,110.65691212245396,110.02746704646519,109.10837868281773,109.45528820582798,109.37983540126255,110.71731213160923,104.31875732966832
S05,2026-08-27,4,79.1,2026-08-23,91.57480553833278,100.84241078598384,102.2719317074046,95.62049959049092,96.7069506554824,92.21561820753269,92.87697994685516,91.57031369890485,92.00683618273054,99.13268209184919,98.79964757646833,95.40667463030134,95.49085736955915,100.30143666948591,103.51881147112165,101.82846379961286,100.57130552019392,111.01659131731306,110.74729657854353,91.12094522203718
S06,2026-08-27,4,76.6,2026-08-23,91.2114936922706,87.14544321325714,88.10741827492173,86.34135102304,87.98219020354658,84.30907537338264,87.19939255992833,87.2478583744594,87.92418226514543,92.42120775495256,93.0389731815883,87.26220545087541,87.29679521833147,89.67282900129045,90.22444948468889,86.698658316476,86.916844694955,88.6918633869716,87.76697286878313,86.03738817487444
S08,2026-08-27,4,218.9,2026-08-23,119.41639022100563,112.36460513287638,113.87981030169367,114.30185111548356,114.08055800277673,114.65849064858774,115.2383470818174,114.52278836114066,114.55749829156058,119.67159064156668,119.57626135689871,116.3361833844866,116.17321093423026,119.66278632027762,117.52295382363455,115.57419283730643,116.75804217202322,115.96870024544852,117.69806750161307,116.57679255349295
S09,2026-08-27,4,116.8,2026-08-23,112.16950378529556,116.10965728355163,114.37096356324723,113.19610964668334,112.54943675348251,111.34522470786746,111.78086370570715,115.63298170907156,115.84445898873464,123.76486127717153,122.55955403191702,116.79725401742117,118.21724932534353,121.37247126443044,123.84517686707632,115.98212569100515,116.8915728841509,119.1304668698992,120.24478190285818,110.46184866768972
S10,2026-08-27,4,115.1,2026-08-23,110.4663317810898,105.09134699758891,102.92230771504572,103.74606548008387,104.46295985028888,102.48594054541242,103.62691003801933,104.94335749489922,104.93913128716606,111.78736069543022,111.00542929513115,108.84516575677056,109.82676151139397,115.00931957108635,113.4100798044886,109.75479009492058,110.35328629357475,107.6524596486773,110.99899402005333,107.52180197579521
S11,2026-08-27,4,74.1,2026-08-23,82.48403357833956,84.09351282100229,87.13098306710494,83.93985427228793,84.67525354396483,81.32680347903934,82.87257782387928,82.83230819702149,83.41048660278321,88.67177047729493,87.54351463317872,83.2639087677002,84.34176101684571,85.42539825439454,87.36754837036133,86.38745155334473,84.97175636291504,85.47841300964356,86.6868995666504,83.55731430053712
S12,2026-08-27,4,142.2,2026-08-23,121.54874866349395,121.24718957418261,121.75197153766402,123.07519309561387,125.25999780569833,121.03229476243237,124.47060253544409,120.25703250340052,119.53363095692225,122.1146668093545,120.65241037777491,124.20786344728299,124.2389106201274,121.8105703490121,121.78316890171595,121.74917732647486,125.1538718836648,115.86400710514613,120.63095604351588,117.54585467747279
S13,2026-08-27,4,108.6,2026-08-23,118.79476580454293,112.52223228753698,113.4603084461696,114.54672025103193,114.43612009292893,115.21730129185502,115.47127508420955,115.43726836613246,115.03983985355922,116.6766797201974,115.79772340229579,115.90807401112147,115.93199740818568,115.82853757313319,113.45318137577601,114.2238832609994,114.50418530872889,112.16091429165431,112.10721575192042,113.58073913029261
S14,2026-08-27,4,89.4,2026-08-23,87.50190920171384,83.03991748704044,82.30343038354171,82.40673127186245,81.68679999085006,81.07147752120281,81.9023323372779,81.79238758087158,82.46791229248046,86.07408485412597,86.31724891662597,81.6621166229248,82.54620513916015,82.92509994506835,84.40593681335449,82.28120765686035,81.67382106781005,82.13273200988769,82.85383949279785,80.20905361175537
S15,2026-08-27,4,79.9,2026-08-23,97.30983422148037,87.42211971864431,85.0209628595941,87.33472366880846,86.12871206966868,86.53695337465628,85.63044659187,87.85691740853447,88.37885477883476,92.25794270379204,92.4768185888018,88.06627371651787,87.52477267129082,93.34295704705376,92.36846497399468,87.63155844552178,87.99440958840508,95.20956423623223,94.73061349732536,85.33661082131523
S01,2026-08-28,5,94.7,2026-08-23,100.14883598418578,94.5915469287816,92.07931613640542,90.45902649909807,89.41998583934551,87.60177715148131,85.69530158249984,91.22161625453404,91.13910387584141,98.17671345302037,96.41928456851414,97.48469136783055,96.80526612826756,105.79976032802037,106.00927113124303,104.8299136025565,100.82802961894444,109.2506785256522,108.36849831172398,94.24728022643498
S02,2026-08-28,5,116.6,2026-08-23,135.7356844358589,124.41098342382169,126.44955941223803,125.85735228950101,130.70400888980834,128.58593577441076,131.76948331790385,131.556588608878,131.10544343675886,135.4222645350865,135.27924199785505,130.42676015581404,131.33723874773298,131.23631330217634,131.73208947862898,127.36260648454939,128.53304334368025,124.76046605791365,126.11583085741316,129.34563108171736
S03,2026-08-28,5,92.3,2026-08-23,125.97962338225686,134.14437011118181,134.22143882501283,127.24702019817795,133.10353681043338,124.2677607757231,127.09069362217,124.63834032331195,124.84675440107074,131.13200983319965,130.65977892194476,126.1511195591518,126.07649645124164,130.9662879398891,130.7098411015102,136.86155542646136,130.483814566476,141.38666185651508,134.19209322248187,120.59280809674945
S04,2026-08-28,5,122.0,2026-08-23,116.49629555011566,123.15154687837988,125.63186024954531,116.76591775959726,119.99982202377501,113.08150087616212,114.11592341628078,114.13085964747837,114.80142620631626,119.59568813868931,118.09485271998814,115.50251606532505,114.73022297450474,120.71011189052037,118.82445744105748,117.80632809230259,115.91497448512486,121.75742748805455,122.11072376796177,111.57842281886509
S05,2026-08-28,5,60.1,2026-08-23,97.70328379763235,96.59795869022985,95.90240408901434,94.3615019374494,93.7463822064989,97.11410637201016,97.1263489980152,97.32145810808454,96.95180822099958,101.23751569475446,100.66714788164411,99.50031400408064,99.08779264177595,99.10847974504743,102.21842694963728,93.33454156603132,95.91466069902692,96.5783321925572,100.47586751665388,92.29841638292585
S06,2026-08-28,5,97.1,2026-08-23,97.33997195157016,89.96212561405721,92.00259413098811,87.77762188068581,90.18781077707696,88.0380893574286,90.96539343657841,94.16622766767229,94.74040445600237,99.36209520612444,99.70393595014299,93.47269853864397,94.56399378095354,94.95388635907854,98.23077043805803,88.20434603009905,90.78197511945451,91.69246515546526,93.55543169294084,90.72315248761858
S07,2026-08-28,5,44.3,2026-08-23,98.49609647493637,94.48933313171936,93.10095108393169,93.71868273094957,94.98891374003666,95.40941748836106,95.16983115218633,95.1146500178746,95.07931447710311,92.7068712779454,92.12163472856795,94.37325406755721,94.20039296831405,94.87317968096053,94.40728021349227,88.30127740587508,93.23748422350204,91.92421842302596,95.05570913042342,88.12593770708358
S08,2026-08-28,5,109.2,2026-08-23,125.54486848030521,119.60009210127023,120.62842995503279,119.50259035505808,122.67520529696111,121.25097144064486,122.98462845541275,122.21456797463553,122.02908213479178,126.00560171944754,126.37095816476004,122.64123328072684,123.09380133492606,124.76145346505301,125.74871237618582,118.21218760354178,121.27056010110037,119.27464373452322,123.25756247384207,123.03237803322928
S09,2026-08-28,5,95.6,2026-08-23,118.29798204459513,116.75641586144346,116.09428886251906,113.2705131882083,113.07224846789207,111.53421629235004,111.26810389102673,119.17250626427786,119.5400308881487,126.74303083760397,125.80007504565374,122.97159068925039,123.47968201977865,133.19078390938893,132.79788487298146,129.59875624520436,125.44111405951635,138.36140387398854,133.82980673653736,118.3321041379656
S10,2026-08-28,5,115.0,2026-08-23,116.59481004038939,109.73012405190491,108.39398581532791,105.66584823918137,106.40728471824804,103.37012507266937,104.31251874208455,107.95393421990532,108.11515190941948,114.28644624097008,113.73588052136559,112.27611930412907,113.47904589516777,122.26490404946465,120.99454787118096,124.33544447762627,118.04074099404473,127.53886416299004,124.05764677865166,113.09635814768929
S11,2026-08-28,5,88.6,2026-08-23,88.61251183763913,83.82470232996303,83.92041209633479,84.06966123356368,85.20737027328377,85.57914233839661,86.9017869907525,88.51537170410157,88.67090072631837,91.4280933380127,90.41136207580567,89.21046676635743,89.91360893249512,90.60961952209473,92.03340950012208,87.40083732604981,89.62576904296876,84.79738845825196,91.47756423950196,89.02287902832032
S12,2026-08-28,5,144.4,2026-08-23,127.67722692279354,134.65425234369943,141.23498036607765,129.68798666668414,135.03778048185887,124.47298630704408,128.84253873164252,125.76959501675196,124.88342653683253,126.36684523991175,125.00951789787837,128.7553945677621,127.93882047108241,127.59845005444117,128.08251606396266,134.5711709158761,130.4874569075448,133.17276965550013,129.25638495853968,125.81356309822627
S13,2026-08-28,5,124.0,2026-08-23,124.9232440638425,121.69693096858657,122.77565511849237,121.54357492165809,126.10402785044295,122.79839407855846,125.28242497179605,123.36469279697963,123.13155280521937,123.90404044560023,123.61073028019496,124.70442878178187,124.3529549734933,124.75986491612025,123.70526896885463,121.17324840000697,124.27818118504115,120.83834849766322,124.44857322147914,122.01964293888636
S14,2026-08-28,5,72.1,2026-08-23,93.63038746101341,85.30362836380282,85.14822131684602,84.22704472091306,85.20093371448615,85.98946424881596,85.98483600334127,88.31786308288574,88.89525184631347,92.62208137512206,92.59333000183105,88.30165252685546,88.83110580444335,89.28409919738769,90.42685470581054,83.34029731750488,85.3545928955078,84.69172248840331,87.26842651367187,84.42595062255859
S15,2026-08-28,5,68.3,2026-08-23,103.43831248077996,90.57966122759689,88.31736314246142,88.63206372739758,87.52886106096153,86.01784292616041,84.5511538831026,89.54379752022881,90.23735001427788,93.77863648278374,93.42554142815727,89.825337437221,88.65884116036553,96.28767373902458,93.92789843423027,90.95589068276543,93.7783003125872,98.61063208920616,102.43818571908135,88.43916132790703
S01,2026-08-29,6,84.5,2026-08-23,97.98291750349993,90.73585424871834,91.92255449718652,87.04576686132344,86.58207923078106,86.25551193752405,84.16628630974343,90.75483225413731,91.22903965541295,96.84796784945897,97.08581601211003,91.9736280305045,91.79466508456639,96.1333770615714,99.00892733165196,90.32411335536412,91.90438054629735,91.81648229190282,97.34984777995518,91.21868609019688
S02,2026-08-29,6,121.2,2026-08-23,133.56976595517304,130.90231486448226,132.17891840774422,131.01019445913806,134.86229294483542,127.15411751756588,130.44225885460907,128.6658653804234,128.0342955180577,132.58630700792585,133.8727097102574,127.86161657060896,129.46056695665632,129.12542100633894,131.70969243730818,128.80123372759138,128.4841141292027,129.014352280753,130.19286294664656,129.1565870829991
S03,2026-08-29,6,107.7,2026-08-23,123.81370490157101,121.39130463462158,122.45709575931728,121.66370458994453,123.63431393999514,121.15529258840493,122.99828056618173,121.21991476331439,121.2479098728725,126.33508905683246,126.8078292301723,121.07214197431293,122.56519159589496,120.7237695149013,124.50988039289203,121.85990747724261,120.51913484845844,121.89764436994281,119.7702954701015,118.40971979413715
S04,2026-08-29,6,103.2,2026-08-23,114.33037706942982,110.44255038661234,108.20977610125753,110.39990729525388,109.94832200061079,110.37951356285885,111.23515491474306,112.3542902810233,112.73405293055943,116.83492497035435,116.48298863002232,113.59695271083287,113.64586475917271,114.20269993373326,116.27398327418736,108.81948021480015,111.02411106654576,109.49425915309361,113.55462673732212,108.96959141322544
S05,2026-08-29,6,67.9,2026-08-23,95.5373653169465,101.05629921344766,97.71453606332378,96.43798203640652,96.68012019290558,94.96426832404444,96.17760884592235,96.57303739275251,96.74925161089216,100.10901189531599,100.97096372331892,99.01738095964704,98.1342289515904,98.44379735674177,101.06897855486189,96.29398847307478,98.56401944841657,98.37505269731794,101.65749097551618,92.20116830553327
S06,2026-08-29,6,80.4,2026-08-23,95.17405347088432,88.53396105093013,92.69424025883723,88.96648071089211,90.81519866846668,87.37663694206154,92.75715742271267,92.99027666364397,93.27558359418596,98.5268062046596,99.66910204206194,95.72248110089983,96.53283914838518,98.34702142987932,103.65616258893694,94.93617090497698,99.0237430027553,95.43638834272112,102.96040758405412,91.9983180454799
S07,2026-08-29,6,83.4,2026-08-23,96.33017799425052,96.6069666245527,95.8956778565682,93.2389910341662,94.11346539829883,93.85784876968074,93.65881306013968,93.5573179789952,93.75159288133895,91.39828229631698,92.06303525652206,92.63607526506698,93.36613965715682,90.77757287706649,94.24162507738387,90.04891324724471,92.586870438712,90.86676526750838,91.13831735338485,88.14086271013534
S08,2026-08-29,6,115.53877551020408,2026-08-23,123.37894999961935,126.49792978179568,129.83476705567844,124.95281706146851,128.34119845104803,120.22765354096327,122.78772192177934,118.73496992928641,118.88746054513113,122.0741909299578,124.25227148873465,119.91383440835135,119.61342127663748,123.50149329049246,123.49764807564871,122.03374941689627,120.28471072060721,125.49270804268973,126.92909796578543,122.32073576790945
S09,2026-08-29,6,103.5,2026-08-23,116.13206356390928,115.9746848158482,115.17632883625153,113.06470549856229,112.78326918093651,111.04875299007121,110.84035433175157,117.37016098839895,117.98193066460745,123.25321584088461,123.35465925080435,118.83990567071096,118.77649109704153,122.77315419060842,124.42927493793623,115.871538570949,117.7994999204363,117.57057993752615,122.54652588708059,113.95820753914968
S10,2026-08-29,6,87.4,2026-08-23,114.42889155970353,106.65312525899755,104.81530353235813,104.01007665488873,104.79380675681324,102.23242927025856,103.21704228811102,106.65372040612358,107.0491128240313,112.40705081565041,113.42465296132225,110.57349887234825,110.45879807812828,119.55923130852837,117.3989196096148,118.85574820382256,114.06556847436089,120.8767233167376,120.25449278695244,110.11736443383354
S11,2026-08-29,6,100.3,2026-08-23,86.44659335695329,85.33482777831996,83.88854767708062,83.67974677684269,83.20309494088522,84.5372435712305,86.53909802623025,87.76563110351563,88.46829833984376,90.92708816528321,91.4096549987793,88.8514617919922,88.79878654479981,90.1514820098877,91.1601718902588,87.71281089782715,88.83082237243653,85.51996459960938,89.85026969909669,88.40006866455079
S12,2026-08-29,6,113.5,2026-08-23,125.51130844210768,129.4380033850495,132.40016705758063,126.96233481002905,129.89982057416765,123.1939608222193,126.06507745250684,122.87520383766719,122.65427898338862,123.52722774914332,124.37605215704866,123.75292169025965,123.46648239067622,123.7141376035554,124.72433324626513,127.36949883869715,126.43685661724635,126.17300092152186,126.36531530788966,122.31192480495997
S13,2026-08-29,6,110.3,2026-08-23,122.75732558315666,122.34656675164166,125.93218819250413,123.77140232431584,127.61232340877834,120.1912443331031,122.51161365919738,119.95537291935511,120.0604048865182,120.5494938986642,122.2041808264596,121.76557837894984,120.96175776890345,124.99599658421107,120.91805468967982,126.88294803074427,120.82402717045375,127.51422892979213,121.28734599522181,121.33890639713832
S14,2026-08-29,6,77.6,2026-08-23,91.46446898032757,85.88551516100165,88.51456998428426,86.60117146659834,87.71675347914359,85.02139925094913,88.77913943482237,87.5348030090332,87.81931266784667,92.179683303833,92.87915573120117,90.55026397705078,92.11815223693847,92.44932136535644,96.986323928833,90.54381523132324,93.34981117248535,87.90461692810058,95.21050224304199,85.7826934814453
S15,2026-08-29,6,73.6,2026-08-23,101.27239400009411,89.68275049786419,90.1771103940855,87.83668583002591,87.08403070905608,85.28763986177941,84.1505814000273,90.18542292458672,90.58746769768852,94.62655427796501,95.0447879110064,90.47065260750908,90.45837500435967,93.01635220391411,95.31008913857598,88.80260470254082,89.49476054055351,90.63825276238579,95.19609144074578,90.08389332635063
S01,2026-08-30,7,89.0,2026-08-23,92.48482329237125,82.30267578582317,80.28257848279036,84.12795027191052,82.56750301425208,84.87043704659024,82.06130233921941,86.64639710017613,86.9446244103568,91.62239144870213,90.69075201579503,88.0736937386649,87.21430252620152,90.37392710277012,91.06839178630284,86.82515476771763,89.1457562310355,88.69817303248814,90.24071405955723,82.31384609767369
S02,2026-08-30,7,94.7,2026-08-23,128.07167174404435,121.51728826138769,124.08221523789149,123.78736488859037,125.64657711088408,124.00391618327366,126.99661773121183,123.492135483878,123.24238105501448,126.70743604387556,127.61673207964216,125.9878220149449,125.61605783190046,131.15401502336775,131.3243870326451,126.6005510875157,126.99251027788435,124.71611114229475,130.91418595995222,122.6032423564366
S03,2026-08-30,7,111.8,2026-08-23,118.31561069044233,121.30742231120452,123.0951347483908,119.36012150924813,120.96971484149527,119.6430091774155,121.30761766771994,116.04618295942035,116.45599493299213,121.68961939130511,122.10011133466449,120.37328085218158,120.10783037458148,125.07569536481586,127.88728746686664,125.56519541059222,123.81763109479633,129.41399797712054,131.23324808393207,114.33608469281879
S04,2026-08-30,7,97.7,2026-08-23,108.83228285830114,109.61728428024341,102.62042613907475,107.5201646408154,106.71886914716242,107.43487961852395,105.48838844831711,106.26522949763707,107.0917523247855,109.93266609736851,109.37064865657261,107.58383205958775,107.60722282954625,109.86174038478306,108.22967365809849,108.04647377559117,108.26669720241001,108.4854576928275,111.09856632777623,102.96183327266148
S05,2026-08-30,7,53.6,2026-08-23,90.03927110581782,91.741735983476,90.77022618544859,92.00062089574539,91.89724624062936,90.92387687110252,89.66448869581592,90.53908658708845,90.55375123705183,93.0964739390782,93.32792401994978,91.77942681993757,91.87251115526472,89.90487790788923,91.71778131212507,90.92409063066755,91.63228345598493,91.19337106432233,90.36223054613386,84.37487722124372
S06,2026-08-30,7,74.6,2026-08-23,89.67595925975563,86.01873312066459,85.56666765537689,84.15386076832984,87.06015223119127,83.95399472718474,85.78447859830165,87.77686819349016,88.40554937635149,92.37795862470354,93.20134767804826,87.82405218396867,88.04596361432756,89.86565813337053,90.77512010846819,87.6640075138637,89.85179743085588,91.98001131330217,92.28471025739397,82.75616869245256
S07,2026-08-30,7,57.3,2026-08-23,90.83208378312183,95.44871277572675,96.99287847155344,91.0572407021365,93.16849007807784,89.99017891231898,88.62066838467862,88.35046220506942,88.36880803789413,85.25599981035506,85.15143848146712,86.98488641466415,87.2904551097325,85.3044169017247,85.7616603442601,89.07930970873153,92.10946202959335,91.70009732927596,92.59151578630721,80.37620568956649
S08,2026-08-30,7,111.0,2026-08-23,117.88085578849068,113.28709212216555,112.38164970496962,114.30453201423424,112.95824489149945,115.11861428984936,114.64575112200205,113.38117773873465,113.41132529122488,114.78762848717825,115.78479464394705,113.07768614632742,113.71489699227469,113.77479107720511,113.56492884499686,110.37981827599661,112.54697497231619,106.84157823068755,109.35137303216116,112.81471712929861
S09,2026-08-30,7,74.9,2026-08-23,110.6339693527806,116.3513366803644,115.6629757483175,112.81798672801959,112.16768947817357,110.59735031408978,110.72619645049468,112.55669253213064,113.62794154030935,117.572062424251,117.325799873897,115.45087378365652,115.30099432809011,122.04388659340994,119.65279333932058,118.38693135125295,117.36170142037527,125.07490792019026,120.83984225136892,107.6630014692034
S10,2026-08-30,7,91.4,2026-08-23,108.93079734857486,106.10253076729266,103.81017692417787,102.94182950870628,103.79021109920623,101.70167701617643,101.97692292892724,102.41683485848564,102.63619711739678,106.08991816384453,105.92053177697319,105.210600403377,105.1053266797747,110.41722920281548,107.56420328957695,109.15006568772453,108.85273030144829,106.68934109551567,109.9148330960955,102.56167700631279
S11,2026-08-30,7,69.2,2026-08-23,80.9484991458246,83.00180961437033,85.35075417385886,82.4850962093645,83.65474596580103,80.54413515825931,81.29798295213452,82.57049217224122,83.20119705200196,84.79650917053223,84.8059181213379,83.24022331237794,83.28373756408692,83.9084686279297,83.98309364318848,84.36542930603028,85.62372245788575,84.21417274475098,90.9052547454834,79.8681100845337
S12,2026-08-30,7,121.5,2026-08-23,120.013214230979,122.06730495936961,123.2681495206861,120.40023643504266,119.8839911236069,119.91628887468737,120.06989203102553,118.91219293049403,118.55449782780238,117.6151071684701,117.14623080662318,118.50837241581507,118.46120129993983,117.23606454304286,117.99629985264369,118.3885937826974,117.19234954289027,118.46554051807948,115.53534804752894,114.19157611301966
S13,2026-08-30,7,110.0,2026-08-23,117.25923137202797,114.00568097174448,114.42379995867019,114.77461126150665,114.11185522343276,116.051458617066,115.77810595651054,115.0650697844369,115.13746463230677,113.89180194309779,114.4657570021493,115.24019681385585,115.45567523411341,113.50389014652797,113.27189670971461,114.60054217747279,114.87184869221278,110.01410560778208,110.8931674855096,112.89906822613307
S14,2026-08-30,7,60.8,2026-08-23,85.96637476919888,82.62570917154439,78.16925861868,81.19417670680893,80.56465974611359,81.18948279018556,80.75544719803926,82.19295082092285,82.82078132629394,85.90239295959472,86.28290328979492,82.45300540924072,83.04669723510742,83.30084953308105,83.88734397888183,83.12273750305175,83.63407287597656,82.59748134613037,82.39575061798095,76.8907257080078
S15,2026-08-30,7,78.7,2026-08-23,95.77429978896542,85.9060280477143,84.32042609282936,86.33264670586459,84.94608797618763,84.43646918290935,83.2981759355027,85.30215075356621,86.04884627205986,88.62613203866142,88.59389403206963,86.77756502968926,85.59816363198418,89.39467146737236,87.9126062665667,87.66119101388115,87.07676508767265,95.10595181328911,92.27789833886284,80.20937445504326
S01,2026-08-31,8,76.4,2026-08-23,87.11682680178737,85.46100938498977,83.5409009143611,84.56699343377869,83.39382470112622,85.06264033218497,81.76840302831617,84.30140636989049,84.63040779658726,89.50089977809361,89.24681376048497,88.26464079448155,87.28512476512364,91.70481489726475,94.25171373912266,88.43362902232579,91.30525301524571,90.03651856013707,96.85601709910802,83.63092373439244
S02,2026-08-31,8,91.4,2026-08-23,122.70367525346049,123.29628408102127,125.45400413158828,119.06585920927176,119.53190193095496,117.84403091127649,116.22970109054862,119.45117088045393,119.40725060190474,122.07099242891584,122.13279767717634,119.51989169801985,120.06997914995466,120.55964346613203,119.67178507532392,117.94286413873945,119.01620336260115,116.3387265094689,117.3241918870381,117.85222800459181
S03,2026-08-31,8,98.10816326530612,2026-08-23,112.94761419985845,114.41860154064723,112.09507272393239,110.7122523585406,109.78314979623715,110.8823323849238,107.79052025994281,111.19401678357806,111.80966457639423,115.83765253339496,115.80499586377826,112.72910675321307,112.56208547864642,113.11747011457172,114.06433710370746,114.18416723523822,114.02545866285053,114.3652833393642,113.78033670697894,107.51252493177142
S04,2026-08-31,8,223.6,2026-08-23,103.46428636771726,99.70710000912706,96.77326956388401,98.74262627356502,98.35678239514026,99.27811530359533,96.7265612856493,101.31359556743077,102.35059240886143,104.63346413203648,104.0721047265189,102.16138962336949,101.57229832240513,103.92733124324253,103.02497700282505,101.92163685389927,100.94485071727208,103.10818699428013,103.83602455684117,97.45792082377842
S05,2026-08-31,8,92.6,2026-08-23,84.67127461523394,89.74979748317243,86.87887515674575,88.0680970199353,87.59535436416749,86.14767026430546,84.02122696085962,85.47185922350202,85.69451022829328,87.90842366899763,88.15332341875349,86.9995911189488,86.57048536028181,86.35627580370222,88.6264107295445,88.39860082353864,88.58852506365095,90.75435376848493,93.60135865892683,80.9610443183354
S06,2026-08-31,8,64.8,2026-08-23,84.30796276917175,82.26704290072607,82.47550119832734,81.37309527256811,82.1823805846578,81.49902150976143,83.19997724396794,84.46879610334123,85.41461309705461,89.33836015973772,90.17830499921526,85.79810652051653,84.69973787580217,89.42117819104875,90.34763941083635,84.29393038068498,87.7270949772426,91.74064859662737,92.4075263432094,81.03597530637468
S07,2026-08-31,8,62.0,2026-08-23,85.46408729253795,93.27974315303827,89.66852336756558,89.10793110582915,90.47569322704358,87.01008298560114,86.82407177068023,84.64586854662215,84.98146463121688,81.72060514177596,81.63339305605209,83.34922624315536,83.34009242738998,83.57085777010238,83.3019058772496,90.91924119676864,90.62019086565292,94.08838010515487,92.4118387767247,77.95538300957
S08,2026-08-31,8,111.8,2026-08-23,112.5128592979068,112.33679805187532,113.08528382752796,110.55492004448804,110.84804947240195,109.51124576783215,107.76655505235242,109.31318433625357,109.54844029290335,110.96339519364493,111.82240803582327,110.06049568993704,109.7323723588671,111.34047158105032,109.82895214898245,110.3283913884844,110.52661736352103,110.130749300548,110.99091060502188,110.0206602369036
S09,2026-08-31,8,71.2,2026-08-23,105.26597286219672,117.00677017423281,115.79250581843685,113.06020794688023,112.56602650498574,110.73732369730666,110.67280544222712,111.33699648720876,112.0747446332659,116.60966627938406,116.49948828560964,117.5042518888201,115.92168372017996,124.66500215870992,121.2332317147936,121.6568738733019,118.96807949883596,127.19607537133352,125.38994281632559,109.7070345197405
S10,2026-08-31,8,89.0,2026-08-23,103.56280085799098,105.42563184796843,103.96835902759238,102.52638115490242,104.07183213180954,101.66311358657589,101.71160453007579,99.82328226906914,100.07341864449639,103.87880232674736,104.09200194222588,105.211341885158,105.03819802148003,111.16659131390709,109.79408290726799,109.05783465249199,109.42141607148308,109.2045378957476,113.60370912892479,103.3309412275042
S11,2026-08-31,8,70.4,2026-08-23,75.58050265524072,85.30037958039956,86.0763132454659,80.63958628163896,82.63773621437974,78.25648831509967,79.06438697283437,79.01385822296143,79.96170272827149,81.4090789794922,81.24356880187989,78.5819076538086,79.6662115097046,80.57265510559083,82.30005397796631,88.2099365234375,85.38494529724122,88.72019805908204,89.1079086303711,78.1419023513794
S12,2026-08-31,8,111.2,2026-08-23,114.64521774039513,122.34748514092276,122.64977178996382,120.47931604715741,120.28041131883892,119.58969051625876,119.08605365743954,116.31826793125697,116.1681700842721,115.5111466544015,115.7541419165475,119.2495442526681,117.99858342579432,117.73227940968104,117.31217156818934,117.49231730869838,120.07319508961268,115.41040908268519,118.41677628925868,114.62260066441127
S13,2026-08-31,8,88.6,2026-08-23,111.89123488144409,113.11141662273855,113.6508385682453,112.05331024079314,112.57658380155533,110.97485556838762,108.9695706728539,111.11267196110316,111.39266120365687,110.16079353264399,110.42356943062373,111.83791600636073,111.24320482185908,110.6283900635583,109.33823878972657,111.89302479199,110.63352691105433,110.50505827835627,109.44702937922307,109.67128618529864
S14,2026-08-31,8,82.1,2026-08-23,80.598378278615,76.24110516064911,79.13256186833999,78.6461157886939,77.38180692835914,78.14575809447675,77.74841361903556,78.63631496429443,79.5812831878662,82.61423263549804,83.01130828857421,80.36276111602783,79.4768491744995,82.46969947814941,82.33421096801757,82.7899070739746,82.435054397583,85.83648262023925,86.22186813354492,75.12897834777831
S15,2026-08-31,8,74.9,2026-08-23,90.40630329838154,87.25680773368866,86.8248927521041,87.07020297057016,85.79949652096036,84.66541093889487,83.23338735519377,84.89289858681816,85.41574480874199,89.05641844613213,89.22030737740654,88.56612112862724,86.27670672280449,93.38133814675469,91.22810414178032,91.04966357094902,88.22477152688164,99.25918295724053,97.08454391104836,82.71143343789238
S01,2026-09-01,9,85.7,2026-08-23,86.01382817389651,85.48901768692465,83.06898281639158,85.56819126793008,84.44626744994483,85.27529933187583,83.26330873993676,84.94939564296178,85.1725354058402,89.82406424113682,88.98917482921055,86.93320320674351,86.59879635402135,90.04878758021763,92.67056869098118,88.8382749421256,92.96758173533848,91.32211922236851,98.71248625346593,81.25603626796178
S02,2026-09-01,9,101.98163265306124,2026-08-23,121.60067662556962,124.04586346103639,125.08114686851636,119.55800772785184,119.64867358636924,118.22562736769079,117.47363636005393,120.73414750780378,118.95600338663374,128.15856118883406,124.2845863887242,122.11934133257185,119.27093764032637,129.496924836295,121.51251884187971,121.40193076814924,121.62042279924665,122.72150798525129,122.17760320390974,120.55517526354109
S03,2026-09-01,9,101.4,2026-08-23,111.8446155719676,108.66823331499481,106.80924989202738,108.09292278783514,105.64175131388107,108.55356746718297,105.1418628155144,109.63694271360126,109.96405777250018,115.63233789716449,114.808015196664,110.93337663922992,110.44261631284442,113.84604772840228,112.33587297712054,111.5197866848537,112.03599962506976,114.49046739850726,113.1412876537868,107.2614527634212
S04,2026-09-01,9,101.3,2026-08-23,102.3612877398264,95.92043118539777,96.11126664262925,97.70534454076217,95.61250000294834,97.98235244095271,96.14822478321636,99.13755110331944,99.88361767360142,102.59678867885044,101.80545261928013,98.66258076259068,98.89744356700352,101.72119310923985,100.98238495418003,100.30416229793003,101.40012768336705,102.87253883906773,105.33198383876255,97.45715693065098
S05,2026-09-01,9,51.1,2026-08-23,83.56827598734309,79.16657707751321,76.29281499617213,81.35170470020381,79.55927662647883,82.38096687991089,80.4027399328829,83.18236852373396,83.11405015672956,85.42907167162214,85.37529779161726,84.79363704408918,84.44465614046369,83.92893005098615,85.4753515788487,85.63733173097883,88.09089589800153,87.69094110216413,91.56384778703962,78.55150294240032
S06,2026-09-01,9,79.1,2026-08-23,83.2049641412809,78.38893882490973,75.19844945583121,77.71244171841126,75.65197576311307,76.9343815740715,75.64753981445855,80.55694660459245,81.11107477460588,84.87501844678606,85.4186700275966,79.5574925831386,79.21407207761492,82.13954386029924,83.4916680744716,79.83875498090471,82.8678649357387,86.75162157331194,87.20902666364397,77.01375207219805
S07,2026-09-01,9,68.0,2026-08-23,84.3610886646471,81.14747226658214,79.62879881998833,81.11743015132838,77.8848066664611,82.01242702431394,78.91739368349427,81.55531740869796,81.49931193079269,78.07855630602157,77.76957381452834,78.28603277291572,78.50125912513053,78.30673939670837,78.3501771756581,81.28143192018783,82.95422578539169,85.15001846041,83.67948365892684,74.03222919191634
S08,2026-09-01,9,114.0,2026-08-23,111.40986067001595,114.13318796842125,111.99403475377814,112.08001201342518,112.06202879321633,110.72769303688324,109.97173895899986,110.39414961678641,108.89338059765952,115.8297832761492,113.58099682671683,114.5202277456011,110.728884771892,121.0516603742327,113.88982327325003,115.41815455300467,114.09193451745169,119.2545765195574,116.828986958095,113.37987454278128
S09,2026-09-01,9,94.2,2026-08-23,104.16297423430586,116.34687737110235,116.39416917555727,112.57780757044338,111.63454395435863,110.68305929017825,110.72619645049468,111.99554674965994,111.66828291756765,119.47480194909231,117.53392594201223,118.59833472115652,114.31691305977957,128.09350412232533,120.36663811547415,121.71321242196218,117.84282057625906,129.49782507760182,124.75508192820207,108.3271745954241
S10,2026-09-01,9,79.9,2026-08-23,102.45980223010011,107.3240868615779,106.6883562366005,103.66676302567902,104.72274029505081,102.01753963758767,103.06005443034185,102.35868170601982,101.63581087929863,108.61087611062187,106.80208876473564,107.44169714791435,104.54547312600273,118.9868626867022,111.27299967152733,115.19061448914665,111.63914718968529,119.63099863869805,117.72478964669365,105.58209421975273
S11,2026-09-01,9,47.8,2026-08-23,74.47750402734987,74.60889154049718,74.10954941448175,73.1469192374852,72.04908858689548,72.90950305980692,71.94275235797895,75.01803817749024,75.56808891296387,76.86176433563233,76.33373394012452,73.47950067520142,74.42455377578736,75.11568679809571,75.84201850891114,78.76305618286133,78.74969234466553,79.2862361907959,79.55000915527344,72.41390409469605
S12,2026-09-01,9,93.7,2026-08-23,113.54221911250426,126.87667135218364,129.14398308591308,122.13137982111658,122.21112696453086,120.13925175140021,121.3886650226363,120.07834779194422,118.19837390354701,124.64959680012294,119.97196875980922,122.43095075062342,118.80540954044886,128.39818011692591,120.74947534969874,126.94870649746485,123.23046981266566,132.1371151106698,125.92357682159968,117.09015714100428
S13,2026-09-01,9,105.5,2026-08-23,110.78823625355324,115.17653784700138,112.27229982888944,111.77101814586453,110.19213800687953,111.7221718772449,110.88708214810879,111.0099658863885,110.02832167318888,113.32269703320094,110.9946763413293,113.77249394825526,110.08468293121882,115.04049502781459,109.99100094011851,114.72347079685755,111.37151681355067,114.60352240971156,112.36049949101039,112.56797038487025
S14,2026-09-01,9,84.2,2026-08-23,79.49537965072415,73.82404010285472,71.35634896291339,73.34710623043459,69.83076006506188,72.12268641582102,69.74964403456019,74.6404930114746,75.18766746520996,78.06691417694091,78.16159305572509,73.77261314392089,74.01263151168823,75.25848731994628,75.98045215606689,74.35394630432128,76.15363178253173,76.29450569152831,78.25362930297851,70.72109756469726
S15,2026-09-01,9,75.0,2026-08-23,89.30330467049069,85.77006502100856,83.26622757881704,86.2689599695309,84.19002179242855,84.51338806818589,83.3180135975773,82.70752623421807,83.11971953255791,86.14754965645928,85.84671500069756,84.46455481392998,83.47684576851982,88.57837107522148,87.40939047677178,82.71005061013359,84.4134025846209,86.7610473905291,90.88177969796318,79.71917631966728
S01,2026-09-02,10,88.3,2026-08-23,91.9298958170413,86.50560423891693,84.58570410238535,85.70487238570706,84.29203305164316,85.39893622796968,83.02359918923966,86.82473515101842,86.94522522517613,92.12277148791722,90.84746120997838,88.28745459147862,86.95839165278844,92.2906708581107,93.59141646453313,90.75402687617711,91.69339512416295,96.5217168194907,97.51273439952305,86.33286713191441
S02,2026-09-02,10,114.6,2026-08-23,127.5167442687144,122.96714948166954,125.36512780917751,122.4453308223025,123.11295968045278,122.62118129638057,123.45174501166234,123.93674035753523,123.50775047029768,127.57582708086287,127.38783593858992,123.86199756349836,124.29415698732649,126.19863458360945,124.7445735522679,123.41815133775984,124.78690238680159,120.73897500719343,123.76849313463484,124.21917577471052
S03,2026-09-02,10,113.1,2026-08-23,117.76068321511238,118.5352460935626,119.57975127546798,116.72959513261293,116.20288421220872,117.27948184466253,117.04860030999204,116.49078783307758,116.72136625562396,122.45685419355121,121.92964777265277,118.24490007672992,118.37799581800189,120.71232637677875,121.67450937543597,120.5272420338222,120.03698858533588,124.07728609357562,121.04229006086078,116.22345861707416
S04,2026-09-02,10,100.1,2026-08-23,108.27735538297118,107.36991002236968,107.19201749409602,106.44625813097502,107.06962908401098,106.54028517299916,105.33408109959369,106.52180126735142,107.17196205684117,110.7117941720145,109.66900375911167,107.21528271266392,107.19103649684361,111.41687611171177,110.50597313472203,107.6136553628104,107.66794899531773,111.51118687220982,111.70696285792759,106.48411778041294
S05,2026-09-02,10,70.6,2026-08-23,89.48434363048787,93.82371202793016,94.62298758341015,92.51937091650943,93.33382608790518,91.41461837275702,90.8249082452471,90.56661821092878,90.40239358629499,93.24976278032575,93.00700116838728,91.602194077628,90.96672177995954,91.43870855058942,92.82261872972761,93.31331468309675,92.81213594164167,96.79763723100935,96.65910840715681,88.07216191973005
S06,2026-09-02,10,88.9,2026-08-23,89.12103178442568,86.49474778144516,88.51486365225863,85.489898561539,87.58517616066156,84.37020002715043,86.55534584054996,88.03343996320451,88.48575910840715,93.17239984784807,93.56516107831682,88.30931982312883,87.80421289716448,91.51302179609026,92.870138495309,88.82578405652727,91.350851385934,94.31566271100725,94.28490862165178,87.47719892774309
S07,2026-09-02,10,79.5,2026-08-23,90.27715630779188,94.65694785631061,95.1655158591055,91.72926541412724,92.95119695532844,90.02796993321542,89.27229056657501,88.60703397478377,88.44901776994979,86.00661445345199,85.30815292085921,87.03785920824325,86.77285695757186,87.91037202562606,87.28147340502059,91.05235696520126,92.52193952287948,95.35469556535995,92.9282085963658,84.0475933619908
S08,2026-09-02,10,145.2,2026-08-23,117.32592831316072,114.11543624129435,116.09231816243208,114.8052890794055,114.59992868681007,114.83584810217756,114.88203657859864,113.59674294335501,113.44512875420706,116.0552242551531,116.57540305001395,114.71092493874686,113.86701710564749,116.8421123777117,114.9659064565386,115.60253413064139,114.83674986703055,117.24596865517752,116.79209215981619,116.38871081215994
S09,2026-09-02,10,98.1,2026-08-23,110.07904187745063,116.30834905514416,114.8663994251557,112.52397017223515,112.10252070492643,110.77780699069729,110.70532213469968,112.9230636869158,113.81370394570486,117.51041930062429,117.59542601449148,116.29703944069998,115.77047198159353,122.80561988694326,120.66620867592947,118.63498871667043,117.77950804574148,124.49162175399915,123.73125641686575,110.9726480756487
S10,2026-09-02,10,105.4,2026-08-23,108.3758698732449,105.77362912900888,103.80746318131007,103.47678466577935,104.8390601772298,102.08208248374706,102.75679547238755,102.59517290932793,102.63679793221611,106.79343512398857,106.13973143441338,105.38500454766411,105.43774893624443,113.0690484915461,110.93687024457115,111.94958552462715,109.80025198800224,115.75967743737358,115.13615873200554,106.27538063866753
S11,2026-09-02,10,79.0,2026-08-23,80.39357167049465,83.98153676213497,85.58516460880234,83.20819862465268,84.44661752677813,80.89836363292194,81.92492593033651,82.82706394195557,83.28140869140626,85.54712524414063,84.81885948181153,82.42255821228028,82.81140460968018,84.19780006408692,84.9227394104004,84.45869674682618,85.8955291748047,86.68118896484376,87.78923072814942,83.16320838928223
S12,2026-09-02,10,119.8,2026-08-23,119.45828675564904,125.79678213994184,127.92647708629396,123.17306849540188,123.12269278286514,121.06993083049306,121.93403282903549,119.35679780415126,118.59443770817347,117.8048969405038,116.78031550816127,120.7106848852975,118.87904130390712,120.4317461150033,118.01756059101649,122.36802350452967,121.90762936047145,120.40286933353968,121.62597738674708,118.0276728766305
S13,2026-09-02,10,75.4,2026-08-23,116.70430389669802,115.10366790958719,115.76144710735426,115.57288210494487,115.66912572088334,115.74421888685282,115.68074653389719,115.50967465809413,115.40283404758998,115.88023101261683,115.2528401511056,116.6459180014474,115.53621541431971,116.54482280186244,114.44292317799159,117.88332854679652,116.01412164143153,119.19586669376918,116.63020144871302,116.33443890980311
S14,2026-09-02,10,102.2,2026-08-23,85.41144729386893,81.70600271823116,81.62789695956658,82.0481165508105,80.97686532520845,81.32562605571432,81.18201023181157,82.4495225906372,82.9009910583496,86.69683418273925,86.64671669006347,82.71567211151122,82.73832759857177,84.50092277526855,85.32660064697265,83.98859748840331,84.69173774719238,85.50345382690429,87.38632926940917,81.10709247589111
S15,2026-09-02,10,95.4,2026-08-23,95.21937231363546,86.73425482265222,86.40775256799802,86.78081759071719,85.33087787338754,84.5560087866696,83.35285182860073,85.4804888044085,86.0494470868792,89.18602946145195,88.64977934701103,86.24530890328545,85.13734152657646,91.42009451729912,89.9169140134539,86.98340895516533,86.47415736062187,93.48275473458428,93.60778859002251,84.06138995034355
S01,2026-08-31,1,76.4,2026-08-30,81.05257562516485,82.18902575714284,81.46530491773638,82.77715548261693,80.75067769299979,82.43731492247649,81.16985595423282,81.75381614821298,81.57170679228646,83.20819022314889,83.05063988821847,82.52843954222543,83.26219870703561,85.34534766333444,85.8333738054548,81.55501916067941,84.66921164648873,83.00758626120431,83.91942288534982,79.77783896582467
S02,2026-08-31,1,91.4,2026-08-30,109.35773143012416,110.81917901214379,110.52864053195825,109.28993763309607,109.37161354676847,109.40893086627226,108.07138100590753,111.49663238525389,110.99599777460097,110.64903800487517,110.01715161204336,110.17961246073244,110.11368874013422,109.33648996353148,108.58688573837279,110.32921513095496,111.19020019769667,109.19955472946165,109.00868206024168,107.10216050148009
S03,2026-08-31,1,98.10816326530612,2026-08-30,98.23738780875769,95.80250714190367,93.05731165404974,96.35650809761937,93.92150956327245,98.71310526465737,95.20999506787403,100.19073432513645,100.16667073794773,102.63598030635288,102.3238336426871,100.60860651561191,101.1778547150748,101.20935863086154,101.86360663005283,100.11218589373996,100.31447905131748,97.91205049135854,99.92011242934635,98.1553603691714
S04,2026-08-31,1,223.6,2026-08-30,96.68202013159261,91.15033407837703,89.6791147633514,93.75834858017164,91.1400087331658,96.94512140635737,94.5695065914782,100.01825704574584,100.07734026908874,101.45661916732787,100.81408085823058,99.64770694971084,99.48543330430984,97.54848673343658,98.01278462409972,95.46289386749267,95.69543590545653,91.01421346664428,92.00414600372314,93.02757158279418
S05,2026-08-31,1,92.6,2026-08-30,70.08591780517547,68.18923164065963,66.29888122796295,69.96979649964611,69.68573299632072,72.3529977129783,70.91313757450571,73.7771764074053,73.81706192834037,71.7789926801409,71.55360701424735,73.89231779915946,73.47965147835868,71.01684549195426,70.74033143860953,69.43762221676963,68.61784532410758,67.87087017042296,67.9509081516947,65.45197561127799
S06,2026-08-31,1,64.8,2026-08-30,74.82695843837558,67.14207203164116,63.613279421103556,74.02690655487349,70.43999350172128,77.50383497612853,76.58236909345042,75.56211130278452,75.45276699917657,70.83744494574411,70.68706481116159,73.78258375780923,73.62025944846017,71.40747062819345,70.83535592215402,71.20079772131784,72.01677052634103,68.55182950156076,71.0936991419111,66.42484490530832
S07,2026-08-31,1,62.0,2026-08-30,61.65246832774551,65.98513023829837,63.972937587285905,65.08949318037685,67.25015518425806,65.5005579614213,63.85806345341386,63.17928262438092,63.635356385367245,63.21395059313092,63.62619395937237,63.42898698534283,64.46382470812115,64.022182900565,63.56289811815533,69.2363638469151,66.3180002757481,70.16992707933697,66.15067811693463,59.45055933679852
S08,2026-08-31,1,111.8,2026-08-30,104.00402444692442,119.30942630490115,117.83098426663734,121.42363116884552,121.13905926365999,119.34881087620194,121.12605123576658,112.70957503582923,112.81344161297767,110.48871741558997,110.42558989788978,115.89568457867591,115.33059344555824,113.53773532177894,113.60596785809486,118.85373626019447,118.71783576275794,116.5737203147599,115.29459891583411,118.15024504925697
S09,2026-08-31,1,71.2,2026-08-30,96.83254145469215,93.90215793799038,92.21183148266023,95.61667567153762,92.68973219991419,97.63888299855152,94.79177334837883,99.69001927716393,99.37629976613182,99.9287309919085,99.68806674821037,99.2640432391848,99.58305135113854,98.92435392481941,98.81597408396858,97.6912798855986,98.01164420438666,94.49412205559868,96.0404663358416,95.8919592176165
S10,2026-08-31,1,89.0,2026-08-30,93.19324348866411,93.99583928549667,92.47776066888015,92.75264405009365,91.8247718215954,94.43145026601263,91.81529214162374,96.78458012172155,96.2910401923316,98.43045199939183,98.46049560138158,95.98232222625188,97.72667015620641,99.58838070460729,99.63387478419713,96.06734050342016,96.35553527900151,98.14171660968236,99.1009811265128,94.8442828906434
S11,2026-08-31,1,70.4,2026-08-30,68.50166693940946,69.04460494871893,68.8980014165016,73.36018020717789,76.94559958336181,75.14457981951283,75.50663397438468,71.99306727988379,72.5832901750292,68.09717805726187,68.35838015420096,70.02567978245871,70.51241387469427,67.21033699853079,66.8742864881243,75.53970415932791,71.17554478389876,73.78203494889395,69.39241118771689,64.3989160810198
S12,2026-08-31,1,111.2,2026-08-30,116.99837535086552,124.94737632157702,123.1487746962593,125.39631043458888,123.7495210970164,126.20360905157278,123.45863858770609,123.92677681786674,123.7031444822039,118.93306486947196,119.80124228341239,123.17501967293876,123.37181227547782,118.75005953652519,119.95682280404228,120.02008383614677,121.70627968651908,116.30511515481132,116.64867728097099,120.04255431038993
S13,2026-08-31,1,88.6,2026-08-30,102.98636393726892,103.80189868138177,103.95983721475149,105.55684213518543,104.42981043943954,107.24050811189898,105.4079161784628,108.64523394618716,108.38669102106776,106.09787835393634,105.82858814511981,106.15814437185016,107.2371586731502,104.03942503247943,104.56965221677508,105.08601273809161,104.8765846661159,102.44824280057635,102.27924360547748,102.47706140790667
S14,2026-08-31,1,82.1,2026-08-30,74.83007204859679,68.98654504522173,65.24507865589167,73.61218827010542,69.93383044781233,77.3183694071971,75.49591572730775,77.72575965608868,78.36199155535016,76.62873664583478,76.94635835375104,77.65487352098737,76.57522073473248,75.72035732950482,74.42776337351117,71.46926793541226,71.53078851188931,68.25876227106366,69.37324372019086,68.21963253702435
S15,2026-08-31,1,74.9,2026-08-30,76.56888172052733,69.94922407464868,68.01043737590484,73.43855131493488,70.73933104165502,74.5404049064082,72.99171843415965,76.48152956281389,76.67127975736345,73.30912765775408,73.82397565160478,75.61507257734026,75.86505255017961,72.76488479886736,73.34442433629717,72.13436850820268,72.11000880513872,71.42610284600939,70.45340451513017,69.4750277689525
S01,2026-09-01,2,85.7,2026-08-30,80.74422464859825,74.62426596416162,75.08213616637225,78.67139630311458,79.23011416915651,79.82875302856569,80.48083672372644,81.34962608473641,81.48335864203317,83.10768153326852,82.97890855925424,83.19176962035043,83.10533764021737,86.25449969427926,86.35178830283029,81.07520713465554,83.81693055289132,81.42035867827279,84.94286706107003,79.71641050832612
S02,2026-09-01,2,101.98163265306124,2026-08-30,109.04938045355757,116.2056297003175,115.91538790969233,112.37965427858232,113.33115318767693,111.27875763838192,110.82465477158838,112.5457284927368,113.43211560249327,112.7298515319824,113.096662569046,112.71990470886229,111.74505989551542,113.88108782768248,112.90472416877745,115.07098035812376,114.11738686561583,117.0588949203491,115.21043281555174,113.60868124961851
S03,2026-09-01,2,101.4,2026-08-30,97.92903683219109,99.66121684255441,100.41073758505615,98.37559199174979,99.6219213083719,99.36836491392512,97.8698696700196,99.78654450007846,100.2768344266074,102.66067045756748,102.7391626221793,99.78357845374515,99.81715243884494,101.16467350551059,101.12622994014194,102.12233942576816,101.1467062813895,101.54931825229099,101.61527198382785,100.89615696498325
S04,2026-09-01,2,101.3,2026-08-30,96.37366915502602,95.70590449120515,94.1797446934365,95.46657774613708,94.57727842208247,98.03953695393297,95.66962310260827,99.33978348374366,99.91321935653686,101.20702376365661,100.78455307483672,99.34928041100501,99.24465664625167,98.473335647583,99.01546939611434,97.3108953475952,96.69563760757445,94.83600130081176,94.83757009506225,96.54073371887206
S05,2026-09-01,2,51.1,2026-08-30,69.77756682860887,66.40614856715165,64.40880957321278,67.01117807838204,65.35809937874589,68.7124581877816,68.03998242494805,71.86857703072684,71.87396719796317,69.68879320962088,69.3828209911074,69.92738607270377,69.97152116639273,67.51257134346025,67.35482514394181,64.95443370682852,65.68980517727988,63.81819131714957,65.08016445977347,65.26310947281974
S06,2026-09-01,2,79.1,2026-08-30,74.51860746180898,73.22045233127221,73.88249230568148,73.76344003681713,73.53636520006745,74.97725153956472,74.2897171715629,74.90130738871439,74.75437091248376,69.72590415137155,69.55962006705148,71.81796137945993,71.69239108221872,69.76095358984811,68.99758069174631,72.53208820479257,70.10870902197702,71.41162984030588,70.76512591498239,66.16593091147287
S07,2026-09-01,2,68.0,2026-08-30,61.344117351178916,58.469451598673125,55.62026576472353,59.0278139995771,58.115636214254835,58.62516952652336,57.87197679123266,60.98867459978375,61.120203930991025,60.84174676622662,60.61993690218243,61.31304116930279,61.53550620760235,61.51792855943951,61.01481958116803,66.83593602861676,63.18304200853619,67.27898164476666,64.14287896837506,58.61671252931866
S08,2026-09-01,2,114.0,2026-08-30,103.69567347035783,123.75917436435252,125.35140413948743,122.86753337320373,122.81606164812001,119.89027482285968,121.59058064660229,121.13971934582679,116.71351847912757,122.29443679120033,115.78541598584144,122.3037065055558,119.1717666175553,125.15539536740272,120.27937541272132,129.30919573571174,123.29290471341102,131.77404270436256,124.62937245633094,122.00764975811927
S09,2026-09-01,2,94.2,2026-08-30,96.52419047812555,100.12317458331572,100.86991225317216,99.43573791769623,101.07441011344882,98.95510618446339,98.38747227240034,99.23650970799584,100.47158816201348,99.85632076604027,101.45337512833733,101.44289400918144,101.15099337441582,102.47100928170342,102.1801319394793,102.65471079690117,102.45165779931206,100.04608991486687,101.64074662072319,98.61971184355873
S10,2026-09-01,2,79.9,2026-08-30,92.88489251209752,98.45447953948431,96.75931655978262,97.87959952597595,98.05206884333327,96.57047578720487,96.59392750062133,96.60535360404424,97.85912502833776,98.55490602084569,100.69859493800573,97.79833019801549,98.86879004069738,102.512084375109,102.70593250819616,99.38624609538488,100.96511019298009,101.72488630839757,105.54878891536168,98.567748437609
S11,2026-09-01,2,47.8,2026-08-30,68.19331596284286,65.24753540444641,64.7033382277852,68.3925986077935,66.5305577349198,70.25506034990768,68.90038204905393,70.47584237200873,70.73630620581763,66.29465086800711,66.08234579903738,67.85087592942374,67.48115713936942,64.74033100945609,63.99961788994925,65.91001017434256,63.90351660592215,64.36197693688528,63.21710188729422,63.16967280251639
S12,2026-09-01,2,93.7,2026-08-30,116.69002437429891,131.44768201377525,129.03164149700763,128.7851097778822,126.58637101227379,127.7951692577791,125.06515166645795,131.26294784886497,126.8715478692736,129.43791785729783,125.14378588540214,129.71087821466583,126.96921484810966,128.36899273736137,126.7853616986956,130.32383393389838,125.41383521897453,132.49211495263236,124.68382637841361,125.89459841591972
S13,2026-09-01,2,105.5,2026-08-30,102.67801296070232,107.17278354006613,107.71390734663235,108.8595741974354,105.91309314903825,108.94970497907971,107.10593285093215,107.29445804868426,108.78356146932181,105.36609567914691,106.86884846006122,107.0073573759624,107.83021892820086,106.43199648175921,107.62228335653033,106.22654785428729,104.66981663022723,105.00276364598956,104.43799652372088,107.63728143487658
S14,2026-09-01,2,84.2,2026-08-30,74.52172107203019,71.65985174601416,70.46600952137452,73.39957495047567,70.74914683766296,73.64591319524209,71.22191325096908,75.53515234674725,75.84683910097394,74.12219777788434,74.2035175868443,73.87300732816968,73.3943351813725,72.61349102939877,71.70146903480801,70.3119672843388,70.12832668508801,68.95432368006024,69.06843438829694,67.59308210100446
S15,2026-09-01,2,75.0,2026-08-30,76.26053074396074,73.00247740967322,76.01979112901319,73.2044753803427,74.95298009307571,71.9601138838835,73.18808784178543,74.57292970929826,74.72818502698625,71.084600179536,71.50858601842607,73.86816653524126,74.04537615094866,70.5546301296779,70.88576325689043,74.49247965131487,75.2777861050197,73.09775695119585,74.86659702573503,69.8152483693191
S01,2026-09-02,3,88.3,2026-08-30,87.15384141971334,90.1554639991535,89.52219790939158,91.01143971239154,91.01487764147414,90.04284363237923,90.54176593419571,88.67430760519845,88.80643059866769,90.94838597433908,90.98912217276437,90.0294015611921,90.30401684897286,92.95099236624581,93.49492814200265,88.92398812430245,89.2258126940046,89.53630807059152,91.13570286887033,88.34232880728585
S02,2026-09-02,3,114.6,2026-08-30,115.45899722467266,112.93858044657834,112.66124867398248,113.25686774407444,113.77329265036543,114.64504461497413,114.25225502443584,118.14284496307371,117.95643739700316,118.27197484970091,117.8722289085388,117.79815750122069,117.54266338348387,117.99205331802366,117.5414388656616,117.31522254943846,117.15024070739744,117.25137834548948,116.84557180404661,117.40896730422972
S03,2026-09-02,3,113.1,2026-08-30,104.33865360330618,107.9761230735064,108.40619573514394,109.09275812134427,109.42169856709293,110.35035379433913,111.0163439924043,107.11122673579624,107.40139359065464,110.48135250636508,110.29419773646762,108.28210419246128,108.59457844325473,110.43241280147006,110.24791210719516,110.32545441218784,110.76225822993686,108.9775111062186,111.28087776729038,108.20340126582553
S04,2026-09-02,3,100.1,2026-08-30,102.7832859261411,105.13667087925357,106.03489262702038,105.24902174884114,106.61619666858924,107.61609478446044,109.57924412748424,106.66446819305419,107.03778114318847,108.99544658660888,108.68529834747314,107.61280288696288,107.40014686584472,107.36263313293456,107.21561851501464,107.56764163970946,107.3384651184082,105.65922632217406,106.36217918395995,104.196085357666
S05,2026-09-02,3,70.6,2026-08-30,76.18718359972397,75.02433779380307,74.91604671232668,75.7717052068496,73.79661329606344,75.8778817344097,76.42721066636366,80.20824148995536,80.20880034310477,78.67368319375174,78.33468630654471,78.36296275002616,78.72023871285575,76.12075713021414,76.46162226540702,75.7713308606829,75.57235339028495,75.80677988869803,75.46238043648856,74.25432875497
S06,2026-09-02,3,88.9,2026-08-30,80.92822423292408,77.48188474536111,79.2974065068178,79.34327716493281,79.21351171408713,80.70553370167397,80.38427126798598,82.2259880747114,82.07744805472238,77.79824583189829,77.67049877302988,80.4969293321882,80.40389887945993,78.91098706381662,78.46160332815988,79.31071726935251,78.98491065161569,77.04410760062082,78.21119086401804,76.0526362504278
S07,2026-09-02,3,79.5,2026-08-30,67.753734122294,70.40652205431017,67.89808263023751,70.80542275889542,68.2974223015827,68.60341678604728,69.24165182680798,69.32833905901227,69.4550385066441,69.82663675035748,69.83521886553082,68.56706853594098,68.96108670915875,68.62806268419537,68.45585389818463,69.6816591807774,68.21444459642682,68.77647443498883,67.46746965135846,68.09679170336041
S08,2026-09-02,3,145.2,2026-08-30,110.10529024147291,121.21837442551617,119.0577399853236,122.71000494399148,122.49789366986253,119.91938920258151,121.67287414992984,116.03076396252601,116.1503222968766,114.90948996808021,114.34278998639076,118.74520335461585,117.9691527869889,117.96652732159583,117.60864005352943,122.3759320762345,122.0491555717179,122.42147479321449,121.3665908363053,122.55680213238685
S09,2026-09-02,3,98.1,2026-08-30,102.93380724924064,107.7712043657026,109.11223347017213,109.41804661145369,111.44573815625368,108.8982159383075,109.74269643356469,106.3362312589373,106.33673861367363,107.45204356057305,107.41077330453057,106.90737727028984,107.19859602791924,107.13000395638603,107.0240278516497,107.97310164315361,106.7845545087542,104.14817812783379,106.44505884987969,105.57223942620415
S10,2026-09-02,3,105.4,2026-08-30,99.2945092832126,106.70677762751305,107.68570229625654,106.22320712710615,107.7523876260475,104.9873739821616,106.17805781455678,103.70507134028844,103.52576435634069,106.22804058619909,106.45748413630895,103.7869719369071,104.82245625087194,107.74970806666784,107.45440949031286,105.7056731087821,104.73339642116002,108.27002609797887,109.69394577571325,104.92003143855504
S11,2026-09-02,3,79.0,2026-08-30,74.60293273395796,74.56683826830754,77.56503578151498,76.5833007235378,75.78162161254282,77.37865961932198,76.9319792160429,77.89664872033255,78.15750058037894,74.38570459229605,74.29133732659476,76.61039240700858,76.45353253228323,73.36489804131644,73.14429719788687,73.69392664773123,73.57643444878714,71.87416674239294,72.1500216279711,74.25527389390128
S12,2026-09-02,3,119.8,2026-08-30,123.09964114541401,128.45646773929133,126.92366817276066,129.42665341478207,128.53434078991924,129.70095567830515,127.83530315252679,128.09125774247306,128.18185584885734,123.76261275155204,124.98477166039604,126.98683779580253,126.76019637925285,124.71046822411674,125.06490319115775,125.68402331215995,125.72436325890678,124.49015467507499,122.91960566384452,127.02357189995902
S13,2026-09-02,3,75.4,2026-08-30,109.08762973181742,112.03735447492863,112.99361904625722,112.57612447661317,114.2965518178027,113.22333964190476,114.34049863768546,113.6672250202724,113.7229095867702,112.09202470098224,112.16009392057147,113.13059438977923,113.6354376247951,112.54936041150775,112.78072156224933,113.81147827420916,112.69248403821673,113.12483276639666,113.2687851360866,112.43087329183307
S14,2026-09-02,3,102.2,2026-08-30,80.93133784314529,82.84493136745365,81.12979650050988,83.61384805919434,84.42150853427574,83.66776907058379,85.6102410504858,83.8748175212315,84.1816727229527,83.20952573503766,83.25602880205426,83.09522786821637,82.98940339769635,82.19580140795026,81.88836446489606,81.76506486620221,81.48428598131451,80.35325208391461,79.47222867693219,78.04176631655011
S15,2026-09-02,3,95.4,2026-08-30,82.67014751507583,78.96985674897164,78.13375933952462,79.36786276233877,76.67173842439598,78.5453601575705,78.72964410308595,82.91259416852678,83.06301912580217,80.06949266706194,80.53056368146623,81.12219366346086,81.11931452069963,77.33296331678117,78.18718466077532,79.93636736188616,79.54680475507463,77.75164970670427,78.87030443464006,77.93685755048479
S01,2026-09-03,4,85.9,2026-08-30,93.52786002774536,101.46830891500409,99.9903533514053,96.43870368266083,98.22249365337014,93.15117650485377,94.39678189383623,90.79653622763497,91.18337227957589,97.75580002920968,97.14039971487863,94.62289120810372,94.52337147848947,100.5671384538923,102.0576226915632,99.38860108511788,98.35027100699288,104.94524361746652,105.36920907156808,93.45944859640939
S02,2026-09-03,4,134.3,2026-08-30,121.83301583270469,114.186845913365,114.30467385270883,114.47666388137293,115.13707091299047,115.50407507017896,115.44430325504986,119.34438018798826,118.98719387054442,120.90459899902342,120.9081438064575,121.38255195617674,121.23509197235106,122.63128166198729,120.99346809387205,120.23733406066893,119.43442516326903,118.84624462127684,119.95760040283201,120.04160289764403
S03,2026-09-03,4,119.2,2026-08-30,110.7126722113382,109.36963387739382,109.11762692517061,111.04370943351584,111.69933250343212,111.48554587462314,113.11194016834733,108.31276577540805,108.432153402056,113.3817498070853,113.48912018367221,111.27509468623569,111.78869885035922,112.45712631770542,112.691994367327,110.82024162837436,112.59498852321079,108.86785477229526,112.50409096309116,110.67512863704135
S04,2026-09-03,4,121.1,2026-08-30,109.15730453417314,104.716100557861,104.65345200104383,106.04927477414853,106.70528824612401,108.40777040803096,110.631561041323,108.02728309631347,108.23114528656005,110.8086103439331,110.94576206207275,108.60960044860839,108.66154899597167,107.55600395202636,108.20273723602294,107.07937755584716,107.78245105743407,102.80116643905639,105.12469568252563,105.02922763824462
S05,2026-09-03,4,90.6,2026-08-30,82.56120220775598,79.40948938287276,79.91244694768412,80.2502674745378,79.31240289984929,78.6195183549994,80.20079174544,82.21396258217948,82.46621706826346,84.85579588753836,84.18930342538016,82.83130457741873,82.87432768685477,86.96055510384696,86.03011229378836,83.36987021309989,84.11930563790457,87.88849928719657,89.77832129342215,80.81430914742606
S06,2026-09-03,4,74.8,2026-08-30,87.3022428409561,80.3430411847256,82.93771140397486,81.10253147000134,81.25118104685211,82.41731224080134,82.06903828927582,83.6831971849714,83.36332432883127,79.92726008551462,80.14629761832101,82.18695084708078,81.8157622064863,83.66134755270822,82.21885602133615,81.11956374304636,81.6060921396528,81.16045062201364,82.98265235083444,78.77463166373117
S07,2026-09-03,4,75.2,2026-08-30,74.12775273032602,75.84303502414703,76.96397031786366,74.07890366358913,73.82706438324335,70.79317298607366,72.74684665699704,71.42929979051861,71.80855127062115,76.41780515398297,75.78594060625348,73.09964032854352,72.9748367854527,77.77039190019879,76.73735471452984,76.91388745989117,78.02237935747418,82.67148252214703,82.17912145342144,74.32970281328473
S08,2026-09-03,4,137.5,2026-08-30,116.47930884950495,126.37947358064716,127.07014148305733,124.60798007361839,123.74534752478388,121.45999648206154,122.84642143761837,122.05475077893226,122.42846045758216,124.4134715583512,123.52154336239784,124.87448010708778,124.68305359150855,126.9461613681504,126.56014595295875,129.24325583245246,126.63526294495551,132.0550023105332,128.70221314694373,128.28303680684058
S09,2026-09-03,4,106.9,2026-08-30,109.30782585727266,113.88254726691392,115.73268345065937,112.37748414500876,116.29324141683671,111.18412206183736,113.16322838117347,108.45845606667656,108.71367934090752,114.20205023629326,113.41795065743584,111.45031168801445,111.84185698372978,115.31934836251396,115.33565428597588,118.18712904793877,115.9233427320208,120.55690100533623,119.80422308785576,110.89529135567803
S10,2026-09-03,4,114.4,2026-08-30,105.66852789124462,112.35128566770926,112.68450961596469,109.54354840325186,112.16609607344895,107.15078197580776,109.22011091524791,105.82729996272496,105.90270603724889,112.97806347438268,112.4646891457694,108.97580994197301,109.58055866786412,116.84486378261022,116.0275267464774,116.8675211770194,113.43860806056432,124.47992886134557,122.22539890834264,110.08644093104772
S11,2026-09-03,4,101.4,2026-08-30,80.97695134198997,77.03646674664706,78.3342540558496,77.69896408341819,77.0744764287818,78.82922057717539,78.39141348171161,80.56773741585867,81.08406908852713,79.98466952187674,79.64701922280447,79.602912739345,78.94334252221243,78.69328387124197,77.6639741216387,76.0127609525408,76.67714960915701,77.3210614476885,77.49476845605032,78.3192098890032
S12,2026-09-03,4,138.4,2026-08-30,129.47365975344604,132.9414881837435,134.32185116645377,132.3538097392142,134.5523031438097,131.57108387931012,133.20630017197652,132.57883541924613,132.92349427086967,131.8385819707598,132.42060344559806,134.7832397733416,135.23774474007743,134.53387110573905,135.3778623853411,137.20893948418754,136.17316716057914,136.72769062859672,135.89798777444022,132.32366268975395
S13,2026-09-03,4,132.5,2026-08-30,115.46164833984943,112.89345033804594,112.73643768016005,114.07422950840548,114.42199035184461,114.33926366258272,115.10002332809661,116.43163790021624,116.74255003247943,117.76112856183734,117.55390657697406,116.60977424894061,117.18305315290179,118.22962488446917,118.2044278553554,120.61171449933734,117.5740100315639,121.58432306562152,120.80765165601458,115.91051210675921
S14,2026-09-03,4,114.5,2026-08-30,87.30535645117732,86.49493398936617,86.82305277440665,86.68435945637474,86.29994806780039,85.32418177307186,87.16725749248043,84.90823808397565,85.04120794023785,84.55570855821881,85.14961400713239,84.45667806352887,84.01423135484967,85.74155870165143,84.37994065965924,84.43400922502789,83.78286996568951,85.06772485460553,82.53229680742535,80.29548993791852
S15,2026-09-03,4,91.1,2026-08-30,89.04416612310786,84.49863286353133,85.82053062192642,83.55785477344324,83.4445105153036,81.27176965849344,82.41741091302227,84.0920155933925,84.06676515851701,83.48303732190813,83.89230474744524,85.65930303846086,84.9012893131801,85.36042532239641,84.94992861066545,84.9766238621303,85.72770723615373,84.40775236402239,86.64200815473284,82.6401227406093
S01,2026-09-04,5,106.6,2026-08-30,98.08156209526153,101.74758024256056,100.77437374274868,98.68989375150412,102.15393711971244,95.96412387665383,98.16900603540361,96.3350885118757,96.34035470145089,100.39539887564523,100.27764489310128,98.4340875353132,98.14900185721261,104.49654366629464,103.11021973746163,102.39680649893624,101.34330727713449,107.47942711966378,104.59260728018624,94.85145451681954
S02,2026-09-04,5,124.2,2026-08-30,126.38671790022084,116.31694388474962,115.87059287632101,118.6081036677881,118.91231291052046,120.81596607707036,121.15364219190735,125.97249393463133,125.65406589508055,127.36954574584959,126.89204673767088,124.5427406311035,124.21336917877196,124.9907911300659,124.74982528686522,121.19174556732176,121.52049140930174,120.53015403747557,121.03773956298826,124.34058361053465
S03,2026-09-04,5,130.1,2026-08-30,115.26637427885436,117.47270255683107,121.92448227936877,120.88619488474788,122.56943783580861,116.91252592546951,117.63953965072977,114.77200954982212,114.93531483241489,120.14016598292758,119.6929766518729,116.19035976954868,115.24280041285922,121.91868656703403,118.88859051295688,120.99321812220981,119.66930454799106,122.1794096810477,120.29998463221958,115.23441952296665
S04,2026-09-04,5,100.3,2026-08-30,113.71100660168929,121.8128633083779,126.59611497068914,120.63838224173179,124.0022791263056,115.59115269962821,117.48765229911655,114.9899257659912,115.14687194824218,119.75171508789062,119.08414497375487,117.56011428833007,116.57104339599609,121.91616668701171,119.66458168029784,123.83271827697753,121.26039924621581,125.49450721740722,122.15572204589843,112.64431324005126
S05,2026-09-04,5,70.9938775510204,2026-08-30,87.11490427527215,79.53847144289506,77.62906085031221,79.35683721360269,79.4457537275985,81.40278189558269,82.17816692084818,85.73769476754325,85.29699423653739,85.11915495736258,84.41097548348563,83.04754355294364,83.37681391579764,81.55806544167655,82.04851439339774,81.32191565377371,78.93991759163993,81.96058562142508,80.0653982434954,80.55309679848807
S06,2026-09-04,5,70.4,2026-08-30,91.85594490847227,80.39720550963195,80.82128830341739,83.83805448666546,83.23258473180294,86.3688913914882,86.76667551705438,88.98972336905344,88.48114506857736,85.84466473715646,85.4161712374006,86.04150883810861,86.0098630632673,83.70836941855295,84.37599579947336,83.71305291312082,81.20856825964792,83.47499386923654,82.58617894308908,82.0766698564802
S07,2026-09-04,5,84.6,2026-08-30,78.68145479784219,72.46974866825134,73.06069937639846,72.17448787318983,72.34973510541172,72.0973882265767,72.93642867368077,74.86585851396832,74.63932653154644,76.22499509538922,76.00760884966168,73.00317807878766,73.57704015459332,73.80286832536969,73.47808118547711,72.40604253496441,72.67566152300152,73.74412580217633,73.42135282244,74.87474103655133
S08,2026-09-04,5,117.6,2026-08-30,121.0330109170211,126.22493543589161,126.32325023453524,126.42490247072278,125.58546086415772,121.1723553233695,122.67277890678558,122.89988360669105,122.51369557644813,123.75500188137977,122.66800008084266,127.41140923764198,127.0480272557923,128.9963276174256,128.8945706274697,127.83255485560386,127.37098447348563,127.21565804745643,127.32790086533515,132.9874018218705
S09,2026-09-04,5,115.9,2026-08-30,113.86152792478883,120.0764540612196,124.52381536292938,120.41037746165779,122.9889007132661,115.20315175599384,117.12569961262099,114.1658792768206,114.03436949593682,117.21996977669853,116.9732637677874,114.84995177132744,113.79000380379814,118.47128012520928,116.04409697396416,123.33668043954033,118.8100614820208,122.63386443001885,119.37900641305107,112.90131476266045
S10,2026-09-04,5,111.7,2026-08-30,110.22222995876079,114.80930588872687,116.64383524779707,115.1273487070098,115.89299632368443,110.46378644498397,111.28945857946262,111.36584843226842,111.05968464442662,115.28427685328893,115.38918484279088,112.02791203090123,112.34101856776647,118.0502604348319,116.64476955958776,116.28296650477819,114.518516431536,122.8968294961112,121.09386051722936,111.94105137416295
S11,2026-09-04,5,70.4,2026-08-30,85.53065340950614,73.09325958884367,73.59905603690511,76.94058431250492,76.94941084205,80.85825414762905,80.16927240514653,84.4251898084368,84.41403658730643,82.19692499978201,81.80467017037527,81.83699210030692,81.88558943612234,78.9330342565264,78.99463684899466,76.88901551110403,75.43998511178152,76.80779774529593,75.95510752541678,79.67222578866141
S12,2026-09-04,5,133.6,2026-08-30,134.0273618209622,140.89452855038468,146.84112320084176,137.07891098438165,140.1133456847764,134.77293146885282,135.54688626426338,136.26099531991142,135.94027893883842,134.2698015485491,134.7268809591021,136.4336108480181,136.36946146828788,135.84053128106254,136.52577250344413,140.18843405587333,137.86778586251395,139.90289538247245,135.81233542306083,137.6556534085955
S13,2026-09-04,5,129.5,2026-08-30,120.0153504073656,120.71627797272495,121.89380205628252,119.18933511795987,119.33134644575337,119.71604152284606,120.32790149476128,122.41006769452777,122.05444731031146,122.56665910993304,122.1552916935512,120.14600672040667,121.69194902692523,119.95165361676898,122.10081114087787,119.88649000440326,119.54001440320697,119.88681616101947,121.55294908796039,120.54402460370746
S14,2026-09-04,5,81.8,2026-08-30,91.85905851869347,86.1648771749123,85.38925144853096,86.0138689380124,85.63656134531075,88.27557871820717,88.52459140602949,89.8129040309361,89.68132558550153,90.50097623552594,90.16867604936871,88.52226987566266,88.71222463335309,88.41988530840192,88.64583173479352,86.05926385607037,85.45049062456403,84.21095433916364,86.0449596949986,84.99719300951276
S15,2026-09-04,5,103.8,2026-08-30,93.59786819062401,84.61483822671133,84.87516214908037,84.55824105782055,84.7277599338895,85.09343616117621,85.8330591602063,88.44204744611467,88.15121111188616,86.46435770307268,86.72826608930315,85.80677828107561,85.97558149610246,83.00088438306535,83.79615053449358,85.87399706159319,83.12321409497942,86.51918825422014,84.4454673222133,84.77524599347795
S01,2026-09-05,6,110.4,2026-08-30,96.06173075071499,94.77611777064712,93.4494974223455,94.50368438694717,94.829921835328,95.10414348857931,95.73595524344617,93.8666818346296,94.12462498801095,98.53866936819894,98.37643029349191,95.73368622916085,96.10609223502023,101.48548867361886,100.52627160208566,95.72275902884347,96.86187150137765,98.75896813528878,98.89229752676827,92.98868538992745
S02,2026-09-05,6,122.1,2026-08-30,124.36688655567431,119.98068404495343,120.72295116512204,120.15759989065452,120.51717782101787,119.74529032134781,120.73499056104554,123.89297275543211,123.15813903808592,126.6701934814453,125.7653158187866,124.48315982818602,124.62510852813719,126.93570594787596,126.24046306610106,126.59445075988768,126.79892616271971,129.2623508453369,128.1078689575195,122.67590503692625
S03,2026-09-05,6,105.5,2026-08-30,113.24654293430783,118.23468794873412,121.23811190072354,117.46364835982486,118.03553859763876,115.5779802533713,117.42658630050627,113.27779167720249,113.01800888606479,119.56375950404575,118.76121777125766,114.41107624598911,115.14426296779087,119.03735226222446,117.4891077859061,118.72485226222446,118.15590542384555,122.4572359902518,119.13250225612094,113.51371830531528
S04,2026-09-05,6,115.7,2026-08-30,111.69117525714276,110.79203095271438,113.51299157616981,111.03000375223118,112.76048543849951,111.7155163144938,113.83523421713372,112.96051731109618,112.7905553817749,118.09011497497558,117.19143905639648,114.3302635192871,113.7514232635498,115.3916877746582,114.48103656768798,111.74782409667968,112.90897502899169,111.41206874847411,111.9662441253662,109.8649314880371
S05,2026-09-05,6,87.4,2026-08-30,85.0950729307256,80.64270394856761,79.57537292402691,81.36146083324114,79.25073729020289,81.92942683529063,82.34890539292213,85.4022836957659,85.5828085218157,86.42917540413993,86.06230833871024,84.39705946786063,84.60292723519461,84.50258543831961,83.97264197213309,82.72370150429862,81.72249224526541,83.50587752205985,82.42230513436454,80.2358665738787
S06,2026-09-05,6,60.5,2026-08-30,89.83611356392572,82.59576172928953,82.14663391164184,84.94124880750608,82.8871346927378,86.7834080352948,85.59131458850345,89.02002541678293,88.24513547079904,87.70815961020334,86.73218838827951,87.80553834097726,87.94544045584543,88.69394795554025,87.50058476584299,84.5916730608259,85.9005634035383,84.60771863119943,85.01139084952219,81.86894099371774
S07,2026-09-05,6,92.1,2026-08-30,76.66162345329565,75.94365988948239,79.5326542596225,74.79299030737396,74.4192388381892,73.34110162154727,74.93518504756625,74.44183965410504,74.44475408281598,77.4643101283482,76.80765577043805,76.87712522234234,77.31832547869,80.39090963091168,80.07005925859723,77.29996152605328,80.62172742571148,78.75194974626812,81.31326909746441,76.48475881304059
S08,2026-09-05,6,143.3,2026-08-30,119.01317957247457,124.30750575852785,123.0171143377476,123.92882500345989,124.43430408237711,120.36695592061531,121.93108033104772,120.84671387936561,121.09354529644935,121.37849746014564,120.78055129315345,124.05794177319495,122.7568815734574,125.46244869496314,124.48550043370216,126.76662836338966,127.67316246892898,126.73412595059364,127.20050094391792,126.34651134278266
S09,2026-09-05,6,122.3,2026-08-30,111.84169658024229,112.7873384713137,115.15038933340325,112.83695907626579,115.19844688744666,113.31754165707582,114.48526536711984,111.1121683393206,111.24002077920098,114.1485395703997,113.97928145272392,111.99175360543389,111.84970000130791,113.25883391244072,112.22016814095635,111.66193392617363,112.02534392220635,109.6844454084124,111.51209738595146,110.27877333504814
S10,2026-09-05,6,91.7,2026-08-30,108.20239861421425,118.02292967035842,123.0482160664128,113.67598689869247,117.54627053823859,110.82434569210247,112.96048221048717,108.8974455697196,108.84395874568395,113.71498859950475,113.6543864113944,109.36030472346715,110.85977734157018,115.50405682155065,114.73674572535924,113.34538639613561,114.83469189235143,119.86231030055455,121.99537838527135,110.11288727351598
S11,2026-09-05,6,69.2,2026-08-30,83.5108220649596,80.60690010760523,82.03704331671378,79.69691646541713,79.55844861323818,81.31577668408663,80.2948539507411,83.74424155099051,84.05643732888358,83.04061491830008,82.732702091762,83.73806078774588,83.93165762765067,83.37124522072928,82.72751410348074,78.93890602929251,80.26517374856131,81.12313635689871,80.3064268384661,83.09385283333914
S12,2026-09-05,6,122.5,2026-08-30,132.00753047641567,131.75601651306468,130.23014227089914,132.69171538954683,130.4455855665026,132.1591085474978,131.18611450678276,133.26916258675712,133.49208062035697,131.5335797582354,132.38013809067863,133.22969048363822,132.85257165772575,131.9637097631182,132.8570019517626,130.09908222300666,132.0369474206652,128.9236720417227,129.63737844569343,132.6499401841845
S13,2026-09-05,6,105.0,2026-08-30,117.99551906281906,115.7924581637303,116.33230447105267,116.38906959040325,116.26112239196998,117.14359807980895,118.44350614026467,119.05421175275531,119.24205221448626,120.00926698957171,120.05185903821673,119.0429459980556,120.10984911237445,119.52484907422748,120.84615816388812,117.11019052777972,118.34602464948382,117.0652038029262,118.74785341535296,117.23767294202533
S14,2026-09-05,6,93.9,2026-08-30,89.83922717414694,88.9957732289763,89.99172351260637,90.27551187384223,89.40230274051774,89.3917852714454,91.33047389914019,90.41319051470074,90.22953191484723,92.89408841814313,92.22890630449567,89.54463735307965,89.63835874285016,90.76901784624371,90.9737526484898,87.92623582567487,89.77656141008649,87.43814626421246,90.05406156267438,85.25878396715436
S15,2026-09-05,6,111.1,2026-08-30,91.57803684607748,92.43775974096422,90.51350999153017,88.51740016016458,87.35586358885516,86.90661102573853,88.478072848213,88.60628351484026,88.26138147626604,89.03827318464006,88.76124414716448,90.33152994428362,90.40654596601213,92.00813898359026,92.28376039777483,94.64123949323381,93.98613008771623,98.90878328595842,97.94070848737444,84.33393797193254
S01,2026-09-06,7,103.8,2026-08-30,90.20470246573522,86.02825697904419,84.58446529429449,88.13560204905133,86.30868006833114,88.46352354855472,88.5226830935193,88.05263497488839,88.22173001425607,90.53294636862618,90.43130662100656,89.16797234671456,89.25604130881173,90.46625687735421,89.83624341147286,87.25691582815988,87.37017609732492,84.46999194281442,82.55662371771676,83.9855749811445
S02,2026-09-06,7,112.5,2026-08-30,118.50985827069454,111.17159097324456,110.39268283139846,113.27283821090691,115.19871697157855,116.17088472287722,116.68031340967536,118.06432371139525,117.93796949386595,118.50812988281248,117.96953134536741,118.23721437454222,118.79602413177489,119.0197275161743,119.69300155639647,117.07064466476439,119.38436965942381,114.09217600822447,119.54041843414305,116.53628377914427
S03,2026-09-06,7,109.8,2026-08-30,107.38951464932805,119.32971896242356,124.08260738591254,117.51626991852741,122.93332132982745,113.68567422238331,116.28123577127421,107.03270500728061,107.38292664119174,110.98527878352573,110.76233929225376,109.01335400172641,109.75548046657016,114.81411045619419,113.915458379473,113.32434719630649,113.1830078942435,120.70628422328403,119.37461536952426,108.66141575404575
S04,2026-09-06,7,102.1,2026-08-30,105.83414697216298,119.26007868598887,127.36141872255793,116.15938539144544,121.18906020941075,111.27997915513788,115.15325194959397,107.13186779022216,107.57038536071776,110.29091777801513,110.21452846527099,109.17153205871581,109.32287826538085,113.93189373016357,113.06348838806151,111.52862682342528,112.41347064971923,119.74502601623534,120.920357131958,106.28294172286986
S05,2026-09-06,7,68.0,2026-08-30,79.23804464574584,71.21267407025098,69.61286051365494,74.77228903333038,71.87575518704084,75.17081114125027,75.90691447402975,80.16265681130545,80.25971224648612,78.99786856515067,79.0128851209368,78.39646818978446,78.60835078103202,74.70410778863089,74.95739176613944,76.65276816231864,74.69448759896414,72.18490889413016,70.76722362382071,71.14483383042472
S06,2026-09-06,7,82.3,2026-08-30,83.97908527894596,75.9761507119628,73.31191899004101,77.09369565578172,75.70270173737553,80.05202585254956,78.6962638299918,82.65246646063669,82.4922439302717,78.80501644270761,78.81811253683908,80.79014651434763,80.71122758047922,78.29415647642954,77.16991834299905,79.54099957602365,79.4240819658552,80.6602274622236,78.55700437682016,73.35567609923227
S07,2026-09-06,7,48.0,2026-08-30,70.80459516831588,69.81508941018001,68.06894600185973,70.49184666171506,68.17449982641443,68.40345615318765,69.57236157199176,69.20221276964459,69.27639909471783,69.97742791857037,70.07036252702984,68.38920922960553,68.92580743517193,68.21214910234723,66.993862588065,69.47172208513531,68.80902143205914,68.53430410112652,66.43941922869,64.82636686052594
S08,2026-09-06,7,98.10816326530612,2026-08-30,113.1561512874948,121.49614526178487,121.64330343960064,123.0902702164834,123.73149507472625,119.89708374499176,121.33270872020046,117.03532157208411,117.02497611309974,116.82587466504066,116.01035628582923,120.56835112835853,119.9880851295182,117.66373763348548,118.39829287793128,120.45939908291786,120.80068955685584,115.51822600628822,115.7004760291764,120.65418420102088
S09,2026-09-06,7,98.5,2026-08-30,105.98466829526252,108.55788509592765,107.19513760019102,109.0034341660118,108.98015557676439,109.4303244309127,109.273122905502,105.71455958230156,105.7520404134478,106.97920706612724,106.70887949807305,105.63996556145806,106.00751784188408,103.76721432549614,104.0237689290728,106.31772997719902,104.92080357415337,103.20625069481987,101.23534014565605,101.84653714043755
S10,2026-09-06,7,127.6,2026-08-30,102.34537032923448,103.9865949749417,103.85799903718399,106.12571708565353,105.16449643993056,105.77707117476739,105.6381229699841,103.08339870997838,102.94106377192907,105.7552050454276,105.75558746882848,102.51955832072667,104.00103558131627,104.06769264766149,104.61512268611364,103.75243176051549,102.44454039164953,103.85243500300817,101.3236488206046,101.17141426631383
S11,2026-09-06,7,167.8,2026-08-30,77.65379377997984,73.24138459283427,72.86776419797523,74.5976853985814,72.89669771902813,76.73664302177303,75.28412538789686,78.6398590360369,78.78887446267264,75.80555708748953,75.97056277138846,77.40192635399954,77.39222653252737,73.8379050050463,73.05992086274283,74.16600950104849,76.57522137505667,72.38700325829642,76.65438063485281,72.63288624627249
S12,2026-09-06,7,109.0,2026-08-30,126.15050219143589,128.5293844751736,127.35990859030042,128.7523513669491,127.77826410840282,129.98838805997627,127.07616609477013,128.77078466756004,128.8349451337542,125.70300929886955,126.67903488022941,127.98337929589408,128.51148467404502,125.21428149087089,125.6058429990496,126.94954007012504,127.19675033433097,125.2831210408892,124.66192953927177,126.77723973137992
S13,2026-09-06,7,131.0,2026-08-30,112.1384907778393,111.08508083172035,111.50632354933225,112.11354009524334,112.28486556755949,113.65294959119343,113.70701684413618,114.13462366376605,114.25551475797381,113.18752779279437,113.2037707737514,113.31637968335833,114.99976362500873,110.80280532155719,112.28834213529315,112.19976844106402,112.16674913678851,109.04394884620395,108.1961437038013,109.35889555726733
S14,2026-09-06,7,56.4,2026-08-30,83.98219888916717,88.8367343311258,93.90224997345084,87.4771675642243,90.41242722772127,85.58992040744437,88.76136400743232,84.83217874254498,85.02691617693219,84.91421476091656,85.3163630076817,84.21678033556256,84.34691968645367,85.93481126512799,86.77366891588483,85.92197290148053,85.83646741594586,92.93366018022809,90.56240621294293,79.66376510347638
S15,2026-09-06,7,88.1,2026-08-30,85.7210085610977,77.1670685710581,75.05012924207387,78.63323063721698,76.42032139127431,78.1179529140849,78.68880404238575,82.69122823987688,82.78828367505754,80.08584532056535,80.67630895887102,81.05464872632707,81.42724737439836,76.43263658796037,77.94831451688493,79.13627657209123,78.18224176679338,75.91176924024309,75.45655283246721,74.44017919812883
S01,2026-09-07,8,77.4,2026-08-30,84.35289782416832,82.93422597154023,83.01815657106718,83.40319866765408,81.51722673882358,82.5212865095595,81.61877230684202,81.13214399474008,80.987006684712,81.86597325461251,81.43470027106149,80.91040851729257,81.54755046027047,82.67058231489999,82.94325449126107,80.56686725275857,83.5565445627485,78.73674406664712,80.97847511427743,78.69855125801904
S02,2026-09-07,8,116.0,2026-08-30,112.65805362912764,111.39457325247935,111.51994237042962,109.6470705630127,109.96105062744806,109.55211955552105,108.32211333768637,111.41811172962187,110.97753016948698,110.47228512465952,109.74791430234907,110.20862493962048,110.5686480283737,109.52423684597014,108.76386384963988,110.6127188682556,112.00537424087523,109.00103693008421,109.86726479530333,109.03282086849211
S03,2026-09-07,8,119.3,2026-08-30,101.53771000776116,96.93547704037292,93.90777728128855,96.69616125467473,94.56942247383807,99.04007373614971,95.49402683946406,100.1122140271323,100.14820283481052,102.67515104838779,102.05459755488803,99.98964756556919,101.04947966166904,100.26557963916233,100.18257087298801,99.80787390300205,100.19699424334934,97.02246540614536,97.90121465751102,98.71292722054889
S04,2026-09-07,8,74.4,2026-08-30,99.9823423305961,91.37771822760254,89.9803911438566,94.21341785987359,91.56677425748391,97.33525403800088,94.81505784029441,100.4856556892395,100.60994687080382,102.19493188858031,101.54862847328185,99.9469934940338,100.11888899803161,98.0906303167343,98.28884842395782,94.91547861099242,96.17195858955382,91.22059001922607,92.65517320632934,95.45623459815978
S05,2026-09-07,8,76.3,2026-08-30,73.38624000417894,69.43033168091556,68.4165685060907,71.24112034083522,71.13177499491576,72.91150932586004,71.55395173056831,73.73159220559256,73.86797144753592,71.59146836144583,71.08868077141898,73.44687846047538,72.93006565911429,70.7837865625109,69.92635062081473,69.44189420086997,69.2077675138201,67.01634335262435,68.07476499421256,66.64110442740576
S06,2026-09-07,8,77.1,2026-08-30,78.12728063737906,67.97632381587299,64.92667538606273,74.75307750704575,70.9746968604833,77.76221699657408,77.03212621933923,75.98858968870981,75.86756406681879,71.12828747885568,70.93362538473947,73.51278297560556,73.2899038042341,71.04214827673776,69.8943731035505,71.43234722273691,71.62958352225168,67.73178212302072,69.61310546057565,66.8828574861799
S07,2026-09-07,8,122.0,2026-08-30,64.95279052674898,65.00597959698443,64.37934296130268,65.58051508473739,67.61920325292564,65.79734758814442,64.47866231026718,63.0531568118504,63.4567155429295,62.754138905661435,62.618558365958066,62.77218194689068,63.74163861955914,63.32770009722027,62.001037079947324,67.9017748423985,65.74878831590924,66.90090604509625,63.71535297121319,60.15106268610272
S08,2026-09-07,8,95.7,2026-08-30,107.3043466459279,123.49188043003132,122.15338074633692,123.06005556723443,123.50289019406517,119.98101440683342,121.30664032993339,113.88818106915443,113.86636100079505,112.45972762371986,111.9292005088517,118.74921641613929,117.97298083569495,118.85715327527015,118.60982928540199,123.35705886151283,123.14684520031898,123.2693065192887,122.4582794692704,122.63936314846961
S09,2026-09-07,8,92.7,2026-08-30,100.13286365369562,94.56042505237646,92.67607981501737,95.94182930617924,93.04288691558288,97.90022032281831,94.99803311196794,99.06834724290032,98.7915998373713,98.58651402337212,97.98655477283258,97.49105187995094,98.08481475455422,96.27020588261742,96.03762092930931,96.89305832726616,97.8523810182299,92.83156540734429,94.35225131852287,96.22763934476036
S10,2026-09-07,8,90.3,2026-08-30,96.49356568766758,94.57724813479248,94.02010059058254,93.36010164691179,92.3679195018271,94.86197283320239,92.03202429165647,96.16290772983007,95.706340442385,97.08823264666967,96.75898159572057,94.13234777280263,96.21061504908971,96.91151655742101,97.24090946742467,95.95509100982122,96.11600876876287,96.97549308368139,97.54720486232213,96.29031921454839
S11,2026-09-07,8,57.3,2026-08-30,71.80198913841294,70.55054074301393,70.69440498273991,73.6960244151575,77.45632279506934,75.39535210655806,75.91377736185495,72.7362786088671,73.21466667992728,68.80110271317618,68.91688688141959,70.2541967187609,70.90977294785635,67.87545497758047,67.04611571175711,76.36234839303152,73.20072622639792,74.74909837586539,72.18336994988577,66.50336296898978
S12,2026-09-07,8,119.8,2026-08-30,120.29869754986899,126.11198091179897,125.21999724333416,126.32239201250769,124.6086222204673,126.7551156143852,123.78774459008531,124.60630314690727,124.35623305184501,120.27522700173515,120.70669501168388,124.59848015648979,125.11737339837211,122.17775528771537,123.1095427785601,123.16081660134452,124.31060259682792,121.41007893426078,121.05272333962577,124.16369765145438
S13,2026-09-07,8,119.9,2026-08-30,106.2866861362724,104.29674984690797,104.69154618087748,106.04809192301374,104.846166755177,107.49027264336098,105.72388867735995,109.11263285790172,108.91929762278285,106.83299853120532,106.56313266072955,106.88882054601397,108.76753772263017,105.6551138332912,107.28299810205188,106.06191195760455,106.53569211278644,104.04375089917865,104.94999160085406,105.9366432598659
S14,2026-09-07,8,77.4,2026-08-30,78.13039424760026,70.2040051839157,66.05710023680741,74.92054388918908,70.85006045682022,78.06208327660948,76.22120073643258,78.683120400565,79.20723310198102,77.84691730226788,77.92097249712262,78.08161702837262,76.93799796785626,76.17790713991437,75.00569430078778,71.61706528152737,72.20574829067502,67.17096152986798,69.72984066690717,70.47523763860974
S15,2026-09-07,8,58.2,2026-08-30,79.86920391953082,71.22393286939062,69.65443920121204,74.60094002246161,72.12826951181385,75.10157283185839,73.69003760129233,76.26016363416399,76.39654287610735,72.69778236661638,72.84165677343096,74.94634756360735,75.4860790661403,72.11342033658708,72.66695460591997,71.20690986428941,71.12723132882799,68.87194141660417,70.08006891523088,70.16571380112852
S01,2026-09-08,9,96.5,2026-08-30,84.04454684760174,75.05929308380784,74.75464466915751,78.67532778309608,79.1059903972406,79.9108655346178,80.86958649851022,80.72795464651925,80.8986585344587,81.66247727530343,81.16654839175088,81.77427961485726,81.5911097730909,84.0752041544233,83.23467375891549,79.84297605412347,82.42448522703988,76.91660549300057,79.87496026413781,79.0228083040033
S02,2026-09-08,9,104.3,2026-08-30,112.34970265256105,116.09901248646464,116.0993901920373,112.7817716830485,113.78480796586244,111.53015498570721,111.46669001416834,112.46720771789549,113.41364746093748,112.4655066013336,112.64727287292479,112.748917388916,112.20001785755156,113.64930777549742,112.72078661918638,114.92367582321165,114.77306394577025,115.44386081695555,114.82588272094725,115.02164106369017
S03,2026-09-08,9,108.1,2026-08-30,101.22935903119456,100.54742765672225,102.01364251418654,99.84582922472758,100.52323137301171,99.82258175033094,98.62448664986123,99.70802491733005,100.25836628505161,102.6122505051749,102.28977364131381,99.36516278811862,99.88919573851993,100.04167836734226,99.57068508693149,101.74563401767185,100.95787614413669,99.13981431552341,99.49896567889621,101.86347788402011
S04,2026-09-08,9,75.5,2026-08-30,99.6739913540295,95.30633250061945,94.71121792319803,96.3671262173177,95.77687984050742,98.82847251167343,97.24060139255774,99.80718269348144,100.44582560062408,101.85774745941161,101.43348994255065,99.72051092386245,99.87811323404311,98.89573401222005,98.96038000807165,97.02297904491424,97.64718689918517,93.83088102340697,95.4724742412567,98.67630503475665
S05,2026-09-08,9,71.0,2026-08-30,73.07788902761236,68.68582796842429,66.84315425564526,68.32218010710689,66.92617691764487,69.33163697630192,69.16680267960837,71.82299235207694,71.92487671715872,69.12913909299033,68.59023084981101,69.6824887071337,69.62235238892691,67.14415111882346,66.34626450879233,65.21114399773734,66.8795791540827,62.17730381829398,64.82408931595938,66.84870722634452
S06,2026-09-08,9,104.4,2026-08-30,77.81892966081247,75.07692438852811,76.51566403543094,74.87830626968889,75.96642020201188,75.75555671293664,76.05966013139752,75.3277866091047,75.16916809933527,69.97693698065622,69.76843754904611,71.82064859526498,71.56245295660837,69.50029532568796,68.13819186346872,74.09133557932718,70.68379752295358,71.2474917616163,69.60387627737863,67.47542493002756
S07,2026-09-08,9,55.5,2026-08-30,64.6444395501824,59.852102514748545,57.21136639233027,59.925936626833504,58.61188276343766,59.31744824917267,58.49635101188997,60.86254926409039,60.94156308855328,60.00980563844952,59.28464146341595,60.85677953447613,61.013737637656064,60.56821437563214,59.34738321985516,65.67354913439068,62.57230849947247,62.81052346910748,60.17252298082623,59.758028943198056
S08,2026-09-08,9,119.4,2026-08-30,106.9959956693613,128.0994918276944,130.20248378705224,124.64507265393584,125.24340281871893,120.53352781762621,121.95740615350654,122.31832585598914,117.76643786694495,124.1778565433213,117.20342574383704,125.22918353344886,121.94069371487586,130.4809309032151,125.15219936634986,134.64893517758338,127.70960349704711,139.6666911628434,130.75966272618263,126.2468490388581
S09,2026-09-08,9,88.2,2026-08-30,99.82451267712904,100.01491542932233,100.40423789946075,99.57171236741873,100.81707130781,99.2428045955893,98.62964091123426,98.6148379121508,99.8868871007647,98.41111612064499,99.55543973786492,99.66990259034294,99.65275695664543,100.45427754265923,99.16211440903801,101.86755588395256,101.81617024285454,99.04849830014366,99.50830223900932,99.28605034691948
S10,2026-09-08,9,113.6,2026-08-30,96.185214711101,98.4441805580103,96.81046539908013,98.18766635260656,98.4971695751178,97.15086383208896,97.03740962608578,95.98368180819921,97.27442539760045,97.10969985553197,98.8952082497733,96.14889849254064,97.55315269061498,100.61890781947545,99.98553646632604,100.2888234955924,100.53665674754552,101.14880264827184,102.97569740840368,99.44698227473668
S11,2026-09-08,9,67.8,2026-08-30,71.49363816184635,67.9949784604308,71.78254272535628,69.85126186713728,70.95626702365638,71.31331800418164,71.14953272088594,71.21905380530016,71.36768209976809,66.95876772744315,66.60310967309134,68.35188038689749,68.20547707421439,65.51010973794119,64.37959034783499,70.97658781749861,67.96247704369681,69.41363556725638,66.76126129967825,66.11629040581839
S12,2026-09-08,9,113.3,2026-08-30,119.99034657330239,132.92874447918095,131.74839871777905,129.59769017744915,127.13927425491282,128.31882773102896,125.95770154791386,131.94247334344047,127.52463667733329,130.69248526436942,125.86908190590995,131.2062807594027,128.84131919486182,131.66491549355644,129.86042999369758,133.49676316125053,127.88582175118583,137.7840017591204,127.62968330723899,129.569073757955
S13,2026-09-08,9,95.0,2026-08-30,105.97833515970581,107.4540801772142,107.99308447993363,109.44647185393849,106.34930384522517,109.26660733246399,107.8837328508996,107.7618569305965,109.31616808686938,106.01362599645343,107.42324353967395,107.80997736964908,109.36059828315463,107.92516042504992,110.16916860852923,106.58419026647296,106.3383253983089,106.23607816014972,106.57737745557513,110.95115722928729
S14,2026-09-08,9,82.4,2026-08-30,77.82204327103368,75.07250108961392,73.82648367329497,75.39474157088053,73.5894910228308,74.75477657657086,73.56970186077378,76.49251285280499,76.6920806476048,75.16575875963483,74.91460314478192,74.57223787988934,74.08407321657452,73.02827611650739,72.47483280386243,71.96295660819325,73.08168593134198,68.67302695001874,71.25519159521374,70.47535303320203
S15,2026-09-08,9,79.3,2026-08-30,79.56085294296423,73.83172686059233,76.69669301723913,74.21843069333174,75.18076732435706,72.55237878164554,73.85924062332612,74.35156378064836,74.45344814573015,70.2354581198522,70.19860009763921,73.39998516355242,73.8668220928737,70.0156112695911,70.06708250109638,73.73722514425005,74.13459715162004,70.96131035600389,72.62346586499895,70.83687981878008
S01,2026-09-09,10,213.4,2026-08-30,90.45416361871682,89.19932080229256,88.93295665851123,90.72138840087906,90.99220124041219,90.00180452108782,90.79812380422949,88.05263497488839,88.22173001425607,89.53382756369454,89.17574288504464,88.41136815207345,88.58937146323068,90.55033471243722,90.40051056998117,88.24953915732247,88.29692437308175,85.50198008673532,85.94751622336251,87.49306275503976
S02,2026-09-09,10,119.7,2026-08-30,118.75931942367613,115.18794178437383,114.29050241833922,113.96972795629797,114.9494981841795,115.3137578301299,114.94841152072297,118.06432371139525,117.93796949386595,118.25420217514036,117.42182044982908,117.82717256546019,117.99762468338011,117.86041479110716,117.65977125167845,117.66414337158201,117.63296632766722,116.67344455718992,115.92536334991453,118.57954006195067
S03,2026-09-09,10,125.5,2026-08-30,107.63897580230966,110.99193794694895,110.90372761470377,110.34225082021923,110.78816611215576,111.24836896087963,111.9436186788861,107.03270500728061,107.38292664119174,110.46357601710727,109.84378975459506,107.6631447655814,108.46620434352329,109.00552624293735,108.80414551326206,109.8787037713187,110.45743244716098,106.95150631495883,108.67923420497348,108.77144211360385
S04,2026-09-09,10,99.8,2026-08-30,106.0836081251446,106.30710429950506,108.11091452492543,106.91710625533004,108.47937532733808,108.7544572297188,110.57980374556811,107.13186779022216,107.57038536071776,109.8993438720703,109.33321228027343,107.98403301239013,108.03360214233398,107.77700843811034,107.97951354980468,106.94762458801269,107.68327846527099,104.04890527725219,106.07866325378417,106.27319803237914
S05,2026-09-09,10,79.4,2026-08-30,79.48750579872744,76.01354424039353,76.50298991686107,76.43699361204226,74.7201263766426,76.3651968412454,77.24168894610624,80.16265681130545,80.25971224648612,78.19225123269217,77.54108050210135,77.91752150399344,78.17065337044852,75.3074374471392,75.28596690041678,76.07890131814139,75.62833121163504,74.64908984048026,74.1511645589556,75.53022101266043
S06,2026-09-09,10,82.3,2026-08-30,84.22854643192755,77.42163242914506,79.0149066824265,79.74449639777944,79.40241975678622,81.20668842409088,80.80982694400791,82.65246646063669,82.4922439302717,78.21532933371408,77.87828986304147,80.29907338278635,80.07354323523386,78.33264701025827,77.51277868407114,79.56109826224191,78.30595748083933,75.25290298791869,74.98970530884607,76.85637299673898
S07,2026-09-09,10,78.1,2026-08-30,71.05405632129748,69.38616822486208,67.3223395096965,70.79330586188911,69.0315411219764,68.93923465407023,69.9888957140711,69.20221276964459,69.27639909471783,69.0729174205235,68.49890084947857,67.91026254381451,68.23889966692242,67.54482503618512,67.11978765215191,68.65037198747906,68.40760274614605,65.85664602007184,65.40777345384869,69.00239797319684
S08,2026-09-09,10,113.7,2026-08-30,113.4056124404764,125.35441118970155,123.85077629683012,124.55648482947028,124.94970932322508,120.53171849157084,121.99084958028034,117.2093699958512,117.20324168469398,116.85968337323158,115.73534999157874,121.67068276669471,120.73808179165809,122.87437758709876,122.53992257382362,126.60570512082069,126.19106123711555,127.88746435310333,126.5413614299485,126.03124151493995
S09,2026-09-09,10,114.0,2026-08-30,106.23412944824412,110.95897627246653,112.27608215026434,109.6463034665768,112.39051724896166,109.37094695778222,110.18178268640573,105.71455958230156,105.7520404134478,106.0374784742083,105.51182415825981,105.1343875203814,105.70036318642754,105.69196036202568,104.6543054853167,107.67243292672295,106.49862292153496,105.42304089409966,104.80018427712578,106.1465921674456
S10,2026-09-09,10,125.8,2026-08-30,102.59483148221608,108.8836330179656,111.19221941648316,106.77603934044608,108.632986480585,105.67876128760804,106.69200086772912,103.08339870997838,102.94106377192907,104.81348217555455,104.65307510920934,101.93699778148107,103.30640209742955,105.99201477595739,105.02550114222936,106.06165207454137,104.51384914943151,108.17273701259069,106.98141468593053,105.79538048335485
S11,2026-09-09,10,77.6,2026-08-30,77.90325493296143,75.41666481993707,77.92551907798703,76.83113723665078,76.35797152128828,77.80334433512402,77.59577677046146,78.6398590360369,78.78887446267264,75.2158711705889,74.81107814652579,76.91085322243826,76.97743256432669,74.12837155205862,74.00926406724112,74.97725494248526,75.69485123498099,73.37322981698172,73.10942859990256,76.4853590284075
S12,2026-09-09,10,135.4,2026-08-30,126.39996334441749,130.8003600361735,131.4841705815104,130.82172458562445,130.58408263458492,130.53911881087015,128.36200563452996,128.77078466756004,128.8349451337542,125.08395569665092,125.68462007386344,128.48224203927177,128.63229959351676,127.63486187798637,128.1850791488375,128.22189705712455,128.1527751002993,127.96397953374046,125.42734449250358,130.15360050542014
S13,2026-09-09,10,108.8,2026-08-30,112.38795193082089,114.40239940115737,116.24770773506663,113.95067585937136,115.6936179126845,113.90470859550608,114.97521128597998,114.13462366376605,114.25551475797381,113.07395710263934,112.71346725736346,113.93321575437274,115.1658183506557,114.14266170774188,115.48215402875628,114.5261732510158,114.14748062406268,115.22850574765887,114.73968614850726,115.29767288480487
S14,2026-09-09,10,72.7,2026-08-30,84.23166004214876,84.03942060646808,82.91465397438823,84.69299853276505,85.16571374230811,84.74670910853345,86.27835475380448,84.83217874254498,85.02691617693219,84.41913858141217,83.96609845842633,83.59391370500836,83.4787222453526,82.54010549272809,82.57229390825543,82.39281812395367,82.21768537248883,79.76724925722394,80.38291230882916,80.42042890276227
S15,2026-09-09,10,84.3,2026-08-30,85.97046971407931,79.03319276346868,79.49685376163428,79.6912089236051,77.91731176984649,79.12772948381296,79.81290228395777,82.69122823987688,82.78828367505754,79.29857191358293,79.21956095014299,80.45346674237932,80.74033960614885,76.5122512272426,77.43365654264177,79.23575910840715,78.63842233930315,75.64909395490373,76.27813467298235,78.74686559949602
S01,2026-09-07,1,77.4,2026-09-06,90.458498357114,93.2329333168901,91.1893241810777,93.74709530366394,95.1206901613955,95.17160401499325,98.01947488623145,93.44535206982069,93.55168246456556,90.94657715388708,91.20512112208776,93.11376544066839,92.95289333888464,91.38358005114965,91.86031826564245,90.21009405681066,92.64213260241918,89.29322680064611,90.60457500049047,86.5543433053153
S02,2026-09-07,1,116.0,2026-09-06,112.06737168804277,104.72740240437635,103.05534906498158,108.44047319662559,106.82777207658292,112.0938010852092,109.5818653626047,112.44218290408222,112.28826976378528,108.98024368842212,109.07040644248096,109.57063055594531,109.76250792105762,106.92336702902881,107.02133799155322,105.72502995093433,106.36534405310718,104.66167164404956,105.27645588477222,102.93645287116138
S03,2026-09-07,1,119.3,2026-09-06,106.43595443897762,108.74554843007513,127.96694926753882,107.59005767060492,116.25210984169546,110.12947437696953,112.78930344371103,106.69301952690147,106.6983548578646,100.05365671485923,100.20049776405357,104.38260187477134,104.82566942543052,97.31148542732261,97.94372381538413,114.32657231658958,108.61869158119224,109.22283996910117,104.77805389732383,95.5700417932894
S04,2026-09-07,1,74.4,2026-09-06,101.24328584519917,103.87059510744413,101.3434832761181,106.88188420239399,106.08038693075571,108.24149115079062,108.45320270065567,104.14978697640554,104.16622450692311,99.09237768990651,99.6550226484026,102.96102812630788,103.26097014290944,97.98932936532155,99.78327849251882,101.46466925484792,103.5755949292864,97.68031599862233,102.8059072766985,97.84815886361257
S05,2026-09-07,1,76.3,2026-09-06,77.67755364749718,78.20229880606442,76.22994433891598,77.42785242507024,74.8666269670894,78.95763572034397,78.54485082279108,74.95552131236468,74.82680871785556,68.50803544820224,69.04440906346713,74.91411390603457,74.41276135743533,70.61544349492465,70.50471427739535,74.79766943753634,73.62627580464755,72.98130991757785,71.39371278584872,69.7958810597745
S06,2026-09-07,1,77.1,2026-09-06,78.98030089417617,75.94162379186483,73.9947583600063,76.53039073125814,74.34314591197779,80.05724067034983,77.61636747431201,79.13494338989257,79.28920307159423,76.43942465782165,77.30625286102294,78.78960409164428,78.88284006118774,73.66927918195724,74.15089447200297,76.71438255310058,77.98576750755309,70.4383539199829,72.71794369220733,72.5884229183197
S07,2026-09-07,1,122.0,2026-09-06,72.75552191947301,69.20336065204295,67.78041706030486,72.21818277280879,70.52322557910838,74.34581835223722,74.37171120286423,73.01122160383633,73.21659790107182,68.20539473124913,69.14467047282628,72.39427568146161,72.0009045464652,70.96013246604375,70.3947021824973,72.25924538203648,68.74730776378087,70.16503618785313,68.22794436046055,64.46525333949498
S08,2026-09-07,1,95.7,2026-09-06,114.91778231125221,113.66265524600895,110.14887524807293,115.61289001273981,111.24519016943674,119.06503832170016,114.67121305081632,116.2379336771395,116.34788517326376,114.23728422493002,114.14856199592612,115.67795900672934,115.29327349037192,114.31114439338705,114.2066140589144,114.83056883186362,113.77919821113608,111.20208982795737,111.0432839807894,114.10759405464194
S09,2026-09-07,1,92.7,2026-09-06,96.66313335277859,113.20937408509086,119.82267471191173,106.28236801780314,106.7316791352264,104.79808746058968,107.42533565122211,100.41063860143935,100.5027981707028,97.47030344690596,97.37174740518843,100.77116547610079,100.88606278683459,96.7912851878575,97.21549835886275,100.41586157764708,104.76168814386641,98.64159002985274,101.65436127867018,93.15024247850691
S10,2026-09-07,1,90.3,2026-09-06,98.00692041591142,104.32336755757657,100.9079032073579,101.66685781396184,99.4107360249922,103.02885473309296,99.60522350041266,100.31655975069317,100.35949941362652,98.03127761568341,99.06810923303875,100.22803207124981,99.46266599382672,98.988975245612,98.06419654573712,97.89285035814557,96.96986051286969,96.25450416292462,97.04556937898907,94.86761041368756
S11,2026-09-07,1,57.3,2026-09-06,74.25526752800965,74.24279749782343,75.35408861939361,75.98547802183631,75.80338624426304,77.63514627934873,76.56620817375511,74.82055595942906,74.70289639064244,68.62571552821568,69.40509441920689,73.241119657244,72.19073704310826,68.11154774257115,68.45796993800572,70.59689835139683,70.53337124415806,66.96467045375279,68.74250820704869,66.33853558131626
S12,2026-09-07,1,119.8,2026-09-06,112.40837485082479,109.69811993605079,107.28479333476359,112.05582147619671,108.39672358173542,114.38020215970168,110.37948629443389,112.35697932924543,112.68946262087141,111.98451991762434,112.41062780107771,111.12977739061628,111.41476197923933,112.1794962474278,112.48734899248396,111.84970994676863,110.75024934496199,112.01693149294172,111.2376336642674,111.43592973436628
S13,2026-09-07,1,119.9,2026-09-06,106.74667434061436,107.23342123093106,107.02540244964834,107.88849604010305,106.25062819512607,108.98588596199814,106.90604121027644,107.78360051768166,107.53557402747018,106.65042502539498,106.78207690375191,105.65112335341317,105.29882342474801,104.12283904211861,104.50188214438302,104.42556960242135,104.01828724997384,101.34133679526192,101.02356202261788,99.73189980643136
S14,2026-09-07,1,77.4,2026-09-06,85.90908829744839,83.19527999162392,83.49566944061179,85.85875198655978,85.48844010087926,87.0906441524916,89.31030172797874,86.10939880439214,86.09138437339239,80.04782541819982,80.85724600383215,83.26125773021154,83.10831411906652,80.35647400447301,80.28554590770177,80.5663381440299,80.27305086680822,79.4847861153739,78.39903744288854,76.78012760707311
S15,2026-09-07,1,58.2,2026-09-06,85.84502576456154,87.4338902436095,86.62045126191467,89.0902193302212,89.6617534282381,91.10415620089044,93.67585962893847,89.93926491396768,89.78610016959054,82.0942676271711,82.68651463644845,87.08162428992135,86.83687808173043,81.33441521780831,81.86471154349191,84.34631850378854,84.955348273686,81.66227605002267,81.53966786520822,79.56686474936349
S01,2026-09-08,2,96.5,2026-09-06,89.19299444551788,87.63467006365127,87.07135862017917,89.2386946467719,87.10357256863367,90.48324426247144,89.53602830916047,92.12106081077032,92.07225092479162,89.69620474406652,89.93645437785558,90.36376293727331,90.35069426127843,88.9480200631278,89.69710596629552,87.78914602824621,87.91477545329504,86.67702110835485,87.7608953339713,86.32350882121496
S02,2026-09-08,2,104.3,2026-09-06,110.80186777644667,107.59194920799722,106.44520380828959,109.78879577798875,109.58084219146484,111.84750940158983,111.17088358437903,110.19137669165698,110.7986295278844,107.71285677512256,108.85471392233936,110.25799990256397,109.41245508750049,108.54981661398975,108.1122727449712,108.1735496576604,108.65101290305225,107.70541716178028,107.68600178320972,105.67368031104175
S03,2026-09-08,2,108.1,2026-09-06,105.17045052738152,106.64733087085412,108.54907642732219,105.83432375377062,105.78665218159324,108.01629779167531,106.97477074568009,105.18450750679038,105.40718569129966,98.9196158823397,99.68846239418052,102.55821909278892,102.85000147193931,97.10511793464683,97.39978136390708,100.76129831642173,102.44149984687827,96.96469797462485,98.69806780189536,96.16944231361411
S04,2026-09-08,2,75.5,2026-09-06,99.97778193360307,105.59558842675217,102.86968635662035,107.21253993666599,105.79255660810492,108.3700333909911,108.32370879323685,103.67924025399343,104.18087675912038,99.22167494637624,100.47819044930593,103.24106505257741,103.73944189889089,100.18290808541433,101.04719260079519,103.38559439522878,103.18469336373464,101.45900824410573,103.30528929574147,98.42036726815358
S05,2026-09-08,2,71.0,2026-09-06,76.41204973590108,76.04409384785218,76.29470864794435,75.15279837129629,75.28232016394844,75.64567663898328,75.36771371387856,73.80663254559909,73.52543762029086,67.26923110783969,67.18240955174838,71.42803838551913,71.40415790379916,66.11127689183627,67.15270831883822,72.27966025174533,72.20426276029025,70.15048530400668,69.30817535222445,68.58956983388339
S06,2026-09-08,2,104.4,2026-09-06,77.71479698258007,76.74172521459546,78.16418554895519,76.6429753436727,76.37892407646481,76.00059899193604,77.32846351262033,75.97190883159637,75.74560430049895,73.18647434711455,73.24394025802611,74.74589424729346,74.5833092868328,69.76454916000365,69.91312780380248,74.72166945934295,76.16868224143981,70.48802914619445,72.9074803829193,71.77240409851073
S07,2026-09-08,2,55.5,2026-09-06,71.49001800787691,73.16024806895462,75.14449267247846,73.71827557578926,72.69982537415255,72.47695633538731,72.36771459900045,71.37394438811711,71.30615066119603,66.47820232936314,66.42111586162022,68.81293009349278,68.4169521195548,67.15488623210362,66.49936483928136,70.08675669261387,69.84174750873021,70.03077720233372,71.3526950938361,64.54909466334752
S08,2026-09-08,2,119.4,2026-09-06,113.6522783996561,113.65659282881157,107.10664196089847,116.7434743285713,111.44858649366151,119.61083904989096,115.79788028226118,119.24088529914877,118.09430221885702,118.49461607307455,117.1270070490267,118.65898327201865,117.45378498405478,118.91363052696249,117.93705133766196,115.4671998438265,117.44499782890341,112.20014910072348,116.0579061922457,117.23056129783652
S09,2026-09-08,2,88.2,2026-09-06,95.39762944118249,96.78319241324144,93.74449475300852,97.1931713070237,93.9921574695233,98.31376668851692,95.37329106313521,98.51293769563948,98.45169869150435,95.64652171816145,95.61832013811384,97.08023539270674,96.73124089922224,93.49050775255476,93.09800973619734,92.45033231462752,94.47793689455305,90.25566354479109,91.23810640062605,92.44953790392195
S10,2026-09-08,2,113.6,2026-09-06,96.74141650431532,99.40594153953936,96.42480649816478,98.49022974294563,96.19324307383971,100.58361550764481,97.2526576033266,99.06201620783123,99.05004330362591,97.07601876940045,98.07661863054547,98.52057738985333,97.92020316805157,97.43323751177105,96.8356070109776,95.47085042681012,95.48762412752423,94.70184179033551,94.8405274936131,93.64391084398541
S11,2026-09-08,2,67.8,2026-09-06,72.98976361641355,77.93782515569089,79.36127725964664,78.31450600925244,79.6571779705386,78.27377535028403,78.47282037333187,76.32417706080845,76.14763668605259,70.03942326136998,70.03671864100865,75.82098511287144,74.3183319909232,70.95973995753697,69.06612042018345,75.2021906716483,74.3293650490897,74.80766323634556,73.78623512813023,64.97443226405552
S12,2026-09-08,2,113.3,2026-09-06,111.14287093922869,110.93382975382951,106.09969603285275,113.02039485244589,108.6321612274677,114.82333106925385,111.59077130212746,113.88962360109602,112.26026530947004,114.79487319673811,113.43754430498396,113.3217892238072,112.5308842250279,115.50092740740095,114.96552439417158,113.47500749315535,113.84815879549299,114.33057304109846,115.40220494951521,113.50529380525862
S13,2026-09-08,2,95.0,2026-09-06,105.48117042901826,107.13461675683257,105.99560899027843,105.94647835493042,105.87727417439227,108.4734053052489,108.16806456789114,105.53546340124947,106.04243166106087,105.45354516165597,106.56287963049752,105.14457280295235,105.17299086706979,104.67116458075387,105.54370267050606,105.68098718779427,106.27696568625313,104.33534581320626,104.38741213934762,101.9883542742048
S14,2026-09-08,2,82.4,2026-09-06,84.6435843858523,83.21716236089834,83.49883124093766,84.07370981694913,84.31372616111528,84.88204827744404,84.94451606656861,85.03537591525487,84.856531224932,78.88389118739538,79.103676877703,80.80764921733312,80.93040045329504,77.21137913295202,77.30598076411657,81.13717278071813,79.70911224910192,79.39038094111852,77.87768276759557,76.53485210963659
S15,2026-09-08,2,79.3,2026-09-06,84.57952185296544,84.13341269075777,83.74671534054072,85.62053654794178,84.19752329310012,87.0845205101883,86.64572412072532,88.61497356551034,88.3066699709211,80.68005444662911,80.64645268576486,83.89636494772775,83.91760136740548,77.30609681265695,78.18829896109445,81.55082299368722,81.52643563406808,76.7669789995466,78.17433526175363,79.00367810385568
S01,2026-09-09,3,213.4,2026-09-06,96.37276692351273,95.41241813221771,95.69872832364227,97.02518762368413,97.61155598508442,97.75032903600324,99.16446432807263,99.74920042582922,99.84949644633703,97.95589502879552,98.17618902751379,99.12192734309606,99.1971245629447,98.3069501740592,98.70299538203649,97.14055284091405,96.96932109424047,96.39538296290807,96.63840015956335,95.5422001702445
S02,2026-09-09,3,119.7,2026-09-06,117.9816402544415,112.76349426765961,112.05971542511008,113.26404600393231,114.06552001696235,114.65002868202826,115.23049524997164,117.50543428023425,117.35083056052295,114.80223811228839,114.86503944357005,116.18613291342822,115.85518563349811,114.44664673877028,113.7104433830556,114.71199536879627,114.30195880492298,114.44119724721727,113.02705598433582,112.4160738046941
S03,2026-09-09,3,125.5,2026-09-06,112.35022300537636,108.1231704428969,107.55012970434099,108.35071117748974,108.59295055388947,110.61376656450778,110.89157119133046,111.72681673139594,111.72611584037803,105.72701420158408,106.0357686457064,109.43874933094047,109.73619880050681,103.76385464042686,103.6648084101107,106.26111664146445,107.09049238533042,102.91945947975181,103.20399011940025,103.65337242454551
S04,2026-09-09,3,99.8,2026-09-06,107.1575544115979,107.35778229597523,106.13466151323263,108.5510806412979,107.30780122304597,108.86470189321238,108.79942533070403,106.51913550240651,106.5164842878069,102.32664969308034,102.7911653791155,105.01142790658132,105.02096464974538,102.26180746895925,102.27703001839772,104.42916014535085,105.41761496407644,103.1052408490862,105.00382902962819,101.8518171582903
S05,2026-09-09,3,79.4,2026-09-06,83.59182221389591,83.37662306139663,83.42543589113002,82.28983608993931,81.70405845648799,82.80116650345182,82.18710322970067,81.43477227986727,81.30268266499911,75.52892538607989,75.46234872640048,80.80584647954379,80.57122209371005,76.18463024199878,77.28802802861605,78.77266791165744,79.1174748212186,78.7018184930173,77.82387521565829,78.33903196156894
S06,2026-09-09,3,82.3,2026-09-06,84.8945694605749,85.36430293419194,87.05476633542848,85.17631117420838,87.39119256699415,85.55118981232016,87.86890150439552,85.11240615844726,85.2638687133789,82.95851936340331,83.19132652282714,84.72346534729003,84.94282665252685,80.41488018035888,81.2782386779785,85.42954673767089,86.05458106994628,81.3491376876831,82.63410034179687,81.8212713241577
S07,2026-09-09,3,78.1,2026-09-06,78.66979048587174,75.31511618619794,76.83669167877679,77.70446224872812,78.78004707357294,77.91856648750625,79.00364367652651,79.00208328792027,79.08339499064854,74.73789690562657,74.95353458949498,77.65541218348912,77.19615219661168,76.6695623261588,75.90913461276463,75.01926683017186,73.49131439753941,75.36849211284093,75.17259548732213,73.19335146376065
S08,2026-09-09,3,113.7,2026-09-06,120.83205087765094,120.43343509724907,117.87909307705037,121.12459333456204,116.95570568837121,121.46275194875777,118.66076586899804,120.75109509796164,120.85550264686606,119.50579933494589,119.45539430946371,120.00128440231344,119.15280060142538,119.81179813713095,118.73143009513876,119.37871317237875,118.82986692756674,118.71913437217734,117.8467302736666,121.5389030393984
S09,2026-09-09,3,114.0,2026-09-06,102.57740191917732,108.6341194515381,107.49803652549478,108.10127004305362,108.64238728923571,108.59791541735582,109.5036825875086,105.91061225618635,105.9972211429051,103.67575135912215,103.55275240625654,106.59784665788924,106.51890960420882,103.4999980040959,103.19085875238692,106.9504067012242,107.07004228319441,105.44031539644514,104.53115072931563,103.64450684274946
S10,2026-09-09,3,125.8,2026-09-06,103.92118898231016,109.52720585298546,108.94474148135671,108.3996539273217,110.28654037567141,109.37143555373189,110.10849163311958,105.6879441329411,105.72264381136212,104.42331178869519,105.2838844844273,107.00833459581646,106.2636756488255,106.79004808153424,105.41033526148114,108.02970834459576,107.73958059038434,108.5731272288731,107.22788711275372,103.83687694753918
S11,2026-09-09,3,77.6,2026-09-06,80.16953609440839,78.41339034645335,77.31357384629112,78.71171442489435,79.12415873609008,79.20833846198495,78.52947184279208,78.54521969386509,78.41618088313511,72.9818251473563,73.13262108394078,76.91893890925816,75.59146622249058,72.3371832711356,71.48337391444615,75.47587040492466,75.37518719264439,75.74377087184361,75.31164578029087,71.19928577968052
S12,2026-09-09,3,135.4,2026-09-06,118.32264341722352,116.42081297249426,115.16454565573633,117.17050485740857,114.96995061925284,116.95467204945349,115.47535119008093,116.70795734609877,117.03975804533277,116.81510635103498,117.05398770059858,115.81508894647871,115.55641313280378,117.29019828523909,116.36013718332563,116.89760275568281,115.83099384989058,119.10175849880491,116.32848127569471,118.72593091811453
S13,2026-09-09,3,108.8,2026-09-06,112.6609429070131,113.35871625266142,113.9882612665279,113.92524428905665,115.77977664784491,114.57805899212117,116.48068766952876,112.5153158392225,112.26126296179635,112.40279132979256,112.41564542906625,111.87853104727608,111.60704202311379,111.67849547522408,111.45033628599984,113.24867589133126,113.72442395346505,111.88757044928414,111.89281923430306,109.43329075830323
S14,2026-09-09,3,72.7,2026-09-06,91.82335686384712,87.20650761096593,89.51103523266255,89.47310633503659,88.59209400404538,89.83407384765916,90.26127154475395,92.57542999812536,92.54652269908361,87.05549510547094,87.2963642699378,89.46024521418981,89.52930959292821,86.74394663402013,87.06335522958211,86.04121049472265,85.64889677592687,85.04070385524206,84.76791890689306,85.83797629901342
S15,2026-09-09,3,84.3,2026-09-06,91.75929433096027,89.84037761837664,92.01557215222157,92.04619483082303,91.24958271350239,92.42480623623437,92.84324912499068,96.24311425345284,96.08391596930367,88.93975283758981,88.92639734404428,92.82337095396859,92.84699334757669,87.02788235800607,87.76756550925118,88.81885935919625,88.30360080855233,85.56793000357492,85.05127885001046,88.46293689864022
S01,2026-09-10,4,109.5,2026-09-06,103.25042345917639,97.85633347026759,98.24565100131531,98.61755770791854,99.87323080419247,99.04328119428644,101.08512479601305,101.2855935914176,101.23310383387975,100.57335289546423,101.08199223109655,100.54015406199865,100.81142004558019,99.66202362605505,101.62179049083166,98.02440746852331,98.51633127757482,95.83071669169836,98.44473703929357,98.38258369990758
S02,2026-09-10,4,132.7,2026-09-06,124.85929679010516,120.35730683208145,121.98238381076625,118.45266958093262,119.31055143551748,115.68376993508923,116.70480164782899,121.07769918997852,120.65231800635425,120.41933155615894,120.25424910147754,122.47310352881519,120.96087074835864,121.96400547583667,121.3246874864873,124.48331833441821,119.47382498343555,126.93232441504566,120.51463890631763,119.2917251642522
S03,2026-09-10,4,111.6,2026-09-06,119.22787954104002,111.32088798264215,110.13527704298681,111.30183636072168,111.0259850655143,111.0861098417383,111.97750736799412,115.15350212425254,115.02760233253501,111.04222027667127,111.12086731463931,113.65298499435447,114.49784387916587,109.3650332865145,110.66933869093917,111.68864204257987,111.70246942609809,109.16640414566062,109.42489435047172,109.54003514617942
S04,2026-09-10,4,100.6,2026-09-06,114.03521094726156,118.9850243581619,121.21539963670385,114.05517213070782,113.85743599074655,111.06302728595162,112.7713280100561,112.55430128914968,112.53422930581227,110.66648104531423,110.71750262124196,112.03396418435231,111.46491721017019,114.06357767922536,111.25821593148366,116.96887829644338,113.06067183358327,118.44892981392995,115.17995169503347,108.42084696633474
S05,2026-09-10,4,100.9,2026-09-06,90.46947874955958,85.58652381151421,84.96963933948022,84.16053101325987,83.76601666745167,84.2084515955342,83.52260982107228,82.9711649686185,82.68629100621615,78.20390465558444,78.43745329678927,82.03865649999057,82.05653789342318,78.70441057980929,80.64193609059726,80.73689582646762,80.85968950093661,81.47682264150058,80.15870502293978,83.19020726979647
S06,2026-09-10,4,86.9,2026-09-06,91.77222599623857,87.81394634887238,90.05043721703592,86.95795462796694,89.12982169354976,87.28602458923768,89.19344741425624,86.79438343048095,86.64747657775878,85.57680835723876,86.17923393249511,85.94898834228515,86.90116252899169,82.56427516937255,85.29356803894042,87.7511095046997,87.65078964233398,84.372825050354,85.57645072937011,85.942160987854
S07,2026-09-10,4,62.0,2026-09-06,85.5474470215354,77.72828700521723,77.43822684072875,78.41854830514276,79.67743402763456,78.50117695617406,79.69312345121944,80.53847693034581,80.46700380870274,77.28764294215611,77.80027578898839,79.1999611718314,78.9289445740836,78.7871627671378,77.86928366252354,76.43189166613988,74.84685777255467,78.04941414424351,77.76549290248326,76.93066786357335
S08,2026-09-10,4,94.8,2026-09-06,127.7097074133146,129.26672541630174,130.24197900806254,127.80444893866567,129.28928379693005,124.23083173190304,126.63800910639452,127.5200140890505,127.49366955131552,131.7790098604586,131.30505995124838,133.45894865364096,130.88413814872763,138.2763333734896,135.3399215158846,136.53298715919516,134.60198931068442,139.16327242225668,137.97240309089682,132.35622171730063
S09,2026-09-10,4,102.8,2026-09-06,109.45505845484098,110.16826866196996,110.9166540016974,110.56138467870173,111.14985736779184,110.45657793889615,111.3752314375837,110.18966260637556,110.31024900163924,112.57604852403914,112.44578710283552,111.40939393724715,112.03732743944441,111.540768296378,112.6409880229405,111.58908525194441,112.45112863268172,111.45800080980574,110.93710771288191,109.90963426317488
S10,2026-09-10,4,110.8,2026-09-06,110.79884551797383,112.38482299940017,111.77702086070471,111.18045351175415,112.47246848873353,111.7021712109218,112.54481990967957,109.82141156877789,110.03566404070172,113.0380930491856,113.9669432231358,111.03368516649518,111.23646779741559,113.21609254564557,114.17680402483258,112.40284009660992,112.63387246813092,114.06877847399029,113.8126692363194,111.8629917689732
S11,2026-09-10,4,76.8,2026-09-06,87.04719263007206,86.88701447937106,87.86267833378665,86.59204154249724,89.88769419711389,85.97830490476436,90.29042548509304,85.07971373626164,84.94218829699925,84.27644947596959,84.0407007081168,87.10828486510685,86.92888898083142,83.08821157046727,84.65596154757908,87.31421938964299,85.84157231875828,88.82170227595738,87.24911085196904,79.95004252025059
S12,2026-09-10,4,141.7,2026-09-06,125.20029995288718,130.08743675330842,134.44288667120148,123.94854335273172,128.2531225931432,119.66709999680995,122.60789085512502,123.04238410677229,123.46217151369368,129.24609609331404,129.43516107286726,131.89643712724958,128.9260019847325,140.2504295894078,136.58081861223494,140.58931203569685,135.23879094805037,145.9126972743443,141.67505117143904,129.00791879381453
S13,2026-09-10,4,109.2,2026-09-06,119.53859944267677,119.37913119161475,119.63709610433608,117.10950055291963,119.05327270555424,115.85246866747843,118.1102538976044,115.94500262396676,115.20453698294503,116.87234933035714,117.01626641409737,116.88923270361764,116.96260935919625,116.76852662222726,118.41319043295724,119.73378522055489,118.75559384482247,120.97813756125313,118.31707150595528,116.73377091544015
S14,2026-09-10,4,82.8,2026-09-06,98.70101339951079,89.23815131768615,91.03504299832233,90.28803999309116,89.32119578810818,90.58862609311396,91.22282413120303,94.52801331111364,94.1582775933402,90.04663761683874,90.46821626254491,90.47524221965246,91.04351147242956,88.42360904046468,90.43995531627111,88.48778351375036,87.72629081436567,88.16407152244024,86.96889271565847,90.11199911662511
S15,2026-09-10,4,108.5,2026-09-06,98.63695086662395,92.3555516306861,92.80484156717596,92.93024861546859,92.27223662637259,93.51687970413897,94.25813703239479,97.77951028006417,97.46752526419503,91.55721125560147,91.90150066273553,94.24159958021981,94.46128751891,89.20665933745248,91.4000751096223,90.6166990007673,89.70439471857888,88.00027515547616,88.27906801359994,92.68519320147378
S01,2026-09-11,5,88.4,2026-09-06,106.60847740928548,113.12791053349429,118.39587002601975,109.22337380972765,111.77933154669324,105.46159256463226,108.29833094356496,107.3479576928275,107.3115511757987,108.18460758754186,107.8971110207694,107.48879917689733,107.24035271235876,110.25670155116491,109.82387837001257,113.74985226222448,108.659096799578,117.64680775233678,113.08278187343053,103.0058232171195
S02,2026-09-11,5,132.6,2026-09-06,128.21735074021427,122.00907722081234,122.32236521744177,120.27971581979267,122.0651989316593,120.07594552734358,121.25453313535722,124.46225643714038,124.34308243353931,124.19130993445484,124.33972359259693,123.4984836633977,122.81955528815357,123.83472824652759,123.24589443762866,121.20864487250415,121.02700234015552,121.34278965552417,120.82345152457324,120.16334009726611
S03,2026-09-11,5,130.6,2026-09-06,122.58593349114912,116.60827401621802,114.65211946817045,116.7621443017945,117.00656856775423,116.04900308062125,117.49816007546985,118.90317835182212,118.93098415702842,115.44485534996055,115.44772209495567,116.81901945442222,116.72642006248496,114.36167754501365,113.67918218940757,113.33420576423667,115.83830417961143,112.51734556526206,114.28735842079185,111.60092260211967
S04,2026-09-11,5,89.1,2026-09-06,117.39326489737067,110.26116031584387,109.37002263345298,110.8505180390943,110.36866588984574,110.9297806430955,111.26345413731981,112.79144766671315,112.91763403756276,110.81669428689138,111.34212591988698,112.40890219552175,112.0523033414568,110.24393942696706,110.86312964303151,109.22840884072438,110.9441890989031,109.1358862195696,111.27304270608083,110.00440790993825
S05,2026-09-11,5,76.3,2026-09-06,93.82753269966868,82.8179161743441,81.685835573512,83.65930055338802,83.08471042984826,86.68314143643124,85.03739433040819,87.88750961125766,87.59077480138217,83.05879857839022,83.16494920552645,84.0008862286893,84.2074530392972,79.72341778577243,81.16950156987582,78.42917826474581,78.62362578214083,76.87221964896594,77.08304801286135,83.00567796529208
S06,2026-09-11,5,93.4,2026-09-06,95.13027994634767,82.5856467464896,84.68372031052377,83.78528973499107,84.77251146697945,87.2273085551765,87.76293303506618,90.4277805328369,90.64080276489257,89.27271118164062,90.11977615356444,86.5065158843994,88.2064317703247,82.61297073364257,84.46518268585204,84.7525161743164,87.1702522277832,79.67526140213012,84.07389011383056,86.03066482543944
S07,2026-09-11,5,79.7,2026-09-06,88.90550097164451,81.4244052847559,81.16409942126968,80.2578316635716,79.92092070534561,80.60243517310104,81.9894133570679,85.08920525142125,85.41890381404332,82.06714008876256,82.75094936915806,80.27498291560582,80.3538541657584,79.41830824443272,78.8049678666251,75.26793025561742,75.63141082354954,75.84010218211583,77.41436384746007,78.14409206935338
S08,2026-09-11,5,143.5,2026-09-06,131.0677613634237,133.69408506847697,136.46493738002042,130.4607755417845,134.32699694018203,126.23261434879123,127.7630526031059,127.82066826194784,127.88616566032431,128.51934198707602,128.78406051963827,129.7020802912142,128.4980459627535,131.62060551017782,130.41482118934653,134.52466253608725,132.86420873970053,133.1252456125643,131.6516070780184,131.1525597986605
S09,2026-09-11,5,109.1,2026-09-06,112.81311240495009,119.24893981656719,121.10379010923612,116.74144158606897,118.37556887633093,114.25399813149657,115.99217768592804,113.11681714739119,113.0736452647618,113.38860192980086,112.96161905016218,114.13686910356795,113.5180975505284,113.48861184801375,113.0495688029698,115.84439435686384,115.81891599382674,117.98196569170271,115.14680162157332,112.41577783312117
S10,2026-09-11,5,122.7,2026-09-06,114.15689946808293,117.15061223347418,118.0137750466724,117.04903118276559,118.4418415016443,115.05832046087825,115.99693300098285,113.09660859789166,112.99460550035748,114.43013234819684,114.74616666521344,115.59675832475934,114.66030069078717,117.78108735765728,116.50127835954937,120.2796520778111,118.56167646135602,124.22635884966168,120.76330228533062,112.76121755327496
S11,2026-09-11,5,75.0,2026-09-06,90.40524658018116,87.23761789793403,89.421779066501,85.19748697775547,87.15840214482365,83.67147547986772,86.67650096115568,84.1229486806052,83.82966354915074,79.53086260386875,79.75630930491856,82.31588963099888,82.03702047892979,78.64998653956822,78.12426594325474,83.06714681216648,81.83043554850987,83.27803352900914,81.85547522136143,78.97095278331211
S12,2026-09-11,5,135.7,2026-09-06,128.5583539029963,128.9487527761646,132.34678473804718,125.26112230336999,129.04653453018514,121.81974996471716,123.33567302891429,123.85160155977522,124.05535836900984,126.07649226869856,126.6433224269322,125.01969762529646,124.17862506593977,129.10936113085066,128.07294889177595,130.4751505443028,128.38456102098738,132.41742082323347,129.79340215410505,127.61305757250105
S13,2026-09-11,5,128.3,2026-09-06,122.89665339278588,122.84067792527712,123.76779309352528,121.35167280684767,122.94547461190272,119.56773456045973,121.34106702520947,119.27584321158272,119.05761868613106,121.50575787680489,121.41862542288644,119.49541432516915,118.36562783377511,121.83053929465157,120.69189889090401,122.35944897787911,123.1822200502668,123.76571042197091,122.38163334982735,116.87891251700265
S14,2026-09-11,5,103.8,2026-09-06,102.0590673496199,90.78726341221967,88.78625802818814,91.30544788430495,90.97970017650546,93.14787511845236,93.00243778489923,98.59956654139928,98.57162293025426,94.25162275859289,94.88682278224401,92.38487347194128,93.07606943675451,90.49745615550451,91.16332086154394,86.50268956252508,86.10062023230962,85.37675651141576,84.86944922038488,90.65791996547155
S15,2026-09-11,5,90.2,2026-09-06,101.99500481673304,97.18690165449168,94.02025039911986,96.66429629130533,94.09299851808903,97.31854427716564,97.38732029776065,102.46354558127267,102.13969876425607,96.17980506079537,96.39669444220407,96.41239907400949,96.32385708945138,92.55123009341104,92.07763030188424,91.30816686706883,91.58092289226396,90.617954989842,90.63189603941781,92.8252042736326
S01,2026-09-12,6,103.0,2026-09-06,104.80876713754142,101.6137073526135,103.76607721667702,101.45909161599837,102.74392627796098,101.52094334733947,102.8554576529613,106.00514992305212,106.07671173640661,107.40845688411169,107.86718090602331,105.60692032405309,105.85208519526891,106.65220745631628,107.21704491206579,101.40617760249548,101.79147633143835,103.13404758998327,103.95603092738561,101.52056892939977
S02,2026-09-12,6,126.3,2026-09-06,126.41764046847021,118.41802132540559,118.80113977349497,116.64977179290649,118.29444939079248,117.12931400363773,117.7966156289962,122.58116722663013,122.3105092104253,122.9424123819646,123.21524048407642,120.70083427985278,120.24280024130908,120.05073309500781,119.69887257178394,119.11215210517017,119.8694109972295,119.52816773017017,119.67811394293872,117.31442618926135
S03,2026-09-12,6,126.9,2026-09-06,120.78622321940506,111.23897091318163,111.6167399028985,111.2177458452025,111.698230349274,112.7047920688369,112.86092527414864,117.24005426734946,117.21424402565025,114.55438317626975,115.25882686943076,114.60284962028526,114.82241763443015,110.14696701139472,110.61148543924354,109.33108152717612,110.5330648598101,106.16895212501548,106.92799963325523,108.24043216079734
S04,2026-09-12,6,94.1,2026-09-06,115.59355462562661,110.3147791847412,109.65340355716347,109.72031514966747,109.90551105576422,109.78890627241574,110.8012585692534,111.69357207162038,111.66923621041433,110.59561255318776,111.29863646371022,110.32502081734792,109.73904993874685,108.13942435128347,108.51850989205495,106.59395506722585,107.59357550484792,106.31179144723073,107.62489321572438,106.46505263192311
S05,2026-09-12,6,90.3,2026-09-06,92.02782242792462,84.9529315844834,82.89059975501031,84.10754392358226,83.44836099455543,85.5795928673991,83.94229668098886,87.54584052861605,87.10159232915316,84.63538291753207,84.35556056798373,86.87769248784457,86.93292358220492,83.62844589055453,84.72287204564486,83.71853330434237,83.23718669713412,82.37948348821078,82.73290851415072,85.03428962529574
S06,2026-09-12,6,90.3,2026-09-06,93.33056967460361,86.6452384695712,87.7541053585282,88.5369489716533,90.42015038306599,89.8963051849076,91.26238733754943,90.88141479492187,90.79139747619628,91.68615188598632,92.36492767333984,90.18500175476073,91.18271484374999,87.62439670562743,88.70354022979735,91.38070907592773,91.50487747192382,87.29191532135009,88.82237663269042,87.67244853973388
S07,2026-09-12,6,62.4,2026-09-06,87.10579069990045,80.70961255821467,79.14573734405207,79.85882162465327,80.79222121744672,79.65313508057115,80.08915455834328,85.25803421565465,85.18708370753697,84.23946045466832,84.41479729243687,83.53329895564488,83.53257988521031,84.25306843348912,83.79816196986607,80.1507348878043,78.74408720561436,79.71303270884923,81.57678364345006,80.01897381373814
S08,2026-09-12,6,129.3,2026-09-06,129.26805109167964,125.27561662724476,125.5867864240464,124.91008615043583,122.77651522770954,123.54285010386928,122.64261271718273,125.22712926239035,125.40237967342398,126.41950516075156,127.11716894477865,125.08246998161337,124.11207358211539,126.06095318168661,124.82851741880438,124.82974020809195,125.45267097324393,123.91133729972205,124.26979098886511,126.49307708114645
S09,2026-09-12,6,116.3,2026-09-06,111.01340213320603,113.48709020112955,113.42986674067795,111.66419889340607,112.41696156872662,110.99186122893565,111.88181192485794,110.67141595567976,110.82474103655134,111.14307180132185,111.54695955004011,111.61715665544783,112.13718476976668,110.10066762651716,110.3645159312657,110.74717965807234,110.38368192400252,109.64993158067976,108.26520410265242,108.5160485812596
S10,2026-09-12,6,98.1,2026-09-06,112.35718919633887,114.81353392611501,115.42679490635544,114.06299601377329,114.98559306683238,112.74425434896841,113.50416096265468,110.74136825289044,110.83811994280133,112.57800050462994,113.58477063860211,112.65818353380475,112.62948747362408,114.72390409197125,114.41080709184918,113.97053189958844,114.2719969340733,115.39471193041119,116.94093843187603,109.32510085787091
S11,2026-09-12,6,73.7,2026-09-06,88.6055363084371,84.73727416608479,87.15237158020344,82.22236780702877,85.38131310269958,81.98939834998417,82.75481568581739,83.56071618625096,83.4020152432578,80.89573172160557,81.1169422013419,82.02732304164341,80.99503305980137,80.5239975793021,79.35619190761021,84.06832793780735,82.29708841868809,86.71818358131817,83.24463037082127,77.99678543635777
S12,2026-09-12,6,114.9,2026-09-06,126.75864363125223,119.98084005503347,120.62229447004724,120.2241492680869,119.81972610441572,119.20981736858602,119.24501902621537,120.99485965456282,121.2503449508122,123.45505901064192,124.3777875491551,120.73826595033918,120.1694694348744,124.42501826967512,123.50653310503279,122.53865476335798,122.31489558901106,125.21870990480696,123.62602468218122,123.74915023531233
S13,2026-09-12,6,113.4,2026-09-06,121.0969431210418,117.65830737312848,117.86014538724211,115.94262264720139,119.50499183820145,117.33035733482687,118.97972001310374,117.40823943274361,117.03862959997994,120.27034527914864,120.45407921927315,116.58626801627022,115.87460381644112,117.90047223227364,117.82595593588692,117.82665402548653,117.98290497916085,117.51538951056344,116.97778327124459,113.73467833655221
S14,2026-09-12,6,94.7,2026-09-06,100.25935707787583,91.35761459386981,90.68467210181643,91.68133429173072,91.66657016825259,92.39243166858606,92.94841418415125,98.64856918879919,98.40360649653844,96.31524761744909,96.56829079219274,95.68843849727087,96.1432858330863,93.96318968364172,94.80445822307043,91.64100154467992,90.90998443194799,90.67056783267431,92.3589259011405,92.56905468532018
S15,2026-09-12,6,78.1,2026-09-06,100.19529454498898,95.23602346922505,93.61163866563113,95.2649564063231,94.6176492113513,95.33141881389116,95.46608248755537,102.49906327383859,102.12330796378,98.22993876593453,98.22978522436959,99.57714917319161,99.39712597983224,95.01450588362557,95.42459370749337,92.054354092053,92.11779048102242,88.54464723723275,91.15204237954957,94.19416381972177
S01,2026-09-13,7,81.6,2026-09-06,99.23143372581359,98.31993975826803,100.85269835769982,98.27191018009037,98.47516982030862,98.90007969422524,100.20071923782517,100.27070005961828,100.40336664744787,99.82274731227331,100.13984926768713,100.04813393184118,100.2509199006217,99.35515936442785,100.62953432628088,98.20222624370031,98.14245613643102,101.88418110438757,101.18637713023595,94.97174521514349
S02,2026-09-13,7,120.1,2026-09-06,120.84030705674238,112.85756837804608,112.22145387156807,112.9805544613695,114.30340296705782,115.41190671096973,116.40219730977562,118.01145697196094,118.11992145140735,116.32905972560016,116.88792443831531,117.45802760680286,116.8659451063451,116.31072462161151,116.53436279852954,113.37126553614704,115.95082426627246,113.47223949988452,116.07353926261035,112.22913861830799
S03,2026-09-13,7,89.2,2026-09-06,115.20888980767722,109.05290057313744,108.75298028963863,108.1387095087651,109.0029504944027,110.78575730812125,111.55940928357343,112.0173292335894,112.27998496860526,107.1571864065554,107.8192113813784,110.81141181558631,110.77032937377952,107.68107046455405,108.13842238754295,106.73788132041953,107.18562020629905,106.2828823503878,107.57311047882102,103.69508566230796
S04,2026-09-13,7,100.2,2026-09-06,110.01622121389877,106.20085142657739,104.2190046986991,107.36994412262482,107.40601130543311,108.80145116481368,109.18822675274245,106.80965140206472,107.07035734994069,103.6096296582903,104.18300345284597,106.3203344617571,106.06797507149831,103.3427782331194,102.82201102120534,104.57444479806081,105.1113271985735,101.51392271859304,101.66898253304616,99.50738242013112
S05,2026-09-13,7,89.7,2026-09-06,86.45048901619677,77.60777811423527,73.00881331430399,80.04801475585023,77.49470462515622,82.0982628024012,80.94178012058866,82.4411275655118,82.337262895712,77.87037446797763,77.7936986953107,81.97361114324008,81.84648492635165,76.14688810408984,76.90660479367648,79.87772038281832,79.3418798714963,74.80860510171328,73.06678059399997,76.05929012299453
S06,2026-09-13,7,77.9,2026-09-06,87.75323626287576,86.67635435966086,86.95521788114041,87.54628446819926,88.76701558010042,86.88333418980653,89.51458887085589,86.14524211883544,86.293497467041,85.20280876159667,86.2667812347412,86.59808197021484,86.99018230438232,85.00623264312743,85.56211509704589,87.40809669494628,88.78988876342773,87.9545539855957,89.23556079864501,80.48764600753783
S07,2026-09-13,7,81.3,2026-09-06,81.5284572881726,72.51023529001124,72.42790504860335,76.39123562145049,77.39342032556999,77.5588653152627,77.9468922323654,79.52358292170933,79.70156191417149,76.74833820887974,77.7102002961295,77.61735580989293,78.63225649424962,76.0770044190543,76.94944809504918,77.39868162700108,74.80515597888402,75.74886773654393,77.09365080424718,71.17255316802434
S08,2026-09-13,7,114.3,2026-09-06,123.6907176799518,115.85275857073707,112.8795528029356,118.78003338186934,115.062772706788,120.84849446135877,118.03707785282022,121.25711826652548,121.62459449142477,120.53816227287314,121.28330520957968,120.85836319297812,120.29408220619223,118.69545130104086,118.5553803858187,116.04531149238608,117.37409262031576,109.75704435676596,111.66022829383871,118.6475320276644
S09,2026-09-13,7,103.2,2026-09-06,105.4360687214782,110.72564055308439,110.72472319176268,110.72605287419992,110.80760463509762,110.35362109963901,110.97237560350658,106.6476232119969,106.76631274904524,105.39885011400496,105.56088462557112,107.69942918504988,107.8600312777928,104.18537131037031,104.6706637450627,107.74983278002058,108.98913303102766,107.28461328233992,106.86463132585799,103.00269201483046
S10,2026-09-13,7,103.2,2026-09-06,106.77985578461103,114.32697380464923,115.86004813424634,112.7485844447249,113.87291883892286,112.15087728213726,113.06813936901806,106.69429918016705,106.75722261156353,106.74322553362164,107.71334310259137,108.65691419328961,108.39887567247662,108.68098111833844,108.70917363848004,109.94167562212262,110.90322919573102,112.07374425615582,112.55836721147809,104.08803959574017
S11,2026-09-13,7,79.8,2026-09-06,83.02820289670926,75.34876997494032,74.92725058039949,76.66070121421254,77.2465862351767,78.38194171681835,78.0476458008248,79.06672028132847,78.97004965373448,74.62010601588658,75.35653046199253,77.39739731379917,76.49099854060582,73.63271263667515,72.53407791682652,77.57410362788609,77.37145451136998,78.44247654506138,79.62012795039585,68.81911305018834
S12,2026-09-13,7,116.0,2026-09-06,121.18131021952438,113.85445632757336,112.14999502525846,114.84193433038617,113.19483731918704,116.691741506304,115.02186992105499,116.84203823293959,117.29024847234999,117.10125060762678,117.99923624481474,116.59008117403303,116.29611774172102,117.40388615812574,116.06688900675093,114.78925057138716,114.06157489504133,114.22526641573225,114.13150830950056,116.67848571028028
S13,2026-09-13,7,90.9,2026-09-06,115.51960970931397,117.9577828032282,122.05977225012299,115.24244443915836,119.55788907127801,116.30820513012178,119.2017605386725,113.25232703345162,113.03035385268075,114.10386187689645,114.35158879416329,113.37001163618905,113.05997950690133,114.3147154535566,115.525780745915,113.86533887045724,116.31440264838082,118.06681878226144,118.41442925589425,109.99744234340531
S14,2026-09-13,7,102.9,2026-09-06,94.68202366614798,84.6292082422246,82.34106317191076,88.93867478169582,88.14393986470566,89.87544068444979,91.51515370434252,93.09693058558874,93.10039290019445,89.00694092341833,89.37066372462682,90.49232896396093,90.38382896014623,88.857059441294,89.91393359729223,87.41360025831632,87.66128992268018,88.90781923362188,90.03519257136755,85.55783065387182
S15,2026-09-13,7,75.6,2026-09-06,94.61796113326115,88.78200837223447,87.67056037273848,91.88910203271145,88.84964637545751,92.8079583199828,92.63290185712428,96.76461436407907,96.63778617041451,90.80660541909081,90.84984671132905,93.78388812201364,93.62155129568917,87.40966989653451,88.23804523604257,88.38070728438241,88.32904030936105,83.98995854513986,83.99913241522653,86.74215676443917
S01,2026-09-14,8,83.3,2026-09-06,93.6972306945113,94.07575089252607,93.10185392728188,94.59939695435153,95.86524935109094,95.40725984507556,98.3671777673917,94.54552223512106,94.6566120011466,93.64280519613199,93.73886053987913,94.86157449313573,94.56737091370992,94.61882432528905,94.9903944356101,92.40637715884618,95.29278501101903,92.96471836396627,95.85595305987768,89.82189043590002
S02,2026-09-14,8,122.0,2026-09-06,115.30610402544008,104.78448727784344,102.99406062508365,108.49080831505944,106.93359266163996,112.27960875851606,109.54805853092542,113.27300799449054,113.21116459925739,111.02768731673328,111.36118817885486,110.03745461066333,110.58733916838733,108.30122519095508,108.95843697150318,105.49908066351978,106.91617966254321,103.78513146002857,106.34965229590503,105.35319710333911
S03,2026-09-14,8,108.4,2026-09-06,109.67468677637494,108.89896054088214,127.96216250699204,107.63121068149599,116.61839580485551,110.16629497800685,113.07695798038664,107.7931887087252,107.88674034446738,102.5954963144686,102.91518320411704,106.04531874031089,106.5894681391146,100.38374914497398,101.27777876228355,115.3384128984835,109.70330252021812,110.30076761812232,105.8840614733126,97.95754923194907
S04,2026-09-14,8,88.5,2026-09-06,104.48201818259648,105.2972631101538,102.53248250680977,107.62463627864564,107.02464677478632,108.42206935164383,109.04034532238414,105.24996283394948,105.3546076093401,101.67452147347585,102.1685953412737,105.10651305062429,105.07188132149831,101.74214651925222,102.7888403211321,103.04777434212819,106.29307082039968,101.27273657662526,104.50484564644948,100.35360243661061
S05,2026-09-14,8,61.3,2026-09-06,80.91628598489449,79.27974598451496,77.65518394077571,77.74226771756264,75.54338224489726,79.31407342214865,78.83866526348874,76.05569143296157,75.93173805699621,71.1940014630643,71.42298629582797,76.26713576615725,75.62471723259364,72.9995148450223,72.66956594289218,76.05722872615729,75.45556223095332,77.49774041474734,75.08481171430026,72.87273552716647
S06,2026-09-14,8,67.2,2026-09-06,82.21903323157348,77.93596242456907,75.14676943823711,77.77345497278858,75.19063256910516,80.85329230943968,78.17932525942376,80.26159181594848,80.38918104171752,79.12972345352172,79.95264520645141,80.08887615203857,80.72363939285277,76.74568071365356,77.21288385391234,78.43564929962157,79.28601541519164,73.30022099018096,73.34129264354705,75.76844515800475
S07,2026-09-14,8,65.0,2026-09-06,75.99425425687032,70.5877445588637,69.791908858349,72.89844185641995,71.07877232569345,74.72384598271542,74.68160021161174,74.11139117309025,74.5150725705283,71.04521297046117,71.81244926282338,73.36621485778264,73.53396873303822,73.04124732443265,72.71979840227536,75.24149082728795,71.44541023799351,74.68369947501591,73.36555503436497,67.13016031810216
S08,2026-09-14,8,109.5,2026-09-06,118.15651464864952,114.18402892632977,110.41898148049444,116.14200041334108,111.8256158183722,119.47052168761438,115.10284503420552,117.06875852912924,117.27077917427084,115.78687719673178,116.35342792839072,116.50230745643637,116.32919840187094,115.81859163612387,116.01388935417197,116.09404329628012,115.21182207435629,112.56853060096762,113.01445631355307,116.19160465568564
S09,2026-09-14,8,98.8,2026-09-06,99.9018656901759,114.67760691264269,120.32750451364979,107.02287613578129,107.7705796417003,105.31398831715134,107.79612546196638,101.24146382595812,101.34223756279265,99.53792277063643,99.45715943064009,101.52937439169203,101.87227150882994,98.12287631716048,99.04197982038771,101.02125508795892,106.28714099611555,100.41383692707335,104.15562549318587,96.45638862337385
S10,2026-09-14,8,109.2,2026-09-06,101.24565275330875,104.91547499540987,101.17636928316087,102.360235995705,100.04790371436603,103.28165831535689,99.6357418680218,101.41672976698193,101.46442862238202,100.78551741327557,101.65912051882061,102.19470735277447,101.71360977377209,102.21748759235653,101.76850505556378,99.49131913866314,99.76783652986798,99.29722471918377,100.86662634100232,98.91030092920575
S11,2026-09-14,8,57.0,2026-09-06,77.49399986540698,74.60194304731897,75.77465178264593,76.67680760817886,76.37742662235205,78.15374420221195,76.88298296264587,75.92072418757847,75.80782440730503,71.37068012782505,71.88811997004917,74.45677021571568,73.56166962214878,71.33147648402623,71.48486450740269,73.89050606318882,74.32314709254673,73.84617451259068,75.09008053370884,69.02998951503209
S12,2026-09-14,8,138.8,2026-09-06,115.6471071882221,109.95536797230275,108.03468271078381,112.4295192650522,108.8181309082943,114.87014256152247,110.65333489077479,112.81586309160505,113.09375520433699,112.40758891786848,113.22667976106916,112.01231427873884,112.32548566545759,113.51519866670881,113.61749692644392,112.25690742220198,111.90228982652937,112.03416152681623,111.98282523836409,113.39782567705427
S13,2026-09-14,8,109.2,2026-09-06,109.98540667801169,107.60757719408988,107.54363435000151,108.23075848797221,106.80996279930929,109.09525821610846,106.98087403461608,108.61442560808999,108.37501341956002,108.7858247246061,108.94984061377389,106.53089768545968,106.53614360945565,106.20612628119332,107.06894380705697,105.07143695013863,105.12837082999093,103.79750163214547,103.96821553366524,102.50279528754098
S14,2026-09-14,8,97.3,2026-09-06,89.1478206348457,84.03110917817473,85.31024659469085,86.09189979038061,85.95335134305377,87.32229165105375,89.49069124672393,87.20956858226232,87.19631358214788,82.82864626475744,83.45948179789953,84.45055922099523,84.46661528178625,83.05501946040563,83.25570353099279,83.15985449382238,83.11027105876379,82.59533461162023,83.79656942912511,79.94394215175085
S15,2026-09-14,8,62.5,2026-09-06,89.08375810195886,88.16008441577677,88.41846492860013,89.52319540954461,90.38988171309549,91.25228961577541,93.95264260983808,91.03943454282624,90.89102937834603,84.79049183981759,85.22025324957711,88.73090936797006,88.054140826634,84.60186984198434,84.52461745398385,85.81012894766671,86.84618498938424,84.57706286566598,86.02651431219918,82.18579461233956
S01,2026-09-15,9,99.0,2026-09-06,92.4317267829152,89.3770335073229,89.19897753595198,90.035077855948,88.66715457777602,91.02059965364707,90.6008778639249,93.3392787201064,93.29193564483099,92.86434694358282,92.88819422551565,92.26755150386266,92.11765917369299,92.08574696608953,92.68239470549993,91.55843123027257,91.77159293719701,92.14489062854223,93.65235932895116,90.8909915310996
S02,2026-09-15,9,143.9,2026-09-06,114.04060011384398,107.87852070331853,105.96769141486917,110.03500842802181,109.73460278030127,112.06971715565106,112.02782668104562,111.14025021155445,111.83628011305896,110.30005837042896,111.41965556700794,110.6341311987218,110.22546578009693,109.70249653418628,110.34922981818286,109.14708519538013,110.0235538538274,108.19958639700977,110.36360502799121,109.84795904715625
S03,2026-09-15,9,109.2,2026-09-06,108.40918286477884,106.59868291622504,108.00587951833873,105.89796676857995,106.20085620882043,108.24503705775292,107.75174407916647,106.40272631019614,106.7103268083956,102.0012113031771,102.6773120340731,104.37691511482261,104.76628794044517,100.4325438913729,101.26394476264976,102.85015882820151,104.42040695518516,99.62206472724937,100.9802562174227,100.74326814979575
S04,2026-09-15,9,128.2,2026-09-06,103.21651427100038,107.84901583446131,105.04069962437453,108.16860665327845,107.10294434102437,108.65013469471702,108.93196330461313,104.8974600110735,105.4840135846819,102.16720106942311,103.35447409493581,105.63826277596608,105.8072729383196,104.00203802926198,103.99607375008718,106.47816946847097,106.78620627267019,106.94765570504323,106.62988951546804,102.93825056893483
S05,2026-09-15,9,59.7,2026-09-06,79.65078207329839,77.54628933628042,79.43083390861082,76.60720529283954,77.391185708776,76.52271401828892,76.94566231451513,75.02485140860949,74.74512234033023,70.42711475194369,69.97898891271029,73.03276756108676,72.76860144437228,68.70629337132846,69.55203273595248,74.76955809892092,75.61370986402903,74.40249314607058,74.38751962483798,72.58339121640597
S06,2026-09-15,9,78.7,2026-09-06,80.95352931997738,79.46924135604186,79.71431266191428,78.02516521411619,78.57720907951605,77.0060547434453,78.78234504015923,77.21660628318786,76.96033849716186,76.44155683517455,76.3963287115097,76.05020513534545,76.4122878551483,72.77784457206725,72.80659201145171,77.37381424903869,79.47187271118163,72.48217799663543,75.41304364204406,75.35796757936477
S07,2026-09-15,9,73.1,2026-09-06,74.72875034527422,75.35238490703489,78.2127073584722,75.14892595785687,74.9041506686059,73.5177417468041,73.89504919904553,72.59216247626713,72.71937965356878,69.78993485995701,69.50688670703343,69.94481681415013,70.10250376292637,68.85529945918492,68.50879095622471,75.69512604304722,73.9452324969428,77.00284765788487,77.57610271998814,68.6590847832816
S08,2026-09-15,9,111.2,2026-09-06,116.89101073705342,114.85759239877524,107.48246774832803,117.21836688910827,112.38022040315172,119.99658005607829,116.34594265961137,120.18975858062765,119.13195185035727,120.40759639114401,119.55075029701254,119.39264158576987,118.55786327690146,120.09985522598288,119.79300407737753,116.85609440177939,118.9032226023104,113.7550120767977,117.67510132164023,119.95422653526327
S09,2026-09-15,9,90.3,2026-09-06,98.6363617785798,97.62960969932483,94.48921788483459,97.89791334475791,94.99470055949224,98.56445514959378,95.99550121099247,99.46181228842055,99.40589216436659,98.18605533327376,97.97788944925581,97.74775257791792,97.78560438837324,94.58604398454939,94.85330692018782,93.1380435534886,96.22698703493391,91.47383561815535,94.5163508960179,96.88340249742781
S10,2026-09-15,9,106.1,2026-09-06,99.98014884171263,99.63078708359843,96.50782377241805,98.79550276203794,97.0953338840635,100.85083020946556,97.79593021934416,100.28023453439984,100.26972766603741,100.30217786516461,101.08562381948742,100.64323015894207,100.24350567545208,100.72830386842999,100.96667834009442,97.3368277141026,98.92845125879559,97.88563771929059,100.08953090395245,99.36454864229474
S11,2026-09-15,9,63.2,2026-09-06,76.22849595381086,78.56914895785867,79.30165152604636,79.04351733102547,80.21576800213403,78.79407553340263,78.81630331785188,77.54239300319126,77.36731937953404,73.25630215236119,72.93774918147496,77.1965811593192,75.76162270137242,74.13424519130162,71.98633984157017,78.43284538814,78.13324001857212,80.79059628077916,80.34158066340855,68.60455349513462
S12,2026-09-15,9,125.3,2026-09-06,114.381603276626,111.57373306613881,106.55752719547517,113.23021125040808,109.21437381345893,115.20606329759951,111.93454872697446,114.46655388559614,112.77931256975447,115.36714478220259,114.39730425562178,113.96027036394392,113.11983295168196,116.62923916067396,116.07330723490034,113.35377021517073,115.06578632082258,113.52293678011213,116.4250162431172,116.05397291864668
S13,2026-09-15,9,123.1,2026-09-06,108.71990276641557,107.9724923862991,107.83490146881246,106.66455942424487,108.06255612075076,108.69451725334774,109.08017251170222,106.48433692114693,106.99662716048104,108.0608617748533,109.0048075403486,105.9336541380201,106.47846300261361,106.56995613234383,108.31017286436898,107.48784143584115,108.08148867743355,107.24088771002633,108.10401208060128,106.49590952055794
S14,2026-09-15,9,61.3,2026-09-06,87.8823167232496,84.71459004076644,87.4714940759604,85.60365661454706,87.08566761326918,85.56153684395947,86.37401891972384,86.25359412261419,86.07621511050634,82.13662346431188,82.12391670772008,82.24865826198034,82.36105974742345,80.18229397365026,80.1919394356864,84.95335563250951,83.66931208201818,83.39521082469396,84.0346420628684,81.17504318782262
S15,2026-09-15,9,44.5,2026-09-06,87.81825419036275,85.13968334816221,86.11266447268676,86.47424211857297,85.97809862439138,87.61484498166378,87.7430158589797,89.83319177286965,89.52635385649545,83.84820058005197,83.59819581168038,85.70162560599191,85.28735043661935,80.47602440970284,80.70341660635812,84.93286015646798,84.41305806296212,81.54857709067208,82.62162949698312,82.64171387808663
S01,2026-09-16,10,81.3,2026-09-06,99.61149926091004,97.15244402989717,97.63282785381377,97.77672770722347,98.31247953219625,98.31467574333331,99.75514418275866,100.78038843699865,100.92394693919591,100.74893005916051,100.88695438929967,101.17263039180212,101.05638798304967,101.81962688991003,101.90911491939,99.86486681529455,99.88682945796423,101.00733431407384,101.841319165911,99.64008530208044
S02,2026-09-16,10,115.7,2026-09-06,121.22037259183881,113.49716171801742,112.6014237768205,113.77243583914482,114.76215949515154,114.89867056937135,115.70272099514675,118.26727700789539,118.24324513037769,117.1185884531316,117.29263020117847,117.22863817771045,116.61952806075183,116.26689827998248,115.90963614543048,115.43793374856082,115.08041018803684,115.1674244459447,114.85695893128482,116.09704852660266
S03,2026-09-16,10,124.0,2026-09-06,115.58895534277367,108.85532286867524,108.16012564457597,108.64975154273475,109.35984993671019,110.80400651884885,111.41353577612588,112.75800468296073,112.88402225345634,108.53775109619163,108.88726128906272,111.40436329216026,111.74478353828452,107.49105538696311,107.73127760261558,107.86151661247276,108.65781511634849,106.43730034202598,106.01316704124473,108.07129253715537
S04,2026-09-16,10,99.3,2026-09-06,110.39628674899522,109.69959252420188,108.17452279880122,109.56215435474553,108.67624873888671,109.15214763751993,109.40767984208031,107.55031874520436,107.67439272744313,105.00131705147878,105.53010657174245,107.252469090053,106.99653342110769,106.30234244210378,105.36831190926686,107.4936456952776,108.44337942940847,109.04551699502126,109.26904490334645,105.76228621346608
S05,2026-09-16,10,81.9,2026-09-06,86.83055455129323,83.44159253197563,83.43767281429594,82.39786767286085,82.0143482396922,83.14841718596993,82.408451085842,82.46596124471102,82.37713125050936,78.31170156300936,78.01795175374423,82.38965633214389,82.17946842015658,78.81392600835238,79.86805179418002,81.16680839360629,81.91297080815707,83.60534169972811,82.40432765782748,82.10541179479037
S06,2026-09-16,10,85.0,2026-09-06,88.13330179797222,87.11106675526592,88.19867207120521,86.03878473136619,88.23319308617846,86.44257005673987,88.77203186376089,86.17007484436034,86.33336582183837,85.83849754333495,86.10273780822753,86.17497482299804,86.75935306549071,83.50963439941405,84.01837768554687,86.22830142974853,88.01344718933105,81.47687997817992,83.21504249572753,85.23889198303222
S07,2026-09-16,10,101.5,2026-09-06,81.90852282326907,76.75226018975363,78.38603341525209,78.3101928347666,79.32235001072877,78.32612016157161,79.26568554028954,80.0332712990897,80.35138844081334,77.6745204789298,77.79834221431187,78.9023299080985,78.89103792735509,78.35824917384556,77.86478518077305,79.06476400920323,76.19886349269322,81.18248222896031,79.34648083278111,76.88577221461705
S08,2026-09-16,10,95.8,2026-09-06,124.07078321504825,121.5545925555824,119.64115993567907,121.79797974102513,118.24331348046879,121.98109165783215,119.24564069733312,121.51293877929709,121.74791840881369,121.56163386672995,121.74178413719198,121.40131596893332,120.27176837295553,121.54895691246054,120.53150729507468,121.37279872268698,120.35813693374655,121.36763099998495,119.21222595542929,123.70275464326403
S09,2026-09-16,10,111.4,2026-09-06,105.81613425657463,110.20707452985982,109.01536418242326,109.10739635911035,110.06958980888321,109.15391404608177,110.2980524605765,106.6724559375218,106.8061811038426,105.8401772090367,105.67135682787215,107.58039918627058,107.58022132601057,104.88695350374495,105.06311479296004,107.40094104494368,108.35229459490095,106.35974231447493,107.41476360048567,107.5188390323094
S10,2026-09-16,10,121.3,2026-09-06,107.15992131970748,111.12607261700016,110.93684574423378,109.3144612844487,111.53939184076344,109.98931167955038,111.15406737314085,106.71913238252911,106.7970909663609,107.27435775484356,108.05192180361065,109.27790590013775,108.62365718569073,110.31220241274151,109.58899160112652,110.2189488002232,111.1673941203526,112.1127819606236,113.10625501360211,108.97137017931256
S11,2026-09-16,10,82.3,2026-09-06,83.40826843180571,79.33025056870594,78.52204368809154,79.76551905287144,79.90925995833082,79.99001354723539,78.94662307459704,79.57640818187168,79.49062899180821,75.82359913417271,75.79267910548619,78.27361610957554,77.27855900355748,75.79876354762486,74.63909367152623,79.00500134059361,79.4993303162711,81.64798191615513,81.69718102046421,74.21421555110386
S12,2026-09-16,10,141.8,2026-09-06,121.56137575462083,117.45370891370919,117.5110201989973,117.59185336532894,115.87818230175274,117.47960302566489,115.97330405725829,117.09785898412977,117.4135729261807,117.53023280586515,117.87640078748976,117.11994262422834,116.16025086130415,118.72658221806799,117.21879788126265,118.1445581057242,116.99275811399733,120.79435010637556,117.45065702881132,121.08712621416365
S13,2026-09-16,10,120.2,2026-09-06,115.89967524441042,114.29506264701838,116.52601304493191,114.59944166509814,116.74439137479578,114.91568811849233,117.17470601510236,113.27716047423226,113.07022173064095,114.63499648230416,114.61659629004342,113.33398706572396,112.86384279387337,114.04923445837838,114.13781268256051,114.66049821036202,115.0446787561689,115.23205239432198,115.0614104952131,112.97690946715218
S14,2026-09-16,10,81.7,2026-09-06,95.06208920124443,88.01674222888498,89.99239513037178,89.62979324674679,88.78188922559949,90.15834820498641,90.6713935511161,93.60661800929479,93.62097223826818,89.93312200137548,90.07562717029028,90.88033469745092,91.20377119609289,90.16236599513464,90.04157694407873,89.37999626227788,89.06715937682561,89.00839766093664,91.13350089618139,89.7700814826148
S15,2026-09-16,10,111.1,2026-09-06,94.9980266683576,90.58375758403811,92.19002350246582,92.26503308335869,91.6305064183385,92.86390860379981,93.19008995360493,97.27430226462228,97.15836550848825,91.73278634803636,91.63716082828385,94.70344450133187,94.22607876913888,90.39489652769906,90.32093705790383,91.25616349088294,90.98372363107545,89.31960703986032,89.65557815687997,91.42662482517106
S01,2026-09-14,1,83.3,2026-09-13,89.02043275875262,92.41376597865657,91.82446363751113,94.37913354949063,94.9998132852287,95.09321313566721,96.42445554594158,92.61536854335239,92.67613857814243,91.47578686305454,91.37730091639926,91.40552776881626,90.74245327540805,89.667580304827,89.84962147303989,89.30481594630649,89.72069996425083,84.34320705958774,86.66086834498813,89.53776806422641
S02,2026-09-14,1,122.0,2026-09-13,117.50386459532216,116.11258305779228,118.18618890473287,118.11143740654506,117.7609954387804,119.83049753088639,118.96893427380735,118.17828429767063,118.09505475589206,115.68224371501377,115.45564592906406,115.61389387675693,115.68598164149692,112.05643738337925,113.00431908198765,114.84632052012851,113.73344458171299,113.57742870875767,112.43506325313022,113.3231057030814
S03,2026-09-14,1,108.4,2026-09-13,110.46497123816803,112.8191872974238,114.5248107801198,112.61234400447796,116.4879925265973,114.58160945021852,114.21767225371502,111.91233276639664,111.73677992139542,108.2935178211757,108.36564039502824,108.9432489803859,110.82052873883927,104.0000264576503,106.27667116437638,109.77499031339372,108.88700413022721,106.35591959272111,106.1082503727504,105.33494829450333
S04,2026-09-14,1,88.5,2026-09-13,97.67941143445431,105.84658494760905,118.7828827530609,102.2950939187808,110.37310130853785,97.56271081257646,98.32407196631162,93.32738071850369,93.35146981648037,92.23137873581479,92.14829844406674,93.99661475590298,95.06810409000943,93.27177626064847,94.64409905842373,105.2407038824899,102.97694713047574,106.2137787955148,104.54976207188199,90.23892438582013
S05,2026-09-14,1,61.3,2026-09-13,84.9335288685083,81.08364720517004,79.74541965657576,82.44980281699199,79.72923815905054,85.41432097833452,82.88632134865185,83.09718617286,82.80607175316129,78.91856723512922,78.86549096788679,82.84517895664487,82.96237578477178,79.40444904054914,78.79298310961042,80.70950012888227,82.07873707498823,76.93930202211652,79.11268954958234,76.42317443575178
S06,2026-09-14,1,67.2,2026-09-13,85.58625069189532,82.12353194063768,79.2199349175663,84.02544372339048,82.21634224275132,88.16926001271663,86.63569983238862,86.13222795554569,85.99318784305026,81.43839281627109,81.2707788331168,84.87207144328525,85.00752967425754,81.04967993327548,81.05853193828037,82.10016172954013,81.31293695994785,79.01621025630405,77.9382683617728,77.472436605181
S07,2026-09-14,1,65.0,2026-09-13,74.51886077876124,77.24465089879224,75.94855017552989,77.35892978128231,76.66576078838577,77.90377063409626,77.98959305986753,74.48405517850604,74.32274426732745,69.29387869153705,69.30216230664935,71.45705427442279,70.92972530637469,69.35649456296649,68.00061620984759,71.7228104046413,69.91998829160418,69.37872661863055,68.21701731000628,65.25605215345111
S08,2026-09-14,1,109.5,2026-09-13,110.09700573420672,109.12216121202479,107.58508513228195,109.74344927867361,107.01854550180647,112.76687957717049,108.32005454431275,110.18389173235212,110.28826423372541,109.44506831850325,109.82229324068342,109.8562416621617,109.25615497316633,109.84978957857405,110.08383031572615,109.00334592546736,107.4690060206822,107.83407445635115,106.86036248888288,111.75797601427351
S09,2026-09-14,1,98.8,2026-09-13,100.14305961365284,105.30623247815215,104.64346951197432,106.03872154732872,105.47161180203013,106.70403481056665,108.11263066666768,104.21458797199385,104.25998707158224,101.94913454396384,102.04020924908774,102.75423140866415,102.78299023253577,99.46479447228567,100.25257761819022,100.95641000611441,104.37468548161642,98.6915677343096,101.19866879326956,97.82986243111746
S10,2026-09-14,1,109.2,2026-09-13,103.84518419384182,106.39304405830948,102.92440550332758,105.77839751060704,104.78660916580235,108.02741349517781,106.26511629068357,106.43750868524823,106.46911535944257,102.82203326906476,102.840968472617,103.53288446153913,104.07836805071149,99.81394181932721,101.31132589067731,101.10215554918561,100.57999120439801,98.8148773738316,97.82325158800397,101.53174148287091
S11,2026-09-14,1,57.0,2026-09-13,76.82103666630421,76.78979776972706,78.01074485426179,76.57992727156248,76.88390959208277,78.07933443854981,76.15261243020062,78.2214606148856,78.08912066050938,75.33639315196446,75.24785307475499,78.87852362224034,77.88060167857579,79.68133810588292,77.52501371928624,77.88611200877598,78.38126877376011,77.54910448619297,77.97767094203404,77.24407127925328
S12,2026-09-14,1,138.8,2026-09-13,118.97289853094719,114.11846236535293,113.12972227768581,115.7838651865313,114.01870381018611,119.68881391616162,116.77143570423361,116.96713335854666,116.97595293862479,113.68569071633475,113.38954623086111,114.68286211831229,114.35225184304373,110.29846556527274,111.44500334603445,112.68389590127127,111.45628817422049,110.1305816922869,110.05408366067068,111.62346060616629
S13,2026-09-14,1,109.2,2026-09-13,107.83979394277385,109.45627516535501,109.9960260622459,107.83231234372109,108.56765344722223,109.34071180712056,107.75672364024369,107.63929264886039,107.68586759907859,105.65502422196525,106.27707164628166,105.56304018838065,106.43786018235343,103.84718029839652,105.07700388772147,104.70112936837333,103.95362274987357,104.10433571679252,103.80706684929984,103.52506964547294
S14,2026-09-14,1,97.3,2026-09-13,88.28312642764787,85.6502307245561,85.06416569298246,88.86134703715521,85.7319554860888,91.31221156821312,90.38882342423769,89.339572763443,89.12778935432435,85.92059311866761,85.96865186691285,89.66363141536713,89.8087540626526,86.41023764610291,85.60450968742371,87.98697332143784,87.90371260643006,85.12464699745179,84.38051066398621,82.80536613464356
S15,2026-09-14,1,62.5,2026-09-13,83.5768792885171,82.60736117227201,82.80722842542386,83.81522625678329,80.78968604754306,85.68472885749733,84.48099135353883,84.43596321514674,84.24031192234584,80.76022094658443,80.56719809940883,83.95673650673457,84.23299342564174,81.90392606130668,81.17854732445308,82.37060919574328,80.99783462456294,79.94630581310817,79.02775269917079,78.80843311718532
S01,2026-09-15,2,99.0,2026-09-13,87.88720544741905,90.86036443087355,89.85855558155563,93.2302816920257,93.25844835606406,95.05696836179598,96.29520018070279,92.17703121730258,92.24366825648715,91.19649761744907,91.16206615992954,92.51384609767368,91.7791468484061,90.58430164882114,90.58584087916782,90.58919781276157,90.3499476296561,86.61183994838169,88.33840244838169,89.04938000270297
S02,2026-09-15,2,143.9,2026-09-13,116.3706372839886,112.7041443985088,112.06741107159158,115.85695944353628,114.6000870347048,118.13343964297309,116.46810519866239,117.42386139460972,117.56573809215,115.50386990138462,115.44517458506992,116.76629341670444,115.16974867412021,114.53501690455845,113.26905144282749,115.59872616359165,114.49309624263218,114.45941389628818,113.74628962108066,115.2767132622855
S03,2026-09-15,2,109.2,2026-09-13,109.33174392683448,108.0564156178993,107.86663046400824,109.64425272590465,109.30383979429538,112.32427605953912,110.48540844782582,110.82680248532975,110.78279184613908,107.35482382093156,107.76027941022599,109.30405878339494,109.621043913705,104.71406435285294,105.33756613050187,108.46924757276261,107.68626951490128,104.01574682508195,103.84716676984513,106.54109262738908
S04,2026-09-15,2,128.2,2026-09-13,96.54618412312074,91.32530138858908,91.45911154328817,94.10358808399444,95.43681361457702,92.50526313624728,92.88574350561504,92.27710920742581,92.34814614227841,91.34015506676266,91.0728964822633,93.08157402447293,93.04848677090237,92.13841837814877,92.2548902647836,93.16223722866604,96.129942716871,91.71884256771634,95.79911261967251,92.75976544788907
S05,2026-09-15,2,59.7,2026-09-13,83.80030155717473,78.41174838347305,77.76472803509168,79.75571949837641,78.17991976772193,82.01194878479811,79.8285366003033,81.86507063593183,81.70581918443952,77.30379586900983,77.57886653627668,80.74538403238569,81.16407495226179,77.65443902696882,77.29791360582624,80.05337792124067,79.99226051058088,78.36165815080915,79.49259310449872,78.34707885469709
S06,2026-09-15,2,78.7,2026-09-13,84.45302338056175,85.77137106537369,84.31758616608076,84.98316479983009,83.44495737516311,86.03397583832471,84.01865267205228,85.40118688174655,85.26691526004245,80.32470100947788,80.31947153636386,83.25237768718173,83.7252601964133,80.78434866496494,79.83476704188755,84.67681759425571,83.84171241351535,86.03422063418796,83.43630522319248,79.81259554454257
S07,2026-09-15,2,73.1,2026-09-13,73.38563346742768,71.14379703066727,69.73172103328707,73.2261369104925,70.52527330594953,74.73499148350619,72.46660294601672,72.81501068387713,72.88545383725848,67.04211344037738,67.36525453839984,69.7836252621242,69.9207045010158,67.78345217023578,67.07341970716205,68.17739977155414,68.80347170148578,67.44177450452533,67.4255315235683,67.09124769483294
S08,2026-09-15,2,111.2,2026-09-13,108.96377842287316,110.39822003959843,108.99370454194654,111.176795834688,107.46934069999037,112.69128324513686,109.55554087867901,111.3974785396031,111.63339324678694,111.2347039767674,111.5502671786717,112.88670154299055,110.5790757724217,113.78969402994429,112.14008827890669,112.28221865381514,111.41448064531599,111.64270444597517,112.18109341348921,112.89007349695478
S09,2026-09-15,2,90.3,2026-09-13,99.00983230231927,103.89083557334665,102.66111098660193,103.62349585528519,102.49167610300603,102.91721696195003,101.00311665971542,102.63044567448752,102.71399851185934,100.57363207680838,100.68518669945853,100.98217089516776,100.52216322762625,98.24529202325003,98.51362831933157,100.30249054772513,98.93909247262137,98.90862067086356,97.6864670072283,99.45721800667899
S10,2026-09-15,2,106.1,2026-09-13,102.71195688250825,105.16472190870954,105.83106180859048,105.55030281938475,104.52491424667363,106.20349497409731,103.37945843543007,105.06962619509015,105.1374591418675,101.6627915927342,101.83567224230084,103.40792213167462,102.8026465007237,99.7542780467442,100.21553407396588,103.2181681224278,101.05137716020856,100.83823667253766,99.40928254808698,101.67543636049542
S11,2026-09-15,2,63.2,2026-09-13,75.68780935497064,71.6185623426657,70.09477530683866,72.3472221203307,72.32338477057799,73.64918254579068,73.12558971375738,75.63054779597691,75.73873046466282,72.16275436111859,72.3380541993039,75.06589916774205,75.37946942874363,76.04920772143772,75.25648764201573,74.9490042073386,76.08875921794346,76.47132662364415,76.7961004120963,77.15191057750157
S12,2026-09-15,2,125.3,2026-09-13,117.83967121961362,113.81731057993689,111.22434461817977,116.02486674021347,113.42260328855087,119.51955555377668,117.53988195229115,118.44740231377737,118.53547032220023,116.87483675820486,116.51169188363211,118.30231793267386,117.32029421670096,115.70325739724295,115.91083510262625,117.38683970315115,115.77986700875418,115.46319563729422,114.71363718850272,114.07312376839774
S13,2026-09-15,2,123.1,2026-09-13,106.70656663144028,104.40960841412311,103.86349742534864,106.17527393338905,104.28305567070038,107.44493404954241,105.19195463047885,106.10868208748954,106.19149582726615,104.50245707375663,105.27928345543998,105.36890619141715,105.13494103295463,103.75673001153129,104.1708630834307,105.88599460465568,104.24651806695121,104.53364079339164,103.77251332146781,104.90532152993339
S14,2026-09-15,2,61.3,2026-09-13,87.14989911631432,84.40984728875738,84.95665804449597,85.34846225862923,85.05344076445807,86.73213817418836,85.86839519826337,87.77635300755502,87.60286546349526,83.97471914291383,84.25735626220704,86.88479373455048,87.28342918157578,83.80890378952027,83.18675289154054,86.3187135219574,85.78994331359864,83.90701637268067,84.62194929122926,84.5339668750763
S15,2026-09-15,2,44.5,2026-09-13,82.44365197718353,79.37936604562744,80.91755313363457,82.19282933128868,81.1496828304359,82.40829056868631,81.95018416497437,83.05126005581447,82.71538818052836,78.99286395481654,78.71989995411464,81.19401240519115,81.66290489009448,79.31827002934047,78.85119372776576,80.18884819916316,79.96920925549098,78.02410394123622,78.72682863644191,80.73440212181636
S01,2026-09-16,3,81.3,2026-09-13,96.07824071718517,95.8892294728013,97.1071150579111,96.44397792499635,97.39715627119469,95.64973095508768,96.6904357763989,95.40380161830356,95.56435650416782,95.86076134272983,95.71764153071811,95.41769856044223,95.19409435817172,96.6562573296683,96.19637459346225,97.6595703942435,96.81578892299106,97.3429257256644,98.89351337977817,95.978295980181
S02,2026-09-16,3,115.7,2026-09-13,124.5616725537547,123.65207896843813,125.75378176482936,122.9606901793447,124.85289161267909,121.5936511658891,123.9925709074444,123.52196968623569,123.53646160193851,122.70475984641483,122.2712879879134,122.65399248429706,122.62216700145176,121.99574471541813,121.80667134651115,122.25051678248813,122.06329793759754,123.16883565017154,121.886324684109,123.06095863410404
S03,2026-09-16,3,124.0,2026-09-13,117.52277919660058,113.81368361482848,113.76922237246214,114.74822665383395,115.71709911444012,116.30704282366443,117.1613423598991,117.09328674588883,117.01546978269303,115.00919752631867,115.01856600557053,116.12764141772473,116.95761691842759,113.4459254673549,113.7368190220424,116.70457624707902,115.78640951280082,114.16649460111344,113.93744301114762,115.24275540624345
S04,2026-09-16,3,99.3,2026-09-13,104.73721939288686,103.28825099319666,102.34380755357483,103.02035990928984,103.67138347808442,102.96109392007706,103.63094625628457,100.19354850224087,100.31730204990933,100.78131419590542,100.36276179722378,100.94416552952359,101.15146285465786,101.95295268467495,101.70778113773892,100.9683764593942,101.6583884375436,103.37753707340786,103.94407779148648,100.55844813755581
S05,2026-09-16,3,81.9,2026-09-13,91.99133682694085,94.24930797371964,95.46836551444981,94.70337541600713,96.15979927730598,92.94102353100064,95.00976702845652,89.9716930934361,89.78037553514753,86.93513994898115,86.97412853922162,90.14722495760236,90.75170331682477,88.90776401247297,88.4212689944676,90.49418645586286,90.75109821047101,93.35017018999372,91.8541508265904,87.50940757478986
S06,2026-09-16,3,85.0,2026-09-13,92.64405865032786,94.23900220084317,97.77871625100181,93.48216563089699,93.93316422198694,92.8032967328829,94.03090034569871,92.88222044536045,92.84305399485996,89.33044999667575,89.2163160426276,91.81113976069858,92.42892426082065,90.67576879092624,90.23394244738986,91.29654997416904,91.88577669688632,94.40881889888217,92.50124901362827,88.26573842593601
S07,2026-09-16,3,101.5,2026-09-13,81.57666873719378,78.8591260353886,78.0125456963759,78.85167387652308,78.76752141998593,79.57673171640725,79.1078180875637,79.94465722356524,79.8831502369472,75.85881640229907,75.84467508111682,78.52464474950519,78.45650817666736,77.64495818529811,76.40629132304873,76.52331520829883,76.81124498162951,75.2418853214809,76.35679818902697,75.40160860334124
S08,2026-09-16,3,95.8,2026-09-13,117.15481369263927,117.26933953775726,115.69707205121901,115.38427653237726,114.18739750652009,115.33617760011893,113.40416104665948,114.59552117075239,114.79762812341963,115.535529006379,115.56988940026079,114.50110038008009,113.7767612525395,116.62001128877912,115.98990981663977,113.94261248792921,114.03017934049879,116.33267875398909,116.52954347814833,118.65074535097395
S09,2026-09-16,3,111.4,2026-09-13,107.20086757208539,109.55429012974113,107.8897705091757,108.65444242144888,108.528818388492,109.7751248931849,109.72836054499132,110.70357878548758,110.84863980157034,110.12188990456717,110.01349480492728,110.2239802633013,110.50348742348807,109.43518383843558,109.66970999581473,109.37444098336356,109.75011427743094,110.89204104287283,111.49650462014334,109.59591515404837
S10,2026-09-16,3,121.3,2026-09-13,110.90299215227436,108.72000832634355,105.14870459925142,109.31966427252738,109.30271870758806,111.45951355160207,111.49524248880992,111.7811928817204,111.91052089418683,109.76224599565778,109.71656720127378,110.98283754076276,111.01455150331769,109.4721547790936,109.13853268112454,110.285668356078,109.81790844883237,109.50429527248654,109.96598647321973,110.71297774996076
S11,2026-09-16,3,82.3,2026-09-13,83.87884462473676,85.90379977877033,86.04779683355443,85.34596379552451,86.69706052885914,84.4137910154025,85.22644232620564,84.47490814753941,84.44366386958531,82.78141239711216,82.61054066249302,84.35926750728062,84.47988442012242,86.54089096614292,85.63759640284947,84.11613396235875,85.39972332545689,86.29741409846714,86.55521324702671,86.17950657435826
S12,2026-09-16,3,141.8,2026-09-13,126.03070648937972,120.22704160148257,119.68752571461074,119.66123803046143,119.17813197051889,121.53958923229716,120.31481936496877,121.5414920602526,121.64803488595145,119.93887980324881,119.43586285454886,119.88115818841116,119.43063004357474,118.5948618207659,118.31155331475394,118.57430203301566,117.41514857155936,118.88261397225516,117.27626450402396,119.02254088265555
S13,2026-09-16,3,120.2,2026-09-13,114.89760190120639,110.29700563837822,108.86658643621465,111.62705583256673,112.10992553958872,113.0551078917997,113.20859076160737,112.82024734360832,112.96455710274833,112.43250673157829,112.98995559556144,112.58326142174857,112.94179027421134,112.35757344109672,112.34603708130973,113.71682970864433,112.4571568284716,112.79621475083488,113.0014180455889,113.03076022011894
S14,2026-09-16,3,81.7,2026-09-13,95.34093438608042,100.0924357744473,102.35160070489022,100.58567353835227,103.17238102522731,98.3085885719039,101.70650626607964,96.05135593414307,95.93937597274781,93.7744408607483,93.91457328796388,96.53594360351563,97.16582164764405,95.37523660659791,94.53163967132569,96.8433090209961,96.73729858398438,98.19543132781983,97.19405040740968,93.71265516281129
S15,2026-09-16,3,111.1,2026-09-13,90.63468724694965,90.77975013763619,93.75207355485756,92.83800898767846,94.23551364969543,92.5535749913688,93.47801467983444,91.14774447849818,91.0518973486764,88.66357737949916,88.42559606007167,90.53369265965053,91.42766887119838,90.38205558231898,89.98823768070766,89.17502623966762,89.66988593510219,89.73356849125453,89.933183492933,89.05500155857631
S01,2026-09-17,4,83.6,2026-09-13,101.54261904511898,100.14620173430237,99.9139536861425,99.58803405523092,100.09125468219351,98.20480180526995,98.30058476620513,101.0086619240897,100.81434696742465,103.97208136149814,104.03357523509433,101.37937515803745,101.52975815364292,103.82412308284214,103.65659636088779,101.78715199061801,103.1427885872977,101.76905792781284,104.43234366008213,101.54481476375034
S02,2026-09-17,4,158.0,2026-09-13,130.02605088168852,128.43891449757936,130.01268934807442,126.56926513262032,128.71796786008312,122.84697235373994,125.01320702542618,125.39723409243992,125.21015227862766,124.77943337985447,124.25328219958713,125.57093943187168,125.20709742137363,125.6512307030814,124.98510707446506,126.33337868281772,127.43621338435581,127.19594706126621,127.2827323777335,127.03712357112339
S03,2026-09-17,4,122.9,2026-09-13,122.98715752453441,119.73532996618097,119.4680740653854,118.51457076840067,118.24031114387279,117.31846405194017,118.16169237265656,119.12289809499467,118.84351157460893,117.5531659058162,117.41517209325517,119.5622138908931,119.08899139676774,117.79348110471452,117.02227222238267,119.77211832318986,120.97357820783341,117.76174008165086,119.47943043027604,119.900913470132
S04,2026-09-17,4,128.1,2026-09-13,110.20159772082067,103.45627683954581,102.94508234928786,103.81930316999369,104.26870222557548,103.52782334648863,103.92669720202873,102.31111270359585,102.2170279639108,103.7360766547067,103.12817031315396,103.3658726828439,103.09447413853238,104.59018641880581,104.23071605137417,104.52131778172085,104.76524859837124,105.73628169468472,105.43602687290738,104.70232039860318
S05,2026-09-17,4,66.8,2026-09-13,97.45571515487467,95.53692128290844,95.8219647190807,95.23538973059955,96.5064305666416,93.25683369607951,95.23125773321733,91.3130803653172,90.92018800462995,88.33559852327619,88.48439603533063,90.87405448641096,91.13956075395856,90.37574153627668,90.88602405275617,92.76540380205427,92.32616430010114,95.01778131212507,93.44493776048932,90.81176477159772
S06,2026-09-17,4,91.7,2026-09-13,98.10843697826168,93.37840717889773,94.82280064253057,93.235065400601,93.80031793073742,93.10814346874662,94.22927736066978,94.22360294886997,93.98286551066806,90.57604068347385,90.33541029521396,92.43954771586826,92.56660860606601,91.01836103030612,91.04441374370029,91.97974508830478,92.06323736735752,92.22018879481723,91.27486055919101,90.06329697200229
S07,2026-09-17,4,79.8,2026-09-13,87.0410470651276,79.26660293826346,78.76021113765603,79.55609921259347,78.78143492782017,80.38307762303624,79.58625909041375,82.91300930295672,82.46359552655902,79.16360523019519,78.9217199257442,79.78781737600055,79.4010900429317,79.26572264943805,78.62803222451892,78.02666254554477,78.07419897828784,76.39280511651721,77.56464950953212,81.09474887166705
S08,2026-09-17,4,116.7,2026-09-13,122.61919202057308,120.03668120550577,118.0142489836242,118.99685351883812,116.9748664813685,117.70323181037469,119.69793177195943,119.47756310190474,119.30697246279036,123.92260881151472,123.4969191142491,125.52210374559675,124.53912587847029,130.1474546977452,128.20722051348005,125.10069032396589,126.06602426256453,126.97960324968611,127.7038921901158,126.71836896623884
S09,2026-09-17,4,140.5,2026-09-13,112.6652459000192,109.5280801483651,108.42343289444321,109.8560371926622,109.77571288906324,110.50090564092744,110.29109425720435,113.45726282937186,113.43537123543875,115.86797221047537,116.0433367047991,113.00671465737479,113.40090830666678,112.70658476693289,113.00093443734305,111.86484511239188,112.9371355329241,112.32426340920584,113.61645872933524,113.6367262159075
S10,2026-09-17,4,113.8,2026-09-13,116.36737048020818,113.7969412671725,113.08820346804352,112.7839853901011,112.25145121526937,112.85345701366406,112.50113845818933,114.6610745021275,114.62344251360211,115.76887593950543,115.8726018496922,114.92276035036359,115.4799564906529,114.546121937888,114.50750909532819,115.65947042192731,114.82457481111798,116.46086917604718,115.16816316332135,116.75127778734479
S11,2026-09-17,4,86.4,2026-09-13,89.34322295267057,88.99764225914939,88.25128271712873,87.59923877498531,88.4987330700701,86.19419059276069,86.83352660247748,87.36302212306431,87.14698437282017,88.9380247933524,88.40128353663853,88.11479881831578,87.79681805201939,91.37543896266392,90.6372263772147,88.25553730555943,90.61379841395787,91.3863890511649,93.83567837306431,92.018068586077
S12,2026-09-17,4,120.9,2026-09-13,131.49508481731354,124.36017478231963,123.1767979227276,123.80305460902711,123.22735467591679,124.45775742040244,126.73655328988761,124.42247320754187,124.32900847537177,123.40227039200919,122.86459167344229,126.27103801114218,125.32706271899598,125.48574715895312,124.75521566016333,124.86584509951727,124.567228272983,124.83566762549536,123.89213748318808,124.65066142422812
S13,2026-09-17,4,132.3,2026-09-13,120.36198022914022,116.75403527900218,118.72790189677904,115.52417051528424,116.5668442572112,114.38561743966964,114.51136234031804,114.84985630852836,114.79259817940849,114.97647183282035,115.38656752450126,115.24760620934623,115.68601553780692,117.03473561150687,116.94613068444389,118.53412478310722,118.92422335488456,121.09596770150321,120.65353529793876,118.07663767678397
S14,2026-09-17,4,82.2,2026-09-13,100.80531271401424,100.90081276562253,100.90080452707492,101.10739189302926,103.75525363372648,98.88246322441937,102.02359324798356,97.54708442687989,97.2335382461548,95.39579973220826,95.57919416427613,97.20577774047852,97.46424446105958,97.27915534973145,97.22308216094972,99.07544097900391,98.60139141082765,100.2067066192627,99.35381755828858,97.65023765563966
S15,2026-09-17,4,93.5,2026-09-13,96.09906557488347,94.05905050539087,95.42192510475883,94.0366984279614,95.3140630477967,93.45004158049076,94.01323947538323,93.26530867985316,92.95162326267787,91.97512561253139,91.44792300633021,92.78177005222865,93.16478568485805,94.10358745029994,94.65956145695277,95.23105079105922,94.23583823612758,96.44645530155726,95.56718951633998,95.63745528629848
S01,2026-09-18,5,107.2,2026-09-13,105.01903807619819,101.72590276755415,101.53446694766853,100.87554151985701,100.42401780579203,97.84333567074592,98.28313176921426,101.11377209254672,101.32592934199741,103.52905291148593,103.70091551371982,103.48071020671298,104.31165474482944,106.6453201157706,107.82794254847934,107.05458801814487,108.41792458125522,107.53961366244724,110.1076799167054,104.31011313029697
S02,2026-09-18,5,124.1,2026-09-13,133.50246991276774,133.3937570361871,133.4076556019907,131.0306934206745,131.66191662336115,128.13205155924535,130.0571676817914,130.39042557307653,130.4533652169364,131.34474457332067,131.0359267098563,130.52558125087194,130.33577526637487,130.99143589564733,130.3542336327689,131.08757675715856,131.21434773036412,132.16677750178746,131.23425282069616,132.43101776668004
S03,2026-09-18,5,276.9,2026-09-13,126.46357655561361,127.85044100680284,129.4834385630532,126.11503358335321,127.17482960984258,122.91483480288919,124.72215725940899,123.98171781812394,124.07325910840714,123.9237439564296,124.18434595380509,124.30323766980851,124.87453913007462,123.56718992505753,123.04894232068742,126.99237703595841,125.77998232160294,126.40528654370988,124.21626543317521,124.88892816816056
S04,2026-09-18,5,135.6,2026-09-13,113.67801675189988,107.0950307808568,105.42066283656905,106.41362802601489,106.82581278336285,105.66653101628987,105.97372825841356,105.79281264713833,105.97648745945523,108.03826457432339,107.89497310093472,105.52585154942105,105.75266295841763,106.80330783299038,106.75119906834195,106.6400654929025,106.47806769779751,107.7826207297189,107.65906649998257,106.81221515110562
S05,2026-09-18,5,97.1,2026-09-13,100.93213418595387,93.19115449422519,92.4528495780149,93.38492590327257,94.13160911409203,94.57275376118245,94.13064793436457,94.74535184587751,94.39883714403425,92.27700334276471,92.07504659380231,93.25932985033307,93.43902307237897,90.44889598573957,89.903086239951,93.03046231951032,93.88147645677839,93.4912243434361,94.39124208177839,93.21805101122175
S06,2026-09-18,5,103.9,2026-09-13,101.58485600934088,96.09843702451036,95.96158579375391,94.7503256968923,93.57744793851842,94.91290721795114,94.53304153289588,97.31488579341342,97.27725666591098,94.3313199860709,94.13297909327915,94.46039026805332,94.23086279460361,94.28616827556064,92.29265612193515,95.75809353419712,94.2460452897208,96.59417694636753,95.43096798488071,91.12474673816135
S07,2026-09-18,5,94.8,2026-09-13,90.5174660962068,77.22292668771605,77.8357740335783,78.78729222652493,79.10176472951234,81.4466680454238,80.59421398544974,85.31899084363666,85.37677778516498,81.91501201902118,81.96120609555926,81.73393024717059,81.09577407155719,79.73581899915423,79.43873585973468,76.22129477773395,77.65719695602145,76.141351716859,77.86708684478488,81.12548555646624
S08,2026-09-18,5,192.0,2026-09-13,126.0956110516523,131.95734289677156,137.31346851401062,127.3829481649512,131.48088008360486,120.68587254152835,123.61544352493665,121.38389011110579,121.6441096850804,123.79481836046492,124.09826036180769,124.19084592546736,123.00519891466413,127.41626210893904,125.92591233934675,130.928019959586,130.19403691973005,131.79700132097517,131.56460900987898,129.52677770342146
S09,2026-09-18,5,100.8,2026-09-13,116.1416649310984,117.81897565107829,117.11129773580882,116.7575464570373,117.0308433137389,115.05816367254194,115.28601810025808,117.18449004037039,117.50072367531912,118.56112463814871,118.88727743966238,115.80339701516287,116.66192038399832,116.5598333631243,116.97551997048514,117.4223125730242,116.95542414528983,119.02359946114676,118.5491321836199,116.88133509499686
S10,2026-09-18,5,133.1,2026-09-13,119.84378951128738,122.41718578497127,122.19820661132941,119.78206762240973,120.29676931074869,118.27801449338222,118.44419019932828,118.6696194240025,118.96830831255231,118.73335824693952,118.94226155962262,119.28013406481061,119.32815156664167,119.03638063158307,118.74716935838971,120.94648347582135,120.04544912065778,120.9364355632237,120.02179990495954,120.80910573686872
S11,2026-09-18,5,67.4,2026-09-13,92.81964198374979,88.71170963176186,88.91405692082503,85.84166109393423,87.08563150129169,85.10650176523593,85.53366188698583,88.45893696376255,88.5255606515067,87.33124092647007,87.293703351702,86.78679016658238,86.17131928035191,88.02471474238804,87.63560608455113,88.65018681117466,87.87635162898472,91.4093268258231,90.54667118617466,91.64451435634068
S12,2026-09-18,5,171.5,2026-09-13,134.97150384839276,136.6240657827074,138.472171738593,133.8710567878407,139.16755526889088,128.4882561245106,132.0978831465335,128.25625784737724,128.4113653455462,128.66593797547478,128.0469237123217,129.834273651668,129.03081782204765,129.69682772500175,128.8236788068499,134.80686648232597,134.02300436837334,134.24180300576347,133.36099417550224,131.19497473580498
S13,2026-09-18,5,130.3,2026-09-13,123.83839926021942,122.56857378123931,122.75113679876117,121.02792689926494,121.52077685371361,119.24429056862024,120.09765801306575,119.70867579323905,120.02234499795097,121.34085028512138,122.15573542458671,121.08668749673026,121.29473536355155,122.80653136117118,122.18095534188407,123.75979750497001,123.04295294625419,124.89696066720145,124.11447470528739,122.21266310555595
S14,2026-09-18,5,106.0,2026-09-13,104.28173174509345,102.83266362843793,101.67909952755491,101.96170843747886,102.5933104177409,100.72686887659633,102.14996264906794,100.84498462677003,100.69872055053712,99.13627490997315,99.15637168884278,100.10813865661622,100.39632759094239,98.60519561767579,97.24656734466554,103.50641117095948,101.99624309539796,105.50925407409669,102.77351245880128,99.12406978607179
S15,2026-09-18,5,81.3,2026-09-13,99.57548460596267,94.59073693906792,94.68773210174982,94.27936311102042,94.99307899295717,94.2195782307723,94.30518726040218,95.62842685154506,95.47686892918178,93.60150271824428,93.24769908360072,93.68251353672572,94.03098422459193,92.64170295170375,92.07941276005336,95.24153834751674,95.11446601322719,96.41704112461635,95.10256606510707,94.52093058994838
S01,2026-09-19,6,104.3,2026-09-13,102.85100641732274,98.93373364987926,98.72238705553065,98.56628257087873,99.26600260180254,96.75060038109015,97.67714450990081,98.76874989100864,98.97659939357212,101.11163395472934,101.21052521296909,99.91672104426792,99.20482033320835,101.55591076442172,100.73871677943637,100.70824402400424,100.41963356563022,98.83065289088657,99.59984081813266,99.59331768580844
S02,2026-09-19,6,104.5,2026-09-13,131.33443825389227,126.58919130096072,128.1553978069746,125.09947999986392,127.40540794324976,122.50850678569992,125.08442640808875,126.64543331691196,126.70721376964023,127.5976885659354,127.44868601390293,126.63535822459629,126.16697300502231,126.52541864940098,125.88110531398227,126.47179735728672,127.47037542888096,126.2771228654044,127.51064766475132,127.67502678462436
S03,2026-09-19,6,120.4,2026-09-13,124.29554489673816,117.67343859617863,118.70314108121221,117.08326299030865,118.55040300771353,117.17951872008047,118.23792887705646,120.21675180707658,120.18622278485978,120.15465044294083,120.35259556089127,119.93449091230119,119.8500454357692,117.64842950616563,117.41319584165299,119.93192552839005,119.45927356992448,115.22486364160264,117.17017447267258,118.8717284134456
S04,2026-09-19,6,106.2,2026-09-13,111.50998509302443,102.45781142340167,102.53367658215294,103.99932064305833,103.92952504029843,104.42227189957968,104.71795561094552,103.29150229862759,103.44481212071011,105.40688449314663,105.4710801260812,105.18040496281216,104.84887820652554,106.26892978123257,105.9317734854562,105.42026645115445,106.75392657688687,105.69150573185513,106.54594165257046,103.72248298100064
S05,2026-09-19,6,98.1,2026-09-13,98.76410252707842,93.34194885931038,93.89220521007411,95.23525676954196,96.23870000546817,94.04237446613861,95.1598311760276,93.38443475450788,93.24221711839948,92.16281610216413,92.51536088671003,94.42090230669294,94.84635930742536,93.68331437792096,92.60133462633405,94.47707086290632,93.99317842211042,94.46685224260602,94.89529233660016,92.21564298357282
S06,2026-09-19,6,90.4,2026-09-13,99.41682435046543,93.80677962509242,94.04494085085594,93.67971658634401,94.18623100222104,93.86535633576734,94.68116275196608,96.5364481789725,96.54638355800083,94.72733276912143,94.99903267451694,95.86098164149692,96.5380808694022,94.10037916728427,93.80856102534702,92.90853661128452,94.09122341700962,92.5610768181937,93.35920923777988,92.30835598536899
S07,2026-09-19,6,94.6,2026-09-13,88.34943443733135,77.28970400091777,77.75720571434981,79.18350959640824,78.72003720346072,80.3790636098296,79.55289622007668,83.19156708036151,83.17916073117938,81.03431619916644,81.2525612286159,82.50221123014178,81.99017776761737,82.1668678692409,81.11702288900103,78.5479154757091,79.03163577829089,76.57184793267932,78.55646874223437,79.31043543134417
S08,2026-09-19,6,122.1,2026-09-13,123.92757939277685,120.24315604874553,122.21374177038338,118.17457337644879,118.46564680106509,116.1892754168966,116.22622391250269,117.40419729437147,117.63405056680952,119.84203429903303,120.16999288286482,118.41199060167585,117.68560071672712,120.85297294344221,119.97236247743879,120.60255904878889,120.66665788378035,120.42894788469587,121.27823491777693,121.26593538011824
S09,2026-09-19,6,99.3,2026-09-13,113.97363327222297,112.06104756175426,110.96275684829327,111.16957795998084,111.30023175677192,110.62883920958087,110.66517324016424,113.95048601967947,114.14465315682547,115.1824444089617,115.49810965401785,114.77871592385428,114.16476900918143,114.41203101021902,113.76344759804861,112.4050777707781,113.3452804837908,111.25692303521292,113.09746249062674,113.49277956826346
S10,2026-09-19,6,106.4,2026-09-13,117.67575785241193,110.57107053233253,110.24062532255566,112.03572439434167,112.31281316537792,112.95497381829323,112.6788898411613,114.90465436662946,115.08127341951642,114.90769563402448,115.11051164354596,115.11370454515729,114.32384763445172,113.69010053362165,113.18227682794843,113.03403554643903,113.40066037859235,109.97466920103345,111.8003648349217,114.1453765460423
S11,2026-09-19,6,96.1,2026-09-13,90.65161032487433,90.6461494409745,90.89558364034865,90.40960219580796,89.66740656093779,87.54388938409271,87.89342207132206,87.56328896113804,87.65181377955845,87.80657032557896,88.26732567378453,91.55808857509068,91.82554844447544,95.82131603785923,95.27598026820591,92.7691786629813,94.2126658303397,96.080812726702,98.4442217690604,90.62353924342564
S12,2026-09-19,6,111.1,2026-09-13,132.80347218951732,122.51150425460042,121.95453198690865,122.57698141749117,123.89097658380038,122.55165841861962,123.46981538611715,124.66495378358023,124.81878872258322,124.83180587036269,124.50529654366629,123.8658110652651,123.28126962525504,123.13309128625052,122.7698090825762,123.44295211178915,124.23783059460776,121.82740290505545,123.89219577653067,123.49196322304861
S13,2026-09-19,6,132.9,2026-09-13,121.67036760134397,113.57207032495246,113.54717215377266,113.94516310664773,114.53024576831191,114.06712968940568,114.43629869744979,115.943710735866,116.1353110585894,117.57795374734062,118.32398741585868,116.24820463997978,116.00411074502128,116.86393063408988,116.61636441094535,116.32640450341361,115.81778948647636,114.69601433617729,116.35232775551933,116.68630831582206
S14,2026-09-19,6,96.5,2026-09-13,102.113700086218,100.1254775522819,100.9449685554849,100.75218010473597,103.01889420414602,99.56343783200666,101.95634605118498,99.4640947341919,99.40121803283692,98.92983779907227,99.34784374237061,100.69758281707765,101.17937908172608,100.30281696319581,98.98216400146485,100.6527572631836,99.72033081054688,99.71141967773438,99.61008796691895,98.0661512374878
S15,2026-09-19,6,111.9,2026-09-13,97.40745294708722,92.50101864843953,93.04385819505747,93.55706500063972,94.90368262167544,93.41163528183557,93.91850969144338,94.1558774130685,94.17940741947719,93.2839873450143,93.42141944340297,94.39051658085414,94.85812980106898,94.86152869633266,93.85191565922328,92.74955684116908,94.03188640049525,92.3355887549264,93.16558009556361,92.61152297428676
S01,2026-09-20,7,104.2,2026-09-13,97.28789061472969,95.54412729535454,97.08783528710748,96.27575238376583,97.40590387658466,95.87976094855513,96.96172932543598,95.11552685328891,95.68467300959995,95.82382935115268,95.86716335841587,95.06593578883579,94.89453571864536,95.69818371364047,94.84811848231723,96.17391937800815,95.8880688531058,94.39884441920688,94.99881428309848,92.60812824794223
S02,2026-09-20,7,117.3,2026-09-13,125.77132245129924,116.65760741776488,116.56032303641874,117.82604331845194,116.74163366783334,121.04051179816028,121.95526699297254,123.92707789966038,123.93208373614719,120.50451994964054,120.97026253768375,122.3546351296561,122.44841558762958,119.2323492867606,118.15095580645969,119.13230646678379,120.70616031714847,116.22968042918613,117.00012339183262,118.84075153895786
S03,2026-09-20,7,121.4,2026-09-13,118.73242909414512,108.63563962895321,106.48362703390097,111.54507804645296,110.69659737876881,115.80900001114011,115.8025232599457,117.38456105504716,117.29725837026322,115.51779221807206,115.15853153978074,116.20156111632073,116.51827698264802,113.25225710187638,112.03871869359696,113.90829979692185,113.73681711469376,109.5958745411464,110.72042345319474,113.07752465520585
S04,2026-09-20,7,98.8,2026-09-13,105.94686929043138,102.01490511399675,100.68731188189423,102.31172417767947,100.71341197638134,102.7064180970946,101.4699701712347,100.1081708090646,100.20055324009488,100.58951884678433,100.29020816258023,100.1531680243356,100.30994254520962,98.98372584751675,98.92891818455288,100.01003295353482,100.27513247898648,100.35546046665738,97.57825070789883,98.22118789127896
S05,2026-09-20,7,67.2,2026-09-13,93.20098672448538,92.21572527225571,91.237844639537,94.7492058979112,94.81998205236957,93.25991893420299,94.85854520061336,90.50024800981794,90.30125289644513,87.57138782228742,87.76030927385602,90.31463294710431,90.74232488359723,88.71445184435163,87.78965621675763,93.07019906725202,91.7410908290318,96.55212693895612,91.93804269518171,86.38674145426069
S06,2026-09-20,7,68.1,2026-09-13,93.8537085478724,92.54013843674653,93.00031941704806,93.05669971996896,92.91151167433188,93.30003247881149,93.94601314606801,92.71739262172153,93.01887863704135,89.39998835154941,89.83565586635044,90.92384618350437,91.72665566035678,90.05970424243381,89.21815889903476,92.7468244416373,92.85499876567295,94.08077543803623,95.21031588145664,86.35038131305149
S07,2026-09-20,7,93.7,2026-09-13,82.78631863473832,79.03457768979524,78.89590705135078,79.59103857766101,78.5216236268024,80.20462780429207,79.04997108190058,80.35937895093646,80.35994519506183,76.94715477739062,77.2418737581798,78.75111021314349,79.04590226922717,77.39381550465312,78.47280539785113,77.63498227511134,77.96001275096621,77.87530590806689,78.54941846643176,74.0787662437984
S08,2026-09-20,7,110.4,2026-09-13,118.3644635901838,113.116470204001,111.76827861913745,112.387337015821,110.63161091707205,114.40482865918247,111.42676460786333,114.38669510568891,114.62537272657667,113.16826148714338,113.74284024919783,113.11665483202253,112.76557059969221,111.92054601396833,110.7166022845677,110.05423923219954,110.92934556688581,107.16933675493513,108.72291513170515,112.72572990145002
S09,2026-09-20,7,115.5,2026-09-13,108.41051746962992,109.33295207381515,108.26105056882403,109.05564027507096,108.74468643026745,109.64468600686534,108.52393268493363,111.01871426446097,111.15744479043143,110.6166394506182,110.69713290078299,110.08342631203787,110.25347025735037,107.85007555825369,108.62245972497122,109.06821425301688,109.26426442010062,107.65437944275992,107.65602453095572,108.8868163381304
S10,2026-09-20,7,116.6,2026-09-13,112.1126420498189,109.28585523698459,108.15960295976399,108.97651658771024,108.5960439495326,111.44718510987924,110.42012121706,112.07246695246015,112.19230948175702,110.43291745867047,110.10540155853543,110.67142985548291,110.60234974111829,107.88702545847211,107.91131256307874,108.83412064399037,109.07541000630174,106.01992641176496,106.58868752207074,108.5924938746861
S11,2026-09-20,7,71.5,2026-09-13,85.0884945222813,84.63685507394504,84.20941843307446,84.1871086319515,83.38824670170871,84.22125258421468,84.06169766278592,84.37995747157505,84.40755489894322,83.1696036202567,83.53396919795445,83.8218605858939,83.83438232966832,84.80741909572056,85.35048512050084,84.2722533089774,86.29076889583042,87.66121796199253,88.37476090022496,84.01231506892613
S12,2026-09-20,7,131.0,2026-09-13,127.24035638692426,115.5844179480693,114.18313510012788,117.14649120133546,115.56658338165165,120.67131264705462,118.80590939440756,121.94660098893301,122.04365713936942,117.8706334386553,118.13484127862112,119.33594258172171,119.10925276620047,115.30646975381033,114.63696940285818,115.7130029950823,116.07382758004324,112.43458159310477,113.24212248665945,114.06044848305838
S13,2026-09-20,7,121.2,2026-09-13,116.10725179875092,110.06427946502671,110.2799541029544,110.54559199179117,110.64453739836405,112.92381295503381,111.9516977793305,113.01193588120597,113.1481043611254,113.00359218461173,113.22063510758537,112.30046336991447,112.54764645440238,113.08706729752677,112.3173064504351,112.64084475381034,111.58047478539604,111.4539977822985,111.66438930375236,111.73711126191276
S14,2026-09-20,7,74.8,2026-09-13,96.55058428362496,99.98341020605056,98.46633922100965,100.88095646637167,102.14273334625189,98.92549394578799,101.38750909274566,96.3664909362793,96.24817905426026,94.32926473617555,94.48867950439454,96.37915477752686,97.10602912902833,95.89769849777223,94.52429113388062,99.62945709228516,98.14797458648682,101.2882257461548,98.31838283538819,92.64261589050294
S15,2026-09-20,7,107.9,2026-09-13,91.84433714449419,88.43808845235178,88.91753964186555,90.92310467316173,89.38371594712132,91.51954779737855,91.14818813592663,90.9725459235055,90.93514853886195,88.75689965656825,88.62970382145473,89.93292504719325,90.32458239964076,88.45896369389125,87.76127225330897,88.11526137760707,88.07905322483607,85.39281541279384,83.79759925774165,86.33998233250209
S01,2026-09-21,8,97.3,2026-09-13,92.29666905415722,92.27421730464435,91.34736973603884,94.8818350022979,94.86767998620793,95.39429796912283,96.62709464823409,93.41663807460239,93.54951160975864,93.24981564113071,93.435402570452,93.21168774196079,92.38470333644321,91.92678516932895,91.99004238673618,91.21543377467563,91.43953198024204,85.24664944240024,87.4873816353934,92.18637150355747
S02,2026-09-21,8,123.9,2026-09-13,120.78010089072677,116.35473886197214,118.09556051469946,118.41313006125965,117.90864309046859,120.00100063078197,119.0886443152029,118.97956002780369,118.89867771693638,117.17636526652744,116.8826850754874,117.49441183635166,117.26211250850132,114.50456274577549,114.27994478770664,116.33211697169712,115.54131926127842,113.65821732112339,112.88166130610874,114.93093098231724
S03,2026-09-21,8,99.4,2026-09-13,113.74120753357265,113.00383481090857,114.3835635970475,112.92277753418146,116.57959167853303,114.79798933652346,114.37667418763282,112.59977363858903,112.42656850133622,109.8930404118129,110.05346655164445,110.49072813306535,111.83630155835831,106.07927488599503,107.06006597791398,110.81376337323869,110.21277975354874,105.89291643415177,106.37641023908341,108.00054811750138
S04,2026-09-21,8,96.3,2026-09-13,100.95564772985891,108.27260163085367,120.69125614146071,103.19886779125133,111.03107220178813,98.54618127620239,99.03443350047681,93.63817030361722,93.64272076061795,93.24946791103909,93.17664939335415,95.12505656651089,95.83537274769375,94.36538154057095,95.31826669148037,106.6223366873605,103.89548999241421,107.78638011387417,104.43656569889615,92.66744619778225
S05,2026-09-21,8,90.3,2026-09-13,88.2097651639129,82.70791712294096,82.26145919562917,83.14546495420838,80.6443376167515,86.18799521932132,83.30109217989775,84.02190821852003,83.73495152081762,80.76469999040876,80.88857775415693,84.13016610826764,84.23051624979291,80.92114310945783,80.0681400844029,82.92680069293294,84.1754826256207,80.03817873682294,81.29448133196149,79.38504224504743
S06,2026-09-21,8,150.9,2026-09-13,88.86248698729992,83.61584970836985,81.77401433414155,84.57390831976399,83.24855666455095,88.76350818695391,86.96195360917305,87.05695053764751,86.92206752129962,83.28452318736484,83.25520199366977,86.07754784652164,86.2842909676688,82.69751518794467,82.08644789287021,84.04240411349704,83.43907421657016,80.54930943080356,80.17406576701572,79.72297590800693
S07,2026-09-21,8,74.0,2026-09-13,77.79509707416584,78.35493577713086,77.05956673478339,78.18793058756346,77.18614515030198,78.84962795817076,78.2864984956468,75.29494346891131,75.207540171487,71.16877044950213,71.41242040906634,72.72273077283587,72.1963130405971,71.17474378858294,69.8415390423366,73.96222175870624,71.13874162946429,72.68999590192523,70.39533914838519,68.61176695142474
S08,2026-09-21,8,93.1,2026-09-13,113.37324202961133,109.64600258667814,108.13581652474102,110.10826563782248,107.14999384157197,112.96485899244911,108.58562705199797,110.37123485292707,110.52400918688093,110.2311114856175,110.5873069354466,110.931100327628,110.3202719279698,111.19123502458845,110.72070546831404,110.37086768831526,109.02089877809797,108.57027097429548,107.61374803270613,113.31900974001204
S09,2026-09-21,8,105.2,2026-09-13,103.41929590905745,106.4156122626383,105.67791231687553,107.25724231031947,106.09915834910446,107.30230029743478,108.54267667555379,104.92589087826865,104.97679169518607,103.65376745952027,103.96075014812605,104.25616301638739,104.1551063810076,101.58426435334341,102.00887878281729,102.6792476926531,106.64649422509329,98.92742665154593,103.0169769678797,101.1716793332781
S10,2026-09-21,8,100.8,2026-09-13,107.12142048924642,106.84449227990581,103.44551424078591,106.38625834823284,105.07325844818835,108.34427554519085,106.4471763255811,107.12494908060346,107.15890393938336,104.48335872377667,104.64866243089948,105.25087867464337,105.55116186823163,102.01796899523053,102.65478597368512,102.82549272264752,102.1538861819676,99.5078705378941,98.96611200060163,104.01905618395124
S11,2026-09-21,8,59.6,2026-09-13,80.09727296170881,77.2162746706733,79.55640846232393,77.05645712007784,77.48081747475337,78.78311054558752,76.81784434400252,78.5226776940482,78.46101215907505,76.65681532451084,76.75973347255162,79.74902657100132,78.42870691844395,81.15597370692662,79.20420054027012,79.8969509942191,80.14500216075352,80.08985451289585,81.33842781611851,78.9314363343375
S12,2026-09-21,8,99.9,2026-09-13,122.24913482635179,114.63789298898934,113.77154014168036,116.14674282383541,114.00437395311305,119.9105576613723,117.10662005009692,117.76841004235403,117.77957661492484,115.1798113141741,114.81658156258719,116.38535960061209,115.75109846932547,112.56857092721121,112.6960523877825,114.00743086678641,113.04320795876639,110.33247168404715,110.19017775399344,113.2818563733782
S13,2026-09-21,8,112.5,2026-09-13,111.11603023817845,110.01627111656605,110.54435954548727,108.32088094061,108.89445478918003,109.60148009826713,107.92965208542884,108.2271477494921,108.27741508824485,107.21676485879081,107.92661385876792,106.96795432908195,107.49882655484336,105.69736116273063,105.80085604531425,105.56512468201774,105.09281390053886,103.42703430993217,104.27413504464286,106.04912917954582
S14,2026-09-21,8,72.8,2026-09-13,91.55936272305249,88.39962518719113,88.23964339763813,89.79708284452138,87.10797193959208,92.2625340300163,91.0508281033326,90.0508752822876,89.8445924282074,87.55330476760865,87.77966276407243,90.8076337337494,90.97696480751038,88.21145918071271,87.06399867534638,90.06616983413697,89.16046855449677,86.8624809741974,86.16600999832154,85.54043850898744
S15,2026-09-21,8,83.5,2026-09-13,86.8531155839217,84.10786927368208,85.75259419795727,84.58640479817973,81.65190788116449,86.29589543911919,85.1402004299583,84.65693170002528,84.53156262806483,81.90738517216273,81.84625217488833,84.53793984821864,84.4934428351266,83.56789368561336,81.83531502059527,83.95380526951381,82.16941945425101,81.50044435432979,80.45601815155574,81.30076128414699
S01,2026-09-22,9,96.7,2026-09-13,91.16344174282366,91.88597958690725,91.13749145316328,93.87732404910817,93.78914456388921,95.35511213505751,96.4978392829953,92.97830456324985,93.11703938075473,93.15984219142368,93.21903866359165,94.18786305018833,93.57919376918247,93.23114460536411,93.53939884730747,93.02865475245883,92.40272778102329,89.33193462916782,90.94836109706333,92.39286106654575
S02,2026-09-22,9,144.4,2026-09-13,119.6468735793932,112.70963746798763,111.48843007601899,115.7711066741061,114.34141695184354,118.28690596501097,116.72071675429824,118.22513807841709,118.36936057635715,117.24910677501133,116.78321302958896,118.7274767262595,117.19165171214512,117.29943693705967,115.52758635112217,117.12370384761265,117.46902168818882,116.04649914332798,116.30191029139927,117.32299460002353
S03,2026-09-22,9,116.7,2026-09-13,112.60798022223908,108.1736321326011,107.54640044298364,109.50566001363863,108.98658689558677,112.4361823397612,110.9525638258749,111.51424431119645,111.4725801876613,109.20546268735612,109.46463035855973,110.93220209394181,110.99279236112321,106.95358251844132,106.66794466291154,109.59716390882218,110.28844379697526,104.83560728345597,106.28953146253312,109.44256233487809
S04,2026-09-22,9,102.3,2026-09-13,99.82242041852535,93.84615865483282,94.5869042203907,94.867347561071,95.64363625979387,93.02023476848345,93.2442681419811,92.58789831570218,92.63939744404385,92.48995393684933,92.13570660523007,94.21717792919705,94.30186659267972,93.57972747257779,93.87175184658597,95.15797931126187,96.78378945759366,93.75944763592312,96.2148135321481,94.84265119007657
S05,2026-09-22,9,96.9,2026-09-13,87.07653785257934,80.75366997876313,81.15458904092588,81.74540248859924,80.30168238436633,82.8758993934182,81.30158306864949,82.7897935458592,82.63469856466565,79.33924203600202,79.60082655634199,82.03753870214734,83.00812601532255,79.47994380678449,79.519381577628,83.13100715960775,83.18486561860357,81.64473765577588,82.72689789022718,81.55448907102857
S06,2026-09-22,9,80.0,2026-09-13,87.72925967596636,87.48520112397894,88.06303466020208,86.46518265486463,85.29679867448577,86.88987467348952,85.48037110652226,86.32590931483676,86.19579440185001,82.3601433617728,82.34143084117343,84.46501916476657,85.57793313094547,82.73875206538608,81.81057852336338,87.53078073092868,87.57911518045833,88.68784004279544,86.92685943671634,82.35490149089267
S07,2026-09-22,9,74.9,2026-09-13,76.66186976283228,73.34097546251769,72.08884468355815,74.621290500444,71.43560409959487,75.67492076875297,73.5190992434142,73.6259001663753,73.77024926458087,69.10631956372943,69.47074331556048,71.05646671567645,71.67340530667987,70.15176262174334,69.8954154423305,72.04584516797748,71.22926916394916,72.9677015713283,71.01575817380633,70.76498569761004
S08,2026-09-22,9,119.1,2026-09-13,112.24001471827776,110.632329840414,109.51874495271522,111.43367794737519,107.53351254799603,112.83280388848893,110.01730309716768,111.58482166017805,111.86913939203535,112.21426315988813,112.26185532297407,113.90292044367109,111.71119781221662,115.02197446312223,113.0245422908238,113.69720812525068,113.26593776430403,113.12760921205793,113.98056288446699,114.10783274854933
S09,2026-09-22,9,120.9,2026-09-13,102.28606859772388,104.655482088107,102.39772216110826,104.27118612283637,103.14143188336838,103.27132127812035,101.62853473438184,103.34174810392516,103.43080259902136,102.46757574422018,102.56229396206992,102.49126870972769,102.38039274556296,100.56131322724478,101.16308696610587,102.05128128869192,101.23629386765616,99.6530926976885,99.95656879288809,103.06086476189749
S10,2026-09-22,9,89.8,2026-09-13,105.98819317791285,104.97638922749006,104.84434661073925,105.66181400519471,104.36063323470843,106.37002566266119,103.47113139910206,105.75706802095685,105.82724796022687,103.51342855181012,103.64224467958722,105.13308463777814,104.72121511186872,102.21083389009748,102.34253440584455,104.53782783235822,102.83778796877179,101.84526715959821,101.36338029588971,104.72494731630597
S11,2026-09-22,9,59.1,2026-09-13,78.96404565037525,72.60368277293213,70.98615795236705,73.26301370954339,72.27604342074066,74.24218024359455,73.63000420140308,75.93176415988377,76.11062053271702,73.61488679477146,73.92305210658482,75.94356874057225,76.41369036265782,77.89608172007969,77.77886227199009,76.75808886119297,76.90593555995396,78.21840599605015,78.18584326335362,78.65622213908604
S12,2026-09-22,9,231.6,2026-09-13,121.11590751501822,114.24311333368581,111.82793838465886,116.456951176867,113.41638271241084,119.70520164043883,117.98748052748401,119.24867804391043,119.33909447533743,118.6200664792742,117.84973366601126,119.94617207390921,118.87694104058401,118.2471302304949,117.7138050351824,118.63924677712576,117.89182598931448,116.85284121377127,116.306526020595,116.21419508797781
S13,2026-09-22,9,117.1,2026-09-13,109.98280292684488,104.47173043188802,103.6360818614223,106.06843602489477,104.04576151952762,107.63819204134005,105.45988692278141,106.69653647286552,106.78304307801383,106.25350754601615,106.88538902146476,106.78098671776908,106.55188505990165,106.14434616906303,105.98342459542411,107.00670545441764,106.33442871911186,104.93573086602348,105.54816930634635,107.9646875177111
S14,2026-09-22,9,100.0,2026-09-13,90.42613541171892,86.48271437965994,88.12931115698171,87.08538729841763,86.62365414139546,87.60954468701489,86.87907781576943,88.48765564560891,88.31966941654683,85.79674396514893,86.02493534088136,88.03596374988557,88.93775335550309,85.91893801689149,85.5027545452118,89.42273602485658,87.95311187803746,87.42241344451905,87.2646193265915,87.51205233335496
S15,2026-09-22,9,67.4,2026-09-13,85.71988827258815,81.69786149449783,83.58862048511482,83.4034975693174,82.89455241884801,83.6527463819801,83.48773962906228,83.27222818306514,83.00663966110774,80.27174014023372,80.033410014425,81.78238186410495,82.4094676392419,81.25459790400096,80.24592894486018,82.49997693470546,81.93594106457063,81.48896461895534,80.97852486542293,82.72242140940257
S01,2026-09-23,10,91.8,2026-09-13,99.35447701258977,96.55946519123073,98.09504011239147,97.20364248004333,97.875445586388,95.92872206972861,96.89307487869141,96.20507591792514,96.4377276284354,97.87811440059116,97.82589024135044,97.2805306298392,96.96072453090122,99.37131661006381,98.77956455775669,99.9920145852225,98.92701405116489,99.44764393397739,100.88279121943881,99.0817238671439
S02,2026-09-23,10,118.0,2026-09-13,127.8379088491593,123.68668875009773,125.66090456552642,123.11061780908523,125.24329954481864,121.88824625334776,124.49599892300658,124.32324517795017,124.34008420535496,124.63112248011997,123.85054505893162,124.59118307658603,124.32267654963901,124.85762179919651,124.07242668696811,123.32091141768863,124.31438792773655,123.38450540133884,123.93619240352085,125.0249198777335
S03,2026-09-23,10,136.9,2026-09-13,120.7990154920052,114.18830946024191,113.57613508291566,115.19791283484146,116.37816678528706,116.59294054822102,117.81354416833369,117.78072869096482,117.70525848184312,116.98893355642045,116.72152053628648,117.73179268155778,118.00797223363602,115.48217957530701,114.82391130243028,117.73756372247422,117.39725052629197,114.09036254201615,114.60073529992783,117.63782381330216
S04,2026-09-23,10,106.7,2026-09-13,108.01345568829146,105.33239624150077,105.16137635804576,104.29300837678066,104.8197918383913,103.70101786698561,104.01929017170103,100.50433761051724,100.60855323246548,101.8104756491525,101.33834487370083,102.12927848270962,101.95331889561245,103.11518985203335,102.62153273991177,102.2429125922067,102.54640704563687,104.82568580082486,105.25311595371792,102.56401759556363
S05,2026-09-23,10,93.4,2026-09-13,95.26757312234545,94.36724638676881,95.78615376317006,95.48266009557189,96.20706993810504,93.75447348551548,95.21381843933491,90.89641481127057,90.70925431932721,88.93735128130231,88.96153217043195,91.48888307298932,92.14422326769147,90.62200408663068,89.95784812654767,92.33103471483503,92.52385335649763,95.0617399760655,94.06098657335554,90.44012838091169
S06,2026-09-23,10,95.1,2026-09-13,95.92029494573246,95.16255798590639,97.69757950291446,93.74172763513918,94.27593865499833,93.4605584722497,94.27425519737994,93.80694454738071,93.77193420955112,91.33266705104282,91.2037245614188,93.0732871873038,93.83006781169345,92.58045881816318,91.58838957377841,92.9903079850333,94.13775986262729,94.89021700450351,93.95278280803134,90.20736116000583
S07,2026-09-23,10,81.4,2026-09-13,84.85290503259839,80.38652036698703,80.84263586464175,79.97786424566084,80.23866975951056,80.66556771161305,79.55051159036053,80.7555457523891,80.76794566426959,78.00260825668063,77.90028847966876,79.84699215207782,79.75767888341632,79.84030665670123,78.64324178014483,78.60304703031268,77.4487091771194,77.7115513256618,77.68956248675075,78.68752350125995
S08,2026-09-23,10,127.1,2026-09-13,120.43104998804387,118.01505834646207,116.72591843174055,115.8857908768397,115.1249699360255,115.6361702518186,113.9787468280846,114.78286298002516,115.03337337459837,116.60880525793348,116.28008501614843,115.63262975599085,114.8754624911717,118.00255771364485,116.90458234037672,115.24835499014173,115.83198968331729,117.25796552385603,117.55847509588514,119.76184960092817
S09,2026-09-23,10,102.4,2026-09-13,110.47710386748999,111.79774053894496,110.9153873849943,110.10497315380339,110.09832143934437,110.32285172608566,110.33181223949367,111.41487915856497,111.56544430596487,112.05769713265555,111.80338271004813,111.78258021218436,111.91018469674246,111.65581448418753,111.67536671502249,111.1035722051348,111.59400542122977,112.09564001900809,113.07044203622,113.21727068764822
S10,2026-09-23,10,124.9,2026-09-13,114.17922844767897,109.5910055879283,105.70537522662194,110.52290135839847,110.23803662538847,112.00906552737008,112.15249223356422,112.46863375391278,112.6003097125462,111.79401097978864,111.57440720285688,112.75750456537519,112.61172352518354,111.79894529070172,110.98186228956494,111.87049446787152,111.8192685672215,110.99723778452191,111.42605004991803,113.47190461839948
S11,2026-09-23,10,95.0,2026-09-13,87.15508092014136,86.08907290148473,87.83822831721382,85.98060998351836,87.21426315532842,84.87605128029895,85.65355825370072,84.77612427302769,84.81555489131382,84.06339768001011,84.0598337990897,85.28644207545689,85.06257561274937,88.0772202355521,87.42362240382603,86.0797484261649,87.41705349513462,86.32455090114048,88.63195065089634,87.59182480403355
S12,2026-09-23,10,132.0,2026-09-13,129.30694278478433,120.53466204753208,120.9768173863212,120.45485941301703,119.92985518740815,121.89575270676013,120.97700065834194,122.34276731354849,122.45165760857718,121.86524112565176,121.0151179586138,121.64032490594046,120.95386011941092,121.68406160218375,120.40971978051321,119.77784569604056,119.53427918297903,119.93536885125296,118.88760884148734,121.21575529915945
S13,2026-09-23,10,250.5,2026-09-13,118.173838196611,111.27596378726945,109.8658776544576,112.35746774396767,113.26597793051864,113.50843719617667,113.7658545574029,113.40810244424003,113.55610459191459,114.31265395028251,114.5946764264788,114.04484694344657,114.03733961922782,114.61542742592948,113.91530983788627,114.95105879647392,113.6609172139849,113.38543503625053,113.73404496056693,115.87439530236381
S14,2026-09-23,10,161.7,2026-09-13,98.61717068148502,100.96423409908306,103.05830234288476,101.41831605598891,102.9969474717991,99.1197103969007,101.90856107218758,96.76265773773194,96.65617904663087,95.5112048149109,95.59492931365968,97.73661861419679,98.36861858367921,97.35131511688233,96.16274700164796,98.73085174560548,97.74657974243165,99.73487339019776,98.37449131011964,96.49806747436524
S15,2026-09-23,10,84.8,2026-09-13,93.91092354235425,92.12148552583487,93.8425231668987,93.13289540346648,94.10840860541663,92.6910834429392,93.59928017510376,91.36871272495814,91.34314853123256,89.77230769566127,89.60340339115687,91.17156726292201,91.7227023260934,91.94629699162074,90.58310443333217,90.79591113499232,90.90930968693324,90.8117907660348,91.29377108982631,91.09410506657191
S01,2026-09-21,1,97.3,2026-09-20,96.85659589575323,103.05355988500101,100.57192771672052,100.90292725765319,99.51483324851485,100.00541877340555,98.26983625520032,97.3409685611725,97.29087824821474,99.32017917633058,99.44261951446535,99.5022418022156,98.9947988510132,100.72671575546266,98.57263035774233,97.74953718185427,97.84047193527223,97.29821867942812,97.70735926628114,97.11922354698183
S02,2026-09-21,1,123.9,2026-09-20,120.41716898675777,117.68036530314475,115.76927534620769,118.02417718359868,117.1858468880116,121.14813858279366,117.71462119684044,118.78665542602539,118.82073497772217,118.13809108734131,118.06065368652344,117.44037914276123,117.17306232452393,115.7714376449585,116.34001636505127,114.73723125457764,114.85816955566406,113.44215202331543,113.27692890167236,116.3419828414917
S03,2026-09-21,1,99.4,2026-09-20,108.69651997338963,117.61387159846561,118.8013781310798,121.42065624399636,122.03235290706948,122.92105464896515,123.63824072860955,117.49705031258719,117.00328352791922,112.5167856488909,112.02884581429618,118.64708044869559,116.85983565194266,115.9124155317034,115.45564749581473,119.89293578011649,119.44735434395926,116.36306860787528,118.66745283944266,114.89855101449149
S04,2026-09-21,1,96.3,2026-09-20,104.78178903234333,109.45938227245666,113.73230715838201,109.07462011241881,114.7265507589162,109.97229683383321,110.77579979676628,107.16860542297363,107.43046674728393,106.50203619003295,107.03321180343627,106.78203449249267,105.95990238189697,106.71357498168945,106.54979095458984,110.55930409431457,107.12407455444335,110.20001790523528,106.4654203414917,103.29289398193359
S05,2026-09-21,1,90.3,2026-09-20,80.84303095736631,70.90521130249387,66.72586775947035,72.36210367113104,68.4239972694553,76.05987020427708,73.33791852104176,76.92549368824277,76.68798580850873,74.48513105596814,74.32153502191815,76.18267068352017,76.15484570051942,73.3544296332768,74.173829466956,73.57286992754254,72.94037476267133,73.42042794908795,71.89482417787823,73.55866971697125
S06,2026-09-21,1,150.9,2026-09-20,85.563161145256,73.5129876223728,68.69277302313601,76.1404114493523,73.16782137439553,82.71105892779796,80.62776479343755,83.69236916729382,83.29033217259816,79.24478891917637,78.95250681468418,82.26953676768711,81.64848688670567,76.61119440623692,76.30322674342564,78.26499441691807,78.58749989100865,74.37043694087437,74.43627766200474,75.58326653071812
S07,2026-09-21,1,74.0,2026-09-20,83.95860551609259,75.0767821244053,71.98185107684584,77.55233780002075,74.2123996838051,82.76474601894927,80.13507311412909,83.62282756396702,83.31110409327916,78.21174076625279,77.92015293666294,81.32526663371495,80.52639273234776,76.06942204066685,75.74614933558873,78.04895332881382,77.24579552241734,76.84907749720982,73.69114521571568,74.1592104775565
S08,2026-09-21,1,93.1,2026-09-20,110.00169504379308,113.26397451778777,114.79508831964986,113.0292745912614,112.12581970927988,114.72874073807503,113.23197353470786,109.49666720799038,109.43777495792935,107.17888099125454,107.57120925358365,111.21413260868619,111.00625640324185,110.06131392887661,110.37291556767056,110.23228198460171,110.50312835148404,109.47657233646939,110.42971736363003,110.36314231327603
S09,2026-09-21,1,105.2,2026-09-20,103.96865497069606,108.00663885920913,109.09433599803862,107.95794309760122,106.9681741488912,107.41634060260667,105.79786974462979,103.1722769192287,102.99899143491473,100.91236156736102,100.40482754026141,102.94493192945208,103.02336973462786,99.46913618360247,99.92819113050189,100.37008756910052,99.81512636457171,97.93667406354632,96.75238413129534,98.41353506360736
S10,2026-09-21,1,100.8,2026-09-20,112.65379132233288,113.77261588482993,113.90477264753679,114.25974148131309,115.65689487736404,114.0862085289298,113.47207517190259,114.09809873785291,113.63405988897595,111.49150214876447,111.6273203917912,113.5568926164082,111.99237404550824,111.45125184740338,111.25297842706952,113.4535778590611,112.62754426683698,112.5967572757176,113.35221574987683,111.96274409975324
S11,2026-09-21,1,59.6,2026-09-20,76.71257332268546,71.25270999440296,69.25978968558162,70.51993749465403,68.72828269284709,74.9478826870948,72.33827017763961,74.74852534191949,74.39256914513452,71.0646593775068,70.69161774771554,73.19698300021035,72.08336784499032,69.49384429114205,69.18355204718453,70.04539038794381,69.36714627402169,66.10542752402169,66.93690516608102,68.94730403082711
S12,2026-09-21,1,99.9,2026-09-20,124.74950130672813,126.60350907686369,127.44514585675148,126.85023045882282,126.52148791215893,128.48275986028807,127.19830600685826,123.98422505514964,124.08611180441721,120.05804135458811,119.63139035361155,122.84095360892161,122.8466441835676,119.82379605429514,120.65203740256175,123.4079234804426,122.0422122682844,122.09807850973948,120.02983834402903,120.97981907980784
S13,2026-09-21,1,112.5,2026-09-20,119.14107268729045,121.68941959361483,122.84268925305607,121.94258459030013,123.39373760453925,121.70722505706405,121.66209740730095,120.59750450679235,120.45278967448644,118.65511835643224,118.64853323527745,120.33481706210546,119.8693522317069,117.30682695933751,117.46846903392247,119.9549006325858,118.08248175212316,118.38748444148473,116.91701639720372,116.33319700786046
S14,2026-09-21,1,72.8,2026-09-20,87.87300454561621,84.76820531136894,86.91316302967456,84.3828370145295,85.62797229756451,86.07353012735611,84.79006834377316,85.93761647854534,85.53122707818237,82.42715577398029,81.86071590696064,85.60337859008995,85.70933018427876,83.13443044934955,82.78574566159931,85.59749836091486,84.71711663518634,85.11370722566333,83.86678652082172,81.15854458127704
S15,2026-09-21,1,83.5,2026-09-20,84.90625156162749,84.93939145066071,84.01814078366161,85.02461002677553,86.0146163591727,86.8588507980489,86.12102407746926,85.24560505322049,85.21766954830716,81.5067680495126,81.8869999068124,83.5733991282327,83.8000255244119,80.99677783421109,81.94344264439175,84.39582640102932,84.26770430973599,85.57815486363003,82.99234467915127,76.76969176701138
S01,2026-09-22,2,96.7,2026-09-20,96.07793693483039,102.12831217794411,104.97721846294539,99.51474990608817,101.93100633537358,96.7910664521523,96.98790003306004,96.24023528099062,96.3329039335251,98.11487526893617,98.3113591194153,98.36132569313051,98.22047061920168,100.62250251770021,99.22178812026979,101.31803436279299,100.39479322433473,102.24828500747682,100.53015203475954,99.82212896347048
S02,2026-09-22,2,144.4,2026-09-20,119.63851002583493,119.51211430289854,117.17515014733243,119.51953802870347,118.36682043206908,122.16231878485782,119.34381502453306,120.83461380004883,121.12768030166626,121.54259777069092,121.62657976150513,120.53083229064941,120.18459510803223,120.33753252029419,120.2869234085083,119.79383039474487,118.27417850494385,120.0064206123352,117.45530223846436,120.25369596481323
S03,2026-09-22,2,116.7,2026-09-20,107.91786101246679,121.85390700295305,126.47293085028144,122.58991660831362,123.5753974473364,123.4262145714132,124.2097257084444,118.94760229928153,118.12483122689383,114.62121107918875,114.46786215645926,121.45358946663993,118.68627455575125,120.60224440438407,118.23160651070731,122.95263007027762,122.60489752633231,119.47246077401297,121.69727232796805,115.89100745064871
S04,2026-09-22,2,102.3,2026-09-20,104.00313007142049,107.45950857606037,106.00744492300117,108.48103051750503,108.63013444492574,108.90295711934198,108.5819967006264,107.66104278564453,107.48457775115966,106.81681785583496,106.9746166229248,105.4721694946289,105.52486715316772,105.2856026649475,105.78469667434692,106.53800735473632,106.5644317626953,106.2938886642456,105.73844966888427,104.50909576416015
S05,2026-09-22,2,96.9,2026-09-20,80.06437199644347,66.04235150649197,62.2960047928551,68.7779541866945,66.70184349816114,73.05574536995573,70.95298842844743,75.82475987161908,75.73001155342374,73.06280651773724,73.04609170641217,73.08646169389996,73.87454643930707,71.10317626680646,72.34740319933209,70.77179780687604,69.76028266634259,70.70738998140607,68.26013055528912,74.20688155378613
S06,2026-09-22,2,80.0,2026-09-20,84.78450218433316,71.09553390087419,70.10052820040156,74.47325767900074,72.96914373799939,79.32945365882186,76.68868468490601,82.59163496323994,82.33235839435032,77.82245997020176,77.67706612178257,79.18406656810215,79.53690413066319,74.73687676021031,75.04933193751744,77.21075848170689,76.14922360011509,76.3076651436942,72.77593067714146,77.04474237986973
S07,2026-09-22,2,74.9,2026-09-20,83.17994655516976,75.4310518885679,73.2232139896607,76.57121548215918,74.96536712525713,80.26973443494204,78.13029493903856,83.30269459315709,82.93187502452305,77.67405537196568,77.28717258998326,79.61936501094273,79.2231204850333,75.25473812648228,75.20357540675572,77.23424366542271,77.12939289637974,77.77522305079869,74.86588505336216,75.47117165156773
S08,2026-09-22,2,119.1,2026-09-20,109.22303608287025,116.66709097279328,117.93056413690219,115.85533291269908,114.61699321145716,115.51705158203929,114.68593529598479,111.75771647862027,111.84924060276578,110.68597918919156,111.202368082319,114.09130221775601,114.14482814243863,114.3400462286813,114.47586089542935,116.35511523655484,114.67421275547574,117.6874902861459,115.03855925968716,113.75524360111783
S09,2026-09-22,2,120.9,2026-09-20,103.18999600977322,105.78550898055826,105.57321438863504,105.21025459760344,104.59972634758635,104.9154712439785,103.29207095686961,104.4523722580501,104.50270575795855,102.08788389478411,101.73525518689837,102.94756407056536,103.12813371930804,100.68644470487322,101.1812290600368,102.21035618100848,100.44313616071429,100.39865488324847,97.9571170261928,100.62457794461932
S10,2026-09-22,2,89.8,2026-09-20,111.87513236141004,116.25484839897794,117.06680865120339,115.90680727157657,115.9845671504745,114.14764164107727,113.53945794001449,113.66229794706616,113.487608058112,111.94412337030683,112.66361127580915,112.11302719797406,111.72038279260907,111.28290377344403,111.69071493829999,111.51335511888776,112.32889209474835,111.64739452089582,113.1350575515202,113.89249561514173
S11,2026-09-22,2,59.1,2026-09-20,75.93391436176262,73.14609087889437,71.32355186825123,74.40207632268054,73.4164147932512,73.74726930449327,74.20846337580818,73.18956412928445,72.97636725561959,69.12387110846383,68.91866852896554,70.07237794058663,69.6977274622236,67.27788903372628,67.55274655478341,72.36736681120736,72.15157630102975,71.08115317480905,71.12709190504891,69.49378659384591
S12,2026-09-22,2,231.6,2026-09-20,123.9708423458053,127.53863178138823,129.4034517170188,128.3846671984227,127.25826867097383,129.23608428409293,128.50641920594694,126.79734065192088,126.95635869162425,124.90887906210764,124.20246007101878,126.38224579947337,127.05548073904856,124.98513962881907,125.91083409445628,126.75640513556345,127.52108790533885,127.34697081702097,126.06302048819407,124.982270022801
S13,2026-09-22,2,117.1,2026-09-20,118.3624137263676,125.25668665703739,125.8113039914376,124.10503998850413,124.29288227024304,122.144898542739,121.85906900923658,121.82122314998082,121.74923814364843,120.95205367633275,121.20395530291967,120.38681496211461,120.03632677623204,119.06938732692174,118.44072474070958,121.25622762271337,120.53642929622106,120.994665990557,119.30148066111974,119.56859386989049
S14,2026-09-22,2,100.0,2026-09-20,87.09434558469337,70.23966332733723,69.92817506246304,75.98963478810668,74.57544969282546,80.72277866550455,78.41543867091195,84.83688245330539,84.5732533148357,81.00482992444721,80.58527521405902,82.03445009504047,82.876813691003,80.42222074781147,80.39774278913227,80.0728254726955,78.05267910276142,78.06209091459003,76.02601579938617,81.32023147855487
S15,2026-09-22,2,67.4,2026-09-20,84.12759260070465,74.67305886179078,70.19978775059374,78.13663485304355,75.92862428511015,81.26882241408127,79.12806262798983,83.86474806240628,83.60153085163662,79.9083622114999,80.01711160114834,80.7554343359811,81.64466744831631,77.33389884403775,79.57854348591397,78.21269446781704,78.49199229649136,77.94943553379605,76.53586703709195,78.01539546421597
S01,2026-09-23,3,91.8,2026-09-20,104.3522552285597,111.22980142598429,112.05707802754392,110.26471699887847,110.39806280007147,109.66751169662052,109.71074340078651,104.641858291626,104.689483833313,107.45442886352541,107.69855995178224,106.5839101791382,106.41305656433107,109.79829998016359,107.73537464141847,108.85921878814699,107.33011646270754,110.58811206817629,107.95649738311769,107.90736789703371
S02,2026-09-23,3,118.0,2026-09-20,127.91282831956424,120.15601646887471,118.35196615338164,120.35584911237322,119.13887732332904,123.03497830539098,120.03883135250383,124.79100787639618,124.92524755001068,125.03760170936584,125.03375375270844,122.08098840713501,122.56452369689941,122.02942037582397,122.24728298187256,119.65981435775757,118.57940149307251,119.89929914474487,117.52706146240234,123.93718075752258
S03,2026-09-23,3,136.9,2026-09-20,116.1921793061961,121.48658838671145,123.9588005617269,122.66077954776166,123.62878582733774,123.3668615459632,124.25256969072214,120.86852934701102,120.08935072762625,115.98522093636649,115.7803182874407,120.48955443246024,119.14920142037528,119.03506186349051,118.30093863351004,123.81395819527762,123.51416113717215,121.80857947213309,123.75409224373954,119.25809195382254
S04,2026-09-23,3,106.7,2026-09-20,112.27744836514981,113.70955764313784,113.63893297768452,112.21475701086032,112.6169588724153,113.1418996287406,113.01203004343066,114.14441857337951,114.26975235939025,114.37300000190734,114.70180020332336,113.11505196094512,113.0495512843132,114.21264991760253,114.0898122549057,113.13374469280242,112.58439309000968,113.31337008476257,112.71421024799346,113.15964934825897
S05,2026-09-23,3,93.4,2026-09-20,88.33869029017279,86.61115067116621,87.83610755570376,86.2262688318726,87.04052655064413,84.28343349404031,86.21713427472314,84.22638478960309,84.08659425462994,82.451590687888,82.4832331248692,83.34451070513043,84.02220407213483,82.34468522753033,83.17269674028668,83.34268537248883,82.75138536180768,85.84076085771832,82.96274772371564,84.25872960771832
S06,2026-09-23,3,95.1,2026-09-20,93.05882047806247,89.35190165948414,90.5555465829622,89.26518082580994,89.76493067629006,88.79024125570095,90.24002476123428,90.99326256343296,90.68893793651036,87.29689148494175,87.20240500995091,89.55522183009556,89.80075625010899,86.35420373507908,85.92026165553501,89.15166071483067,89.2822778565543,89.63751772471836,87.85708883830479,86.92846945353917
S07,2026-09-23,3,81.4,2026-09-20,91.45426484889907,89.54915956494742,90.92816745540348,90.18268331136343,90.97044661624103,90.8901498335508,90.64410337642468,90.92371491023472,90.70970800944737,86.36788121291569,86.23376898893288,88.88916424342564,88.6307406766074,86.16869699635676,85.39678124019078,89.16840938159397,89.17022040912083,92.88513878413609,89.4154885155814,85.03077856131962
S08,2026-09-23,3,127.1,2026-09-20,117.49735437659956,117.468287123335,117.14780675420037,117.02507597330592,116.55252165380865,116.57797412414368,115.7158027549989,114.95066529682705,114.99481040409634,113.5280230658395,113.95755034855435,115.67662936619351,115.87783700398037,116.41572934559414,115.96352940968106,116.41917115620205,115.33135587147305,117.79667741230557,116.1765792982919,117.59800797871182
S09,2026-09-23,3,102.4,2026-09-20,111.46431430350255,110.64638258069986,109.40090845856116,110.02251478979606,108.13518313357389,110.44749503904733,108.0465090604713,109.57370657239642,109.49930745874133,108.23279642079558,107.85068227861609,107.7139881006309,107.95987843487944,105.99781126294818,106.35646516595568,106.91148490224566,105.54336113248553,106.46141106401171,104.22022098813738,107.31189322982516
S10,2026-09-23,3,124.9,2026-09-20,120.14945065513935,118.80126327126311,118.87991191309428,118.31801522033594,118.20914299242483,117.76065863675642,117.84936798004382,121.39898811067853,121.0326622554234,119.68753610338483,119.8945072719029,120.0353501864842,119.2495344706944,119.31488071169171,119.24496637071881,119.1340559550694,119.57894216264997,119.67338500704084,120.51986013139997,121.6384562083653
S11,2026-09-23,3,95.0,2026-09-20,84.20823265549194,84.61277477554142,84.88460205123748,83.69764642596098,84.73504238562852,82.39543083354374,82.36945860317617,81.83116414206368,81.57292105810983,78.83827449934823,78.68398382323129,80.48266961233956,80.23563792364938,78.77133896010263,78.61939956801278,81.79007699148995,80.4783704485212,83.01499821799142,80.69579102652413,80.74139573233468
S12,2026-09-23,3,132.0,2026-09-20,132.24516063953462,128.0572856920792,129.509926237097,128.85142656646454,127.92230227560437,130.39911091594223,129.76488228669342,129.74953391211375,129.95157839911326,126.71850134985789,126.32616116659983,127.67586066382273,128.16040207999094,126.70901896612986,126.57689692633494,128.31476952689036,127.65640427725657,128.85117985861643,126.50196911948069,128.41997124808177
S13,2026-09-23,3,250.5,2026-09-20,126.63673202009691,125.68773391629634,126.37610583991349,125.76288618445078,126.33741165853789,124.75536761690634,125.78699137267361,127.9703978402274,127.78803456851415,126.92316068240575,126.85236204692296,126.81085456439428,126.53822721072606,125.9987399680274,125.00411404200963,126.36098731585912,125.4072134596961,127.09473527499608,124.31361726948194,126.15263892241887
S14,2026-09-23,3,161.7,2026-09-20,95.36866387842268,92.59514421814714,95.15371124614651,93.49989032874949,94.68887338788426,93.08065879058177,94.89970832474947,93.23850874219623,92.92983297620502,90.47925953183857,90.11061577115741,92.40560726438251,93.14066652570453,91.97523741040912,91.68184475217548,92.69091800962177,91.88464025769916,94.15898851667133,92.2369289806911,91.39295248304096
S15,2026-09-23,3,84.8,2026-09-20,92.40191089443395,94.52570985601552,98.52312379950392,93.58071070378446,95.14686054327632,92.03939745055197,93.64297048124955,91.66362935474942,91.73450929096768,88.85176974705288,89.388621033941,90.70141488483975,91.46138674191067,88.79384607246945,89.97124177387784,92.12453156879971,92.14239531925747,95.83571177891324,92.86721116474698,89.39314085415432
S01,2026-09-24,4,109.5,2026-09-20,109.69308056808553,113.49091725329947,113.24564815764553,111.41671651901333,112.35081028224545,110.44840263174942,111.07887969938585,106.60506172180177,106.71009082794191,110.68416996002199,111.14597816467287,110.21571846008302,108.98590679168703,113.35101051330568,110.86955566406252,112.74119300842287,110.85011596679689,115.44795722961427,111.93888587951662,111.49612922668459
S02,2026-09-24,4,141.4,2026-09-20,133.25365365909008,125.99117119827356,124.94398091510794,124.70983021244919,125.06671778236102,126.26147637988981,126.85479718070911,127.28846615552902,127.10060983896255,128.5392656326294,127.91261303424835,127.96719014644623,128.71654105186462,129.38576936721802,129.512469291687,127.67804384231567,127.25402414798737,130.0308403968811,127.0981456041336,129.5217525959015
S03,2026-09-24,4,118.5,2026-09-20,121.53300464572192,128.55098473872872,131.2536429190232,125.50887679888321,125.63577996406053,124.40869901340318,125.57880066500124,125.2386160169329,123.8100328717913,122.09753134591239,120.93977263314383,125.46503451211112,124.67977431161063,125.41503336770194,125.61214640481131,131.19010451180594,128.2842703138079,130.3301277433123,128.4516935620989,123.53213980538504
S04,2026-09-24,4,103.9,2026-09-20,117.61827370467563,114.29411330578617,114.14876642926728,114.38356957803883,114.90745342074308,114.50062262419297,114.54797048417649,115.53036103248596,115.33306560516357,116.71324882507324,116.96535835266113,114.83871040344238,115.43159685134887,116.6996594429016,117.57495555877685,114.93683896064758,115.33756122589111,115.45502529144287,114.88396320343017,116.5502305984497
S05,2026-09-24,4,111.4,2026-09-20,93.67951562969861,87.90888127916595,89.20885223945349,87.1695306601928,88.50502758716978,85.78676107070001,87.15083916715983,86.18958821977887,86.07174077715192,85.62192121233258,85.33647695268903,86.94121232713971,86.38289037431989,87.52174630846295,87.83473554338727,86.68259969438824,85.2275597163609,90.370056779044,85.62724366869244,88.20917573656354
S06,2026-09-24,4,96.5,2026-09-20,98.39964581758831,90.39412082243652,91.62939231204689,89.85679709504652,90.74852311640467,89.8406021946918,90.9824620074364,92.23451736995152,91.99628475734166,89.15454701014927,88.97713259288243,91.27038363048008,91.11098745891026,89.33976820537022,88.9889281136649,90.46864441462925,89.38633183070591,89.71626356669834,87.26387075015477,89.8235023362296
S07,2026-09-24,4,95.3,2026-09-20,96.7950901884249,90.12566171038642,90.53346576206773,90.01931887350658,91.16208074484548,90.99898385569932,90.5981675455919,91.69580105372837,91.34070232936314,87.88082710334233,87.82889000007084,90.06185487338475,89.83067682811192,86.65565810033253,87.21308187076023,89.02880815097264,89.40392759868077,88.36699799128941,86.92020819016865,87.62570706435612
S08,2026-09-24,4,122.3,2026-09-20,122.83817971612538,119.8540588636951,120.29028962083817,119.60514472068355,119.05292120124952,118.18694766366569,118.03263349643403,118.84094053677151,118.80849296024869,121.63666516712735,121.41696280411313,119.65223509243557,121.0358060019357,123.30818158558438,123.97675436905453,122.03922671249936,120.26384407452176,124.4248017685754,121.95571845940182,123.53506344727109
S09,2026-09-24,4,128.7,2026-09-20,116.80513964302837,113.25612263810174,111.44227679159594,112.67145720534981,110.61918624755454,113.36341463903686,111.84817349350126,111.3791665485927,111.16472715650286,110.99256462369647,110.71634835515704,112.41579431806292,112.75927013669695,112.34507173810687,112.10359043393817,112.91006655011859,112.87624925885882,112.97641128812518,111.71195453916278,112.14029354367938
S10,2026-09-24,4,92.7,2026-09-20,125.49027599466518,124.64510389026066,124.09257869818889,123.22298115320652,123.75274164692242,120.16651298466302,120.3093923584134,122.42147861208234,121.9145792552403,121.61231790270124,121.47992072786603,121.76099954332624,121.62625632967267,122.9293440410069,122.68955503191266,123.05608401979718,123.53570066179547,124.83174119676862,125.8441217967442,125.57145295824323
S11,2026-09-24,4,63.4,2026-09-20,89.54905799501776,83.95593198920997,84.95048369586577,84.216817456407,84.84517187096029,83.29274663557564,82.75124925960374,82.60324933188302,82.2630007471357,80.35121895926339,80.38920714514596,81.8569333757673,81.5470116342817,80.45863129752023,80.85458590643746,82.5618951525007,81.75843073981149,81.6775653566633,81.13214900153024,83.74002816336495
S12,2026-09-24,4,127.4,2026-09-20,137.58598597906044,130.8461279839119,131.8301358034102,131.48477350075294,132.11809148864248,133.20085814626273,134.9782049681444,132.47728480952128,132.35723282950266,130.5749099458967,129.93205716269358,133.6026011313711,134.8071066941534,132.8686591591154,134.44738592760905,133.27242149966105,134.11762855010375,131.36126258032664,131.7669666017805,133.05019678728922
S13,2026-09-24,4,136.9,2026-09-20,131.97755735962275,133.15078559602995,135.18777501662063,130.07205061810998,131.45422480115573,126.66841309775728,127.69678397569979,128.99288834163121,128.6699532372611,128.93922985621862,128.43777931758336,128.40212238856725,128.6128357751029,128.6300009591239,128.29713858195714,130.46800983973912,130.614725957598,132.8311385018485,131.1245077950614,129.58948982783727
S14,2026-09-24,4,74.3,2026-09-20,100.70948921794852,92.27231687213727,95.19127150708674,93.8934688393126,95.017597119305,93.92483908297476,95.36428555491776,94.47976545606342,94.23717932019916,92.33691648755756,91.88534168515888,94.12076620374408,94.40829328809467,94.83444742475238,94.70791010175434,93.83464483533588,92.24389175687519,95.88249925885883,92.40799335752216,94.2186389378139
S15,2026-09-24,4,94.5,2026-09-20,97.74273623395979,94.24203060139459,97.12375276510576,94.27430135138289,95.09192483236869,92.71936565918892,94.39328229528363,93.02946072987149,92.7417328970773,90.95845967701504,91.41098863056729,92.32366162708828,93.03562528065274,92.44528943470547,94.5232680456979,93.28430158070157,93.13909465244839,96.59609252384732,93.64560681751797,92.66846972874234
S01,2026-09-25,5,192.0,2026-09-20,114.71916860434708,123.15504897280535,128.38495929036762,119.92884777772414,120.04199428947713,118.62174176498708,121.0220153701005,112.87762947082521,112.85645027160646,118.31451721191408,118.25780410766603,115.14465255737306,115.12425537109377,120.53295822143556,120.3329860687256,115.89462966918947,119.54832763671877,118.42278022766115,122.55987663269045,116.65072746276857
S02,2026-09-25,5,121.8,2026-09-20,138.27974169535162,151.47828821011223,155.62153791732663,150.77078070618666,153.74326432899824,139.67190402551932,141.98294305910238,136.0596218109131,137.24989986419678,144.00734519958496,143.24169731140137,147.17724227905273,143.99110221862793,153.71319580078125,149.20145416259766,154.39937782287598,149.62296676635742,156.8915615081787,152.39112854003906,143.21332168579102
S03,2026-09-25,5,114.8,2026-09-20,126.55909268198347,121.89082495879094,123.88761044777164,124.58008564508941,123.83177842852795,124.88442667420126,124.79908534880398,129.0041828427996,129.27475645882743,131.9572391782488,130.71409323556082,131.93994620186942,128.8531418119158,135.13783123833792,133.82294991356986,134.99493983132498,134.60525038582938,136.12307312829154,137.4771082673754,128.48911955697196
S04,2026-09-25,5,124.2,2026-09-20,122.64436174093719,139.00057890357442,142.69619575352203,130.6140963660689,132.94665379354842,129.77766720584617,134.3293136689087,123.52621421813964,123.72590408325195,126.98193702697753,127.20539245605468,127.1769510269165,128.8745361328125,132.47743949890136,135.03349075317382,131.60816535949706,132.7426010131836,134.41101417541503,136.81413803100585,123.8715368270874
S05,2026-09-25,5,94.0,2026-09-20,98.70560366596015,90.67478898444871,91.47876252862685,90.30404856513067,90.46098543602668,89.12407208153789,88.58270468429015,91.48707547869,91.0518538066319,91.49111142839703,90.88327184404645,89.50662675585065,89.85780206407819,88.85396733965192,90.83988538469586,89.56988969530377,89.52227178301129,90.6540266581944,91.4864298411778,91.81553045000348
S06,2026-09-25,5,63.2,2026-09-20,103.42573385384985,97.74261627092251,99.5925715046449,94.8807490425673,95.61157308637569,94.43565968367321,94.09025280513931,98.48829392024449,97.92858055659703,96.92304256984166,96.3237202508109,96.34438923427037,96.19160297938755,93.01828507014683,93.8920567376273,95.3093512398856,97.16554382869175,94.95173863002232,95.80378750392369,94.17967823573521
S07,2026-09-25,5,110.9,2026-09-20,101.82117822468645,94.87680704547226,95.93902842730164,94.16843943087721,94.20372521186945,95.18345658400578,94.6165177286077,98.91598728724888,98.27973393031529,96.38068989345005,95.43010071345738,94.52232006617955,94.90990952083042,90.93570068904332,92.88840082713536,90.32692316600254,93.26080683299473,90.21178368159703,91.60735920497349,91.50379732676915
S08,2026-09-25,5,146.3,2026-09-20,127.86426775238694,134.29572536047243,133.43876989065018,132.29197137560666,132.57815700804738,126.48687145037566,128.49423571324414,124.82269531658719,125.92209297588894,130.55100566319058,130.66147929600308,131.04464560917447,131.3602917807443,136.51550322941372,136.7191842215402,137.57678252628872,134.99243956974576,140.31531459263394,137.61153251102994,133.45260363987515
S09,2026-09-25,5,124.2,2026-09-20,121.83122767928992,136.64050458921577,141.6066212641005,131.60890274877636,133.64088714586399,128.75067889642168,130.44575895787645,120.78111643110003,120.43526167188372,122.32851499829974,121.71231455121722,130.72985452924456,128.23623079572405,132.72694010053362,131.67871660505023,138.89356607709612,135.05864137922015,139.77831453595843,137.47070307050433,124.60962480817523
S10,2026-09-25,5,116.7,2026-09-20,130.51636403092672,158.61596636817166,175.0332509040737,148.00831982939093,154.02525849616273,141.81895278116696,143.8070067795782,132.00397000994002,131.35891042436873,135.00361905779158,134.29838071550643,142.65840612139021,139.1498192378453,147.87360654558455,144.81304250444686,157.3600719996861,150.23248182024275,163.29702268327986,156.41111646379744,135.1115120479039
S11,2026-09-25,5,96.1,2026-09-20,94.57514603127932,83.25742802540947,83.8111838301432,84.22251580906571,84.3009566739156,84.76037985812283,84.36340527978001,89.72732903616769,89.13711621420724,88.71176697867257,87.94611718314034,86.41421773093087,87.10563065665109,84.60991170065743,86.71682526724679,83.80883290427072,85.52897526877267,82.1356232370649,84.60299565451486,88.65517880575997
S12,2026-09-25,5,125.0,2026-09-20,142.61207401532198,154.42862788942975,159.29805921718855,153.66575089692665,160.18019098415482,145.1409506552249,149.75838566861646,139.43333222525462,140.6602256502424,144.03077389853343,142.66647221701487,149.16571404593333,146.4525830950056,153.21975304739817,150.4807527269636,158.79513146536692,156.084977885655,160.9006402696882,157.60326363699778,146.0115497316633
S13,2026-09-25,5,110.8,2026-09-20,137.0036453958843,150.7620224391604,157.5821259872858,151.01756575800042,159.88242579731204,141.78502208010897,145.58128937690526,138.7513808114188,139.4316729409354,145.7424925667899,144.55275333949498,148.41309917994909,145.54920567103795,153.626426587786,149.73498905726842,148.11626804896764,149.3894766671317,149.34511555262975,150.87242306300573,138.0271891457694
S14,2026-09-25,5,101.6,2026-09-20,105.73557725421006,101.01734769397399,102.20508692143551,101.11059761485681,102.24237497647756,100.28558508977953,99.83168029016174,100.73354200635639,100.16947511945453,100.10541109357563,99.09604696546283,99.52477602277484,99.87000517163959,99.33172373090473,100.07880739484516,99.86255316053119,100.94625620160785,100.30619959150043,102.47139314923969,99.394396345956
S15,2026-09-25,5,99.8,2026-09-20,102.76882427022133,95.13087857471245,94.52257206511884,95.81218213909195,95.98508567781461,96.86921573571676,96.50961521197377,98.37621718815396,98.26773291996548,97.60429412296841,97.69805365971158,96.15537005833218,97.76665049961636,95.15055304936001,98.035713495527,94.00009995869229,96.95763522556851,94.9080770628793,97.86565619877408,95.87747699192593
S01,2026-09-26,6,96.5,2026-09-20,110.74891688975657,110.3092982479237,111.07650327207003,110.49385538644981,111.33264504197193,110.40934892581484,110.70837425163259,107.92069358825685,108.18273944854738,113.06594963073732,113.21151657104494,111.31142921447756,111.0965244293213,115.31318016052248,113.40193481445314,114.04532737731935,113.75775451660158,115.9586078643799,115.25293273925783,111.8568012237549
S02,2026-09-26,6,155.8,2026-09-20,134.30948998076113,120.84284986402422,118.60946217833889,122.08916375335707,120.8051520253547,124.20553307706959,122.20761814753055,127.17807501554489,127.5584362745285,128.585022687912,128.8678274154663,125.50761526823044,125.75250619649887,124.72640669345856,125.932088971138,123.82824516296387,122.56271409988403,122.16413640975952,122.40688753128052,126.3553527444601
S03,2026-09-26,6,121.4,2026-09-20,122.58884096739297,122.76601865731497,125.49150738505544,122.96340443887237,124.10928622341076,123.59500139904911,124.5761227692806,122.84951117379325,122.4904012952532,119.3104982648577,119.41630652291434,122.82001784188407,122.66554549080985,119.36353781563895,121.37439635140555,125.47523787362235,124.22679427010672,122.63925841195243,123.85733893258231,120.88245871407645
S04,2026-09-26,6,111.7,2026-09-20,118.67411002634668,112.01305520261458,111.55086560219296,112.52768870316469,112.25757469651514,113.44600474650093,113.60688008392559,117.38637647628784,117.50681600570678,120.12157115936279,120.16937217712402,117.53924617767333,118.06159362792968,119.87131605148315,119.66899166107177,114.08846542835235,114.4761167526245,112.97478411197662,114.57099781036376,116.06991801261901
S05,2026-09-26,6,87.5,2026-09-20,94.73535195136965,91.65705255074064,93.78323954793787,90.12957005740756,91.88906408330801,86.79209125299003,88.69530182661586,87.50522008623395,87.54438939775739,88.35175862993512,88.28367963518414,87.81781259264264,88.17343774523053,88.21480432237897,89.69706979479108,89.33571019853864,89.505949647086,92.93317189897809,91.36087861742291,89.66406312670026
S06,2026-09-26,6,98.10816326530612,2026-09-20,99.45548213925935,93.86395894560968,94.67303040075657,92.02551948229274,93.92267176322986,91.41175349035134,92.91382041024636,94.3921091897147,94.30202320643834,93.31707027980259,93.00861862727574,93.78020981379917,93.77890041896275,91.1006372315543,91.27111319133213,92.35491016932896,92.5149405343192,91.24860027858189,90.7160222870963,92.1201365334647
S07,2026-09-26,6,86.0,2026-09-20,97.85092651009595,91.51216445668636,92.97895396877549,91.81304474429186,92.41567353050911,92.4016862520431,91.76861593359281,94.42048100062779,94.42118099757603,92.62781361171177,92.33505657741001,92.85111788340977,92.5298068864005,90.5083167893546,90.64364460536412,91.70252731868199,91.54615715571812,90.75767735072544,90.50203970500401,90.46243599482945
S08,2026-09-26,6,129.9,2026-09-20,123.89401603779643,120.14888019312443,120.21445527933568,119.13220239597686,117.97089038327594,117.42653286265598,116.35760279290353,117.33773309162686,117.62800008228848,117.60007363728116,118.23079186848233,118.43232518604825,118.63091641834805,119.01896506718228,119.23744875362942,119.98094755581448,118.03106194904873,119.3593333380563,118.92614895275662,120.68715304306576
S09,2026-09-26,6,105.0,2026-09-20,117.8609759646994,110.67528194626314,108.96561061652602,110.01735669565872,108.58141349986063,111.64315974416286,110.03184158720887,111.98088521276202,112.24849123273577,112.54068083081927,112.3633932522365,111.25265473638262,111.0841659954616,109.25275606427874,109.66903836045947,109.3741423538753,108.34824169192996,107.33615375076022,107.02289671216693,109.67323917661395
S10,2026-09-26,6,109.4,2026-09-20,126.54611231633622,118.96867839239474,119.62991949634048,119.05519067887931,119.1788510352978,118.72314994403642,118.56044523306856,123.80616079057965,123.78184400285993,124.01336656297956,124.3420055934361,123.33469091142926,122.51093850816999,123.01726709093366,123.19683442796979,120.53071199144635,120.69360194887433,120.1677621432713,122.4413741656712,123.23815618242536
S11,2026-09-26,6,97.5,2026-09-20,90.6048943166888,83.39251710111495,84.21698360228285,83.72765837536022,84.05079608192796,83.40146655895873,83.13164030445544,85.3279273714338,85.34348370688302,85.20752408163888,84.99221589224679,84.27043416159493,84.03483369009835,83.93299080984933,84.18804719107492,84.35438325064523,83.13575818198068,82.9111850466047,82.50917842047555,85.90802552359445
S12,2026-09-26,6,142.3,2026-09-20,138.6418223007315,127.93387219260214,128.74480030952483,130.4017513976879,129.92429620156682,131.45535480277013,131.36090712392513,132.32549359457835,132.7736587728773,130.72660257475718,130.56437708990916,131.2172634805952,131.30363371031626,130.39792921202525,130.57175972121104,133.91839387076243,131.79134204047068,131.50501825468882,131.2267916406904,130.99814965384348
S13,2026-09-26,6,134.9,2026-09-20,133.03339368129377,123.88596036764112,124.18950492363048,125.6017764473408,126.29729900175325,125.02817185214596,126.26688442984762,130.43104923793248,130.5922969681876,130.65567577907018,130.96691311427526,129.6278399331229,129.34692228862218,127.40766395160131,128.0195168358939,126.82707632609777,127.12103236743383,125.3575285775321,125.07198448010854,127.33767355510167
S14,2026-09-26,6,93.7,2026-09-20,101.76532553961955,97.66583691475418,99.71083367567637,97.14559594390693,98.49055406971485,95.90257210830197,97.16088514478527,96.6373572758266,96.54291776929584,96.49943880353656,96.06485800061908,96.44539026532856,97.11880926404682,96.81310228620258,97.14177946363178,97.20102075849262,97.27396921430316,97.85506300245014,98.43151239667621,97.02939848218647
S15,2026-09-26,6,82.7,2026-09-20,98.79857255563083,94.94553578893944,97.41637680645518,94.24880422571776,96.1289975419225,93.6167735844204,94.47535674190298,95.2757061140878,95.51330596378872,95.45524007252286,95.60038501194546,95.0254996435983,96.317451776777,94.34990483692715,96.30964118412564,94.8788588660104,95.99838477543423,96.93472415379117,96.30611735752652,95.29807359150479
S01,2026-09-27,7,111.2,2026-09-20,105.25400247637789,109.48640450350081,110.14567375533657,109.15045497154505,108.30105355518123,108.75397062770024,107.84012028886299,104.53602428436281,104.74977035522463,107.07928009033205,107.03224010467531,106.44648094177248,106.2001850128174,109.93450660705568,106.66252632141115,107.05432624816896,107.48070354461672,106.99970645904543,107.43503780364992,105.93229789733888
S02,2026-09-27,7,141.6,2026-09-20,128.81457556738243,119.4426845644104,117.75420272018665,120.17590946295435,118.37381101659912,122.8877696660879,119.73841678252276,125.12952589988708,125.35418426990509,124.78625631332397,124.33027720451355,122.43209934234619,122.89975142478943,119.92847156524658,120.39394521713257,118.40537643432617,118.26242256164551,117.27631187438965,116.46555233001709,120.73513746261597
S03,2026-09-27,7,117.47551020408164,2026-09-20,117.09392655401429,121.69240087689039,121.9010697971416,122.815405830605,124.27093813149435,123.46008149346174,124.30530145205358,120.26246550423758,119.74783423287528,114.91670897347586,113.87157729012625,119.93366339547293,119.06510260445731,115.17298415047782,115.27641394478934,123.0036363874163,120.63836005074637,120.14105131966727,119.05132201058524,113.76284506661551
S04,2026-09-27,7,138.2,2026-09-20,113.179195612968,108.32505674348472,107.97079840347388,110.10190553172475,109.58115510795905,112.20371108115967,111.26539945056086,114.52554116249084,114.74118719100952,114.58968839645385,114.86856732368469,113.18875012397766,113.46387348175048,111.9910399377346,112.59599397182464,110.28236470222473,110.30648646354675,109.74399909973144,109.39778218269348,110.29959366321563
S05,2026-09-27,7,86.2,2026-09-20,89.24043753799097,82.91339105797603,80.91745916730751,83.07060156737886,82.14963375720167,82.95124457549493,83.01116983834154,84.1205507823399,84.11142030443463,82.71815887178693,82.71194902147565,82.47773233141217,83.2286697932652,81.18140092577252,82.57085242952618,81.71568217958722,81.77092424120221,81.375099331992,80.90086999620709,81.8391000338963
S06,2026-09-27,7,94.2,2026-09-20,93.96056772588067,84.07826241551368,81.44773849471979,85.77745185390839,85.13398403845203,87.85150492749308,88.48576659002022,91.11574295588902,90.97724274226597,87.8500554902213,87.64358595439366,88.99731377192906,89.29414681025914,85.54595688411167,85.63778260775975,87.49479821750096,87.30942801066807,83.74194798299244,84.74370578357151,84.1501892549651
S07,2026-09-27,7,53.7,2026-09-20,92.35601209671727,85.31624244930002,83.3685676143461,87.47051603456248,86.96407525319476,89.69633874468538,89.03240772171338,91.05129841395787,91.00508431025914,87.13604930468968,86.7030114872115,88.6755838734763,88.75376680919102,85.31397554704121,84.75506833621434,87.67137340136937,87.3500337941306,86.22162819334439,85.16224095651081,82.8787703854697
S08,2026-09-27,7,114.7,2026-09-20,118.39910162441775,115.60070194421706,113.46635150959489,116.34700448976432,115.27111446359918,116.65094278808182,115.56981506819345,115.36489850452969,115.50096780232022,113.7396405356271,113.37826281956265,115.61740809849331,116.35191518238614,113.53942614964078,113.4630816595895,113.63606578281949,114.64237243107388,112.8213227408273,113.16851645878384,114.21453029087613
S09,2026-09-27,7,102.5,2026-09-20,112.36606155132073,110.63661588313835,109.48394117412504,109.30400489508361,107.02316319108476,110.77567739419806,108.14592131545767,109.7941053560802,109.886002605302,108.29112291846957,107.6554172388145,108.20192651961531,108.87683314595904,105.37639421735491,105.99610895429339,106.1150783947536,106.17804438386645,104.31599635396685,103.99727291379656,105.9631988457271
S10,2026-09-27,7,129.9,2026-09-20,121.05119790295754,113.17826509458757,111.97451311835582,114.59691479786603,112.18622898318587,116.96440588387368,115.8503695609475,121.69510207857404,121.49657760347638,119.51451574053083,119.35765777315412,120.25504909242902,120.24975381578717,117.79893027033124,118.36898050989423,117.8953376838139,119.2163222857884,115.81811605181012,118.58277140344892,117.44675980295453
S11,2026-09-27,7,76.3,2026-09-20,85.10997990331012,82.57756259542032,84.31422099278328,81.7844452233634,82.6936484405595,81.48759751484153,81.33805676789405,82.05156209128243,82.01870371954782,79.57489659445626,79.36084248679025,80.27528025763375,80.28868319647653,78.80629374640328,79.84337308066232,80.7285244669233,79.98787762778146,82.33153607504708,83.86296822684152,80.79623725073678
S12,2026-09-27,7,136.0,2026-09-20,133.1469078873528,127.67560088073269,127.90016452681124,128.5849324285243,127.13197497055975,130.11405904244705,129.36546424729195,129.99523665564402,130.28919531958445,126.4104664530073,125.20697381155833,128.15158297674998,128.92248704092844,126.10304238455637,125.59504201071604,127.21270396368845,125.66786553519114,127.08317401068552,125.37830998556956,126.04426076071604
S13,2026-09-27,7,120.8,2026-09-20,127.53847926791511,119.66143121173928,118.3469772313056,121.7451159976963,119.94298806756396,123.57876127813357,123.60554735825377,127.96256125995092,127.94959438868932,126.0499032838004,125.48042083808355,125.85150183268956,125.83111275264196,121.11292756625585,121.52013147899083,121.99523843356542,122.99765301772527,118.48846472331456,119.18148888179235,119.7693914277213
S14,2026-09-27,7,84.0,2026-09-20,96.27041112624087,89.08941002905807,89.0409480821552,91.05564724888315,91.42026070599019,92.06112924086099,93.33738225992968,93.36098913465229,93.2181382587978,91.03242210660663,90.60131506238666,91.8937426022121,92.63405613218036,91.47991804395404,91.17154363904682,91.21067146573749,91.01452879224506,89.82121900830951,89.91966442380634,89.81099180494037
S15,2026-09-27,7,100.8,2026-09-20,93.30365814225215,93.0594711451831,96.54387874171782,91.85065506451724,93.68161352363185,91.69403594374748,92.7477974993216,92.21328240803311,92.42398244312832,90.1763568537576,90.88923126629422,90.63378220966885,92.00611287525723,88.73952061108182,90.34764582089016,90.83458811214993,91.46005350521634,90.89405709675381,91.84689265659878,88.35813814571927
S01,2026-09-28,8,110.8,2026-09-20,100.08629078642942,104.76971937946085,102.93196562743054,102.20943259949378,100.57731047781361,100.48705017191963,98.93810258503369,97.5154275417328,97.62553997039797,100.6100480079651,100.52395124435427,99.93367214202883,99.4863349914551,101.96054191589357,99.6607129096985,98.85620899200441,99.6696092605591,98.55182237625124,100.05962772369386,98.977973651886
S02,2026-09-28,8,118.1,2026-09-20,123.64686387743396,118.31620922638075,116.50297128422639,118.46142079649307,117.38547992104375,121.62572634666184,118.44067406540647,119.40546655654907,119.52404689788818,120.30233955383301,119.98458480834961,118.75060272216797,118.68561601638794,118.37496757507324,118.86833047866821,117.35582733154297,117.14665985107422,116.77235221862793,117.56643867492676,119.51248359680176
S03,2026-09-28,8,125.9,2026-09-20,111.9262148640658,118.87933030932525,120.05815106628685,121.92091686515822,122.88022677661017,123.04097622140614,123.77768527506572,117.52002241952079,117.18019583565848,114.28647520882743,113.24578192574637,119.33628752572196,118.36786940438407,117.26938536507743,117.06145575387137,122.27964117867606,119.93641188485282,121.27503683907645,120.46549132210868,116.78269484383719
S04,2026-09-28,8,117.3,2026-09-20,108.01148392301951,109.59884327828621,114.33457450127932,109.40956919243168,114.86019955500522,110.14119836281164,111.05779461493438,108.17876563072204,108.42033705711364,109.07348690032958,109.29740414619445,108.65791664123535,108.00094566345214,109.9261079788208,109.75734720230102,111.95248073935508,108.79203639030456,112.13080981224775,109.07179985046386,105.98867378234863
S05,2026-09-28,8,71.5,2026-09-20,84.0727258480425,72.19852603186956,68.48290922255478,73.1030673719822,69.13842023202322,76.22300977873215,73.98788537977714,77.099952847617,76.9871883698872,75.65408492173466,75.36792853559766,76.06808247129831,76.0657198623887,74.24853661741528,74.94238343920026,74.29621437277112,72.91449681009564,74.18421235765729,72.82049146379742,75.21793201650891
S06,2026-09-28,8,68.6,2026-09-20,88.79285603593218,74.68381439338367,70.55429030203223,76.92518998431136,73.97470958751707,82.86183107529601,81.21648886054115,84.09514347144535,83.85301283427647,80.83599284717015,80.35149887629917,82.31659689971379,81.76142386027745,77.70002726146153,77.24741200038365,77.75915220805577,78.28931597300938,74.15717724391392,75.10080174037388,76.87144449778965
S07,2026-09-28,8,89.7,2026-09-20,87.18830040676878,75.71850091402463,72.8194509149761,77.88891012886893,74.79854302421803,82.80728607444867,80.51396861885851,84.29902783461979,84.12491599151066,80.39031485148838,79.82007769175938,82.28553298541478,81.69693974086216,78.0931909424918,77.89736774989537,78.20975950786045,77.66097572871617,75.70570686885289,74.46394756862095,76.00452736445835
S08,2026-09-28,8,101.3,2026-09-20,113.23138993446926,114.02856499942996,114.77132992011794,113.33893259296009,112.3045906491049,115.24154997280567,113.6204872482027,110.2909854071481,110.29382735661099,109.90587264469693,109.82065707615445,112.39082271030972,112.69682055882046,112.47121840885708,113.30317717960904,111.59515792301724,112.95271903446744,111.48708468845913,113.75419265202115,113.45574218205044
S09,2026-09-28,8,106.4,2026-09-20,107.19834986137225,107.91891458789479,109.36143541609745,108.27746663153185,106.85430174419183,107.92077366484851,106.5624550702072,103.67296880994525,103.66006225858416,102.72642034803118,102.22297949109759,104.03783792768206,104.55986995015826,101.5140041760036,102.52836269651141,102.61471838269915,102.3928841999599,101.15651649747576,101.55490202222552,101.70127910886492
S10,2026-09-28,8,121.4,2026-09-20,115.88348621300905,114.05875837739107,114.20488198910907,114.8014712610041,115.86383033617214,114.4679634234357,113.91130893546001,114.77429885949407,114.44787166799817,113.7819081374577,113.61732111658368,115.21574384878788,114.59789882387433,114.87542252029691,115.27267279263053,116.38597391332898,115.65417499627385,117.27500925745282,118.63694654192243,114.80890919055257
S11,2026-09-28,8,96.3,2026-09-20,79.94226821336164,71.61709607288363,70.2839530231782,70.92745162484631,69.04831073037606,75.09812609099843,72.90443588835585,75.2492169048105,75.1127288545881,72.83932115691049,72.45210315840585,73.77789475577218,72.755960723332,71.50148226874215,70.63486411230905,71.04511692183358,70.41978671210153,68.1579416002546,68.70852639334542,71.54596449988229
S12,2026-09-28,8,115.0,2026-09-20,127.97919619740432,127.41488164883381,128.05344727489924,127.17114069807357,126.6778509172152,128.9884038327828,127.7552366988789,124.85896565573557,124.94216515677317,122.80276562826975,121.6569287981306,124.51350190298899,124.78357960837229,122.77481057303294,123.46449544089182,125.84099461691721,123.8454177583967,125.48997857230052,122.70755841391428,124.0712011064802
S13,2026-09-28,8,123.2,2026-09-20,122.37076757796663,121.7105217538241,122.8062215821229,122.09277280906667,123.55739330095756,121.86229126401429,121.9875999803617,121.21870792933873,121.13278521129064,120.92960513659887,120.40148557254247,121.531788955416,121.30841029712133,119.3924440247672,119.79028929301671,121.61978543826513,120.28673590251378,121.53546417781286,119.83200682231359,117.7755497796195
S14,2026-09-28,8,76.3,2026-09-20,91.10269943629238,86.2912092567871,89.28920397156202,85.39664878950171,86.5246710232254,86.3724538399529,85.3935550427868,86.34039060388294,86.09390787397113,84.01836125169483,83.30922703061786,85.69648188528207,85.8222675732204,83.99227420602527,83.6598456314632,85.49512256298748,85.5315050742456,85.26418394957271,85.67842170864877,83.91646961484638
S15,2026-09-28,8,170.2,2026-09-20,88.13594645230367,85.65174050766242,84.87461709209056,85.92376724091345,86.19562300950335,87.25319791158701,86.4683778099325,86.17534417084286,86.25703948906491,84.14495426586697,84.28091913631985,84.67521459034512,84.84356790951321,82.91188317707608,83.29976207188199,86.14935964516232,85.59821218422482,86.35829454830716,85.45811182430813,80.58242112568448
S01,2026-09-29,9,88.0,2026-09-20,99.30763182550658,102.32399071007269,104.61535865978263,99.61848437068079,101.93129433937034,97.03094804298938,97.15697373021946,96.4959351539612,96.74885315895082,99.59194822311403,99.43341941833498,99.14927501678469,98.73747034072878,101.97932357788088,100.167670917511,101.37504262924196,101.94292230606081,102.6466371536255,102.61039466857912,102.06331748962404
S02,2026-09-29,9,105.2,2026-09-20,122.86820491651112,120.7613036969106,118.06111464177171,120.15388125440185,118.97043997535285,122.64508786988296,120.14337208105228,121.53466558456421,121.9122805595398,123.70176720619202,123.28199219703674,122.08667182922363,121.97555494308472,122.9761905670166,123.03149747848511,122.42766761779785,120.72131538391113,122.95169425010681,121.74558591842651,123.57804608345032
S03,2026-09-29,9,112.9,2026-09-20,111.14755590314297,124.06257509016231,129.81129102636476,123.21010106539774,124.5534472510642,123.58266783930146,124.34917025490057,119.05181601388114,118.3830309186663,116.61427023751395,115.63135245186942,122.96456435067313,120.30578902108329,122.90202620370047,120.28747275216239,127.4578600202288,123.96659567696707,127.50931074959891,124.5287370954241,118.49438765389579
S04,2026-09-29,9,103.91836734693877,2026-09-20,107.23282496209667,108.42172713072553,107.24219900097647,108.9668477056734,109.44227843136113,109.15937900845633,109.07561815800626,108.75244507789611,108.55573472976684,109.57351336479186,109.27262625694274,108.31804976463317,108.0791030883789,109.07642087936401,109.5986252784729,109.16960487365722,108.41630182266235,110.0641728401184,109.35741696357726,108.24899516105651
S05,2026-09-29,9,79.0,2026-09-20,83.29406688711966,67.1412922149527,65.66024130851656,69.53931645799314,68.8730663075923,73.6829989355881,72.31286588643025,76.08045960302863,76.1105017000011,74.45181968893323,74.06455269541058,73.52251520838055,73.81088271822247,72.2215463229588,72.91881099428448,71.86729112352643,70.77823081697736,71.103681237357,69.88595071520123,75.86843535389218
S06,2026-09-29,9,77.8,2026-09-20,88.01419707500935,72.89208832684368,73.55620837151598,75.5052657312704,75.01222966574065,79.9383152333571,77.75761188349762,83.07564953395298,82.97632578441075,79.63372734614781,79.04812124797276,79.89487651416233,79.79149869510105,76.08778360911778,75.80075052806309,76.75354603358677,77.56913212367466,75.16955116816929,74.92676762172154,78.32609633037022
S07,2026-09-29,9,82.0,2026-09-20,86.40964144584595,76.57243616468347,76.24261392097415,77.83062450965458,76.75616958005101,81.05764623633722,79.32993163812009,84.06013516017369,83.82697442599705,80.07072905131749,79.15224913188389,81.151040826525,80.53532675334385,77.67813042231968,77.24530342647007,77.95437935420445,79.00329187938145,76.9723151070731,77.54156712123326,77.70972279139927
S08,2026-09-29,9,124.8,2026-09-20,112.45273097354644,117.54831747409992,118.40509949167156,116.32721234666752,114.78640678896562,115.86573515745735,115.02566480942846,112.63327533176968,112.78658038548062,113.50997764042447,113.39836913517544,115.51361161640713,116.11379367283413,116.44361382893155,117.56564742497036,118.33915692738125,117.33330851963589,119.63828069141934,118.62334209850857,116.94481021336148
S09,2026-09-29,9,98.0,2026-09-20,106.41969090044941,106.79870688367261,107.03834250831885,105.49955876435564,105.57999544333065,105.60706248692361,104.3893760336891,105.0343043259212,105.24506325040545,104.0891503742763,103.63285965238299,104.37843150411334,104.806292956216,103.17025894437518,104.29966086660113,103.7434358051845,103.39905018125262,103.03081363950457,103.53326362882342,104.68932861600604
S10,2026-09-29,9,100.9,2026-09-20,115.10482725208622,117.35666897258687,118.26345643865481,116.42305390487448,116.27470303578768,114.56174516525797,114.14846467532199,114.41973863329206,114.38270728077207,114.33153746809278,114.60016481365476,114.28496847833905,114.46756587709699,114.98435686315808,115.81200109209333,114.35279606069837,114.8314747938088,116.25237093652997,117.97706423486981,117.30569539751325
S11,2026-09-29,9,67.4,2026-09-20,79.1636092524388,74.31175507120578,74.7227672182677,75.1710182181042,75.60046010941743,74.50586213129708,75.88607593155642,73.77149643557412,73.77781440871102,71.11859442847116,70.68994214194161,71.31703951018197,70.51197554724557,69.51882960455758,68.93079068320138,73.85953702586038,74.99190137343747,72.25527813094003,73.82174315111978,72.11469771521432
S12,2026-09-29,9,129.8,2026-09-20,127.20053723648148,128.77398695842928,130.18660476061152,129.03951058744755,127.81798386114308,129.8337920114681,129.11170794747818,127.75332381384715,127.89369847433909,127.87698580878123,126.17455556052073,128.52944781439646,129.1436321939741,128.50860097067698,129.11433055060252,129.00063111441477,129.87478282111033,131.09566476004466,129.49420191901072,128.51354672568186
S13,2026-09-29,9,121.4,2026-09-20,121.59210861704379,125.82872288230506,126.09658452141113,124.24787025444249,124.24011863581109,122.38421553854896,122.08639543841348,122.52366746493749,122.51052034923009,123.32354546615056,122.9034612280982,122.55378497668676,121.85183371135167,121.95172489711217,121.25204075404577,123.17393226453237,122.24005890914373,124.37622232266835,122.15468252726964,121.66633714267186
S14,2026-09-29,9,108.3,2026-09-20,90.32404047536956,72.03719172698419,72.57237789288212,77.04101416763126,76.8921558537581,81.44124505711908,79.90892916232659,85.32089717303005,85.21722088371006,82.81609634671894,82.07561640058246,82.7913039139339,83.13140873227802,81.54214195523944,81.37146953855243,80.32526354108539,80.02376274381366,77.69608740125385,78.65315250669208,84.29413394246784
S15,2026-09-29,9,74.0,2026-09-20,87.35728749138083,76.04761376780876,73.31597619372565,79.57471243736983,79.06983874921488,82.02186260612952,80.68747097410375,84.8757272379739,84.72218853405545,82.76464539936612,82.37618094852994,82.42865878513882,82.96661216190884,80.10455495289395,81.52561742237637,80.31361562183926,80.27307444981167,79.05791121891568,79.67314225605557,81.86076575687954
S01,2026-09-30,10,90.2,2026-09-20,107.58195011923588,112.45252179758157,114.02200679303306,111.04374791610121,111.01683790189836,110.07272307248509,110.08079336499881,104.89755744934084,105.10543174743654,108.91323680877687,108.74159832000734,107.12378425598146,107.02454586029054,110.53998584747316,108.23858757019045,109.05362911224367,108.97945804595949,110.60839672088625,110.89688224792482,109.94858379364015
S02,2026-09-30,10,148.8,2026-09-20,131.14252321024043,121.45628027736872,119.68180803683107,121.7725014129045,120.06702229198662,123.71768367586803,121.287808543645,125.49105942249298,125.7098463177681,127.2416101694107,126.78076681494713,123.63545489311218,124.19703125953674,124.93489861488342,124.99387192726135,121.81731748580933,121.40146160125732,122.5040647983551,122.21718454360962,127.00424486398697
S03,2026-09-30,10,206.5,2026-09-20,119.42187419687228,123.59831924425612,126.45891887451565,123.35203576415451,124.55373404469293,123.52331481385148,124.39201423717832,120.97274306161063,120.34755041939871,117.86929991585868,116.8838339124407,122.40439894539969,120.61025717599051,122.3976278577532,120.5685320172991,127.61086752755301,124.7278919492449,128.30551245553153,126.37943652016776,121.37141325814383
S04,2026-09-30,10,122.0,2026-09-20,115.507143255826,114.84125486041806,115.10495333630467,113.3909278435383,113.58770411595685,113.7569848032022,113.65124767606443,115.23582110404968,115.34091005325317,117.17453155517578,117.09141359329223,115.6920877456665,115.4453345298767,117.68187437057495,118.04429063796997,115.51276884078979,115.43206009864807,116.48463640213012,117.53443059921264,116.79664192199706
S05,2026-09-30,10,93.0,2026-09-20,91.56838518084896,87.10174685034856,87.57525363511559,86.29144610858647,87.33938480168536,84.1793350935876,86.2590132396578,84.48208394731793,84.46708169664655,83.82233968462262,83.42266717638287,83.53248992647443,84.05302968706403,82.84333863939557,83.39030471529279,83.67976680483136,82.8068005153111,84.68825212206158,83.70288148607526,85.82903161730084
S06,2026-09-30,10,92.1,2026-09-20,96.28851536873866,89.90020776238008,90.61408001856819,89.1494028485583,89.90575361519826,88.77288055441086,90.25405939726585,91.47727469035557,91.3329050881522,89.00425509044102,88.44820526668003,89.90484646388462,90.03364399501255,87.23904541560582,86.23214772769383,87.78451136180333,89.05529907771519,86.8870768887656,87.93017891475132,88.0741160256522
S07,2026-09-30,10,94.1,2026-09-20,94.68395973957526,90.37125377612895,92.3212817097524,90.80077151136327,91.47974416549441,90.89462124507541,90.7687766321189,91.68115595408848,91.60480669566563,88.66065314837864,87.97358194419316,90.15199497767857,89.92124417849949,88.00821498462132,86.96737102099827,89.42263725825718,89.70288399287632,91.45484570094517,90.15878799983433,87.32464328833989
S08,2026-09-30,10,134.5,2026-09-20,120.72704926727575,118.4747867050372,117.57478546096571,117.78479910571235,117.44902807324681,117.19911059135,116.46470845406905,115.82622558048794,115.9321511404855,116.39687711170743,116.24516087940762,116.97288638523648,117.528464617048,118.69882637432644,118.89545327595303,117.61540061405728,118.29179221561978,118.85317236355374,120.15762883595059,120.3864865916116
S09,2026-09-30,10,128.6,2026-09-20,114.69400919417873,111.78246026184695,109.80849499309109,110.94204743098919,109.41429476908449,111.34137406346625,109.60033024310303,110.15563887868609,110.24166435514178,110.27890080724444,109.75600714002337,109.05114144597735,109.61633080754962,109.02190757308688,109.78405184064593,108.60242599759783,108.89750475202288,109.59880966459002,109.6902371100017,110.92921823774066
S10,2026-09-30,10,106.1,2026-09-20,123.37914554581553,119.85540371276585,120.3494785882459,119.33612544270385,119.07526186558466,118.67406528163339,118.5704547494798,122.15642915453229,121.92776094164167,121.9710510798863,121.9226678439549,121.938446862357,121.97501121248517,122.61644492830548,123.40907178606305,121.55761752809796,122.51724229540143,123.47992501940045,125.71269117082868,124.64398656572614
S11,2026-09-30,10,92.5,2026-09-20,87.43792754616811,83.95839960559746,84.98155626593967,83.6813539055921,84.69817183341807,82.43346464243518,82.4944137947619,82.41309573309762,82.3743665422712,80.72909810202462,80.32999589102609,81.36614491598947,81.02818181174142,80.46086480276925,79.68915011542184,81.84286477225167,81.22822739737374,82.11891390936715,81.33464839117867,83.15824486868722
S12,2026-09-30,10,143.4,2026-09-20,135.4748555302108,129.93042120522452,130.8217493431101,130.20283625518218,128.83643482317373,131.17466930601498,130.81791820441168,130.70551588194712,130.88891865866526,129.73143984930857,128.38985755102976,129.82169224875315,130.09010007040843,130.4211528505598,130.05424000876292,130.96302678244456,130.1451323236738,133.35527159827097,130.21165063040598,131.7840700353895
S13,2026-09-30,10,123.1,2026-09-20,129.8664269107731,125.81681902123822,126.94248974906202,126.0816056685144,126.66606429829629,125.14735002172898,126.34145141354946,128.6728419167655,128.54931725093297,129.3394917351859,128.64347685405187,128.70897949763707,128.33202589579992,128.80227697917394,128.09272636004857,128.16737092563085,128.50177658626012,129.8285454613822,128.91588009425573,128.15202773639135
S14,2026-09-30,10,119.1,2026-09-20,98.59835876909887,93.92159690333742,96.42923049054656,93.95068173283792,95.25671171238895,93.12125352172379,95.14222167164598,93.722521345956,93.57380012784687,92.1866212299892,91.60867695127216,92.80127529416767,93.37355284009662,92.78841404233661,92.59200338636127,92.36480860028949,92.84069732938495,93.01350693021503,93.30640081678119,94.18135217939106
S15,2026-09-30,10,115.4,2026-09-20,95.63160578511014,96.2669960420309,100.20730124438099,94.27934211832394,96.1876052122315,92.5976237091386,94.0662027593532,92.67460948399136,92.85516482761929,91.48975473812649,91.5526607649667,92.10579472950528,92.62488109043667,91.28646284512112,91.72548419407437,93.5202973502023,93.47202235630581,95.8063834326608,95.80587417057583,92.84360057285855
S01,2026-09-28,1,110.8,2026-09-27,94.62073013616478,93.67487811379263,93.69941001420332,97.06429949811668,96.17342759872771,98.99570356217113,99.22866958427569,96.37803295680455,96.48870113917759,91.95357540675572,91.72189549037388,94.28376606532505,93.81806782313755,89.98283222743443,89.4693739754813,90.43478802272251,90.43231037684849,86.73094585963658,86.3498614174979,90.60807064601353
S02,2026-09-28,1,118.1,2026-09-27,126.48333133067646,126.12211577239685,124.56178001248222,129.34845800949606,125.76438430982145,130.70651929586407,128.81956584798826,128.20104025432042,128.227234349932,126.7294382912772,126.60312698909215,127.26805447169713,127.44601820537022,124.67290257045201,124.92587898799351,127.1897187096732,125.10949944087437,125.08057926722935,121.41058777400426,122.47360848018101
S03,2026-09-28,1,125.9,2026-09-27,116.24031524350251,114.68715664351126,113.14513263770372,114.87280718704702,113.34271414921123,115.798479249502,113.44893200545408,119.00020719088897,119.09859085597381,118.28719205178604,117.96519557155952,118.08470774211273,118.46956134356842,117.44820592321739,117.37096143283233,119.92807436503753,116.0606899312912,117.26356709517822,111.7110531381546,114.50962615527496
S04,2026-09-28,1,117.3,2026-09-27,107.19873984087,109.56813872972143,111.31246541009722,111.31334136612925,115.77491135439642,111.61265029390655,114.77137719315843,112.18861215710639,112.59039404392242,108.96221842765807,109.12398662567138,111.36174180507659,110.99147191047668,107.53501167297362,107.10370483398437,113.24603309631347,112.39770602583884,110.88556339740752,109.681662940979,105.13519086837768
S05,2026-09-28,1,71.5,2026-09-27,90.5839013483768,87.24713506841967,89.27219098683122,90.23754937547719,89.36920008403894,91.95203707274601,91.52243556178578,91.52117292540413,91.56371562140328,88.01472680228096,87.98475472586495,91.22384588377815,91.04531161444527,88.03957144873482,87.66713730948311,88.7378913606916,89.6387087549482,85.64028660910469,88.43135325568062,83.73496548788887
S06,2026-09-28,1,68.6,2026-09-27,86.16276868391773,84.83334303771797,83.07219427027357,85.87608384511891,85.18682807522188,88.74444217643544,87.77663686078799,85.82104802868457,85.73222852490039,81.05003476879688,80.99953199169727,83.37986875317188,83.2683441712627,78.78270364544483,78.81096483013721,80.10550523541065,81.49504113934131,76.53770471356006,78.37879968426319,78.00957895062061
S07,2026-09-28,1,89.7,2026-09-27,80.60578485664982,80.5381370735347,82.88549869477532,81.45362913893126,82.28138330560114,82.0926508774085,82.35771634614521,81.47665776695524,81.47656329359327,77.7330236026219,77.68700977052961,80.04193421091352,80.22644253458296,77.31378217424665,77.15639730181013,79.5335766860417,79.15727325166975,77.75371309007917,78.5369569846562,76.8482112475804
S08,2026-09-28,1,101.3,2026-09-27,117.06605122910922,113.73069627456373,112.65063436805455,115.20144511330666,112.53676615691602,117.38123627821037,115.89761251646267,117.00339950834,117.43968643460953,116.70354189191544,117.24544967923843,116.86336101804459,116.16275991712295,116.57252468381607,116.62332357679092,113.8203498295375,116.27490963254654,113.12610449109756,116.7373682430812,115.70976890836441
S09,2026-09-28,1,106.4,2026-09-27,108.7387842991323,107.5937244842086,109.36252478661348,109.53407154742588,110.2346734903391,110.53586168023958,112.06927621323572,113.15661011338234,113.20367313623429,110.87235934734345,110.73224182128907,110.96492154598236,111.13074429035187,108.19462175369263,107.64760704040528,107.46423454284668,107.75383777618408,104.06547470092774,105.00636596679688,104.90268964767456
S10,2026-09-28,1,121.4,2026-09-27,108.41394582983324,110.4635252183664,108.33023533947461,109.54273452122018,108.75779229113647,108.57634236816415,106.48382311905472,110.53691507407598,110.90489579268865,112.04730547496251,111.66970885821752,111.86011494227819,111.38320292064122,112.80662025042943,112.59711350032262,110.18034542628698,113.10193813868932,108.51405472585134,111.48553837367467,109.80079443284444
S11,2026-09-28,1,96.3,2026-09-27,76.03420097066052,75.76153623265171,74.26952939838466,77.34837577143776,75.87657021291679,78.12991326607573,77.8489666812244,77.2189809169088,77.32965047018868,73.96207101004464,73.83615405218941,75.54587728636605,76.05708844321114,72.97142083304269,73.08365494864327,73.87122542517525,74.27192551749093,71.04179865973336,71.51971013205392,71.6483336176191
S12,2026-09-28,1,115.0,2026-09-27,121.28243700450795,127.60374036995938,126.38759213152434,130.0590035824053,129.3888725979169,131.15999503311272,131.81476955502947,124.79257708958218,124.77738696507046,123.78788501194546,123.27171069553921,126.08862906864712,126.21455890110562,126.02863532475064,125.14500934055874,126.8026812689645,127.67046386173794,126.50776225498745,125.9346974509103,124.38565188816617
S13,2026-09-28,1,123.2,2026-09-27,114.57675720612175,119.52622753633011,117.90716774691239,123.20412532780497,122.31371306732719,125.23906804245493,125.30857115455967,121.38713836669922,121.30011367797852,119.63108444213867,119.8819694519043,122.10102844238281,122.17270278930664,121.31801414489746,123.41696166992188,121.29037284851074,123.37128829956055,122.61437225341797,124.43232154846191,119.29885292053223
S14,2026-09-28,1,76.3,2026-09-27,86.24290087025514,85.2616114074972,85.77002252863558,86.95178271735297,85.93954173018129,89.55012976729118,89.08116814117314,87.71404819488525,87.62277774810791,83.31109027862549,83.34849624633789,85.11386184692383,85.04332809448242,81.6317985534668,81.59671287536621,82.1751163482666,83.28139476776123,78.89210014343261,81.05148582458496,80.13780479431152
S15,2026-09-28,1,170.2,2026-09-27,88.65869828091188,92.20373860282217,91.0002842293996,92.03005185894115,90.11320352881235,91.43678256188072,90.3947486555388,89.00385803835732,89.23972053187234,87.13373953955514,87.21725276964051,90.39952618735177,90.19806058066231,89.05633468287331,88.58660579579217,90.40036708968026,89.94534356253487,87.64146861261023,88.93156392233712,84.4064553465162
S01,2026-09-29,2,88.0,2026-09-27,94.83078705364191,100.15247581140319,99.52776089660888,101.38814348416551,101.52899878913388,101.58608978458908,101.73924826238776,99.2025511605399,99.20826366969517,95.41981724330357,95.19713047572544,100.46613815852574,99.94445923396519,97.78833511897496,97.18335369655064,98.94420841761998,99.12343910762242,97.23298672267369,96.26972988673619,94.36208942958287
S02,2026-09-29,2,105.2,2026-09-27,126.6933882481536,148.6166556650754,150.49494435998412,143.0942403708465,145.31202295449629,138.2290407681699,139.59852184369018,136.01009462901524,136.71664987632207,138.12358020373753,137.6486563546317,136.20720373221806,136.98950217791966,140.67152498790196,137.8202929360526,142.57687948771886,139.78110979625157,147.8799223763602,140.96245192119054,132.6437952382224
S03,2026-09-29,2,112.9,2026-09-27,116.45037216097964,125.28207071005538,127.92285271177315,123.77035008138036,124.38054620908696,122.43090842286487,122.4260474465436,120.20616603412017,120.57130671061859,120.5058198026596,120.41864967860565,121.21609926738128,122.92691159762725,122.53306222476348,123.89866042651519,122.88554788150176,124.0656240037857,122.53052545108184,122.48992658175811,121.15798569239959
S04,2026-09-29,2,103.91836734693877,2026-09-27,107.40879675834714,108.96667686504331,107.3654616998969,112.03839551790874,110.21699132350712,112.89091031500304,111.70556904254241,111.9563866496086,112.3955221414566,109.15031447410583,109.41406002044677,110.60951282978057,111.23067333698272,108.37443032264709,108.29876055717467,106.07269992828368,107.41809835433959,104.40070619583129,104.93963041305541,107.84877433776855
S05,2026-09-29,2,79.0,2026-09-27,90.79395826585393,86.48785577511757,85.05649772357614,88.37822562311524,86.15631943109997,89.85212803509604,88.45811338686646,91.712694808415,91.63901345389229,87.96389786856514,87.69677559988838,89.8940798486982,88.96414057867867,86.96134106772286,85.96133057730538,87.34288279669624,88.3004199709211,85.45637719290596,86.31133715765816,85.39916817801338
S06,2026-09-29,2,77.8,2026-09-27,86.37282560139487,83.43193534560504,83.45492867258555,87.14419834825402,85.85932113995771,89.81023592275062,88.0645116967005,88.99357248089404,88.78935075543018,83.94898439190479,83.54602933666797,87.49809385082813,87.41774202129932,83.101166017271,83.28856969616504,84.14184880993457,84.3529160096416,82.21122289440723,81.93611837170215,82.2804815842876
S07,2026-09-29,2,82.0,2026-09-27,80.81584177412695,70.5336960413472,70.55435011099955,74.44822778917862,71.8862002386027,78.19289112478465,76.99175983416869,81.17193337168013,81.095278103011,77.1547183581761,76.69610162462507,77.99928422655378,78.19270463671003,75.24155755724226,74.46391339983259,75.36266179765974,73.61986966814314,73.20263047899519,72.06297822679792,77.31613965715681
S08,2026-09-29,2,124.8,2026-09-27,117.27610814658635,125.26411158203342,126.19450117489045,126.47702956569782,127.38798774054064,124.87027851640214,126.08016117278869,122.7800148299762,124.38897527967178,124.7363015583583,125.51176490102493,123.93156589780533,125.39423407827103,126.79064239774429,128.5452000073024,124.13602198873245,129.31421865735734,126.28726782117569,132.9183656147548,124.63297595296585
S09,2026-09-29,2,98.0,2026-09-27,108.94884121660944,107.83599007685874,106.0817333860412,111.32979846910683,111.02134284127877,112.42020774574627,111.52960948699567,113.03783182501793,113.11873237490654,111.28492386341095,111.40045614242554,110.88236017227173,111.57387156486512,110.18864841461182,109.92119545936585,107.63089246749878,108.35243339538575,105.91182727813721,106.50467748641968,108.16919536590576
S10,2026-09-29,2,100.9,2026-09-27,108.62400274731037,111.82812956220921,111.0357178460717,112.39002344069776,110.80526413987542,113.26172718825269,112.22922137042062,110.98606766292028,111.03076697417669,112.83165277072362,112.1354483468192,112.28783000537328,112.63804639407567,114.27924479075841,114.4633234841483,111.46603811808995,113.85473145076207,111.96682275363378,113.0389283997672,113.68207300731115
S11,2026-09-29,2,67.4,2026-09-27,76.24425788813765,73.16895782884312,73.75878515696942,75.6235799944208,75.66113803732055,76.54512151883313,76.88864132982488,76.44043786185128,76.57505137579781,72.90994841711861,72.47193200247628,73.85698659079415,73.83931452887398,71.03891951697213,70.56351000922066,71.23539359228951,71.4137054170881,68.98285920279366,69.19478852408272,71.39952714102608
S12,2026-09-29,2,129.8,2026-09-27,121.49249392198509,138.84576264830565,139.52437272639898,135.86844773231684,135.2903087396674,134.25807890910843,135.4694959468836,132.73177462986538,131.68020755222867,137.4619911330087,135.26713973454068,138.4635952132089,135.4548791067941,146.2259677069528,139.941039623533,147.11864453724453,138.3814235346658,157.00792437962124,143.88382774761746,133.45998698643277
S13,2026-09-29,2,121.4,2026-09-27,114.7868141235989,125.37084813661897,126.00624490815744,126.79647238261123,125.82792072774512,126.58448275076404,126.67935152623635,126.47743320465088,126.42541885375977,128.05542659759521,127.1750135421753,129.87690544128418,130.13440799713135,135.2518744468689,134.07622909545898,134.5434513092041,130.63530826568604,140.66382606327534,134.8094139099121,125.64029884338379
S14,2026-09-29,2,108.3,2026-09-27,86.45295778773229,84.7656374917919,84.47467448278572,88.35253228452167,87.52620244682069,90.91248464635463,89.57021122412691,90.8865740776062,90.67989902496338,86.21003799438476,85.89499168395996,89.23723011016845,89.20459156036377,85.72172241210937,85.74382762908935,85.57385520935058,85.2156265258789,82.00381355285644,81.96063690185547,83.92602615356445
S15,2026-09-29,2,74.0,2026-09-27,88.86875519838901,83.3728078512807,82.67381362212748,85.05767645294925,82.80837871224065,85.8143082904546,84.67889552489783,87.80664857583386,88.0664563860212,85.552560874394,85.52535588400704,86.97913421051842,86.78027583020074,85.63343698637826,84.88348848479134,86.31509942667824,85.67111451285226,83.62814242499215,83.63422495978219,85.0050664629255
S01,2026-09-30,3,90.2,2026-09-27,103.43663645289962,103.09316681691627,103.12812586970246,102.48359587127517,102.53118556585416,101.76119308991582,101.88351517734552,101.8113510949271,101.95521572657994,99.50401524135044,99.04750279017857,101.07281712123326,100.60866573878697,99.8119614464896,100.20903328486851,102.49936703273228,102.04218414851597,102.52242878505162,101.94721344539097,101.38844517299107
S02,2026-09-30,3,148.8,2026-09-27,135.2992376474113,139.8100141909146,140.60739565699117,137.53495158516978,139.0708993615201,136.86521904254175,136.56472682158395,136.73699389525822,136.6549285514014,137.43459604808262,137.16949306556157,135.56893216201237,135.9588261110442,136.66137646266392,136.18988238402775,138.80507992335728,137.55801938601903,139.46654032298497,137.34917520114354,133.73335300513676
S03,2026-09-30,3,206.5,2026-09-27,125.05622156023735,126.34726355637673,125.6027557526569,125.50368615323093,126.21348262487638,125.2334736332903,124.68819453726206,127.3112843088089,127.19783902682647,128.76747727908477,128.10410333194122,127.14946198977813,127.26927400149688,131.98801541842803,128.95725656070098,127.65299344577178,126.49370790042266,137.43292832888946,129.1647255472122,126.19522119082794
S04,2026-09-30,3,122.0,2026-09-27,116.01464615760484,115.48288234783868,114.74509538596962,115.9162472366859,114.76709148641045,116.6327301561103,115.22344375288841,119.79298772811889,120.22787418365478,118.35170879364013,118.31780567169189,118.7442850112915,118.66741647720336,118.63800086975097,117.78582372665404,116.81344881057738,116.49490919113158,117.82570877075194,118.06899251937865,116.74194374084472
S05,2026-09-30,3,93.0,2026-09-27,99.39980766511164,98.80721035651423,98.69148345031354,97.12939930458089,99.00675241544897,96.97524526513088,98.27720898005974,98.84169881003243,98.92080037253243,96.90323226111275,96.52037613051277,98.09022657530647,97.35077993529183,98.2960254396711,97.0045854296003,100.57374922888619,100.04793421881539,105.55154244559151,103.95550267355782,95.2338128532682
S06,2026-09-30,3,92.1,2026-09-27,94.97867500065257,93.08606453619205,93.73687255579742,92.03013247229617,92.14532901181367,92.24018423114808,91.65933763067679,92.06116271755786,92.00909353039356,88.82690835735889,88.30758786938281,90.46686435482593,90.26136041424365,88.18124795696826,88.72699857494922,89.91043496868701,89.76367259762378,91.60440183422656,90.81598878643604,89.14951396725269
S07,2026-09-30,3,94.1,2026-09-27,89.42169117338466,91.39284020737094,91.61766386758552,89.32296008663779,91.38595247855119,89.44849380933144,90.71391067357227,89.20625873293196,89.13934512819563,86.99937577928816,86.28198214258467,87.21011634554182,87.26333709444319,86.59126611437117,86.4615220614842,88.36174865450178,87.33937926973616,89.24779124941145,89.59983392442976,88.05297036852156
S08,2026-09-30,3,134.5,2026-09-27,125.88195754584406,124.8289154516434,124.96681926929118,124.77856801589408,125.20283120313745,124.1615859050205,123.49386482085521,125.2749477795192,125.60257114682877,127.2546874455043,127.44799913678848,125.30381430898392,124.9396194389888,129.7015596798488,128.36487306867326,124.83917822156631,126.47506441388809,128.94509376798356,129.99732603345598,127.42816795621597
S09,2026-09-30,3,128.6,2026-09-27,117.55469061586714,115.39827949893332,115.73870911357899,115.9288452116649,115.85900944989567,117.32019939922347,116.65987690514528,120.8744327545166,120.95108146667481,120.53245706558228,120.35141439437866,119.09486408233643,119.09181232452393,120.52427644729615,119.77445907592774,118.33295125961304,117.52908010482788,120.26118822097779,119.42799730300904,116.66991539001465
S10,2026-09-30,3,106.1,2026-09-27,117.22985214656808,127.9692279237044,129.3483212074801,124.54863575654663,127.81638118348795,122.52166080099951,124.59713879323819,118.84799088069371,119.00414265223912,122.26453579493932,121.38445843287877,120.9248713357108,120.18291653224401,127.17535198756627,124.32220543452672,122.74546707698278,123.18119801112584,131.54693401881627,127.44736469813756,121.18415630885534
S11,2026-09-30,3,92.5,2026-09-27,84.85010728739536,86.9406690179189,87.67820378211489,85.505752575049,86.75264688289639,84.54991122139128,84.64171725977371,84.84541089194161,84.99243218558175,83.12525565283639,82.43112618582589,82.96915204184396,82.9099474634443,82.82868821280343,82.44118935721261,82.91926533835274,82.37088591711861,84.40823990958077,83.9114590372358,83.22720725195748
S12,2026-09-30,3,143.4,2026-09-27,130.0983433212428,137.2645727228571,138.68735777585476,135.8599087400377,136.03502197161984,134.2095644287004,135.58269569717973,131.0535700934274,130.92672568729947,132.5149443762643,131.66593104771206,132.36535674503872,132.7934964316232,135.48097831181119,134.6824386732919,137.7631705420358,136.27222806385586,139.3001111166818,138.0526860373361,133.72980052403042
S13,2026-09-30,3,123.1,2026-09-27,123.39266352285661,126.67600048838683,126.17381176923647,127.29816066022748,126.48333952739331,126.82297711303087,126.86055794758751,126.92816352844238,126.58854579925537,127.56021881103516,127.02681922912598,127.71567821502686,128.1141471862793,132.00518226623535,131.91990852355957,131.5032663345337,132.62922048568726,138.1299271583557,136.6955897808075,128.34636402130127
S14,2026-09-30,3,119.1,2026-09-27,95.05880718699,92.21133436249906,93.32305930066872,93.0869191573898,92.44308683956687,93.2444380200534,92.8722717714782,93.95416526794433,93.89964227676391,91.08796434402466,90.65655307769775,92.20600204467773,92.04820852279663,90.69070224761963,90.84579019546509,92.8896430015564,91.3499906539917,94.90240125656128,92.7729061126709,90.39382820129394
S15,2026-09-30,3,115.4,2026-09-27,97.47460459764673,104.06424162603106,105.99809604042655,99.71998572365544,102.95768417900383,99.46381067563034,101.56608413312291,96.416414805821,96.68862969534737,95.97265870230538,95.59835202353341,96.84409577505929,96.50390011923653,97.80573613303048,97.2045818056379,99.75524480002267,97.43363721030099,102.41722447531563,100.87669331686837,95.06309468405587
S01,2026-10-01,4,115.7,2026-09-27,107.24910658930494,104.70056433983439,103.57538469266377,104.00143296017362,102.94797625855796,102.72502673243895,102.78170649139962,104.93106297084263,105.20274475642613,104.43174007960728,104.58762005397251,105.56101826259068,104.85611275264195,105.67730120250157,105.12654045649937,106.73090723582676,105.31878403254917,106.22405747004917,103.5138829095023,105.87607315608433
S02,2026-10-01,4,138.0,2026-09-27,139.11170778381663,140.36625772797788,141.846320644676,138.6415764726126,139.3954824537107,137.3678703390059,138.18279585766234,137.98144792148045,137.87160252162388,137.85236142703465,137.85466788836888,138.90612505504063,138.39542506762913,137.91858385631016,137.11665879317692,140.0335621697562,138.1341106755393,140.59973333903721,136.84506712981633,137.2761936051505
S03,2026-10-01,4,138.7,2026-09-27,128.86869169664268,127.45907151021511,125.94899204229763,127.53736470667528,127.45882557049397,125.85372294227818,125.49720219024329,128.94008279361114,128.82913136996612,131.20781827487335,131.3255779794632,129.30499768771514,129.98191094912872,132.6873829416214,131.52324224032745,128.57759786166534,129.28586793460235,130.12306619204864,128.63823819674835,128.6480934671341
S04,2026-10-01,4,128.3,2026-09-27,119.82711629401017,115.00883994259776,113.1286806863805,115.49109724675056,114.96297542916514,116.34779383775872,115.55293328079782,120.7257074356079,121.03608360290526,119.76135005950927,120.25114288330077,119.31116762161254,120.18547573089599,117.97140445709228,118.71008052825927,116.91806163787841,117.55203380584716,115.25767579078673,115.20548429489135,118.71214141845702
S05,2026-10-01,4,101.3,2026-09-27,103.21227780151696,96.1796976585482,96.77917573836135,96.02709253346184,96.85647396652618,96.51854049590682,97.6434811576052,99.77441708700997,99.82573716299873,97.2290305341993,97.23261086600166,98.71601550238472,98.1898025717054,97.2383157457624,96.2179483618055,97.10053102629524,97.62029020445686,95.88165299551827,95.75662200110298,96.23462478773934
S06,2026-10-01,4,92.9,2026-09-27,98.7911451370579,95.93045445347005,95.97457023183519,95.79484784185978,95.18737414493584,95.32468802515592,96.08408528558833,93.78819227955432,93.86165810368152,91.12289834759326,91.374763257719,94.59552264950366,93.48920274517627,92.35562301418872,91.7880499436626,92.40234637997241,92.06599021694751,91.91576410076709,90.4582274033794,93.64723420879932
S07,2026-10-01,4,76.0,2026-09-27,93.23416130978998,90.49298664892672,91.47092017259871,89.38034429418181,91.12337463931813,89.7214199057676,90.94101869539415,90.80779119219099,90.53456159319197,89.28965326036726,89.09176917757307,89.16268869127546,89.20047898973738,87.98342557634626,87.78370423998152,89.79331107820784,89.25183292116438,89.11792560304914,88.00790830339704,90.58518262590681
S08,2026-10-01,4,129.4,2026-09-27,129.69442768224937,126.25630740295686,125.85004652560629,126.42790741264237,125.82118339902397,124.96376506173043,125.30158437970938,126.51940168653213,126.72251810346329,128.84832538877214,129.55934967313493,129.0587293079921,128.09202875409807,132.13242639814104,131.2515994480678,129.06553425107683,130.9713269642421,131.5109874180385,133.88333524976457,130.67457594190324
S09,2026-10-01,4,131.0326530612245,2026-09-27,121.36716075227247,114.54995960622355,115.74628278895447,115.86216399948879,115.6805206208122,116.6700944501395,116.84320435602181,121.80715103149414,121.85601825714112,120.76621742248535,120.97416610717774,119.68970031738282,119.94643278121949,118.39730854034424,117.9392749786377,117.95095367431641,117.83853549957276,116.15753431320191,117.3670413017273,118.34790058135987
S10,2026-10-01,4,121.7,2026-09-27,121.0423222829734,128.33417804024432,129.57937510713126,124.96378143090556,128.1772394754143,122.49159425572434,124.83394545902898,120.47678936549596,120.6354369027274,123.55084408351354,123.22889698573522,122.92178810664586,121.86634052821569,125.53098667689733,124.01369846888952,123.60740364619664,125.18201435634069,124.32035339900426,123.26232136317662,123.89334095546178
S11,2026-10-01,4,94.2,2026-09-27,88.66257742380068,86.10379949495086,86.71883691037722,85.95293726323143,86.09522716536499,84.80818093062211,84.56432610602276,85.86866862433297,86.03909499304635,84.73678595679146,84.6525855745588,84.39534718649728,84.68726069586617,83.61674077170235,83.08967454092843,83.64529282706124,83.39233786719186,83.49042613165719,81.77040297644479,85.33175236838204
S12,2026-10-01,4,134.2,2026-09-27,133.91081345764812,136.2360404626636,138.2696282741163,136.3698642382669,136.92895583249367,134.95296987492165,136.44661592585777,134.40517455509732,134.40824872425625,137.54682952335904,137.4496210234506,136.13274747303555,136.8828962462289,139.67710668018887,139.40057689121792,137.62680512837002,135.97610885075161,137.50867587498257,135.6722667830331,136.70181876591275
S13,2026-10-01,4,116.5,2026-09-27,127.20513365926193,127.97738467906785,129.5040924808259,128.9909444627998,128.10533108475073,127.68413541563233,127.67524262309198,130.0150318145752,129.8030490875244,130.99627017974854,131.2754364013672,129.96736812591553,130.72363567352295,134.15225267410278,133.72820711135864,133.87802076339722,133.13300800323486,135.88581466674805,136.23346281051636,131.3041524887085
S14,2026-10-01,4,104.8,2026-09-27,98.87127732339532,96.33066152798813,95.26431347442548,97.17705066600153,95.86242093286181,96.44009533744341,97.6347326348715,95.68119459152221,95.75220708847046,93.38395481109619,93.88202409744262,96.33466057777405,95.2760513305664,94.99980144500732,93.87797050476074,94.25655059814453,92.76864461898803,92.39951114654541,90.35214548110962,95.08404855728149
S15,2026-10-01,4,102.3,2026-09-27,101.28707473405206,99.43403357076721,98.94965913759563,97.80098976003231,100.62139902531628,98.69160924636273,101.10226657904884,97.22166115897042,97.36396557944161,96.17098385947091,96.08098656790597,96.96567780630929,96.93331677573067,96.56652886526925,96.23432786124093,97.88031155722481,97.67637307303292,96.20923287527901,96.34991318838937,96.26856190817696
S01,2026-10-02,5,124.0,2026-09-27,112.55734960614407,109.83239994050787,110.39658371997423,108.41858235018726,107.89028653583647,104.82333767137634,103.60778805096304,108.0637719971793,108.02955559321812,107.46098974772862,107.43327787944249,111.1285879952567,111.78982940741948,111.25433376857212,112.82546893187931,118.72467640468052,114.20354214736393,119.29709414073399,113.41241527029446,112.65574995109013
S02,2026-10-02,5,156.3,2026-09-27,144.41995080065576,140.21232927717426,137.50857444360008,144.0406479945386,144.67180383691428,145.145493843475,147.85337651770925,146.65512322017125,146.40059994288853,148.67292164393834,148.58890007564,148.98943470546178,148.6009096963065,148.41339348384312,148.62782524653844,139.76834963389805,147.8886589867728,138.08634136744908,145.28787849971226,144.6058907372611
S03,2026-10-02,5,102.7,2026-09-27,134.1769347134818,148.3868209276977,157.33894346378244,144.71994533207106,152.42226095253247,140.2028671871331,143.3943374473827,136.60197091616973,136.30427003421173,139.37835717715606,139.10372567691192,139.17748857058868,139.0781710199295,141.8318502954422,141.66254830874786,150.0047247461258,145.8565371087967,151.78897309817657,145.83910775699005,134.6298830560623
S04,2026-10-02,5,136.9,2026-09-27,125.1353593108493,132.761897230062,131.74661099755417,134.56426592105493,135.3751797008127,134.5627294904152,137.7239609678959,129.37127723693845,129.53961029052732,129.73306312561033,129.90817108154295,130.21446838378904,130.32376327514646,130.541149520874,131.2607883453369,131.93936195373533,131.61594619750974,132.70832672119138,131.0401557922363,127.1381019592285
S05,2026-10-02,5,107.2,2026-09-27,108.52052081835609,108.6647577322922,111.53223274575262,108.00760708410749,111.63284028237476,107.61654159193816,109.93232447821421,105.33168427603584,104.97034661429268,103.47704617636543,103.53140179770332,104.53896538870674,104.1361772264753,106.03005902426582,103.81048028128487,107.55587975638252,105.66161553519112,110.38523308890205,108.14256779806954,101.16268508093697
S06,2026-10-02,5,96.8,2026-09-27,104.09938815389702,94.60905431133695,95.2081122446983,99.84652363664894,98.74440296060455,98.85671547926854,100.950244672622,98.21942878506275,97.93666721127124,94.99435520908924,95.01983905575366,97.94933665535541,97.2165277971992,95.20288050911518,95.12541366360279,94.94846785805316,97.16741783163639,94.00976920864673,95.65602494022937,97.41795361778827
S07,2026-10-02,5,90.5,2026-09-27,98.54240432662911,90.92588036774757,91.59053151333966,90.60059423795325,90.6597922120738,91.38077663467988,89.69846475966207,95.22721715654646,94.83995385851179,93.22394223894392,92.90188737596785,92.46014543260847,92.769648034232,91.76995416368757,92.54931874956404,90.30561633791243,91.10126920427595,89.65361877168928,91.78827520098005,93.81653257097517
S08,2026-10-02,5,139.0,2026-09-27,135.0026706990885,139.84582904866176,139.7438331583495,138.48637949652124,140.33460955065146,134.2515663791225,137.55791748343154,135.5193578175136,135.58044828687395,138.64989389692033,139.21520151410783,139.90157617841447,138.47932733808244,142.48154367719377,142.57512583051408,146.19111551557268,144.26543916974748,148.81996645246232,147.97549547467912,138.9422389439174
S09,2026-10-02,5,118.1,2026-09-27,126.6754037691116,133.32376689332563,133.86358719881423,135.8487091740106,138.35633906016884,137.1993052326123,140.40371496743631,130.45272560119628,130.35954780578612,131.91381950378417,132.1423713684082,131.5272705078125,131.83800811767577,133.15790290832518,133.29718513488768,135.07669372558593,136.46661491394042,137.6772834777832,138.64661331176757,126.7617790222168
S10,2026-10-02,5,115.7,2026-09-27,126.35056529981253,130.32315892353952,132.32567007285428,132.58566124116217,134.03266553611346,131.84878237911187,133.9185063992139,128.0321062905448,128.11057270595006,132.7136839730399,132.3676146371024,131.57483280726842,130.8529833657401,135.7021979195731,135.43209446498327,131.43499554225377,134.11167133876256,134.02428997584752,136.15204800197057,129.99256695338659
S11,2026-10-02,5,115.9,2026-09-27,93.97082044063981,88.75717719477092,90.27378229740211,86.89265350959222,88.09704648878467,87.48676041852292,85.61896019466809,90.82936436789376,90.55745560782296,89.21235043661935,88.81395489828927,88.19985062735421,88.35092408316476,87.58564622061593,87.68807751791817,86.15972573416573,85.96088750021798,85.69855267660958,85.38979870932442,88.61223942892892
S12,2026-10-02,5,140.1,2026-09-27,139.21905647448725,137.72560405555743,138.81746285141622,137.9976150265285,137.94693853501835,136.25578882359457,136.9408039407134,136.44418746403286,137.16876632145474,138.92532354763577,140.04447704723904,139.37194234303067,140.7690368311746,140.86222809723446,142.61238569191525,138.08298689297268,140.8603736775262,138.16685277393887,141.15601581505368,142.28673073819706
S13,2026-10-02,5,143.4,2026-09-27,132.51337667610105,127.10794336511616,127.27647668754396,129.10616478494873,127.50278832591933,128.37656660866074,127.66533641866968,131.8350591659546,132.3414182662964,133.78730964660645,134.45344257354736,133.14735317230225,134.3335475921631,135.0397458076477,137.0682454109192,129.32919788360596,135.2362561225891,128.6367425918579,136.69062185287476,134.5859580039978
S14,2026-10-02,5,95.0,2026-09-27,104.17952034023443,97.7541199557017,98.40605698773012,101.141191960716,100.90579145871004,100.15708213903864,102.47581088388561,100.11243181228637,99.82721643447876,97.33006219863891,97.44174896478653,98.72731222510338,99.0033753991127,96.7218487739563,97.34845374822616,97.838554251194,99.16249488592148,96.21927790641784,97.26702373027801,98.43699461519718
S15,2026-10-02,5,109.1,2026-09-27,106.59531775089118,101.62278318258387,100.8175226621146,102.54133010919765,102.8151755644377,102.58160811975323,102.04785343841564,103.02461678641183,102.97754151480538,102.66468960898263,102.74488408224923,102.34098870413644,102.62154061453683,103.28797013419015,103.7772947038923,102.63748795645577,102.24286038534981,102.63956696646554,103.20732934134347,102.63619286673409
S01,2026-10-03,6,92.5,2026-09-27,108.4339908539219,105.8876194360526,105.72946069169788,103.60907944745561,104.14366206560595,102.55575602443419,102.58457656767274,103.71741798945835,103.85646751948765,102.2462351662772,102.76549557277134,103.682694707598,102.87216118403843,102.47510174342564,101.84035042354039,105.55912617274693,104.30283287593296,104.46795681544712,101.89501885005406,104.608644757952
S02,2026-10-03,6,137.8,2026-09-27,140.29659204843358,141.518253752879,142.1391002853456,138.83299103848364,140.1200272218503,137.29995405756713,137.58804905721738,138.51905892917088,138.43507526942662,139.23581718036107,139.63334415980748,138.2788541180747,138.26885031291417,138.19631599017552,137.55492018290929,139.2548656327384,138.27472804614476,140.02160547801427,137.03764258452824,137.97384069987706
S03,2026-10-03,6,142.0,2026-09-27,130.05357596125964,125.04789302269145,124.70249773375934,125.07373143729274,126.17352915415522,124.58916476019724,124.82252469752902,128.78476834811553,128.6541445306717,130.44733262576446,130.44270635165557,129.21593499698028,129.01646256961212,130.3738548807083,129.95022035159454,128.1152679971634,128.08648705996856,126.49329209842071,125.6021549753128,127.65081239261016
S04,2026-10-03,6,99.1,2026-09-27,121.01200055862714,114.67275391109234,113.41408020796187,115.18123779654285,114.52303245967518,115.93801354740974,115.4642825764981,121.45723094940185,121.79529418945312,120.72947254180907,121.29345169067382,120.03879394531249,119.75158157348632,117.97235145568847,118.00468196868896,116.86145868301391,117.05054988861083,115.16953363418578,114.38568439483642,118.67211809158324
S05,2026-10-03,6,72.8,2026-09-27,104.39716206613392,96.13595868373476,95.78252201626232,96.07517985817645,96.99894264531748,97.039871567625,97.70180951612517,101.40490023749214,101.26705996649605,100.4163696016584,100.57864682333809,100.4761897768293,99.96672360556465,99.64074580328804,98.80925480978829,98.5992514337812,99.23028056280953,99.04789130347115,98.40467993872505,98.94643895285469
S06,2026-10-03,6,101.6,2026-09-27,99.97602940167486,95.71209366817143,97.11342754487266,94.62721186422523,94.63876277496084,94.09785786328518,94.19769868413962,94.64010549328418,94.37057138226123,92.35578895351978,92.28418327114673,92.38340497753711,92.51829362652393,90.2526528908977,90.64768434307666,92.00746179363819,92.35016418240161,90.65101552746387,90.92095733425708,92.73615909359546
S07,2026-10-03,6,102.6,2026-09-27,94.41904557440695,92.5288322718391,91.66845428147157,90.63323216972015,92.29396414120488,90.45571071104685,91.5430253932258,91.73823972429548,91.36008878435408,90.60107084001814,90.26846929277693,90.05541558946882,90.19960351671492,89.89874215807234,89.62876315798079,90.86071153368269,90.07656951631819,90.4002050944737,90.39824434007917,90.9776672908238
S08,2026-10-03,6,152.51818181818183,2026-09-27,130.87931194686635,127.54197294480193,128.74756257852093,126.69148773374035,127.57121493809781,124.53914877238003,124.9062292417157,126.83092703138077,127.06410421643936,128.82981838498796,129.76239837918962,127.08351482663834,126.62552179609024,128.65575613294328,129.30563797269548,126.92397608075821,128.7952901295253,128.21831239972795,130.93702616010393,129.17530597959245
S09,2026-10-03,6,118.3,2026-09-27,122.55204501688944,115.81950705511832,116.16830349591473,116.06124428674141,116.10841898209324,116.6296846300362,117.01298614237847,122.60701484680176,122.7630989074707,123.03030891418457,123.6695749282837,121.5104944229126,121.45804424285889,120.7051794052124,120.71494026184082,118.66550130844116,119.28571195602417,116.76443881988526,118.16821260452271,118.76351280212403
S10,2026-10-03,6,143.1,2026-09-27,122.22720654759037,125.68834220321187,128.08626662808066,122.92013690935798,127.66238048186818,121.55495574248427,124.69675747973766,120.49807728358678,120.6343611580985,124.62813747950963,124.42290772029332,122.82258499690465,121.95880783626012,125.41303814479284,125.17918766566686,122.14742744990758,124.09813297816686,122.31710423060827,123.14075363704137,123.59138001033239
S11,2026-10-03,6,87.8,2026-09-27,89.84746168841765,87.07145642903296,87.76589793435231,86.58679383280979,86.90548406375596,85.35060115287193,84.79563239302927,87.26660973685128,87.10332257407052,86.59916455405099,86.11731917517525,85.39612872259957,85.46821171896798,85.57589394705636,85.31090838568551,84.53844887869698,84.76748044150216,84.61152751105172,83.96191222327096,86.46179921286446
S12,2026-10-03,6,136.2,2026-09-27,135.09569772226507,138.44083279626054,140.68620799095905,136.89107643049346,136.85301457772712,134.67818523263017,136.08121025244193,132.70334273747036,132.57426291874478,134.08829337528775,134.3842757361276,135.64052087238858,135.2734015601022,138.07082945278714,136.78950435093472,140.11782831123898,139.7864766733987,142.00513333997557,140.7088205235345,137.95070105961392
S13,2026-10-03,6,136.9,2026-09-27,128.3900179238789,127.08115643229449,128.83184412600548,128.5222082705544,127.5389777593175,127.20123227739572,127.19624282689024,128.57793617248535,128.23608303070068,129.43400192260742,129.56167697906494,130.10677242279053,130.04350471496582,133.07884311676025,132.8524775505066,133.52399682998657,134.37920999526978,135.90246534347534,136.90674376487732,131.85865879058838
S14,2026-10-03,6,88.0,2026-09-27,100.05616158801227,95.13568969918474,97.01717070817097,95.20403120015254,95.38035928896332,95.24977051083769,95.55200301904452,96.53310887813568,96.26112036705017,94.70030884742737,94.63314681053161,94.03076725006103,94.13688879013061,92.48441343307495,92.91570930480957,93.84323244094848,93.79367475509643,92.46775369644165,91.95926647186279,94.38451628684997
S15,2026-10-03,6,82.5,2026-09-27,102.47195899866901,100.37401751689794,100.55091634537983,98.43729606708243,101.07263748786396,99.39202341874383,101.36430270167679,98.82187325613839,98.78430230276925,99.32805211203438,99.44111687796456,98.86159951346261,98.70747525351388,99.53478867667062,99.31888920920235,99.14453560965401,98.79186017172677,97.72451645987374,97.87655884878976,98.22324998038155
S01,2026-10-04,7,93.2,2026-09-27,103.16000645381918,102.35533698175962,102.1489845733478,101.67276235222803,102.15250520183972,101.49631172096862,101.36820220118223,101.89211586543492,101.97240284511021,98.24673870631626,98.30477455684117,100.318681035723,100.53302219935826,97.88395432063511,98.17638805934361,101.60349682399205,99.10711983272007,100.58204964229039,96.12274769374302,99.66188553401402
S02,2026-10-04,7,131.9,2026-09-27,135.02260764833088,140.52301402856625,141.20441937488215,137.07380124894203,137.47534930315115,135.95883045584407,134.75735625967022,137.3330919606345,137.18754361697606,135.7418520612376,135.6894446177142,135.81857977935246,136.46689675876073,134.23232947417668,133.77031682559422,136.12391691037587,134.409974024977,135.52278702088765,130.7286681992667,131.41704534121922
S03,2026-10-04,7,110.6,2026-09-27,124.7795915611569,124.22004261200011,123.97514144252375,122.92872080688281,122.6553993028368,122.55675547854953,122.14540422210779,127.23310971774444,127.03123498477325,125.84929347552642,125.51966071643218,126.54894662417755,126.7766802362381,124.75592303790435,124.51976562060699,124.50358272113189,125.49064326800689,121.61520100154266,120.94722581424102,122.84322858371124
S04,2026-10-04,7,98.6,2026-09-27,115.7380161585244,116.59045189137377,116.69351038521467,115.22605475410569,115.08422078759176,115.21082587958072,114.38152143441157,120.0884536743164,120.35410442352294,117.27081813812255,117.4594549179077,118.33235778808593,118.65581789016723,115.24034299850463,114.92542233467101,116.23277940750121,117.00329580307006,116.15077486038207,114.1468500137329,115.39273967742919
S05,2026-10-04,7,126.8,2026-09-27,99.1231776660312,95.21724005661429,94.04671774606922,94.92011198952152,94.06119712719297,96.26765471224985,96.18131381085374,98.906720324925,98.92276494162422,95.44795124190193,95.45686010973793,97.61045591490608,97.84048168318611,94.0491628642593,93.84268902199608,93.73773466008049,96.92033593314034,93.83860690849167,95.37629656451088,91.8580793585096
S06,2026-10-04,7,84.0,2026-09-27,94.70204500157213,92.69175843640639,93.6819923207139,91.88166689363977,92.9461605519528,92.48054015424935,92.21300247681576,92.40219331524463,92.28591466686817,87.63614106915088,87.50762582562061,89.05386234066577,89.7332608773479,84.52745176098438,85.19706273815723,88.35659433147998,88.71135640881153,86.97152543804737,86.53369355938526,86.01710820934863
S07,2026-10-04,7,71.6,2026-09-27,89.14506117430422,86.77531820890744,85.0371870741035,86.58758432484214,86.12062229161553,87.64615683653727,88.19226553553911,89.51370282854353,89.27695222582136,86.06128283228193,85.51121206964766,87.35901113237654,87.67388053621565,84.32172771181379,84.58056827272688,86.71746345247541,86.38617988313948,84.82574554170881,84.41055126871382,85.46084280695234
S08,2026-10-04,7,137.8,2026-09-27,125.60532754676362,123.12792782504765,124.32457859759239,123.81081733683739,123.77493366554077,122.78092741940888,122.1652178696037,125.46215214048111,125.62291135106766,125.00015057836258,125.40790094648086,124.1979476383754,124.39724721227371,124.08385671888077,124.97787226949417,121.85066028152191,123.62901164804184,121.15969772849762,123.30664624486649,123.89988316808426
S09,2026-10-04,7,125.22244897959185,2026-09-27,117.2780606167867,112.1803059471951,112.41605117503933,114.40940225117919,114.02433237860117,115.42601504127497,114.72076315673166,121.23823757171631,121.32190914154053,119.53139514923096,119.74896593093872,120.02399654388428,120.57390995025635,118.0334550857544,118.10264701843262,118.19821472167969,119.35420770645142,117.16616697311402,117.39471120834351,115.22379035949707
S10,2026-10-04,7,98.5,2026-09-27,116.95322214748764,124.18133364059545,127.08046064577384,121.21185199721326,124.44619031453767,120.49210658955307,121.97275542150257,118.94641865321569,119.01145161220006,121.21771515437536,120.63724220820836,120.76135719844274,120.38482464381627,122.31231583186559,121.75272930690221,120.9353283745902,123.56375301906041,121.08110226222448,122.5503538949149,118.94719971248082
S11,2026-10-04,7,89.9,2026-09-27,84.57347728831492,85.0854528789013,84.84117155541563,83.2642614527572,83.4369157801202,83.30487498461802,83.08812169982545,85.22495562689645,86.1948161806379,82.1587963785444,83.8554983820234,84.33203370230538,83.90033299582345,83.45742947714669,83.5489912714277,84.31138951437813,83.29422385351998,86.83244092123849,87.31581456320626,82.72041756766183
S12,2026-10-04,7,123.3,2026-09-27,129.82171332216234,135.1074353093883,134.3681639475332,135.13269596812387,135.18313974128205,133.97158413597555,135.30224041300227,131.66540748051236,131.47456294468472,130.58946067265103,130.56133872440884,132.9726431982858,133.02302009037564,135.536418737684,133.61162787846158,135.4021161215646,134.40015870503018,136.14175683430264,135.23250991276333,133.0054276602609
S13,2026-10-04,7,130.6,2026-09-27,123.11603352377617,125.76630157852206,125.70629859135205,127.55439368067415,126.66333527443527,126.9796039145811,126.86591101474572,126.90066623687744,126.49984550476074,125.12935256958008,124.65536785125732,126.05507469177246,126.62814140319824,127.1357774734497,127.40087795257568,128.12539386749268,128.36420345306396,127.55402088165283,128.24020767211914,125.54913711547852
S14,2026-10-04,7,91.0,2026-09-27,94.78217718790955,92.05038086398224,92.01256027144592,92.21998117731286,92.89592562988221,93.55766490315642,93.2922371522186,94.29519491195678,94.17646389007568,89.89719371795654,89.8565938949585,90.79300003051758,91.51909952163696,87.37988262176513,87.81976299285888,90.11228065490722,89.8545768737793,87.90317993164062,87.10901908874511,87.82272033691406
S15,2026-10-04,7,86.1,2026-09-27,97.19797459856628,94.40694557611342,93.88320420803738,94.96417707764579,95.26344809220227,96.97275241614379,98.04084228255469,96.78021962302071,96.8828855242048,95.12405259268624,94.96810300009591,96.69447857992989,96.987685748509,95.00621325629098,94.75307900565011,95.51013810294015,96.91928441183907,93.62413317816598,94.24927193777901,91.97886998312813
S01,2026-10-05,8,109.3,2026-09-27,97.90669745645009,93.88852422815984,94.08874347474321,97.28327526968403,96.38124284559052,99.20318869498627,99.3662940125995,97.68502930232457,97.82050446101597,94.46569660731724,94.3214190346854,96.15447262355259,95.84788921901158,93.21891048976353,93.60800579616001,91.28730228969029,92.82701328822544,87.94733265468052,89.58660534449986,93.94563129970005
S02,2026-10-05,8,122.1,2026-09-27,129.7692986509618,126.58003497806985,124.68445453978052,129.7947268568329,126.06174410935438,130.98928954590147,129.2939937306551,129.2860526902335,129.34273861476353,128.60588358470372,128.22919128962926,129.0049452645438,128.8550419671195,127.31767986842564,127.24853657313756,129.2862467629569,128.8901023728507,128.02248428889683,125.46388195582799,125.89610527583531
S03,2026-10-05,8,103.1,2026-09-27,119.52628256378782,114.84245963564067,113.41613332940557,115.39607506652413,113.55967356562638,116.08449397294847,113.52283964128905,119.17966187514648,119.30093467749938,118.95618820704803,118.41067696132049,118.59533978022918,118.97581315554962,118.63638121404037,118.93567562617645,121.13102031268463,117.15334332503662,118.99524593867645,113.86339211978301,116.3699852279602
S04,2026-10-05,8,99.8,2026-09-27,110.48470716115531,110.44394161478854,111.44713274486215,111.64263477219735,116.04628314306561,112.0465999975526,114.90842354087981,112.94606842994689,113.28634371757506,110.8701405763626,110.73913433551787,112.37859281301498,111.95723500624298,109.38533487319945,109.4965015888214,115.53707590103149,114.64754166603088,114.86075534820556,112.5432105898857,108.44439449310302
S05,2026-10-05,8,76.5,2026-09-27,93.86986866866211,89.83259177087763,92.25381929595414,91.21802789702507,91.28285075025914,92.30851273898736,92.25263163456188,92.81243066447121,92.88029710905892,90.2393938745771,90.29520671027046,92.66859488146645,92.79117695944649,90.55174414770943,90.45688883917671,89.87122552054268,91.75882117407662,88.62617127554756,90.81658785002571,86.68795077460152
S06,2026-10-05,8,69.4,2026-09-27,89.44873600420304,85.54644994276619,83.61433276354155,86.6239151550324,85.75851623289684,89.35200556106126,88.64806233201402,87.12804723522754,87.06403184673877,83.23722005627246,83.28218293926807,84.543792970396,84.47282911083789,81.13008428356738,81.09383703014942,81.55324102184863,83.9344065263042,78.43490243694873,81.33909345409961,81.34949136517139
S07,2026-10-05,8,88.5,2026-09-27,83.89175217693513,82.7921465377153,85.34356837174096,81.79953038385122,83.17224524036332,82.53568597987301,82.89421881400175,82.24609496082579,82.18389174725328,79.50242610658918,79.24703021730696,81.09893592085157,81.40642990555082,78.94922085489546,79.21914191927229,80.47802408422743,80.53724892820631,79.78147478784834,80.9400503226689,79.66117759432112
S08,2026-10-05,8,97.5,2026-09-27,120.35201854939453,113.78131871652408,112.70097497388615,115.73837416336688,112.88291142151184,117.65319883997884,116.3106316747853,117.5546108654567,117.93455876622879,118.0461880138942,118.20662774358475,117.43591894422256,116.76332916532242,117.74921001706802,118.63371505056107,114.96727623258316,117.45393528257095,115.33277859006607,118.7716597488948,118.36748923574173
S09,2026-10-05,8,109.3,2026-09-27,112.02475161941761,107.7152768731094,109.40083197834048,109.768199408321,110.53504304004932,110.79916193131372,112.36714682747422,113.98240656852722,114.14422209262848,112.84862228929997,112.63501297384501,113.16896716952324,113.19454018473625,111.33760673999787,111.60025138854981,111.00990076065064,112.0187552690506,109.92906374931336,110.92544395923615,108.19751996994019
S10,2026-10-05,8,137.0,2026-09-27,111.69991315011855,110.63234139652357,109.66855027945444,109.990178996749,108.99630463337016,108.87857542752799,106.6103649343872,111.09733463355474,111.48192323275975,113.71837462016515,113.22510326930455,112.9200204713004,112.53669203349523,114.79960287639074,114.88838566371373,111.66503776141576,114.92952812739782,111.79928005763463,114.30202711650304,112.30597842761449
S11,2026-10-05,8,82.3,2026-09-27,79.32016829094583,77.26191194716216,76.05135938628375,77.82274454121597,76.69918887273451,78.69399322611739,78.51096410330595,78.06051808702094,78.10884598003966,75.70310885565621,75.36655099051339,76.69471902506692,77.26512450831277,74.90710193770272,75.27160579817635,75.29586321966988,76.2147535766874,72.72809655325753,73.99079520361764,74.54824549811227
S12,2026-10-05,8,126.4,2026-09-27,124.56840432479326,127.90548578867498,126.66165772553249,130.62427463186262,129.95840844171116,131.29497515505415,131.93544809340892,125.8933327811105,125.90811664036343,125.77097827366421,125.34678012302945,127.85434848240445,127.36388522556851,130.05102092197964,128.2201264517648,128.68526774815152,131.5506165640695,128.43738490513394,131.08744460514615,127.60762530735562
S13,2026-10-05,8,135.5,2026-09-27,117.86272452640708,119.57379590926885,117.81545007799619,123.81777440610416,122.75446883697808,125.3927160255563,125.29940682687274,122.48789596557617,122.43083572387695,121.83665657043457,121.63757133483887,122.9871997833252,122.6961612701416,124.09151268005371,124.906907081604,122.06661033630371,124.61290168762207,122.3742504119873,125.19371891021729,122.11846923828125
S14,2026-10-05,8,113.4,2026-09-27,89.52886819054046,85.96601097587074,86.46067378647162,87.4820998074742,86.38068225599824,90.15791559049043,90.00317087786668,89.02104930877685,88.95458011627197,85.57896308898925,85.63114719390869,86.27778606414795,86.35660915374756,83.7205436706543,83.63948421478271,83.61868648529052,86.02537040710449,80.66589622497558,83.78315525054931,83.03512554168701
S15,2026-10-05,8,96.5,2026-09-27,91.94466560119719,93.90829401705369,91.81526972502077,92.4982136470599,90.66632606847763,92.08216905582005,91.17802393351667,89.82965380804879,90.00369650976998,88.83972174780709,88.81526453154427,91.17439705984933,91.29760224478585,90.38121468680245,90.32966215269906,90.92505437987191,90.81553442137582,89.38364107268197,89.63517505781991,86.55670280115945
S01,2026-10-06,9,97.9,2026-09-27,98.11675437392722,100.71747074326325,100.37943732919459,101.72809514832272,102.07196869500473,101.8958040769028,101.93743136570035,100.50955036708287,100.54006603785923,98.13398197719029,97.95329311915806,102.93414333888462,102.44448116847447,101.64035538264683,101.69728878566197,101.60158375331334,101.42185429164341,101.69987324305943,100.41069820949009,98.11497524806431
S02,2026-10-06,9,137.1,2026-09-27,129.9793555684389,149.58075472237437,151.2299662997792,143.7775307544555,145.404539959998,138.56176500548963,140.12450039977898,137.09510801860264,137.83215497561864,140.20206307002476,139.57665394374303,138.41660808154515,138.85342811175755,143.98005245753697,140.82946346827916,144.39586399623326,143.68080566951207,151.0535292489188,144.92000053950719,135.78959123917988
S03,2026-10-06,9,116.9,2026-09-27,119.73633948126495,126.37064728282058,128.56340783530877,124.62527647312854,124.65860596781089,123.02458989338588,123.04280704081354,120.38562059916839,120.77364969767913,121.21472740687713,121.00409317530975,122.14824605502471,123.64135718860015,124.01795459308013,125.30295396365509,124.05094838656768,124.89326549090728,124.19372392215118,124.55898738421783,123.50962949313507
S04,2026-10-06,9,111.9,2026-09-27,110.69476407863245,111.57026882696513,111.63272221903411,113.72470194777354,112.34015152947849,114.0877683903788,113.35835366267953,112.71384295225143,113.09147241115569,111.09814711809157,111.2330401778221,112.00795516520738,112.48260464668273,110.39884271621703,110.70356347560882,109.30952730178832,110.01784744262694,109.61891903877257,108.28267683982848,111.64358174204826
S05,2026-10-06,9,97.6,2026-09-27,94.07992558613924,87.63605933771309,85.88337583313877,89.41861554556277,87.69466535143471,90.34748892003152,89.36516639125776,93.00395171301705,92.95559422629219,90.39059846060616,90.16387669699532,91.97725097792488,91.18021337645393,90.07714907782417,89.19913594382149,89.75564114706856,90.86767260687691,90.2979466165815,90.28525559561592,89.06267850058418
S06,2026-10-06,9,100.8,2026-09-27,89.65879292168017,84.31954711863729,84.08094869737013,88.09750437704153,86.35917982404777,90.44633709815422,89.09968160865397,90.30056882641406,90.12115216991992,86.33819509289356,85.98532605908008,89.14502025387378,88.97379709026904,85.58186651012988,85.44537378094287,86.24062562725635,87.1441233231792,84.46461892864795,84.9704868867168,86.08226896069141
S07,2026-10-06,9,84.6,2026-09-27,84.10180909441226,72.55407689513817,74.19937757370103,75.82207100623177,75.52150899601692,79.17538142474196,79.21960037014283,81.94137035693441,81.80260689939772,78.96403070177351,78.45995422090803,79.42223473276411,79.54022832598005,76.98296495165144,76.52158160890852,77.51456065859114,76.4276208468846,76.26643653597151,76.41944070543562,80.36421700205122
S08,2026-10-06,9,116.8,2026-09-27,120.56207546687166,126.66792348578016,128.3119144273329,127.33509989878421,128.1731425428813,125.28066159037424,126.67938079093058,123.33122743879044,124.88384904180252,126.11886324201309,126.61290420804703,124.92563761983597,126.2656680515834,128.15413345609392,130.5240842274257,125.57880319867813,130.7608891895839,129.71124519620622,135.4164811543056,127.75051225934708
S09,2026-10-06,9,135.9,2026-09-27,112.23480853689475,109.64396341562774,109.36389263546396,112.50974165978424,112.44683841252773,113.51386030283449,113.22211694318914,113.86362845897675,114.05928094387055,113.30109752416611,113.50705791711808,113.45036430358887,114.16884155273438,114.19823212623596,114.42576582431793,112.06949270963669,113.2093002319336,113.42428143024445,113.37990827560425,112.11103202104569
S10,2026-10-06,9,122.1,2026-09-27,111.90997006759568,112.84026021612982,113.30611332556555,113.68351929199112,112.1444995438442,114.05823287781918,113.55583060838785,111.54648674556188,111.60779512950353,114.5426315171378,113.89467371531896,113.67177046367101,113.9387611252921,116.34499777385167,116.58662832805089,113.72854364940099,115.9743441445487,116.23043240138463,116.31339634486608,116.71885956355504
S11,2026-10-06,9,64.8,2026-09-27,79.53022520842296,76.2912895441377,81.00708061321612,77.77465469877973,80.05368537944993,77.9252267064602,79.09773585900709,77.28197474139077,77.35424704211098,74.690895148686,74.20616061346871,75.2731111730848,75.21157581465584,72.85558468954903,72.60042101996285,74.0735331262861,74.82604367392403,72.50650794165475,73.16289431708199,74.5571847643171
S12,2026-10-06,9,112.0,2026-09-27,124.7784612422704,139.15610390270865,139.6439605568244,136.32676834588787,135.8431430159571,134.4230704356176,135.60122421658892,133.83252841404507,132.81093436649869,139.53859788349698,137.3206542151315,140.75938910416195,137.05910235813687,151.12333232334683,143.53285199574063,148.28762275150845,142.70039075783322,158.92813235691617,149.60839969090054,136.4984729903085
S13,2026-10-06,9,117.5,2026-09-27,118.0727814438842,126.10768483392732,126.57794386456864,127.47872903713666,126.3187105759184,126.7774930506072,126.72544752838927,127.57818794250488,127.55614566802979,130.3545093536377,128.90906620025635,131.28936386108398,131.00080680847168,138.7844114303589,135.88859796524048,135.88025903701782,132.51512813568115,143.3403878211975,136.21561670303345,128.50378131866455
S14,2026-10-06,9,95.7,2026-09-27,89.73892510801758,85.24444569727765,85.58116632295676,89.4641006949782,88.23660257079402,91.73748876040537,90.76834304531191,92.19357089996338,92.01170091629028,88.67994194030761,88.33429412841797,90.99846677780151,90.98807315826416,88.59516696929931,88.37233905792236,88.39171867370605,88.97605209350586,86.84425525665283,86.63275127410888,87.36603717803955
S15,2026-10-06,9,103.7,2026-09-27,92.15472251867432,86.95931067669326,89.0342596882578,87.1103521363225,86.8228717523132,86.66007011649039,86.62962016383393,88.63244492667062,88.83043212550027,87.29845450179917,87.32719773905617,88.06239742892129,87.86000760751111,87.00673062460763,86.40531117575509,87.6784414026354,87.82458048420293,85.61934620993478,85.91820008414132,87.86265751080853
S01,2026-10-07,10,140.4,2026-09-27,106.72260377318493,104.3227008553207,103.84848923439843,102.94938301530212,103.37675148400986,102.04937313800284,102.10195255125524,103.11834934779576,103.28701904841832,102.18407944270542,101.7760432107108,103.54082325526646,103.20718220302037,103.94550350734166,104.61087540217808,105.2822687966483,103.30770710536412,107.09004238673619,105.54731110164097,105.09254673549107
S02,2026-10-07,10,137.9,2026-09-27,138.58520496769663,141.87858966767487,143.18545316962877,138.59462936827074,139.79352951005458,137.35484851384288,137.5691636680632,137.82200668879918,137.77043365069798,139.54345320292882,139.05467747279576,137.77833698817662,137.7185010773795,140.05273245402745,138.61912082263402,140.8392081124442,139.6034755570548,141.51359032222203,139.83548496791295,136.92439209052495
S03,2026-10-07,10,135.2,2026-09-27,128.34218888052266,128.46032759402522,127.72874652304058,126.81621438520833,127.77866737421931,125.75470306299607,125.43233924570929,127.49073815860137,127.40018487490997,129.45140100039825,128.64673638858184,128.08160520114288,127.98371911563262,133.58346295871124,130.80489755191192,129.22330403842315,128.16536164798126,139.95676255740509,132.2485992959915,128.41240907229766
S04,2026-10-07,10,77.1,2026-09-27,119.30061347789015,117.56121535124542,116.41218516986595,117.2827227849956,115.96569543941648,117.2725097141351,116.25728298972302,120.55044593811034,120.92382564544677,120.32991542816161,120.09396877288818,120.1427282333374,119.81509628295898,120.76289596557616,120.05974712371825,120.2373327255249,119.32239761352538,123.1097053527832,122.08854522705077,120.2760414123535
S05,2026-10-07,10,100.0,2026-09-27,102.68577498539695,99.56348893774862,101.03664445162664,98.30712392444613,100.48540877370016,97.53246198906432,98.68217803812884,100.13295380728584,100.23738209860664,99.3737956728254,98.95985381262642,100.07472817557198,99.66534440176827,101.60901848929268,100.21197526114327,101.74911753790718,100.43990676062447,108.44040219443184,105.1247960771833,98.43395535605293
S06,2026-10-07,10,84.2,2026-09-27,98.26464232093788,95.25159890345688,96.56752487624235,94.1464860682958,95.15190975082162,93.41559651478114,94.04126104823638,93.36815977833362,93.34089422962757,91.25999284527393,90.71926284573169,92.11379647991748,91.9159123971233,90.93514323971363,90.94928670666309,93.07135535023303,92.12767530224414,96.27195704720111,93.85432124874683,92.62155557415576
S07,2026-10-07,10,83.0,2026-09-27,92.70765849366997,92.52397221276908,91.64534314450849,90.23018347124196,91.9223711826386,89.94612331185427,91.22036848935527,89.975693661826,89.84667535509382,88.8525509425572,88.01820989336287,88.53440089906965,88.70935626711164,88.48516889299665,88.64733548845564,89.94115825380598,89.18233867372786,92.11926599230085,93.3419537135533,91.0402426310948
S08,2026-10-07,10,130.6,2026-09-27,129.16792486612937,125.81045202092946,127.20612185784562,125.60430225886068,126.49692804167078,124.54315899930164,124.75653390559891,125.82616056714737,126.09744467054092,128.66761316571916,128.50633205686296,126.29788603101456,125.90954841886246,131.5798579624721,130.47795690808977,127.41313900266373,128.3332358769008,132.91255487714494,133.02268137250627,130.60480512891496
S09,2026-10-07,10,125.2,2026-09-27,120.84065793615245,117.99998532072019,118.42805655713134,117.63921375868725,117.64548116008956,118.08224998590488,117.83557361082104,121.70022983551026,121.89163036346436,122.57899780273438,122.4151985168457,121.66286964416504,121.78527660369873,124.85393352508545,124.24009914398194,122.65956134796143,122.06307811737061,127.09888668060303,126.09317798614502,120.66585130691529
S10,2026-10-07,10,131.1,2026-09-27,120.51581946685339,131.6635628213018,136.30512129453427,125.84284489399504,129.955721765264,123.06778284426048,125.49362678410675,119.40841091700963,119.58117283412389,123.9449490410941,123.04170597621373,122.3088053567069,121.48363197871618,129.15343464442662,126.34241856166295,125.94386471339635,125.48717678615026,136.56618298121862,130.9250449044364,124.00840939113073
S11,2026-10-07,10,88.2,2026-09-27,88.13607460768067,87.11895308635063,87.29514192882891,86.54460195399751,87.6950413440225,84.99481918318509,85.29796181935592,85.68694646017892,85.77162892477853,84.95006472723824,84.13772971289498,84.3852778162275,84.38070494788033,84.90495926993233,84.45579201834542,85.44181639807564,84.14620072501046,87.79203850882394,86.60878235953194,86.21960694449288
S12,2026-10-07,10,134.3,2026-09-27,133.3843106415281,137.17079103238558,138.1603710612858,136.31932734150655,136.4775208459774,134.33637192462444,135.7241385315942,132.15432387760708,132.05745154789517,134.5439618246896,133.67663031986783,134.66114550999234,134.2934702055795,140.26710778645108,137.6890271323068,139.12324291637967,139.0888016836984,142.03465032282153,142.6430252807481,136.6947882788522
S13,2026-10-07,10,129.7,2026-09-27,126.67863084314192,127.29010590461259,126.83117509900514,128.12662121507074,126.90835986237481,127.04359925246322,126.90665394974044,128.02891731262207,127.71927165985107,129.88966846466064,128.71805953979492,129.12813663482666,128.876296043396,135.64231300354004,133.61536502838135,132.70059823989868,132.67938613891602,139.73019522428513,136.73417210578918,131.0345869064331
S14,2026-10-07,10,113.7,2026-09-27,98.3447745072753,95.45627716961766,97.69525554824409,95.11088596943993,96.24884631360803,94.60530897684842,95.43937826953734,95.26116256713867,95.2314432144165,93.60173444747925,93.068226146698,93.96724348068237,93.93018941879272,93.86314373016357,93.51630239486694,96.65452616214752,94.33392577171325,100.44557337760925,97.18436889648437,93.73475532531738
S15,2026-10-07,10,87.2,2026-09-27,100.76057191793203,106.03299793306957,108.84931548422527,101.00750318834505,103.98444626639201,100.09604376568656,102.144704785079,97.24221188681466,97.45260674612862,97.76241547720772,97.37256581442696,97.82868725912911,97.68212754385812,99.40361745016915,98.86473328726632,101.381897517613,98.83312661307198,104.51513154166085,102.25347287314278,97.62902409689767
S01,2026-10-05,1,109.3,2026-10-04,100.0174597124035,107.29353656131826,109.45956822889465,106.37317245486837,106.54087817170377,105.25288965637102,107.20044937014212,105.09039914948599,104.78707731110708,103.56403959138052,102.81103211981909,105.3840397630419,104.90645206315176,103.44879484517233,102.70206177575247,104.85553419930594,103.71895253998892,101.17232501847403,100.24425995690481,99.67728650910513
S02,2026-10-05,1,122.1,2026-10-04,128.94067639063002,122.95710614454995,119.43277885453206,125.4731724956886,122.63802940547946,129.0069396653638,125.94851464505302,128.5946560042245,128.87009478977748,126.91111184528896,126.78428079060146,127.29476214817592,127.00834847858974,124.72370101383754,124.73539878300258,125.72384120396205,125.67075587681362,123.00725509098598,123.53950358799526,124.447552217756
S03,2026-10-05,1,103.1,2026-10-04,115.42070500148338,116.09759892533323,113.56064939107678,118.00233105732936,117.59545057630795,122.54096402514405,121.58976722917993,117.5105967930385,117.8020835331508,115.26008371625628,115.16592554364885,116.98794702802385,116.93231729779924,113.83472399030413,113.77549700055803,114.20793298993792,115.25537256513323,110.29651788984026,110.95059541974749,113.86761240277971
S04,2026-10-05,1,99.8,2026-10-04,112.53712011043784,117.14559269942568,122.0182076291778,117.46403586975417,121.85381690686663,116.60999051892786,120.60255272513105,116.68665441910657,116.75775882641706,113.9780862037364,114.04172846714887,116.57485756318006,116.67462238709363,113.83397647778425,114.3407809440318,118.19235882203016,119.54328355233106,116.76216420571241,117.8315435353938,109.03680333535108
S05,2026-10-05,1,76.5,2026-10-04,91.5664019052332,102.31537668622097,106.14783157044174,99.21822861678062,98.66692967234084,96.65945497642127,96.88737162221186,93.27524574611867,93.03853732485855,91.33094579492295,91.3780462196895,92.00071114812577,91.91317672048295,90.27555412564958,90.53593487058366,93.78849113498414,92.77667165313447,94.42322165284837,92.61592686687196,87.45863670621598
S06,2026-10-05,1,69.4,2026-10-04,89.33227706986236,99.09439578469356,105.634714694291,94.4485742559449,97.4903849231633,92.27940432255178,92.485422126162,92.2156486919948,91.61983637128557,89.24359432969774,89.32998220239367,92.18096117292131,92.47621588025774,90.81533197675432,90.76931957517351,94.29046444211687,93.75895265851702,95.87168554578508,92.7275181225368,88.19429550681795
S07,2026-10-05,1,88.5,2026-10-04,85.51990017013844,99.01518930267633,101.66165225827461,93.0657821786551,96.3234983165082,90.46007383087752,90.71928970611216,88.89903885977608,88.56912130968911,84.69443244593484,84.70552248614175,88.0704036440168,88.17333025591714,85.35651476042611,84.17364866392953,89.66585046904427,88.704482623509,89.09562141554696,87.03545893090111,81.30877263205392
S08,2026-10-05,1,97.5,2026-10-04,124.32388242668752,118.11506519718978,115.20198653851483,122.16749188739361,119.31355975225111,125.63181111321578,122.89348623306915,124.07683199721498,124.42418879347963,122.30485695677919,122.36677903014345,123.95416945296449,123.93443793135805,121.83785981017274,121.67141980010194,122.03132599669618,122.99236077147646,119.85491150695009,121.16476219969911,119.90717858153505
S09,2026-10-05,1,109.3,2026-10-04,114.8281213175839,117.90661834947322,119.09840407667203,117.81552299759662,120.46156370346702,117.77752570478111,119.65692223864286,118.85749617168577,119.0005775387016,119.37553605386884,118.73197379657896,120.233735292646,119.42235931703718,119.00071522543104,119.20340308496625,119.75202974626691,119.18500539610059,118.21103364178808,118.25259807655485,112.94201227972181
S10,2026-10-05,1,137.0,2026-10-04,112.57681093148668,109.1474654354249,105.9737154669688,109.44781755333777,105.26335919061255,110.72403720312266,108.37112203105454,110.39788558142526,110.60143925803048,107.40023400442941,107.1673696245466,108.654163142613,108.56035973685128,106.52542664664132,105.5721376146589,106.08460499899728,107.44505765097482,101.75169636862618,105.07291962759835,103.77198197501046
S11,2026-10-05,1,82.3,2026-10-04,87.15072619753693,94.5953266914726,101.26868114286063,93.02084511666457,95.32661474488586,91.77405984155111,91.64244886343921,90.78765344619751,90.43625664710999,86.35144424438477,86.0061411857605,88.66580605506897,88.86375284194946,85.4631757736206,85.62698459625244,88.3631522655487,87.88794803619385,88.47008848190308,84.5153546333313,81.69925594329834
S12,2026-10-05,1,126.4,2026-10-04,128.70844479462738,122.9471547521411,119.63865290198274,125.58736940271231,123.0251707476177,127.86660659643158,125.5799161629216,129.28553090776717,129.29334507669722,126.0985439845494,125.90709481920516,128.40596638407027,128.41081891741072,124.38956819261824,124.13415179933821,124.89854322160994,125.46247277941023,120.91538701738631,121.89824948992049,122.2998379298619
S13,2026-10-05,1,135.5,2026-10-04,124.65455759805738,120.48012772990931,117.41204203920223,122.34384713464705,119.37591254401204,124.820988400983,122.27134550759872,125.6260636670249,125.76197107860021,124.7450261933463,124.09794887134008,125.03147204944067,125.03255494662695,124.20999463626318,123.89905603953771,124.66201194354467,124.64188226291112,123.18340643474035,123.53694971629552,121.76020773478918
S14,2026-10-05,1,113.4,2026-10-04,95.01060372263171,105.74618790162529,107.90694166193487,103.9118634087122,102.58943269945242,102.06667303558099,101.94411153680596,99.17516899108887,98.84484624862671,96.73226481676102,96.64774918556213,99.53867387771606,99.70530247688293,97.76128432154655,98.071668446064,101.51055335998535,99.90438866615295,101.5756344795227,99.67848372459412,93.58103823661804
S15,2026-10-05,1,96.5,2026-10-04,92.42148174149729,89.75185775682604,88.03168487279753,90.71075103064464,90.3074699207587,94.74478226119638,94.15729204474734,94.00634119851249,93.85536692483085,90.78777430398124,90.79396365029471,91.28287337166923,91.2042991910662,89.62093375069755,88.89163802010673,87.32300207955497,88.58205817086356,86.62104246956962,88.8166506086077,85.63786146981376
S01,2026-10-06,2,97.9,2026-10-04,99.45584277975986,101.21530757662784,101.50265652883363,101.49049794069363,100.23074788357152,101.58384413672384,101.07024947806875,103.53051758153097,103.08836078984396,101.84472170812742,101.06749612433569,102.67728096587317,102.28027046067373,99.82052123887198,99.974286202022,101.4262030158724,100.64420986516134,96.48979103905813,96.34135640008108,99.57877314431326
S02,2026-10-06,2,137.1,2026-10-04,128.3790594579864,133.9768486768896,128.06933036785233,137.8123290722994,135.35082459790124,137.31333345485044,138.084244035196,132.56789721420833,133.15289898089,132.4030032294137,133.24576182535716,134.13778154424259,134.51693989208766,133.31997112802097,133.99133010080882,135.0439376967294,136.2685458796365,131.51723982266017,134.93563677242824,132.32782651356288
S03,2026-10-06,2,116.9,2026-10-04,114.85908806883975,122.76804521915545,121.64981111387225,123.4203355839534,123.12536247264477,125.20262877664699,125.63908937522186,121.42337278638567,121.8906188419887,120.18085436139788,120.35661081586565,123.5086551121303,123.04076818738665,121.6321149281093,121.0631680897304,121.64083627973284,123.24758390699114,119.63601640973772,119.92176489148821,118.10110239301409
S04,2026-10-06,2,111.9,2026-10-04,111.97550317779421,107.02777295975153,105.60247103134274,110.79508467008844,108.30647453568753,113.69767863664609,111.57846197853435,115.1913547519866,115.1243857633594,112.46446022431287,112.43355879227552,113.4622637931529,113.36476203839216,110.48731240670118,110.8282295171443,110.14772471825513,110.72575482766065,106.38158664147291,108.50864419381055,107.94803437630567
S05,2026-10-06,2,97.6,2026-10-04,91.00478497258956,86.21773630117846,84.91881902223318,87.90480770389954,85.43151037452316,89.5684979289608,88.26220555242003,90.90230030332292,90.74890751157487,88.44774622235978,88.36399931226457,89.61468309674943,89.35133165631974,87.16913456235612,87.17379564557756,88.01556057248796,86.05060667310441,86.9738153866359,83.80144018445695,85.39273971830094
S06,2026-10-06,2,100.8,2026-10-04,88.77066013721871,83.4408967956946,82.91820934592876,84.99359289682995,84.26652141079342,85.41418341212334,85.25299242477128,88.83050243173327,88.31800786767687,85.34818438802446,85.19509581838335,86.94774923835482,87.09243432794298,84.82072262082781,84.92956213269915,86.9827864578792,86.5727328470775,86.00227526937212,84.34392170224871,86.01799265657152
S07,2026-10-06,2,84.6,2026-10-04,84.95828323749481,78.73630606419471,78.17413271747816,79.35034121115982,77.4022723773586,81.99321683881037,80.19557112113161,85.51389176504952,85.26728994505746,80.79902941840035,80.57063443320138,82.7169736112867,82.66146046774728,79.24697119849068,78.26789338248116,80.57109219687325,79.19060856955392,77.13343484061105,76.21887738364083,78.49641282217843
S08,2026-10-06,2,116.8,2026-10-04,123.76226549404387,131.0488850201152,126.50858210319359,134.86406233446263,133.7064627282247,134.08637072078784,134.24540568322627,129.14230054694337,129.79557436782045,128.68594282942934,129.7763621218793,128.88198679763002,129.88923651057405,128.06023329573793,129.81697565394563,129.25548404532594,131.92200583296938,127.04916828948183,131.57469979005975,128.15985053855104
S09,2026-10-06,2,135.9,2026-10-04,114.26650438494026,110.36605466795226,109.28879248116743,113.34979496096813,111.521413010179,116.77632642333722,114.54985251651365,117.64532402107389,117.51792049357564,118.2069012517658,117.27451750585706,117.9225189345506,117.37882056781919,116.77574858019025,117.37939253399045,114.51693198034437,115.0480982954231,112.58525463888319,114.07511612722547,112.3525404627052
S10,2026-10-06,2,122.1,2026-10-04,112.01519399884303,108.03234940532654,107.39762554860103,111.22343427316049,109.57416986775473,114.5394737012782,113.3196866358754,114.35810252087457,114.20394374983651,111.57079341070992,111.20330073492867,112.73378064291818,113.07825781958444,110.61866595404489,110.62079884665353,110.4550574030195,111.01964881079537,106.99227597372872,108.1397907938276,108.02337290900094
S11,2026-10-06,2,64.8,2026-10-04,86.5891092648933,79.75244509164051,79.44799056277088,82.69899545166824,80.49983876027756,85.70413490811663,84.04516575850607,87.95008754730225,87.79382610321045,83.0036096572876,82.63762474060059,84.6685643196106,84.47759866714478,80.378005027771,81.15560150146484,79.21533870697021,79.22953987121582,76.16247367858887,74.98294830322266,78.66397094726562
S12,2026-10-06,2,112.0,2026-10-04,128.14682786198375,158.58450842013747,177.25328481505673,141.55806073958647,146.17854175789054,135.66731792940345,137.14835485793589,140.37999520983016,136.78400359834944,143.47884069170271,137.42295966829573,146.32888398851668,139.6031826564244,149.9998653956822,139.87878785814559,152.34578214372908,144.1628979274205,156.5592907496861,144.33270536150252,129.40741978372847
S13,2026-10-06,2,117.5,2026-10-04,124.09294066541374,134.98151359552637,129.7104093961442,133.78565489017896,132.46348003595577,131.5402850478277,132.47618002951756,129.0430671794074,129.4897155387061,129.83654364177158,129.79441960879734,130.0665694100516,130.69413860866,130.84332617350987,131.4944578034537,132.60657270976475,133.14539011546543,132.45068796702793,132.6716185433524,127.74300778635912
S14,2026-10-06,2,95.7,2026-10-04,94.44898678998807,93.2523261121506,92.20057839433339,94.09181758374373,92.39803415692165,95.4518231678625,94.40708550141066,97.32450315356255,97.07749739289284,94.37133836746216,94.15598464012146,95.32653999328613,95.36730933189392,92.70688056945801,93.0814700126648,94.91106677055359,93.86424350738525,92.91794109344482,92.24998140335083,93.19033145904541
S15,2026-10-06,2,103.7,2026-10-04,91.85986480885366,94.70769950413036,94.23543801091567,95.32541491540366,95.33822990187498,96.94279054236709,97.14459118495176,96.87845633370536,96.92331908089774,93.14963076455253,93.13749907357352,95.80549643380301,95.41581175667899,93.33581374032157,93.2189304624285,93.2666189466204,93.37485907418387,91.05277750832694,92.54572699410575,88.60209105355399
S01,2026-10-07,3,140.4,2026-10-04,109.16601452096235,109.44314890088262,108.79451213877974,112.26229928295355,111.66102739214128,113.05709155618496,113.67169387849306,112.4499622617449,112.05125201089041,112.53624689919607,111.89035284859793,113.17096388680594,112.66052496773855,113.30361998421805,112.94889128548758,112.81785548073904,113.26815569741385,109.39182579857962,111.55612147194998,111.35828364236013
S02,2026-10-07,3,137.9,2026-10-04,138.08923119918887,141.47471199356139,141.81335144600246,140.3349244840686,141.8727917984893,138.6579820123606,139.82585556121361,137.82179881504604,137.91021634510585,139.91238500050136,139.65964271000453,138.4743085043771,138.36328221729823,140.68506766727992,140.9932851927621,141.9825635092599,140.44090844563075,144.08420516422817,141.23056413105556,140.67155553272792
S03,2026-10-07,3,135.2,2026-10-04,124.56925981004224,128.27431903746393,131.75630814216368,125.56252242033261,126.16997558028773,125.99792373232013,126.36565923591631,124.74174265180315,124.96909097943987,126.26537088666643,125.93275694165911,127.16668848310198,126.58014921460833,133.0062377861568,128.78116087232317,136.29067949567522,127.85930113111223,143.9379125050136,132.73516778264727,126.85361532483782
S04,2026-10-07,3,77.1,2026-10-04,121.6856749189967,123.59834574458752,121.77940637561414,123.23569545036054,123.18966102128964,123.40987431540007,122.59816866128901,124.16076430718336,124.13673266808424,123.19123038689527,123.51315459649,124.07452830712232,123.7929864827815,125.90801867882642,125.17455348412427,124.52218493859205,123.94615516106519,124.13277587334547,127.34244689385328,120.88153228203687
S05,2026-10-07,3,100.0,2026-10-04,100.71495671379205,103.45999056899186,103.22776857402792,103.54635708383259,103.90909927989978,101.74433641941175,103.7678479770275,99.69646448407853,99.58675712857926,98.98069757734025,98.98365158353532,99.33021015439714,99.07433790479386,101.07909387860978,100.01112026487077,100.5967573574611,100.29753488813127,104.90689367566789,102.14464849744523,99.42692894254411
S06,2026-10-07,3,84.2,2026-10-04,98.48083187842121,101.43633268761592,100.48599256320713,101.0869191423649,102.20138935753636,100.01825587398639,102.42986345411323,98.69113497052874,98.22185091291155,96.94760183606829,96.88073877607073,98.29858259473528,98.49642614637102,98.9625821522304,98.12585214887346,98.94846586499895,98.77106622968401,102.09706548963274,99.44665674482073,98.30486921582903
S07,2026-10-07,3,83.0,2026-10-04,94.6684549786973,94.76510426517295,93.05127639448055,93.80862832215705,94.28422012209398,93.93310629507506,93.07009857730759,95.489075251988,95.28593117850167,92.51300294058663,92.37107951300484,93.98867375510079,94.02415949957711,92.86474425452096,91.57772595541817,93.02292163031441,93.11704165594918,91.80623776572091,93.75836379187447,91.50016791479928
S08,2026-10-07,3,130.6,2026-10-04,133.47243723524636,139.16224437786798,138.7210730958823,137.04847627390023,138.71271933770888,135.78977826116233,136.3361098812407,133.5371419795148,133.82035130339784,135.53930300551576,135.59818524199648,134.0807573207013,135.07644599753542,138.77332133132143,138.34097403365297,139.00930708724184,137.78655117827577,141.65785187560243,140.4640252001874,134.89589208441896
S09,2026-10-07,3,125.2,2026-10-04,123.97667612614275,130.9522253387836,130.07057675972698,128.95924524651588,129.47978482497302,126.29975751196187,125.23256949911976,126.3316082651344,126.37954947302015,130.03198668310316,129.46742770025404,129.30988070318372,127.7310509378639,136.817302196714,133.68930479833753,131.1405396158424,129.24885699102552,139.95677897283704,137.78630968877943,126.25729510137708
S10,2026-10-07,3,131.1,2026-10-04,121.72536574004553,124.3005483870945,124.40107036208411,121.57886758802971,121.72422529360732,121.26982184109342,120.47420199132065,120.00343348639352,120.01996161597116,119.09286954062325,119.1571054662977,118.96217372076852,119.74423768179757,123.37616994040353,121.30554654257638,123.31030394690377,120.57352521078927,128.91504838126048,124.95531155722482,118.02443530218942
S11,2026-10-07,3,88.2,2026-10-04,96.29928100609578,95.74993840643118,94.45536463146198,95.53008158873949,96.70556034017629,95.47106844140662,94.91664080115235,96.79375076293945,96.69199895858765,93.58607029914856,93.44606268405914,94.4646360874176,94.56614279747009,92.8223083615303,93.29371225833893,94.8331310749054,94.28624868392944,95.35097002983093,94.71463418006897,92.39415884017944
S12,2026-10-07,3,134.3,2026-10-04,137.85699960318624,138.8429592797667,140.17540219872157,138.99465068283857,140.3081849214959,137.96854632265868,137.8719628666381,138.77652393068587,138.59706817354476,139.02189670290267,138.87161002840315,139.46620212282454,139.64140353884017,140.0286501475743,139.40995965685164,139.7473486491612,139.7537182399205,140.87145696367537,140.58804212297713,136.60535178865706
S13,2026-10-07,3,129.7,2026-10-04,133.80311240661624,142.04569734692828,140.5963506856239,139.14078698215445,140.58567682283143,136.63348375965222,138.06083699499612,135.11705692836216,135.0656944138663,137.96491631099155,137.1112748009818,135.94998653956821,137.1368876320975,141.78679283687046,140.45485218593052,138.81816299983433,138.2305432183402,139.68769463130405,142.0424271447318,136.08085545131138
S14,2026-10-07,3,113.7,2026-10-04,104.15915853119056,109.74811743224404,108.1558252023559,109.10024366150762,108.58276252879419,108.4202853024352,108.53156980877837,106.35849952697754,106.15518760681152,105.14412689208984,105.01547861099243,106.1493501663208,106.26612091064453,106.66823863983154,106.16650199890137,107.7713508605957,107.51351547241211,112.33338451385498,110.14128112792969,105.64738464355469
S15,2026-10-07,3,87.2,2026-10-04,101.57003655005614,100.66237771760831,101.00534052891217,98.74862424674954,100.77959531316712,99.06318705424596,99.09395011064744,100.19682381493705,100.29573176247733,98.20679400307792,98.2917187009539,98.86354372841971,98.89496109826224,99.81044266564506,99.0342004094805,100.2011196408953,99.14773915154593,104.04534707409995,101.68985436303275,97.71962616784232
S01,2026-10-08,4,115.6,2026-10-04,112.24063045868584,113.96464842842148,113.49577730535952,114.37313508625542,113.39124264280522,114.0885664688512,114.32762942889843,114.25372088296072,114.1878715787615,117.1786752973284,117.16726839882986,115.53496802193777,115.39348852975027,117.86861002785818,117.37819350106375,118.1124845777239,117.28864443642752,118.36716902596609,116.70273840767996,114.2570329938616
S02,2026-10-08,4,149.4,2026-10-04,141.16384713691235,140.13417083269155,140.82148524601814,139.93449302263144,141.46726125128322,138.96048784100512,140.16368502219518,138.07324410847255,137.88038922718593,138.26992656162807,137.61044122150966,139.71404458454677,139.5892758505685,138.52657748631069,138.0069103377206,139.89470435551235,138.54198361805507,139.99983979633876,137.95391656330654,140.76673938206264
S03,2026-10-08,4,130.4,2026-10-04,127.64387574776573,126.95413986656958,127.27351020561483,126.1126151569586,126.46727330196326,127.15884473309812,127.23649391891647,127.48508838926043,127.76826814923967,130.04596952710833,130.59862736974443,127.7647700718471,127.71934084211077,128.40320066724504,128.68166832242693,127.01996902738298,126.78395132337297,126.20414070401873,125.91287950788225,127.40269855771746
S04,2026-10-08,4,115.2,2026-10-04,124.76029085672019,123.18495843168182,123.05076588967184,122.76753635061279,123.16461723303054,122.95342209643226,122.6244243048087,124.256731599969,124.22290286461744,123.01847514550123,122.84397944847974,124.58622893731031,124.19960555474195,123.49430808464918,122.81132373253736,122.74488458077344,122.98491105477247,120.88583430687818,122.68307694832716,121.42337140480909
S05,2026-10-08,4,95.7,2026-10-04,103.78957265151554,101.0613750754367,101.34008727380771,101.36946867919036,102.32406739012262,101.13657168945508,103.25617476523148,100.18757576261247,99.91259331021989,99.36835665021623,98.94978327069963,99.88585418973649,99.691254561288,99.00953382764543,98.74270910535539,100.1973113468715,100.28741306577409,100.0691980770656,98.73185629163468,99.7069835117885
S06,2026-10-08,4,101.0,2026-10-04,101.55544781614469,100.65793544194115,100.17558622002358,99.68078314773857,101.53608637353246,99.97092494006468,102.32241974684548,99.65122083936419,99.3340249470302,98.33008436475481,97.92540602002825,99.47625498090471,99.36535791669573,99.31998590741838,99.08284334455217,99.22653631482805,99.6358409336635,100.15233854566301,98.90741304670061,99.11526064191546
S07,2026-10-08,4,88.9,2026-10-04,97.74307091642079,92.49307237937069,91.54577628801029,91.80010327879822,92.9242816373671,92.98903015854779,92.29597333425254,95.58504254477364,95.52843815939767,93.03136307852608,92.54607827322823,94.69109685080392,94.6012726511274,92.81377989905221,91.53028638022286,93.05413109915597,92.65612942831856,90.62761885779244,89.57632429259164,91.36123997824532
S08,2026-10-08,4,139.9,2026-10-04,136.54705317296987,138.13875107283013,137.84580026842934,136.69445424736443,137.7434197898666,135.77203892674535,136.51192811603948,133.6331085570447,133.87201231795473,134.37949699240846,134.03972047644777,135.43586081343813,135.43171280699892,134.75554412680788,134.52259701567812,136.5446178324811,136.39826887923402,137.0182678111188,136.6113993533246,134.73329871970338
S09,2026-10-08,4,116.0,2026-10-04,127.05129206386624,128.86858854371118,129.84952822338644,128.1372023000583,128.9235889004094,125.8791303716552,125.31282084145789,126.42757555792005,126.34972235510023,128.4777903253761,127.41822764227064,127.89581915685804,127.40270945379407,127.64846655676038,127.93593546697767,126.86864039251478,127.08997580358655,128.19346949407728,127.16106554815443,125.27937170812757
S10,2026-10-08,4,132.4,2026-10-04,124.79998167776901,123.3214203592313,124.55155618008,121.845541925858,122.27961392373615,121.10100742081686,120.84019861898247,120.099400302342,120.10613181250436,118.92011191504342,118.48792936461312,120.73907067435128,120.99387814658029,120.7587945665632,119.78533484595162,119.7076585497175,121.98516823904855,117.93224742071969,121.80840041296823,118.83310749190194
S11,2026-10-08,4,89.6,2026-10-04,99.37389694381928,92.92918045574595,93.21249853327991,93.42028030878717,93.12197022983976,94.43542848556744,93.63908473835878,96.88971757888794,96.93450546264648,94.05458331108093,93.44489705562592,95.13548755645752,95.11182999610901,92.28459650278091,92.95345824956894,92.10843595862389,91.65537238121033,89.03084182739258,87.55970859527588,91.8221674412489
S12,2026-10-08,4,141.3,2026-10-04,140.93161554090972,137.91618397112114,138.18957912910847,139.03031198467892,140.20199401907684,138.48065333709388,138.64745209594176,140.58028493608748,140.6176918574742,142.2005833217076,142.6656426021031,142.20142160143172,143.19519220079695,140.96220765795027,142.03654657091414,138.97174964632308,140.37195478166853,137.74302993501936,137.7418612071446,137.42085204805647
S13,2026-10-08,4,127.1,2026-10-04,136.87772834433972,139.61283294432167,138.42419769947733,138.5528717810881,140.58676214866966,136.98612230980075,138.70682791009088,136.0771427971976,135.98702343532017,137.76431568690708,136.5958186013358,137.8560963494437,138.10308178492954,137.96586235591343,137.97138985225132,138.3139468056815,138.7963333947318,139.12718971797398,138.4206601006644,136.46114357539585
S14,2026-10-08,4,120.2,2026-10-04,107.23377446891405,107.4580829059182,107.31521185978897,107.66619477678597,107.15633097956298,107.798214116755,108.1998770072891,106.45446681976318,106.32284641265869,105.82461738586426,105.28038692474365,107.03881931304932,107.10490798950195,106.80792999267578,106.79969787597656,108.22587776184082,107.84002590179443,107.91481399536133,107.51560115814209,106.10835933685303
S15,2026-10-08,4,89.0,2026-10-04,104.64465248777964,102.43382050815575,103.03337286766055,100.54083675097164,101.61788735858553,101.79452455058674,104.1490931617996,101.50380537850516,101.51892636162894,100.04845497948783,99.7514216695513,102.96000550133842,102.98123524529593,102.88218996865409,102.75931856972831,99.55916998726981,99.2846476827349,99.60741780144828,99.1606972013201,99.59797499520438
S01,2026-10-09,5,213.7,2026-10-04,117.46176088619562,134.61491775501116,153.04841872724495,129.19230588959715,137.71736524250093,126.31641275018808,129.8487473738566,120.23324263436453,119.8951174054827,121.99338591439383,121.25360167367117,125.236746433803,124.50023138863699,126.88999617440359,126.1694971357073,138.43884528023855,131.91199744088308,136.6648699079241,131.55397665841238,119.26230109078543
S02,2026-10-09,5,126.9,2026-10-04,146.38497756442214,146.53109225831525,148.24127562944898,145.14278990715349,148.94706465909607,144.5119793791076,149.44873406469347,146.6814685004098,146.62317420414516,148.42846728733608,148.22978164127895,149.30501986912319,148.86447669437953,149.09171821049281,149.1074004309518,149.5149293082101,149.48736239842006,150.97717334202358,148.51640845707485,147.72694541386196
S03,2026-10-09,5,122.2,2026-10-04,132.8650061752755,131.25613096325753,131.74997858105772,129.95586001039064,130.0371342702532,128.6313426189551,128.65409857170937,130.2582967690059,130.4159157684871,131.59949759755816,131.447726052148,132.26294497762407,131.57187251363482,131.78551248822893,131.48894886289324,130.86645535741533,129.48297743116106,130.60620669637407,126.53517393384661,133.77761883650507
S04,2026-10-09,5,143.6,2026-10-04,129.98142128422995,140.36879054006323,141.63815187611831,136.97790178863127,137.47738983350558,135.34221914952505,136.8013537147609,132.40309676567944,132.351813882989,132.98909720818432,132.90695533196362,133.59595832268627,132.64603576104076,134.2957244817439,133.23380813042553,132.860940546197,132.62880477349194,133.69412002007397,132.87621268669994,127.44502696434888
S05,2026-10-09,5,112.2,2026-10-04,109.01070307902532,109.13703644844311,104.41986081632962,108.48164642709634,107.51963176009107,106.72388221048398,105.85964824412751,105.63930124555314,105.50674623761857,104.87583250318254,104.71660322461808,104.46339983258927,104.56719106946672,103.99350351606095,104.55206579480851,102.44254011426652,102.57122129712785,102.30572599683488,102.9100274494716,103.21321863446916
S06,2026-10-09,5,99.5,2026-10-04,106.77657824365448,106.23456153884293,103.63979323476993,105.29349661673996,106.1580915777661,103.72171319042803,103.27200502761495,104.66468576703753,104.33721498761858,102.98576597486223,102.92302088056292,103.24740461621965,103.973516028268,102.5596919468471,103.61760763440813,101.74133734021868,103.95609621320452,101.48776487622942,103.55904535566057,102.08031801496233
S07,2026-10-09,5,88.5,2026-10-04,102.96420134393057,97.8528804223319,98.76376647738964,98.20140967363606,99.49951208299721,97.91287317825639,97.98736806548898,101.75902993338448,101.50414425986153,98.84756619589669,98.5162215914045,99.37169510977608,99.16176850455147,97.43664414542062,96.49183518545968,98.29077393668038,98.16881138937813,96.35605198996407,96.47852856772286,95.71670395987374
S08,2026-10-09,5,143.1,2026-10-04,141.76818360047963,143.25683772337987,144.45078627910402,140.82291134902175,144.90758741626132,141.4119746219032,146.279143907163,142.40098351317567,142.61360424834413,144.009702385246,144.20091313201112,144.77135437804384,144.38496083098573,145.00403279143495,145.18103379088564,144.3017765887372,144.57168835478944,146.14511650878114,144.72350281554384,142.5926415331952
S09,2026-10-09,5,115.2,2026-10-04,132.27242249137603,146.68009161900105,154.5192052046237,139.4937418432644,140.79213929046472,137.79628605057817,139.8331802938182,134.83272883245618,134.73695895025404,138.70720240423353,137.7395262415138,137.9726404840675,137.49956271001966,140.32554385015638,140.57555910894544,142.0033430750099,138.02901598760755,147.04702898809583,141.07190272161634,131.86513468572767
S10,2026-10-09,5,114.1,2026-10-04,130.0211121052788,135.92479233572698,136.3667274946183,132.8277891632205,134.7068538796618,132.21098899138818,134.03930118475057,129.29229714529856,129.2812020983015,129.8895423616682,129.53955247061594,130.52380635397776,130.26480557577952,130.2623460497175,130.5265872682844,128.01357628958567,129.78657223837718,125.10310437338693,128.88444783346995,126.37631489889962
S11,2026-10-09,5,100.2,2026-10-04,104.59502737132905,103.69362654219073,104.5707970983884,101.68172127320403,103.16997380249596,100.80806992425855,102.23114922662106,103.18009662628174,103.02683353424072,99.87486028671265,99.41769695281982,100.22154331207275,99.82409334182739,98.1312952041626,98.47871112823486,97.95871114730835,97.55884647369385,96.18417263031006,95.56792521476746,96.77745723724365
S12,2026-10-09,5,145.6,2026-10-04,146.1527459684195,146.96625306462232,147.0629758729989,148.88470452322437,149.3271591628336,147.71717204289806,150.5287512382608,147.34756074632918,147.11276517595564,147.9144562312535,147.66309343065535,149.3683079310826,149.3729122706822,147.19739709581648,147.47462640489852,146.42981610979353,147.5965965815953,145.73497472490584,145.26188264574324,143.44923959459578
S13,2026-10-09,5,132.8,2026-10-04,142.0988587718495,143.17918203255573,142.7182403311782,145.53484642469098,144.80560671891075,144.57927317291202,147.10353271705554,143.60331924983433,143.49576672145298,146.49136837550571,145.59970387050083,145.73720654078892,145.61018665858677,146.49305065699986,146.63857754298618,143.46206959315708,144.95818050929478,144.34032925197056,144.88048275538853,142.7510462624686
S14,2026-10-09,5,116.2,2026-10-04,112.45490489642383,119.27373361301187,117.03562721460176,117.07342808173766,118.65571850420355,115.77797284368067,116.32180701047672,113.04247379302979,112.88893222808838,112.09994411468506,111.88498115539551,113.0431318283081,113.47490119934082,112.89506912231445,113.37469387054443,114.60263442993164,115.95376968383789,113.87214279174805,116.5516300201416,109.8391637802124
S15,2026-10-09,5,112.9,2026-10-04,109.86578291528942,107.50069856741497,106.83873947837547,105.27154529653768,106.89982336422923,103.6944817531974,105.66608691144893,105.30683396203177,105.45840422255652,103.25835655076163,103.21965024811881,103.99899492604392,104.80054382426398,103.55087516648429,104.17202649457114,104.840614596435,104.62284336430686,104.60379705769675,105.56052151513951,103.70426223618644
S01,2026-10-10,6,124.5,2026-10-04,113.15946802043163,108.62656646420633,108.87126758619524,111.1179667934305,111.15875358368392,113.15003440472492,113.45224340338466,113.64382899148123,113.33058226449148,114.76974737984793,114.18421995980398,115.24218237740652,115.05416739327566,114.1839243207659,114.21155703408377,114.371343258449,113.783283833095,110.02854311806814,108.9644476209368,111.06632387978689
S02,2026-10-10,6,156.9,2026-10-04,142.08268469865814,142.38169506332233,142.84478217946804,140.7830135136812,142.36135338790626,139.08573205003265,140.64127105386765,139.09875108173915,138.9879255431039,140.17208339146205,139.95297099522182,139.64104319981166,139.5191583769662,140.22649814060756,139.16981126240321,140.8819832938058,140.8252821104867,142.55503512791225,141.2677483694894,141.2882914679391
S03,2026-10-10,6,136.8,2026-10-04,128.56271330951154,127.40037101275882,130.58176659940747,126.06347947052592,127.24199291062209,126.69356158561475,126.97634814275469,126.20081333432879,126.30637745176043,126.98037056241716,126.87062410627092,127.24646572385515,127.29770330701555,126.47924856458391,126.91623739515032,127.947486441476,127.96895841870989,128.74026159558977,125.53633741651262,127.50652412687029
S04,2026-10-10,6,110.4,2026-10-04,125.67912841846598,119.18486713713756,118.97886463134454,120.9023406793937,121.95432363279707,122.15273106710674,122.1204645171066,125.5133348409358,125.50439414421949,125.32130584160718,125.54910525719556,125.43064746300611,125.14679488579664,124.17096576134595,123.94945773522291,122.9923821393672,123.36515769402418,119.89043769280347,120.5774012510005,120.83841666619215
S05,2026-10-10,6,90.8,2026-10-04,104.70841021326133,99.99942784982166,100.32080215419067,101.56992111476227,102.31306652261826,100.79733004944505,103.24945626290906,100.97341675077165,100.7804641178676,101.19680208478654,101.2971763065883,100.73472637448991,100.7061414173671,99.67291158948625,100.1228541782924,100.6326369694301,100.95137781415666,99.1435365131923,98.48259205136979,99.62894768033708
S06,2026-10-10,6,87.8,2026-10-04,102.4742853778905,99.37640579043543,99.85034137570861,99.59474747994223,100.99745704678939,99.48980756155457,101.9002862481198,99.97477392469133,99.66522268567766,99.22771505628313,99.52585939679827,100.80527929578508,101.25095037732805,99.72062448774065,100.57378916059221,100.48548559461321,101.23154119764055,99.51429228101458,98.90791563306536,98.49231008802141
S07,2026-10-10,6,97.7,2026-10-04,98.66190847816658,93.23319264563088,92.58985046469259,92.68461509100086,92.96319730326013,93.16050948169178,92.63993007336931,96.9431243624006,96.90325791495187,94.96351678030831,95.18575722830636,95.95873887198312,96.02339799063546,94.05870682852608,93.27088505881173,93.61774689810616,93.65978295462472,91.49342019217355,92.06730038779122,92.41640336172921
S08,2026-10-10,6,142.6530612244898,2026-10-04,137.46589073471566,138.37467901845193,139.8497537763277,137.3445465363054,138.8594982465486,135.68873701695549,136.80869041957092,134.81664222556276,135.07201665717287,135.8816744692914,136.08886021453065,135.26109117346925,135.46268385726137,135.59346121627016,135.6664883502118,136.21209734755678,136.2206055529706,138.21372145491762,136.02792805510683,135.6955639727704
S09,2026-10-10,6,136.8,2026-10-04,127.97012962561203,124.51946444243188,124.7424210496961,125.45802620342963,126.4011047489814,124.63262227041011,124.75828766760122,127.68417879888685,127.63121363470228,130.68155714819105,130.05476137945325,128.96141955206068,128.71464392492445,128.73102042028577,129.6081728632179,126.48554655859144,127.23629519292982,125.00326105901868,124.78623959371717,125.02869984457166
S10,2026-10-10,6,138.7795918367347,2026-10-04,125.71881923951481,123.01420380119515,124.16392350626964,120.71508883400891,122.00461629848228,120.60794315421703,121.01994425325506,121.35600163596017,121.38762452261788,121.35292031424386,121.32539965765817,120.92146422522408,121.15716626303536,120.69117953436715,120.32761122839791,118.96348096983773,120.3324644769941,117.52332451002938,118.48253609793527,118.96895315306527
S11,2026-10-10,6,100.4,2026-10-04,100.29273450556506,91.71393525461268,90.60865803804425,92.89056793551494,92.8595441462697,94.30072305519008,93.50891719677892,98.073251247406,98.1345100402832,95.9421694278717,95.95500040054321,96.4664888381958,96.61542844772339,94.20355081558228,94.9610607624054,91.92141948640347,92.3970959186554,89.5310583114624,89.95238637924194,93.13407754898071
S12,2026-10-10,6,148.3,2026-10-04,141.85045310265554,137.60451240508178,137.67932643624016,138.70510993110003,139.9977663003096,138.1881260642098,138.39666827072335,139.97039113725936,139.76040158952986,139.67602000917708,139.62789855684554,141.1754435130528,141.6590097972325,138.7640575000218,138.9323137828282,139.26454530443465,139.31439243044173,138.20512138094222,136.90111098970686,135.90118442262923
S13,2026-10-10,6,120.0,2026-10-04,137.7965659060855,140.2758554090414,139.09391767643248,138.24601070569756,140.54612358227843,136.60405982267608,138.6274015862431,136.2261496407645,136.14340408870152,138.10198792048863,137.51767262050083,137.54434403010777,137.81381138392857,137.7371245247977,137.72342117854527,137.58231934138706,138.4111958367484,139.14734276362827,138.08932884761265,134.90458544322422
S14,2026-10-10,6,91.0,2026-10-04,108.15261203065984,104.9979580324902,104.0824971467616,105.78252647606428,106.60729282369664,107.0724206378846,107.82765004235112,107.46759223937988,107.3488941192627,107.09814453125,107.17350006103516,107.63812828063965,107.82744693756104,106.76787948608398,107.1957836151123,107.59175682067871,108.69192695617676,105.2639536857605,106.45633697509766,105.81457042694092
S15,2026-10-10,6,98.9,2026-10-04,105.56349004952543,98.49437754504518,98.92832733889419,99.5664887559731,100.98294311348324,99.95520869200206,100.58556137908069,101.57111952645438,101.66339776856559,100.65768835885184,100.85866854531425,100.61400769097465,100.78720448357718,100.4852673803057,100.69196532113212,99.04958603722709,98.77705071313041,97.86416123253959,98.72779105050223,97.627086857387
S01,2026-10-11,7,229.4,2026-10-04,107.80427121309278,108.18216214212713,108.26114737212727,110.10813532783818,109.85402319508805,110.6545508748767,110.43310341348288,111.1009804044451,111.25859892708914,110.25531924111502,109.7789794240679,111.2593990598406,110.7227894101824,108.66802609307425,108.4181166921343,110.43546259743826,109.42485487801687,106.85573590142386,106.09901440484182,106.81777108056204
S02,2026-10-11,7,153.8,2026-10-04,136.7274878913193,137.89914068783327,137.08511660695356,137.29195970610732,136.86314231434116,136.68855501184092,137.37336831515137,137.15971185139247,137.38708115986415,135.58652330807277,135.7159745829446,136.3125822680337,136.3017830984933,134.59459759167262,134.1541312473161,135.66781438759395,135.79178286961147,135.6363071339471,134.5224513547761,133.89134259394237
S03,2026-10-11,7,114.6,2026-10-04,123.20751650217267,119.560632078276,117.73998267022,122.77901444885572,121.97097332461652,125.11685903442228,124.72723465401586,123.54758219037737,123.69857649121965,121.70734552655901,121.35950807843889,122.29263643537249,122.11777262006487,118.83571008954729,118.9848103931972,119.71534399305071,120.86847357068743,116.68261865888323,115.8902411869594,119.71331552777971
S04,2026-10-11,7,120.4,2026-10-04,120.32393161112711,118.2232348055314,118.35675484663157,118.02857875617643,118.8730039475899,119.2328307711578,118.75409302999127,123.48258838097486,123.7433210317317,121.24492511193189,121.41430863778028,123.18758830468092,122.80082377831373,120.66902360360059,120.20806226174268,120.69975957314405,121.16753348748121,117.16576203743848,118.94056710640821,115.63681149522695
S05,2026-10-11,7,95.1,2026-10-04,99.35321340592247,101.18451046828308,100.72857713693257,101.689009032446,101.69735288577837,99.68672647044413,101.91649344162009,99.03437752042497,99.17961639676774,97.54998106275285,97.61268705640519,99.18943685804093,99.01449007306779,97.42499346051896,97.60570234571183,99.4818219593593,99.24190897260392,100.34524101529801,99.54721683774675,95.09440631185258
S06,2026-10-11,7,200.9,2026-10-04,97.11908857055163,94.04983040736566,93.32548655805898,94.44935355719407,95.18025664360624,95.05948519415116,95.12401146256855,97.25737909589495,97.4184222630092,94.21965889249529,94.59547523771013,96.81717733655657,96.66634229932512,93.3630195072719,93.15185360227312,94.31622223172869,94.58588413511004,89.23698179040636,90.70462731633867,90.95708255086626
S07,2026-10-11,7,92.7,2026-10-04,93.30671167082772,83.10188565974114,79.85809356464482,86.50062053048828,84.42925094523238,89.84200182692635,88.46309697022046,94.47713906424386,94.83204419272286,90.37892253058297,90.2973597730909,93.42951209204537,93.31160027640206,89.03354150908334,87.49814409869057,88.43358881132943,89.9800728048597,83.14519436018807,86.37269998448235,84.99905604975564
S08,2026-10-11,7,129.09591836734694,2026-10-04,132.1106939273768,135.84110846870146,135.07555213721565,134.24276838813466,134.94947847477576,133.53695931220477,133.51374152324252,132.26485776978654,132.71277564841432,130.5884616978757,130.89081475216074,130.93658569532556,131.39869668412132,128.74286264258546,129.12087339240236,131.03433728295488,131.13486611920518,131.01361826139612,129.00303191023988,128.47722667533083
S09,2026-10-11,7,112.4,2026-10-04,122.61493281827318,121.0187247990187,120.8224144688196,121.25426115217508,121.97100695869031,121.85309619037052,121.4099989301575,125.84290024587781,125.96826121160657,126.19375845739515,125.78028675863416,126.16810271093519,126.02379175970228,124.41322705099256,125.294042556974,124.05953738042982,124.5509185487953,121.41617199728162,121.95242401907117,118.99064788171918
S10,2026-10-11,7,123.4,2026-10-04,120.36362243217594,114.93025497309921,114.52554594551253,115.83410106925487,115.71767502536507,117.70402727662383,117.0316050578351,119.51472832815988,119.72467782156808,117.46600653784616,117.36019136565072,118.18735220091683,118.2437741960798,116.36836483137948,115.49366497056825,114.93569534080369,117.27671541827065,111.18455578940255,113.53720452444894,112.40431048529489
S11,2026-10-11,7,104.8,2026-10-04,94.93753769822621,91.52955989296983,92.8244751574527,92.25009382957869,92.19986026692553,93.1384390297803,92.8847664908302,95.32831931114197,95.82470035552979,91.44091349840164,92.71618014574051,93.61022007465363,93.27768528461456,90.6879198551178,91.43512058258057,91.57890143990517,91.49320393800735,89.96480083465576,91.27472335100174,89.2876889705658
S12,2026-10-11,7,121.7,2026-10-04,136.49525629531666,131.692904471307,129.73084957927497,133.518319940337,132.79373086184464,134.4837596850594,134.05872152219533,137.42754445757186,137.68841872896468,133.93267403330123,134.16639838899886,135.84037910188948,136.1420305797032,131.00819854225432,131.79552039291178,130.72851286615645,132.92654131140029,127.97958598818099,129.02523265566145,129.9665528365544
S13,2026-10-11,7,119.7,2026-10-04,132.44136909874663,132.0781238115405,129.16835757268282,131.84012948832557,130.9365503407905,132.16303535524358,132.20363468064227,133.683302961077,134.0714217049735,132.1501022202628,131.69651897975376,132.2864032609122,132.38866814204624,129.77226205893925,129.22304364272526,128.5226572377341,130.91249760219029,126.96353092023305,126.43057557174139,128.29240592547825
S14,2026-10-11,7,112.2,2026-10-04,102.79741522332098,105.56891486590634,105.46057453365079,105.33925404340182,105.89940012355233,105.69250491219405,105.96620121475074,105.17615175247192,105.45249700546265,103.04325437545776,103.01826000213623,105.48968887329102,105.36892557144165,103.15459871292114,103.2078218460083,105.0419454574585,104.79123592376709,103.11104917526245,104.31654405593872,101.12599992752075
S15,2026-10-11,7,78.4,2026-10-04,100.20829324218656,94.64259606902348,94.05774729468021,95.30427750665208,95.39884997882571,98.06649550898251,97.47012078070381,98.91789076668876,99.05559275490897,96.24812910897391,95.8927528653826,96.81932089669364,97.2255565915789,94.65501234872,95.07364676339286,94.94242785317557,94.64748022896903,93.476545551845,94.41261980874198,92.7404844556536
S01,2026-10-12,8,111.1,2026-10-04,103.32314819658913,107.9807973890928,109.50916845034719,106.65460044086231,106.64569827101113,105.56125099735193,107.27183545034939,105.457196358272,105.33224118096487,105.15440976960318,104.8367620740618,106.06541121346609,105.6965569291796,105.11712181908743,104.51501214844839,106.75134575707571,104.77227151734488,103.92852020604269,102.10918921572821,102.2460066561188
S02,2026-10-12,8,132.8,2026-10-04,132.24636487481564,123.10682567596608,119.53438292033859,125.68523742807618,122.57735619586845,129.14063172619055,126.00469655487392,129.49715663364955,129.5741734640939,128.8006239073617,128.78078652790614,128.25206996372768,127.94923926762172,127.16445018223354,126.54052735737392,126.5756130354745,126.9463749068124,125.11707545689174,126.09842015675136,127.13592101505824
S03,2026-10-12,8,118.5,2026-10-04,118.72639348566902,116.54144852223814,113.71258492339328,118.55461705389341,118.37992999424391,122.74098662548792,121.97237819900876,118.89558271680559,118.86387018476213,117.92322115216936,117.69236139569963,118.6334052494594,118.56092123304094,116.43650774274553,116.67030100141253,116.19082598005022,117.74028162275042,113.26231912885393,113.75334696088518,117.1899238041469
S04,2026-10-12,8,117.5,2026-10-04,115.84280859462348,117.51455638498305,122.14346363969167,117.89077892594449,121.89207772253563,116.71497663111175,120.68615753979165,117.57306513230237,117.59156569878492,115.87705960909757,116.23301669995222,117.81372723023328,117.76215705315504,116.13898548523817,116.68256458680067,119.39091500679883,121.34366473595533,119.264055818719,120.4428854886714,112.26811251084241
S05,2026-10-12,8,115.7,2026-10-04,94.87209038941884,102.91138163361609,105.82103076216482,99.7748081793186,98.91955412469932,96.94891570275004,97.10692998371334,94.17774600301469,93.85861218486512,93.15375279401029,93.22908548031533,93.57288891587937,93.45502388988221,92.44693303619111,92.58428460870469,95.03027290616716,94.4200599840709,95.58587092672074,93.9067657641002,90.71672577176774
S06,2026-10-12,8,100.8,2026-10-04,92.637965554048,100.20658584832785,104.92128165837659,95.24302415933924,97.7930906072282,92.68037907506248,92.72298826338002,92.56901935849871,92.22533706937517,90.51727251325335,90.90519289289202,92.73454860959734,93.02679161344255,91.95898298536028,91.95412020002092,95.09315447126116,94.99475769315447,95.2370863369533,93.95897392545427,89.384582560403
S07,2026-10-12,8,82.4,2026-10-04,88.8255886543241,99.63948561021046,101.81586206681717,93.68997685427077,96.85203639768038,90.99232267018162,91.04903237572115,89.78373033659798,89.54888827460152,86.49943175273282,86.60307609396321,89.17850453513009,89.33667571204049,87.17896724598748,86.04218722241265,90.54614407675606,90.27180535452706,89.83378035681588,89.1694665636335,83.02309138434273
S08,2026-10-12,8,127.4,2026-10-04,127.62957091087316,118.93149284495205,115.5718108123946,122.80145296631311,119.31201472041596,126.0212154372504,123.20746170698233,125.19054669219179,125.24012249785585,124.48571318465395,124.56999510604066,125.4314152606122,125.19066494780702,124.33410328704042,124.06651371794862,124.21678751784486,124.90253275710268,123.48467797118349,123.53947466689272,123.16985195952577
S09,2026-10-12,8,115.6,2026-10-04,118.13380980176954,118.66966076003301,119.23600765073652,118.37406033980301,120.68742629573883,118.1096009426992,119.82711491725776,119.93337795087965,119.81651171991498,121.42222973653944,120.87408921072156,121.21843764135511,120.75672623464735,120.56166216680677,121.52722832510145,120.14380404302747,119.38795325109632,118.1157624567476,117.9264323259321,115.80760309049757
S10,2026-10-12,8,107.8,2026-10-04,115.88249941567231,109.74894948915333,105.66911508153203,109.90986482135577,105.41705465852804,111.14065418057905,108.61424252636455,111.4737682546888,111.53337313788278,109.70536830084664,109.77151467459542,110.60412814276559,110.30081536429269,109.7116091455732,108.87476327078683,108.18353488104684,109.7418358530317,105.29912926810128,108.11337926047189,107.06836678641183
S11,2026-10-12,8,56.9,2026-10-04,90.45641468172258,97.46773265993008,103.2365986088055,94.3939845357485,96.42858543418144,92.32497387368795,92.12649077077856,91.97271552309394,91.51414841413498,88.53693342208862,88.26489925384521,90.22317957878113,90.36847376823425,87.70199489593506,88.04590249061584,89.8291003704071,88.91191601753235,89.86064052581787,86.55792140960693,84.81055164337158
S12,2026-10-12,8,119.8,2026-10-04,132.01413327881303,123.05744018523009,119.47733448699648,125.59154564594225,123.01517082785709,127.88363294680389,125.62012956159211,129.65232740129744,129.72251127447402,127.66335807527815,127.75177274431502,128.99477229799544,129.10309515680586,126.09580693926131,125.71403871263777,126.1074904033116,126.83165107454573,122.87358842577254,123.95572028841292,124.37039981569563
S13,2026-10-12,8,98.6,2026-10-04,127.96024608224302,120.36932309658398,117.26684567723063,122.44732808996731,119.38521179220119,124.85677808025373,122.3550644234032,125.9080860240119,125.9770899636405,125.88078495093755,125.31807526179723,125.43406733104162,125.25789626666479,125.31041105815343,124.40929158755712,125.01167949267797,125.58833845683507,123.3871069771903,124.26406296321325,123.1268850190299
S14,2026-10-12,8,79.5,2026-10-04,98.31629220681735,106.87970575880652,107.90554212449626,104.57263332464267,102.72178560476188,102.45286815941998,102.2076863793315,99.81810188293457,99.5046968460083,98.2955053448677,98.27731186151505,100.48392796516418,100.57014679908752,99.47404336929321,99.74528002738953,102.38751792907715,101.38379263877869,102.5207691192627,101.47181487083435,96.76087248325348
S15,2026-10-12,8,72.5,2026-10-04,95.72717022568293,90.19695714917309,89.05565510486616,90.86065722710104,90.39866818970768,95.41067967094597,94.3137457853091,95.30655787331717,94.94752047402518,93.08842299325126,93.01193735940116,93.1744968686785,92.95692942483085,92.28534529549735,91.56644652230399,89.62397406441825,90.92819521767753,88.70614073617118,91.05136797768729,88.64853499276298
S01,2026-10-13,9,99.2,2026-10-04,102.7615312639455,101.49700974879141,101.78306762324843,101.73882946365579,100.90551842464748,101.92347464959084,101.25446599744419,104.06924975258963,103.80452454430716,103.86857176167624,103.30085802418844,104.04020512444632,103.68100178582327,102.11740616304533,102.60262847287314,103.12869620663778,102.57374704224722,99.71671808106558,99.81495678765432,102.70301324469702
S02,2026-10-13,9,158.2,2026-10-04,131.684747942172,134.51127856945297,128.26348937709702,138.26532017762273,135.81103598266978,137.58476174789828,138.3581240404549,133.64233295491763,134.02797640732356,134.78220881393977,135.50476576260158,135.53218366077968,135.8201394217355,136.49000264576503,136.6850485937936,136.07970262936183,138.41826726368495,134.30570895842143,138.19917537144252,135.428415788923
S03,2026-10-13,9,114.4,2026-10-04,118.16477655302539,123.42720883285325,122.58543416352664,124.21656921606171,124.13564894843019,125.51108380480969,126.11253057548954,122.98029856000628,123.12339834485735,123.21463922773088,123.13576750074114,125.23714975629534,124.94180349622454,124.88505510602678,124.51236013684954,123.69459203992571,125.79768423352922,123.09104589734758,122.71629576001848,122.25862268720354
S04,2026-10-13,9,120.7,2026-10-04,115.28119166197985,108.23310424066935,106.90922414638129,111.49271151217033,109.26620933615966,114.49207756221234,113.09853119330911,116.2497017089549,116.12919184605512,114.85312727133665,114.88734293023977,115.38268660048875,114.97928252856168,113.48617193142805,113.8422332708064,112.57202515046033,113.47598287503156,110.37806853691968,112.23651275078687,111.67318591515455
S05,2026-10-13,9,88.4,2026-10-04,94.3104734567752,87.9305027589163,87.04540232100831,88.86096322073487,87.22738186182045,90.30571496303081,89.60986486041112,91.97673577581132,91.7399812391826,90.64119810376847,90.46777147565568,91.72540861879075,91.42016286168779,90.00094837461198,90.1379954269954,89.47907203946794,89.10510319982255,88.70516819272721,87.24858850751603,89.16126269612992
S06,2026-10-13,9,87.2,2026-10-04,92.07634862140435,86.01545267542625,86.36581865186294,86.34558178173542,86.90885882294334,86.553582229298,86.76865139444891,89.35580770288195,89.09450892720903,86.99251190934862,87.02303932224001,88.06864539895739,88.13358293090548,86.51092962537493,86.65194193635668,88.25258002792086,88.58074979100908,86.29338018213,86.24630395684923,87.75206525240625
S07,2026-10-13,9,76.0,2026-10-04,88.26397172168045,81.05443843544201,81.15746514959488,81.20525069524551,80.70710217798785,83.31872009327465,82.54784816828318,86.57051854687077,86.41805670516831,82.9746742929731,82.720919915608,84.3923841203962,84.23173887389046,81.67637736456734,80.69852263586861,82.23637587683541,81.58731753485543,79.27137906210763,78.76075274603707,80.89736182349068
S08,2026-10-13,9,140.7,2026-10-04,127.06795397822951,131.72275051942887,127.1973618555902,135.7942505745995,133.94953049173566,134.2933141163119,134.60285435713558,130.42795068102998,130.7825078375928,131.35648630264325,132.24207520562334,130.5525419123761,131.2608299263112,131.04336857873125,132.27275401431245,131.80772766548318,134.3310002692334,131.36260908546967,134.36603134947939,132.3407672055356
S09,2026-10-13,9,82.0,2026-10-04,117.5721928691259,111.80327340629175,110.48951412633039,114.49192052076377,112.70568774576498,117.57533222789026,116.06709799249968,118.89314231226118,118.50485441038282,120.74329039404066,119.67913278886945,119.42916998216779,119.16770061800153,118.7867560083595,120.050141542646,115.66600152799757,116.23050484010847,113.65668818304212,115.01586672613294,116.01567253420026
S10,2026-10-13,9,134.3,2026-10-04,115.32088248302867,109.04898542549134,108.60740706112716,111.84749426422547,110.48230758309504,115.23293037629053,114.47126313973709,115.60592075245721,115.30687429936869,114.36561830895288,114.0699414219175,114.95706986444337,115.00655307429177,114.09046914236886,114.09025730746133,113.26292397635324,113.99476661341531,111.68544699805123,112.47687651770455,111.70044233458383
S11,2026-10-13,9,87.0,2026-10-04,89.89479774907893,81.24043498275756,80.00041512804526,83.53305414498428,81.46817628565054,86.49658047717669,84.6260722939992,89.30708503723145,89.04271841049194,85.67880201339722,85.15888452529907,86.54946041107178,86.29936456680298,83.15835571289062,83.99181365966797,81.29971027374268,81.22172737121582,79.26084518432617,78.01746463775635,82.20044994354248
S12,2026-10-13,9,125.2,2026-10-04,131.4525163461694,159.29249386910482,177.56902138328192,141.884843389965,146.35994829445863,136.00932296139317,137.35469160995106,140.91873059953963,137.38417039598738,145.47714124407088,139.47526727403914,147.55721078600203,140.61063943590437,152.45240102495467,141.8964479991368,155.58278737749373,145.98809228624617,161.1416233607701,146.95109830583846,132.2330578991345
S13,2026-10-13,9,230.1,2026-10-04,127.39862914959937,135.57255471395771,130.69605292790908,134.17481743912896,132.80377472275376,131.9880770168591,133.00186494768164,129.49702521392277,129.87583454677036,131.4057801587241,131.17399891444614,131.0197471005576,131.20837553569248,132.44132574626377,132.3368345124381,133.90832241603306,134.42783125468662,133.85571487971714,133.62920483180454,129.42311545440128
S14,2026-10-13,9,87.4,2026-10-04,97.7546752741737,95.32457007079596,94.37469599543381,95.38799856400631,93.83175005905545,96.24071121532091,95.76839504267893,98.13937228918076,97.90834850072861,96.30522871017456,96.03827893733978,96.83910393714905,96.75913906097412,95.03187918663025,95.38829636573792,96.64918458461761,96.60128313302994,94.96254062652588,95.07967567443848,96.74404776096344
S15,2026-10-13,9,87.9,2026-10-04,95.1655532930393,94.38737962026914,93.45255928602467,95.60524642660373,95.05206130653919,97.64742837224317,97.24613309254913,98.35060522896903,98.18646977288383,95.82092593056815,95.60820219857352,97.77677414757865,97.25064680916923,96.1195242200579,95.86583636147635,94.97909281594413,95.23127863747733,93.1642601285662,94.35954020363944,91.9989769254412
S01,2026-10-14,10,120.8,2026-10-04,112.47170300514799,111.27816926395492,111.24598871981374,113.07232159286968,112.72482445091877,113.58513498957886,114.18985901498675,113.03784907204763,112.81726229531424,114.52419150216238,114.13140929085867,114.22819197518484,113.8037687574114,115.60451948983328,115.28495371682303,114.61461413247244,114.75975859505789,113.30421126229422,114.87059557778494,114.00324976784842
S02,2026-10-14,10,161.3,2026-10-04,141.3949196833745,141.92930589265114,143.54142311200198,140.55355875914788,142.33585638544255,139.08059303444418,140.38445698273216,138.830834879194,138.72034264973232,142.06036425999233,141.73849917820522,139.69431067875453,139.71212054661342,143.43397094181606,143.5469756262643,143.52885295322963,142.4805464880807,147.31667949131557,144.45821048191615,143.96591617039272
S03,2026-10-14,10,131.1,2026-10-04,127.87494829422788,128.7980624027462,131.96581059594328,126.35791247024865,127.20721482972733,126.2813314644742,126.91096259507337,126.23326687131609,126.13691953931536,129.06793312345232,128.53176836286272,129.17779020581926,128.7203798702785,136.36283616338457,132.22244207177843,137.83784846578325,131.4098980835506,145.6446128300258,136.5651643684932,131.09611419950213
S04,2026-10-14,10,131.3,2026-10-04,124.99136340318233,124.30673622775151,123.02360981309133,124.06133251849889,124.13878101369093,123.87675152717225,123.61369604634451,125.15371283928785,125.07658728997144,125.46806010643873,125.89771994988355,125.68925628106031,125.20389041344556,128.68273028771313,127.93014964501295,126.50839480797681,126.2026658956233,127.26104316155347,130.61736640374096,124.45165404717359
S05,2026-10-14,10,101.4,2026-10-04,104.02064519797769,105.89607102768963,105.37333553215383,104.59081070279319,105.13434735498771,102.65292133754602,104.64980605483193,100.70549959455217,100.51288122449601,101.09561056409562,101.01820177350724,101.24780840192521,100.93955272947038,103.73646826062883,102.67815107618058,102.62238497052873,102.35723680768693,108.0865525654384,104.92796797071183,102.8086394718715
S06,2026-10-14,10,105.3,2026-10-04,101.78652036260684,103.01652886987856,102.01630438992515,101.42398022491815,102.37542425784136,100.36891702281108,102.84497445259757,99.19424776349749,98.9770856312343,98.51797155652727,98.64526800428118,99.11378435407366,99.27480558667864,100.31372312818254,99.51953939710344,99.68619589124407,99.71940378461565,103.05182318006243,100.160527747018,99.78850511823381
S07,2026-10-14,10,60.6,2026-10-04,97.97414346288294,96.08294176057566,95.21602601406106,94.76320970341696,94.92310103892228,94.3205849052709,93.80390067586315,96.40895611899239,96.3006339754377,94.5387521471296,94.38102538245064,95.35839135306222,95.38554150717599,95.15632207053048,93.76626927512032,93.60442216055733,94.50123984473092,94.4618945802961,95.02377373831612,93.77963120596749
S08,2026-10-14,10,139.5,2026-10-04,136.778125719432,140.2911500251337,141.60674135306283,137.80674661887127,139.73453861605503,136.20885012995194,137.41997023407973,134.7573909171216,134.7423352606885,137.7891575701825,137.69461172896547,135.82069796401186,136.58356684523744,141.40532463866396,140.41642159300966,141.32480877715273,140.00653904753847,145.2977539904706,142.813187301933,139.0963003047101
S09,2026-10-14,10,123.0,2026-10-04,127.28236461032839,132.26144263998555,130.6860931222582,129.563315521253,129.5000735972469,126.66671929284317,126.44755178905439,127.5140270883766,127.30153128454359,132.456537693235,131.80281588384779,130.59042689153821,129.31631609747083,138.6937784845558,136.00907847234876,131.37607237646253,129.90602251836927,140.03578326055677,138.35738894292982,129.85897967168958
S10,2026-10-14,10,140.1,2026-10-04,125.03105422423117,126.1531021757784,126.7809839751246,122.49766546649667,123.52047364307725,121.98025724260995,121.78304109883383,121.18585040228707,121.05794264929635,121.65647198813302,121.84360386984689,121.25484778540475,121.80806042807443,127.00733925955636,124.56073453085763,126.37025239127023,123.53528287070138,133.88429619925364,129.3451030458723,121.8110759462629
S11,2026-10-14,10,78.2,2026-10-04,99.60496949028142,97.64020612605285,97.16843726294522,96.63365600054954,97.96898284261046,95.82192363454755,95.29017794496606,98.01399993896484,97.80482816696167,96.11136293411255,95.82698488235474,96.28362083435059,96.26889848709106,95.87711143493652,95.97772550582886,95.72019481658936,95.43029761314392,99.02502298355103,96.78782415390015,95.5144693851471
S12,2026-10-14,10,125.7,2026-10-04,141.1626880873719,139.20955487320683,140.99334991328502,139.26235190164672,140.73654720674006,138.18357432859472,138.16540657284884,139.3644107409886,139.2470806666783,140.67544446672713,140.63155446733748,140.52013288225447,140.64062581743514,141.67988858904158,141.15561280931746,141.05033574785506,141.50856195177352,142.781202180045,142.62330804552352,139.36911521639144
S13,2026-10-14,10,157.9,2026-10-04,137.10880089080186,142.8035158292783,142.3551716203633,139.20450539057808,141.70524628019058,136.83914522588657,138.6042620209469,135.62016924449375,135.50165947505405,139.3788643700736,138.38762672969273,136.81770523616245,137.64289291926792,142.76814945765904,141.14655598231724,139.52439793178013,139.2199231011527,140.70516594478062,142.4412308556693,137.80376633235386
S14,2026-10-14,10,106.8,2026-10-04,107.4648470153762,112.76004705796747,110.20154667729183,110.00808225046956,110.07099449303189,109.06341497859637,109.46232930993376,107.10797023773193,106.92108726501465,106.99946784973145,106.82854557037354,107.35622024536133,107.45433330535889,108.63453388214111,108.07980537414551,109.1420431137085,109.43840503692627,113.57820510864258,111.63407802581787,108.71260738372803
S15,2026-10-14,10,114.8,2026-10-04,104.87572503424178,101.34514389929903,103.39923439905658,99.47984260879447,101.95279020092501,100.06561975709592,100.45603627199529,101.60357115609305,101.49393866402762,100.79954216820853,100.69320366723197,101.11742709023612,100.96899149758475,102.96832774026053,101.8111574445452,101.61971400124686,100.60722945077079,106.41709391219275,103.50729296548026,101.22976611001151
S01,2026-10-12,1,111.1,2026-10-11,111.59636349375742,122.46604411091523,119.03081723037177,125.342406151898,123.4173600210025,128.112516837462,126.51705058288891,126.56033118111745,126.34332449776784,122.67633803231374,121.6908911023821,124.93149931771413,124.61937888009206,124.28496535164967,123.38574393136159,125.753734425136,125.1348493848528,129.23797209603444,126.70486433846608,116.45378477913991
S02,2026-10-12,1,132.8,2026-10-11,133.01835212949925,128.21042532703726,127.28974992470195,130.55263889762406,126.45314708288832,134.16946977845294,130.7295678063211,134.59122700010028,133.97550386701312,133.51344579969134,131.52544969831195,131.7520207813808,131.8151311329433,133.2568625858852,129.9640283039638,131.93269438062396,130.05651945386614,131.46902460370745,129.02865881238665,130.26580805097308
S03,2026-10-12,1,118.5,2026-10-11,119.01620253110124,121.9644899700944,121.51438883637765,120.75228107680367,120.47884569477216,119.76330754207599,118.8058263606621,125.01403371947153,124.54020373480661,126.6539346422468,124.19805280821664,121.7831922020231,121.91625808136804,124.29444746630533,122.57686446564539,123.96649377005441,121.85655163185938,125.0604640688215,122.78710447209222,119.32588426726205
S04,2026-10-12,1,117.5,2026-10-11,110.50362519731185,111.4313273157883,107.75379830605009,109.63919841127664,107.51333463291057,111.77313945909633,110.45011115135394,107.43321485519411,107.6588408470154,110.06140942573549,109.14191575050356,107.5983578681946,106.98450822830202,111.19033135175707,107.98967261314394,110.86636800765993,110.44314785003664,114.69980950355531,112.85694701671602,107.91504902839662
S05,2026-10-12,1,115.7,2026-10-11,95.57619000834141,100.01617829136222,100.4581676649022,99.66003927208904,100.0194664462703,98.699969048147,98.84179238760468,96.80829899992261,97.1286082812718,98.71956449236188,97.91034727777753,98.39771133150373,98.13719182695661,101.02156930650983,99.17586665834699,99.75303655351911,98.24508195604596,99.77464729036603,95.96751170839582,93.87688618387494
S06,2026-10-12,1,100.8,2026-10-11,87.67998998367239,92.70387534416483,90.12974540658215,91.9030441783045,90.15976454669308,92.40086985650946,91.53578189853756,89.69313289097377,90.11687899998256,89.80139209202358,87.65859271458217,88.6589951651437,88.58997012547084,93.09570361546108,87.44236804417201,93.08632232121059,91.11484767368862,98.35440923145839,92.29045154026576,85.64192439488002
S07,2026-10-12,1,82.4,2026-10-11,90.76402680161218,96.7287621970106,95.73547318530858,94.90560190776198,94.11274211165524,92.93017972956544,92.70028928374482,90.4484608548028,90.48231903484889,91.39558473995753,90.76643721035548,90.28872004917689,90.0068304317338,93.72473708561488,90.6529252903802,93.84342948368617,92.1765567438943,94.17574063709803,91.83048144749232,87.49922362736292
S08,2026-10-12,1,127.4,2026-10-11,124.49260841810134,120.0898395143606,121.3023159099033,121.84630362331033,121.76703043217228,124.27449975549982,121.7219284752999,125.31069029051778,124.79773748595235,125.58810961920736,124.03426325995443,123.20705521780965,123.354966289587,124.76901758391378,123.16487324912069,125.82276237685201,121.51292622763631,126.07996166426656,120.48976290900228,120.72897303778646
S09,2026-10-12,1,115.6,2026-10-11,117.1076636808673,116.56530147771352,117.04711761651626,118.2919215986348,118.27318461188587,119.85474543514246,120.54177810786594,122.3877832021032,122.51239201681953,121.70996190862995,120.66032806294304,120.69713750737053,121.02958527462822,119.25228497641426,118.24409505980354,120.44784650462013,119.4943122591291,119.11450740950447,117.18529030936104,114.47464606421333
S10,2026-10-12,1,107.8,2026-10-11,122.44742958882804,125.24172261507863,125.92595645773275,123.84049956847923,123.27849378323528,124.04068399609616,122.48012835894595,122.59456871438653,121.97636793542534,121.28510044503838,119.91121004510552,120.25550363946587,120.63737152505547,120.19420050073296,118.81028746057183,122.54055832315117,119.83580015588433,122.1576051561895,118.72737978387505,115.7245864718023
S11,2026-10-12,1,56.9,2026-10-11,90.39864132716778,93.37869500990281,90.6313467571499,93.60555030979614,92.2042755275567,93.24538447750807,92.58362696302905,91.52859148638588,91.5583696092878,91.67106566088539,90.50536623852592,91.70003554480415,91.15330049651008,94.40996548788887,90.75458166258674,94.5529846872602,92.00099179404121,97.12103125708443,90.88548103230339,86.73555276053291
S12,2026-10-12,1,119.8,2026-10-11,127.43882969461437,118.26169718541387,114.38638441421976,122.04788091550182,117.91571985656688,126.04047572036656,122.85936838610475,127.9649684906006,127.42637186050416,128.062818813324,126.01002101898194,125.01729946136476,124.5145118713379,126.14957027435304,123.56022815704347,125.24998836517335,123.31277160644532,125.11521749496461,121.3856809616089,122.38438682556153
S13,2026-10-12,1,98.6,2026-10-11,123.10352679703247,124.26547372796037,124.02405647197237,122.62938802260055,122.70171278669831,123.05062380392371,121.82712777783543,126.70407340185984,126.07596953096136,123.66411420958384,122.20954701559886,124.37138185160502,124.49902865546092,122.80223080771312,121.1662549700056,125.17678877966746,124.24532851832255,123.68378302710398,123.0826675619398,119.6851792063032
S14,2026-10-12,1,79.5,2026-10-11,102.33088597619624,108.9137488315609,108.55037825973288,107.86893553520197,107.20016940404707,108.93430162458978,107.65608003726949,107.88123207773481,108.20947831358228,109.543811077731,108.46915175999914,108.60705756630216,107.57473688806806,110.88068657602582,107.92316919054304,110.25703697885785,108.48783146824155,111.61630349840436,106.34851031984601,102.73419290270124
S15,2026-10-12,1,72.5,2026-10-11,95.62450229002995,102.9260484978294,101.18540350119731,102.1827028953239,100.44725643062846,99.81664433573698,99.3970266916286,98.39838935307094,98.86889363697597,101.7958974974496,101.07418300083705,100.73526526859828,100.83915997913905,105.3741126196725,105.40727092197963,101.81652881077358,101.23025657108852,101.75230409077236,98.07253195217677,98.45686222485133
S01,2026-10-13,2,99.2,2026-10-11,111.31638064967113,125.14159179556823,122.3317714576664,126.74936665354815,123.77469775287156,128.41399083659462,126.38044255856968,125.62436468941823,125.53290541512624,121.07807906014577,120.3693578992571,124.19582732064382,125.30124457223073,123.31245406014577,123.84519179207936,127.82103331429616,126.9881151471819,129.2950456891741,128.6835096631731,118.01711829049245
S02,2026-10-13,2,158.2,2026-10-11,132.73836928541297,150.64664056764508,158.55159399986667,145.2441506064984,144.91382420748852,143.4381704516994,144.42087122968917,141.81575149808612,139.22273356233325,142.98932284627642,138.18086785588946,142.15063232694354,138.64754468713488,146.29582399640765,138.64213389669146,148.41670698438372,140.9554615667888,149.56437391553607,141.86546689782824,136.86312336240496
S03,2026-10-13,2,114.4,2026-10-11,118.73621968701497,119.87823427456703,119.22197358911004,122.68417922097511,120.72503686315945,124.4376933039075,122.18059357784661,123.97699098246439,124.16222421782358,126.66230194228037,124.64394788401468,122.5698520387922,122.94804394202573,126.04319803374155,124.20056490557535,124.5397772039686,124.44739608424051,125.74241678374155,125.61270539419992,121.11691038267954
S04,2026-10-13,2,120.7,2026-10-11,110.22364235322557,111.4545564095368,108.50773475169422,110.86061224871905,109.40564836284346,110.99591736812482,110.41090541433073,110.00369544029238,109.88525469303133,113.20886869430544,111.3665283739567,110.57495899200441,110.03840572834017,114.56966085433962,111.75614638328554,113.4895350456238,110.05951769351961,116.52359933853151,112.09149409532549,111.21511443033816
S05,2026-10-13,2,88.4,2026-10-11,95.29620716425512,93.60048583852847,92.35252822360827,94.11043876014354,93.16958447614311,94.12366301349869,93.32165507265186,95.52957088734422,95.49859253551278,96.7593603679112,95.38256655122552,94.8425633260182,94.4671075292996,97.14296191419874,93.98751228536878,95.68700962747846,93.46670680727277,95.15084933723722,91.07598357881818,93.11387115206037
S06,2026-10-13,2,87.2,2026-10-11,87.40000713958611,92.6257633247715,91.68080338474566,92.00200936260345,91.49654888432019,93.91426081207037,93.13224576213538,92.4784188406808,92.72666694096156,91.9051995413644,89.41113711765834,91.5345826285226,91.7978711264474,95.72783996037074,88.81615687779018,96.9953169958932,92.85740519932338,101.13482047489711,92.91065360477992,86.02672053745815
S07,2026-10-13,2,76.0,2026-10-11,90.48404395752588,84.64147339364403,83.37944136059056,85.77939872746332,84.57759611190552,87.40935157935498,86.38310639431437,88.13817898205347,87.60131565502711,88.00551716259547,86.80460492542811,86.38614598682948,85.59339634350367,89.36567492059298,85.85410491398402,90.14879552296229,86.29870358875819,90.37926510742732,86.54266587666102,83.41177789143153
S08,2026-10-13,2,140.7,2026-10-11,124.21262557401505,128.22265225268353,126.46439339002076,132.56826559989355,131.28301509811195,131.1772708983952,130.35491359901357,128.16915116388319,128.60019733685968,129.49198646027563,128.82105419713972,127.59993142563818,127.58018822152135,130.77033127028463,129.1093602843952,131.01923669058797,129.4719066091251,132.66956055838583,129.47866094786642,126.31212604720113
S09,2026-10-13,2,82.0,2026-10-11,116.82768083678101,121.26233345005394,119.27198161942589,121.50757387356524,119.89973856011687,122.38628519749106,120.57113131556785,121.24441731231552,121.0251031245504,121.14105430500847,119.675217124394,119.80726155894142,119.93804213660103,119.64293858664375,118.4240922655378,118.60068246977669,118.76701781409126,117.84594699995857,117.61293909209114,117.32639548437935
S10,2026-10-13,2,134.3,2026-10-11,122.16744674474175,129.40277589183034,126.90608003435423,129.1061586870028,126.3556485437722,128.18409632995343,125.19460744749624,125.78158567834527,125.78426598001153,125.51752875734002,124.58349679399163,123.98245571542412,124.53764699388176,125.41923211503655,123.80093239236504,126.16788242746026,124.54183767724663,125.65446709085137,124.0623664705816,121.10247944284112
S11,2026-10-13,2,87.0,2026-10-11,90.11865848308149,85.1422529424715,83.1119699751703,87.17762869003212,84.91030992059929,88.33419618926695,87.33153355742829,89.21830913679939,88.67736622946602,88.28099712984901,86.5435340132032,87.78608271735054,86.67262432234627,90.07970282690864,85.85495278494697,90.02697542565208,87.25534984724861,90.65918699162346,86.43041178839546,82.76108691351753
S12,2026-10-13,2,125.2,2026-10-11,127.15884685052808,138.9927300980591,146.3606780470994,135.62384437353805,134.55476677144443,134.5622540318056,134.05132199223647,134.44002180099488,131.83901743888856,137.26085405349733,131.99798243045808,134.76801447868348,131.8219083428383,138.85238819122316,133.51899729967118,142.6200330734253,135.69798665046693,144.18730144500734,136.08414058685304,127.82186059951783
S13,2026-10-13,2,230.1,2026-10-11,122.82354395294618,124.97833393138369,121.91220599995302,126.89556852391257,124.5703409966094,128.80493977051447,127.0401229905276,125.74172920244082,126.05776816116914,123.55904671805247,123.2635848249708,124.52724477904185,124.78159246104106,123.82652113097056,122.695764037541,125.43016556160792,126.46609154599055,124.84051367895945,126.02774942549213,122.01424786703929
S14,2026-10-13,2,87.4,2026-10-11,102.05090313210995,104.00590795708186,103.8593674059445,104.58720637196262,103.70140492648562,105.5493201428859,103.11927472252488,107.15172081674848,107.30465381826673,108.1001356789044,106.70707755770002,105.0542855807713,104.00469499315534,106.95787649835859,103.26099019731794,107.11808829988752,103.37938552583967,107.30261986936841,100.74269777025495,102.23983913149152
S15,2026-10-13,2,87.9,2026-10-11,95.34451944594366,97.13560452495551,98.00003114527023,97.69045440861971,97.50774807428576,96.59758668820038,95.7231243425917,97.04496420792171,97.1646913426263,99.80867816380092,98.52042914799281,98.24874736240932,98.18433858326503,102.7274537222726,101.5258746283395,99.89580966404506,97.89927436283656,99.2790165083749,94.6271433370454,98.30415178707668
S01,2026-10-14,3,120.8,2026-10-11,120.7077284677413,128.5637485916666,126.40253384183494,127.26929975965625,124.64646061906085,128.7153807753583,126.75815963284924,130.49955923897878,130.36855681283132,128.01479513985768,127.70559866768971,127.91359122140065,128.9683454786028,131.6509340558733,132.77162726266042,135.2913959775652,131.08555205208913,143.84978754861012,136.75880225045339,125.4993513379778
S02,2026-10-14,3,161.3,2026-10-11,142.12971710348313,147.04347328094147,147.5341697259493,146.2213205536616,147.2827054154936,144.9019707905033,146.4781125558774,143.67820734296527,143.54201382909503,145.62768883023944,143.77668899808612,142.96713895116534,142.9110269001552,149.03276056562152,145.05645460401263,146.5237092426845,145.73565668378558,148.71672243390765,148.16734022412982,143.94865340505328
S03,2026-10-14,3,131.1,2026-10-11,128.12756750508512,135.59526326774557,137.13507170107198,134.0719923249732,136.15294097364554,131.99595147616515,133.94103891023136,132.43694035666329,132.4426318849836,136.97646634238106,134.74209229605538,132.03861157553536,132.34486310141426,139.3662454332624,137.7359954561506,135.78495518820625,134.32837502615791,146.6646138872419,141.00131432669502,131.74254910605293
S04,2026-10-14,3,131.3,2026-10-11,119.61499017129573,121.58973210282241,120.38285610990417,120.03377590705068,120.46278749598702,118.95741649442478,119.95918175450223,115.93209524154665,115.84827537536623,120.78158969879152,119.41479225158693,116.6067840576172,115.60973901748659,121.96248645782472,119.47387714385988,121.51831264495851,118.67012424468996,124.44339771270754,121.61059589385988,119.0036460876465
S05,2026-10-14,3,101.4,2026-10-11,104.68755498232528,103.28015929756008,103.63710719013089,104.21724708902138,104.19205583397653,104.71626695489779,103.6048146088611,103.91482072557721,103.99753957475934,107.14323716844831,105.97569280351911,105.08498960222516,104.64610772814069,109.70280461992536,106.1910534449986,106.74794297899518,105.16334443773542,109.40162568773542,103.89940458025251,103.35266690935407
S06,2026-10-14,3,105.3,2026-10-11,96.79135495765627,97.84215578211334,97.39963796106821,95.85875234052334,95.93250046336722,95.38181048352216,95.17553199121608,95.38589335850307,95.66290809086391,96.76279498508998,94.53205634525844,94.75659133366176,94.54972125462123,100.87212706974574,94.20951701572963,101.57050086430141,96.97497703007289,107.04370881489345,99.04450847080776,92.96779109409877
S07,2026-10-14,3,60.6,2026-10-11,99.87539177559604,100.34592233454227,100.30318974354036,99.30583585945337,100.21473176670412,98.3717224883308,98.31409285609463,97.55498114994593,97.35124865940638,99.7832221167428,98.79716864994593,97.30813876560755,97.03673306873866,103.55111304691859,99.69277278355189,100.92318335941859,98.885580934797,104.1221064703805,100.70275489262171,96.58037177494593
S08,2026-10-14,3,139.5,2026-10-11,133.6039733920852,136.59967377396728,136.30758169992663,135.2055125905371,137.02193757758465,134.77444897635084,136.6224860836344,134.0975495644283,134.06412232596395,137.22608721930501,135.98537696082113,133.75132811743734,133.17418540198324,139.83852923590658,138.01636088568685,137.87090457159994,135.27990401465414,141.59932292181966,138.17166293341634,135.02128518301961
S09,2026-10-14,3,123.0,2026-10-11,126.21902865485119,124.95575368290415,119.6889617670263,125.79745544282997,122.38436037408381,126.21945575619736,125.39064408535859,129.6296701158796,129.44482752936227,131.90172288077218,130.12331959860666,129.47804114477975,129.6267118181501,135.2776241030012,131.8729266847883,132.0363969530378,128.89026448386056,136.728035899571,130.07541939871652,126.96534583227974
S10,2026-10-14,3,140.1,2026-10-11,131.55879456281193,133.5610021562573,134.23648461004822,132.99240577743151,132.0089515472665,132.37410220487445,131.85542862342658,130.54172466684014,130.49391530442864,132.2595167009893,131.2013861982885,130.2228205053869,130.39372096944481,136.86984632898003,133.78412340570122,138.34534452844292,134.68303488183648,146.5495080797735,137.69868086267144,127.89377681899697
S11,2026-10-14,3,78.2,2026-10-11,99.51000630115166,99.80724091015071,101.09218157062433,100.56808409070157,100.16667632872311,99.50750411458034,98.59165449460443,98.63511082785469,98.42729947226387,100.05869862692695,98.53609368460518,98.77423569815498,98.18320271628242,103.38322732107979,99.85544106619697,101.4286269869123,99.94135377066475,105.1324844087873,100.41721532004219,95.78253218787056
S12,2026-10-14,3,125.7,2026-10-11,136.55019466859824,138.56495123135983,139.36301761330793,137.60960491789783,139.39550589975966,136.83517220176142,138.35154339472638,137.05195074081422,136.99288110733033,140.17706232070924,138.26126031875611,136.54630188941957,136.03907399177552,142.47286014556886,139.205264377594,140.86191349029542,139.09755878448487,143.89162902832032,141.28070144653321,136.2115812778473
S13,2026-10-14,3,157.9,2026-10-11,132.21489177101634,135.00681791503916,132.93593235002103,133.5498715998316,133.77982332167764,133.63896450544834,134.77745571652295,134.12697980063302,133.97840067999704,134.11428067343576,132.884614440373,133.62358853476388,133.65160081045968,138.1980466570173,135.0117206301008,133.8864707674299,134.23659989493234,138.36415955679757,136.63481042044504,131.8700518335615
S14,2026-10-14,3,106.8,2026-10-11,111.44225095018012,115.14614077650761,114.8483864254896,114.21635690603095,114.38807823982953,113.89578507934145,112.81844046361137,114.36871009554181,114.550227696555,117.47928624834333,116.00631719316755,114.60600286211286,113.74646669115339,118.84576516832624,115.16832166399274,118.61514669145856,116.08009916033063,122.47930341448102,114.46388583864484,112.30620103563581
S15,2026-10-14,3,114.8,2026-10-11,104.73586726401383,104.05887302265583,103.41291835866662,106.27389467597209,106.3197375316858,107.43293622268682,107.84958167384357,105.50491286686488,105.73782111576625,110.21957351139613,109.13952304295131,107.42932177952358,107.3564067023141,114.1720566885812,112.85730792454311,109.32199050358363,108.95204211643764,111.35360957554408,107.03650046757289,107.7478337424142
S01,2026-10-15,4,107.2,2026-10-11,123.80826163884716,128.12894573187674,127.5391166207202,128.40791174534186,126.63988611958771,129.7613677519007,128.0792406373745,132.8931148801531,132.99242098672048,131.75212653023854,131.3214891706194,131.75920565468923,132.59237654549733,133.80708773476735,135.42585833413258,134.48604472024098,133.1202066693987,138.95204336983815,137.80373938424245,127.94640333993092
S02,2026-10-15,4,154.8,2026-10-11,145.230250274589,148.3994036939822,148.92876324862542,146.95498196695877,147.97078652967213,145.40236400733417,146.88744667519634,144.22982353482928,144.17652053151812,145.56995624814715,144.05925864492144,144.84139532361712,145.2078494480678,148.7208461216518,146.45634645734515,147.14450926099505,145.1567067555019,149.4588193348476,147.00807327542987,146.40023369107928
S03,2026-10-15,4,134.9061224489796,2026-10-11,131.228100676191,133.2693599804455,134.1167865836698,133.7286608776268,136.13427979698977,132.1227246601491,134.29350959946692,133.64015214102608,133.66331498282295,139.55830399649483,137.25391499655586,134.49103753226143,135.09855763571602,140.29072014944893,139.01824776785713,135.52035824911934,135.8295423235212,140.70239464896065,138.91454713003975,133.62137906210762
S04,2026-10-15,4,141.6,2026-10-11,122.7155233424016,122.38589145162044,120.99377027255352,120.63360975926493,121.38808639682465,119.26573568819097,120.22603184630948,116.98569412231447,117.27802677154543,121.81628150939943,121.06995506286623,119.26492805480959,119.29849548339845,124.14535541534426,122.43350048065187,122.31358165740969,120.2365037918091,126.20320053100588,123.61084957122804,121.59519596099855
S05,2026-10-15,4,94.4,2026-10-11,107.78808815343115,104.42434906894265,104.25245440314622,104.84698206162173,103.97270870652812,105.02360633519393,104.16917916107738,104.27253728594098,104.43802076067243,107.41759591783796,106.70236306871686,105.55636411394391,105.30081659044538,109.63080602373395,106.52044683183942,106.69337468828473,105.66712861742292,107.45694356645856,103.48956304277692,105.34438043321882
S06,2026-10-15,4,107.2,2026-10-11,99.89188812876213,97.3281662007514,96.82378879651176,96.15469510532962,96.29472772053506,96.59172254740999,96.72444642867573,97.77944709232875,98.28676892689296,101.28164817265102,98.77401257923671,98.25606776646205,97.68221999577113,104.8833819764001,98.50792504719325,103.17439557484218,99.19573356083461,109.31250406673976,101.16771651676723,96.17654944828578
S07,2026-10-15,4,107.7,2026-10-11,102.97592494670191,100.78083533492305,99.78358792618323,99.22025708258438,100.28623725506262,98.59651481945475,98.29676000250322,97.80468646458216,97.68678752354212,99.94956962040492,99.33151904514857,97.61380378178187,97.69144145420618,101.70472041538783,99.86129657200404,99.65688601902552,98.56836596897669,101.47147838047572,99.98684493473597,97.96267024448939
S08,2026-10-15,4,224.5,2026-10-11,136.70450656319107,136.65914274748607,137.75785707589492,135.77022857417836,137.68344682907022,135.07194277023765,136.84494867862583,134.64916575629232,134.84600079733846,137.42372763831136,137.0457655258846,135.27665103156087,135.68914092261312,139.08920825201986,138.29493296820638,138.2621904679012,136.2415458031368,142.3394552536678,138.30038417059896,136.445608741827
S09,2026-10-15,4,112.8,2026-10-11,129.31956182595704,124.35595900714435,121.53489714787258,125.65643168957979,123.41386458677074,126.46142475834236,125.74474795624636,129.98738381522043,129.88531109946115,131.0832652773176,130.2239436830793,129.58356568472726,129.93789860861642,130.2225541796003,129.5057711328779,128.43489977972848,127.65136143820625,128.4135212625776,127.34396359579902,127.54297635214668
S10,2026-10-15,4,148.0,2026-10-11,134.6593277339178,134.00326966421056,133.3025612096471,132.6204635765407,133.0052912160762,132.48976785201066,132.26806080448637,131.09333990502984,131.12842153001458,131.7140850870672,131.3650173990789,131.19058059144646,132.05645368981988,132.32130192208916,132.02506850648552,133.33480547357232,131.7201919405523,135.22435615945489,131.4483597128454,129.36510215688378
S11,2026-10-15,4,107.2,2026-10-11,102.61053947225751,99.97361783415295,100.22471002813354,100.50270015697583,99.99331653058958,99.43130546812357,98.66022159214938,98.88481614249092,98.76283833639961,100.15008256094795,98.99747941153389,99.07989880698067,98.83791253226143,102.68337151663643,100.08578488486152,101.1241655077253,99.97747704642158,102.73951432364326,99.62097642081123,97.2708563532148
S12,2026-10-15,4,155.2,2026-10-11,139.6507278397041,139.09951634983307,141.08579195534998,138.25916613170097,140.20180218865656,137.66253229157638,138.83060017330797,137.882670211792,137.90666036605836,142.0268753051758,139.97517518997194,139.18025188446046,138.83266620635987,142.84383182525636,141.5779817581177,141.43435363769532,139.36011390686036,142.06058006286622,139.7271197319031,137.92400388717653
S13,2026-10-15,4,146.6,2026-10-11,135.3154249421222,133.2816199680817,133.37086663326312,133.2266309889229,134.1138029103495,133.5642011345096,135.0904021060318,134.48469540732248,134.41888234274728,134.46471974509103,133.5273899759565,134.0888986315046,134.36775490897043,134.45896622794015,133.082181426457,134.16428658621652,133.86545893805368,134.93364617483957,133.17084929602487,133.0390038217817
S14,2026-10-15,4,218.4,2026-10-11,114.54278412128598,114.81230625498252,115.08389657474453,114.20477220255717,114.29939242660764,113.92564966040798,113.1899359396816,114.72642617906843,114.99070840563093,118.20558648790632,117.47912984575544,114.87472348894391,114.24070935930524,117.94295602525983,114.87604003633771,116.65918307985578,114.87834363664899,117.88506704057966,113.37385993685041,114.3099065371922
S15,2026-10-15,4,123.1,2026-10-11,107.8364004351197,106.82474899222345,104.97497416823424,107.3195908432643,107.14345525219885,108.22710397713088,108.42770788582979,106.42902137211391,106.67923118046352,111.80181933811733,111.40028430393764,108.4518656866891,108.55561019352504,114.38946200779506,113.40198184422084,109.50535155705043,109.72005797794887,110.60619021824428,108.60189200810024,110.44077063969203
S01,2026-10-16,5,114.2,2026-10-11,129.3150065845625,125.72629460139204,122.6204011328231,126.83395240866408,124.41931466899392,129.67304269211047,126.97175047428229,135.0768545423235,134.98827631814137,134.1797712598528,133.60240443093434,134.30104048592702,136.36698325020924,139.52105982644215,140.52584488732472,130.50854285103932,133.4037817273821,136.77733023507253,136.59367258889333,131.2449854169573
S02,2026-10-16,5,165.6,2026-10-11,150.73699522030432,143.71905785283187,143.02859817357236,147.1471222510851,147.44027022010766,148.8179510434533,150.4581422812793,152.38599199567523,152.3241643360683,154.65796179090228,153.427133505685,151.68826193128314,151.9715842655727,154.9077596119472,151.87259573255267,149.16679758344378,147.65293211255755,150.42912382398333,149.1134890965053,151.4078587940761
S03,2026-10-16,5,140.1,2026-10-11,136.73484562190632,131.60105097583732,130.11865020779828,133.93441493230335,132.87711761261008,136.67963666140903,137.094355891391,140.2761403764997,140.33761803763252,145.5507165636335,143.9294778551374,140.12437455313545,139.8724881853376,145.36899201529366,142.06341378348213,137.55902211325508,138.25243394034248,140.11023919241768,140.35328118460518,136.9634067262922
S04,2026-10-16,5,150.0,2026-10-11,128.2222682881169,134.97806075289023,132.39076893142186,130.96340476986356,130.10203492060998,130.584852840056,131.64231256824922,123.64082069396974,123.54236431121828,130.08383102416994,128.76718635559084,127.55330200195314,126.93715305328371,132.7441303253174,130.97921104431154,129.37986869812013,129.69048614501955,134.07740898132326,132.6600410461426,127.66661186218263
S05,2026-10-16,5,117.5,2026-10-11,113.29483309914647,117.41272250637545,115.37665718578604,119.08130275799627,122.31156138192368,115.47008014690954,116.47852916965748,110.72500329698835,110.88640790666852,114.37302976335798,113.53750234331403,112.62474828447614,112.59441953386579,119.30916791643415,115.95739751543317,116.92730718340192,118.96049695696149,120.5953732081822,119.26251035417829,110.73361879076276
S06,2026-10-16,5,116.4,2026-10-11,105.39863307447746,104.56761534260716,104.86170757550241,102.12707183047038,101.13804831948879,98.89284984753513,99.47406412569887,98.92663051060268,99.1665635245187,100.55600835255214,98.49733449390956,99.38877297810146,99.27767564228603,106.29914958647319,99.64783717564174,106.80300052336284,104.71742130688258,112.55847741535732,108.47452141216823,99.5130810873849
S07,2026-10-16,5,115.4,2026-10-11,108.48266989241723,109.7380702749527,107.35486118264899,110.68996619433938,114.59536988051568,106.67549479935548,110.27776086345463,104.13806048801966,103.82350818089076,106.59528628758021,105.9423665182931,104.59042254856654,104.51522723606654,111.99210063389368,108.76172725132533,111.33620921543665,114.87010280064173,115.67923251560755,118.169423021589,103.16861621311732
S08,2026-10-16,5,146.3,2026-10-11,142.2112515089064,142.00538330489155,144.0174487094872,142.16527124607535,142.91218318587553,142.6840123283857,144.4262670468606,142.7533661194515,142.70677245337484,146.55986464697835,145.42569602210042,142.53219378668783,143.6134792633724,146.9130865402889,145.41825736243246,145.23341811377523,144.07732547003744,149.5220075913143,146.0281168289852,142.99006999213216
S09,2026-10-16,5,114.7,2026-10-11,134.82630677167236,135.33689627069694,135.92825295735048,137.95822841086064,136.88568843083917,138.79755900641257,140.13371758545628,137.70959183829171,137.5991353716169,140.56505868094308,139.68059250967843,138.72787377493722,138.75639245169504,141.23009392874582,139.65769669669015,135.83025262015207,136.4415588106428,136.42661854880197,135.40433022635324,133.16439435141427
S10,2026-10-16,5,148.1,2026-10-11,140.16607267963312,133.59070769044024,130.87153696890798,137.00016344123986,135.16108682581557,139.4223477685516,137.87833953458747,139.4009952395025,139.30900858331353,141.5241060106817,140.90666578698784,137.3038396685186,138.3018808214727,137.84107778955132,137.96958921838433,132.10152266908318,134.07198427606255,130.19719909120232,132.31569407869011,134.76117514062554
S11,2026-10-16,5,129.3,2026-10-11,108.11728441797284,101.67779450024389,98.18748285559374,102.90298688188713,104.12015495191537,103.84904457806303,103.24692487805115,105.05286118643623,104.65013119833809,106.49427315848213,105.07107064383369,104.3690852846418,104.02396676199776,109.11865136282783,106.14646241324287,104.83773991721016,105.74297234671455,107.96170518057686,106.07889840262276,102.8906449999128
S12,2026-10-16,5,143.5,2026-10-11,145.15747278541943,142.03587933942399,143.6144550720727,140.97557344870623,142.67325309360908,141.91180113412136,144.32116390324828,145.46783142089845,145.39759044647218,148.9955852508545,147.54786281585694,145.43512706756593,145.342142868042,148.75424270629884,146.52008895874025,145.77427654266359,145.19921092987062,148.9588077545166,146.43048934936525,143.0979440689087
S13,2026-10-16,5,131.5,2026-10-11,140.82216988783753,135.85341263926227,134.61111894310483,136.09441224537323,135.28782700819687,139.2204280641182,138.60446244650024,142.20690438406808,142.0471505846296,142.53136727469308,141.9856376375471,142.34195420401437,142.21419617789132,141.95332715170724,140.57976243155343,138.66001126425607,139.64544770377023,138.46447560446603,139.12841603415353,137.28202817099435
S14,2026-10-16,5,115.6,2026-10-11,120.0495290670013,128.12306223807943,127.84595749815746,129.84270192046952,133.7240352657844,125.74865340931936,127.96282966705988,121.29249101366315,121.43413644518171,124.5975704738072,123.56314855303083,121.1996908732823,120.5547590800694,128.02566152300153,123.74462419237409,125.47032933916364,126.88706403459821,128.40470319475446,127.0688553401402,120.37132840837751
S15,2026-10-16,5,114.1,2026-10-11,113.34314538083501,124.14998121038575,122.5725183295399,125.47763101326538,128.2724544169658,118.22319339125403,119.01743358810599,112.0743718283517,112.36737300327846,117.08239795139858,116.3785653250558,114.80505229404994,115.01560260227748,124.08384944370815,122.20517589024135,123.26825000217983,125.66903354099819,126.53064013889858,126.2893433707101,114.76816035679408
S01,2026-10-17,6,124.2,2026-10-11,124.81772379425563,128.68353058194563,124.82512977040471,127.83626716936341,126.0015086095787,129.07089135788792,127.50028889999739,132.3802049909319,132.07253916604176,130.82722266060964,130.02918989998952,129.75538809640065,130.68389113289967,130.89657767159596,132.25184805733815,131.63626368386403,131.0084780011858,133.25857432229176,133.04302580697194,126.62860854012624
S02,2026-10-17,6,158.1,2026-10-11,146.23971242999747,149.95765082631195,150.68692541219866,147.98433432265062,149.27777755078492,145.4437180993503,146.74092700352588,145.04191583905902,145.05902237210955,146.80460352216448,145.66837448392596,145.5505623272487,144.9775118282863,150.06344789777484,146.61852688108172,148.52890867505755,147.11167425428118,152.45310301099505,150.38650030408587,148.45826572690692
S03,2026-10-17,6,165.3,2026-10-11,132.23756283159946,132.9587945778489,134.61856326686143,133.22697512458043,135.96005799820713,131.7362211975811,134.2395528654119,133.46310155051094,133.5081655229841,137.88061921255928,136.12958256857735,133.4890586580549,133.60765473502022,138.242657824925,136.72542493002754,135.42342965262276,134.74371735709053,140.39855591910225,137.9953309740339,134.89800469534737
S04,2026-10-17,6,123.4,2026-10-11,123.72498549781005,122.73289837400671,122.97501038465288,121.63553670090823,121.72914012642973,119.68436861350888,120.71689392483741,117.44234867095949,117.33535833358766,123.01231784820558,121.55515499114992,118.7798854827881,118.53913993835451,124.30019683837892,122.58389587402345,123.01144618988039,120.57843513488771,128.28056259155275,124.2226459503174,122.75368804931642
S05,2026-10-17,6,96.4,2026-10-11,108.79755030883962,101.57218533037816,101.24896773257626,103.13962222390553,102.93758977184478,104.36213018513838,104.00657355497916,105.44422059740339,105.59089093889509,109.39708715166364,108.52593618120466,106.54864221300397,105.93971353258405,109.69920163835798,107.65734677995954,106.92515187944684,106.81123929704938,104.42315297807966,103.16314225878034,105.33646112169538
S06,2026-10-17,6,120.0,2026-10-11,100.90135028417059,99.18668135688854,99.14489656673275,96.90604904226727,97.30002784841969,96.00769201847582,96.04168458862365,97.1750970023019,97.51754523686,99.35867453983852,97.41661406925746,96.9164013998849,96.6507125037057,101.92941142490932,96.61022998264858,101.39652921131679,98.97333384922572,104.09660316876003,98.79979850224086,94.53759528568813
S07,2026-10-17,6,108.2,2026-10-11,103.98538710211038,101.7442028284519,101.1950144080025,99.15674514101715,101.11705815088966,98.37039093661333,98.67864660516024,99.0843810217721,98.94460002354212,102.26287356785365,101.40097228458949,98.76982585362025,98.13015071323939,103.21088878086634,101.36186305454798,101.69239131382533,100.31689921787806,105.37260524204798,101.7250002997262,99.05418769291468
S08,2026-10-17,6,173.3,2026-10-11,137.71396871859955,138.4901044255832,140.61812241063424,136.40400256932293,138.45674662089473,135.20625433467046,136.99653409365044,135.37140095908163,135.40372622687337,138.4143253632259,137.5839620896053,135.9204403229427,135.31140864569662,140.34730399329183,138.4899383850765,139.89971984107015,137.57905829627035,144.79205954749105,140.45894683081625,138.54977954108236
S09,2026-10-17,6,142.7,2026-10-11,130.3290239813655,123.74530222635613,120.46658601701104,125.55399273775032,122.72070851043824,126.14084056712048,125.75638898132172,130.99337670462472,130.96183774130685,132.99870297568185,131.9497317995344,131.06237504141671,130.5092448915754,131.4923343385969,130.53129384177072,128.54846093314035,128.1769308771406,127.76640221732002,125.93774888174873,127.56926676886421
S10,2026-10-17,6,126.8,2026-10-11,135.66878988932626,132.47175820334417,132.2062138495243,132.07471314633335,132.0603253372335,132.17831407033754,132.06933889488073,131.90543244767815,132.010923370606,133.45078180719048,133.09602068353325,132.0012628881994,131.8804280607763,133.85637472558648,132.4832558481756,133.62241171289116,132.82558487344414,135.48238800454766,133.78817079950005,131.56084655213982
S11,2026-10-17,6,94.9,2026-10-11,103.62000162766599,100.03098398590362,101.4121942362248,100.7166347645148,100.2081863706916,99.14431302541631,98.70069641482013,100.16451069968086,99.93509575980049,102.21031186240059,100.81939789908272,99.99328515189033,99.38184640066963,103.47605034964424,101.54787442343574,101.72897908346992,100.34067341940742,105.02335259573799,99.3841933931623,98.4132222856794
S12,2026-10-17,6,146.0,2026-10-11,140.66018999511257,142.34996189375278,144.72201281621514,139.66054105589845,141.3300867356512,137.5001358389328,138.64809055800742,138.41565828323365,138.4243362426758,141.34451179504396,139.99507932662965,138.76394586563111,137.81444244384767,143.5983617782593,140.97650508880616,142.3571460723877,140.38895349502565,147.55805759429933,142.48611717224122,140.04005031585694
S13,2026-10-17,6,135.4,2026-10-11,136.32488709753068,132.15708864432676,132.376322688198,133.3027174649353,133.9623634892661,133.34163651420556,134.9111519345385,135.49068829672677,135.40985390799386,135.19026085989816,134.47603413718087,135.49062726157052,135.33759495871408,135.28330895560129,134.1190967287336,134.4366473879133,134.66431328909738,134.75522515433175,134.38986298697336,134.62510869162423
S14,2026-10-17,6,122.5,2026-10-11,115.55224627669445,113.97786060536053,112.87152064492038,113.4739243844895,114.18142437156119,113.69943998433934,113.38220348765563,115.89810710634504,116.14358049120221,119.50803571428571,118.60025983537946,116.0509052821568,115.06858258928571,118.91886907305036,116.06199079241071,116.06095319475446,115.87890296663556,114.04909616197858,112.08644300188337,113.93630605425153
S15,2026-10-17,6,108.9,2026-10-11,108.84586259052816,104.25208091002378,103.96952685751967,105.8040961892827,106.22487276382998,107.41466954098549,108.08131290292872,106.69676448277065,106.8796982901437,112.06091357639858,111.07645656040737,108.66035891941615,108.68726207188197,114.41379405430385,114.20176936558315,111.62574435642787,111.83333445957729,109.1889262335641,108.37555457523891,109.08202506474086
S01,2026-10-18,7,131.4,2026-10-11,120.44691019813592,128.05226116844278,124.61045522341834,127.65381047442277,125.69140383622448,128.985997215187,127.31954298945287,130.13600333077565,129.63501532418385,126.01202566964284,125.06194861275807,127.26208861214772,129.31354506356374,128.23044379098073,128.56920225960866,130.25682242257253,130.4308584485735,136.11597807747975,133.90011198861257,120.36514647347585
S02,2026-10-18,7,117.9,2026-10-11,141.86889883387775,146.93742816031724,147.03557898409832,145.06498719292452,144.877085197604,143.26528385631244,143.2898627395739,143.93705338750567,143.76522535596575,143.19003505025591,142.04454356942858,143.62853760038104,143.51255363736834,146.03157610212054,143.01710933957781,143.54187578473773,143.06015509877886,145.3963465145656,144.58783430371966,140.9103348008224
S03,2026-10-18,7,114.8,2026-10-11,127.86674923547974,124.21990488805469,123.61889719993133,126.89703331506541,127.36076907768208,127.35492650384985,128.78864425393542,131.79530160086495,131.73708169119698,133.61247746603829,131.8396331514631,130.48911492483955,131.3889209474836,133.54225651877266,131.7207776750837,129.89993302481514,131.65128152029854,131.5480252947126,132.79839341299873,126.49726216452463
S04,2026-10-18,7,111.4,2026-10-11,119.35417190169035,121.65526498140709,120.64783543703598,119.73466790712355,120.38534730675168,118.43862707794788,119.50808640499304,116.12939805984499,115.92472000122072,120.1435033798218,118.84253902435304,117.73021192550661,117.14589996337892,123.5523693084717,120.0451557159424,121.80409641265871,119.1414601325989,126.58186264038088,122.83073253631594,115.75296802520754
S05,2026-10-18,7,102.8,2026-10-11,104.4267367127199,109.37064133987789,106.45652029983293,107.55525077055859,107.52547555278443,106.28317879794908,106.0438894987366,104.39658265795026,104.45362477983747,106.38062101091657,105.47662454332624,106.86356073107038,105.72612100328718,110.91901879991804,107.62883477892194,108.64666181291852,107.11053853716169,112.47133451189313,110.89362340654645,102.1519613810948
S06,2026-10-18,7,97.4,2026-10-11,96.53053668805089,98.44947827032085,97.85581134040339,95.82023661226731,96.08918554064334,94.9953115006482,94.78688898346248,95.21516848972865,95.36876346043178,95.83090068272182,93.67880679539272,95.58252860477992,96.30322410038539,102.4923679964883,96.02590896061488,102.60376144817897,97.10217811039516,111.89825250080654,103.01979924610683,89.82592822483608
S07,2026-10-18,7,119.1,2026-10-11,99.61457350599068,104.19545747452518,103.3340039136014,99.99587545709556,100.49923885311121,98.94088091190646,99.12154101149527,98.03674308231898,97.8073338644845,99.02060595921107,98.29810038975306,99.08474437168665,97.9703320639474,104.0173701422555,100.92911521366663,102.98771087101527,98.7475365774972,109.29162494114466,106.84969417027064,93.36402884892054
S08,2026-10-18,7,129.0,2026-10-11,133.34315512247986,130.92711388027465,130.5130794693134,131.71856118386305,131.7958982318842,131.50709142935324,132.52578184856642,134.05845034796712,133.99308789450643,134.54638875205038,133.69987786490438,132.7988540001583,133.20038140494344,136.0164038010311,134.1795626946163,134.04432404715536,132.72175133902547,136.05661643225667,134.05090916831014,129.8611038990688
S09,2026-10-18,7,117.7,2026-10-11,125.9582103852458,120.72124301670277,120.06610617409012,122.9018371832112,121.23412694534143,124.09723399064735,123.27271193780905,129.6804275240217,129.55119893210275,128.91308495657785,127.6863550867353,128.6985120500837,129.10071942465646,127.8482408251081,126.6816205705915,126.23766753332954,126.59220072882515,125.01167461531502,123.36363837378364,122.82476386683327
S10,2026-10-18,7,133.4,2026-10-11,131.29797629320655,126.82843744856953,124.78058808749613,127.35698800112989,125.6817290726385,129.07914007154048,128.20357360981077,130.05267690110833,129.96928094316155,128.35682935256392,128.0362539439264,129.00009028602273,129.80200813699395,126.91759406018883,127.08740936208397,128.05719701934487,128.5591453759733,125.420009598023,124.51299570489556,122.62385033059746
S11,2026-10-18,7,83.0,2026-10-11,99.24918803154628,101.46028914644879,102.79260251157548,101.45316858187553,99.3143654855285,99.28545319650405,98.57370683018884,99.11687276022774,99.75572774069649,100.56780526297432,100.57676598685127,100.9439553941999,100.16357800619942,108.02924248831611,103.92763421194893,103.45328042166572,100.01950070517402,110.13602158682686,106.83436867850166,96.87493369238716
S12,2026-10-18,7,129.8,2026-10-11,136.28937639899286,134.60792294255913,135.12451691211047,135.45278369238486,135.67280240857622,135.35986167746276,135.31004016045202,137.10270767211915,137.01369791030885,137.4765685081482,136.1109908103943,136.13844161033632,136.33029894828798,138.74544696807862,136.99770908355714,136.16546993255616,135.873890209198,136.5265295982361,136.84286479949952,131.58775572776796
S13,2026-10-18,7,135.1,2026-10-11,131.95407350141096,126.90386493977765,125.39864702905884,127.53412868557642,126.66246606136822,129.01798424885806,129.57393486115663,134.17773911612375,133.9992146219526,130.7016219820295,130.06031462805612,132.75869032996042,133.5754618372236,129.6933259691511,130.11514422552926,129.48590132849557,132.63132378714425,127.45321449892863,130.62829301016671,127.13761589186534
S14,2026-10-18,7,103.7,2026-10-11,111.18143268057474,116.88755439162331,115.90886399917251,114.58189196493684,115.56596583689188,114.72713068017347,113.49215311706013,114.44838958467756,114.51044469560895,116.25455384935651,114.84646897997175,116.18002134050641,115.26373820986066,121.64986139025007,115.60673242296491,118.1366158076695,116.38619094576154,122.95935445513044,117.71969609941755,110.2002795287541
S15,2026-10-18,7,96.2,2026-10-11,104.47504899440845,109.19320534782477,107.4337442206031,108.96106472420094,109.17494546543557,108.8084571760828,108.94746712294304,105.29427577427455,105.38198710850307,108.99330378941127,107.60192347935268,108.49029494694301,108.2966847555978,115.63749171665737,113.59141780308315,113.59891559055873,111.24258662632533,115.60422755650112,114.48428775242397,105.79414607456752
S01,2026-10-19,8,119.1,2026-10-11,114.93173174563306,125.01418821512638,122.90357847089108,126.55976711837926,125.38687534231832,128.4620310571548,127.20431890720909,128.35250265938893,127.86255629403249,126.1167944226946,124.30802138192311,126.68135054452077,127.41371710641042,127.242503956386,126.53098662240163,126.27367003304616,127.09530051095143,129.50207312447682,129.18079932076589,119.47061140877858
S02,2026-10-19,8,132.0,2026-10-11,136.3537203813749,128.53014051644467,127.71845623962263,130.87634974080387,126.71779391609263,134.40722260616195,130.84663059056516,135.86646026883807,135.30776256833758,135.6136135510036,133.98093361173358,133.5226778439113,133.67195648465838,135.5217914036342,132.7860726765224,132.87768310819354,132.04743284497943,133.2440142086574,132.40525812421527,133.90084118161883
S03,2026-10-19,8,141.0,2026-10-11,122.35157078297689,121.76248912775142,121.18354377081312,120.55747101983158,120.35524224248654,119.89542712637464,118.82660644508901,125.35367195265634,124.83628313200815,127.54706399100168,125.31435196059091,122.48410783665521,122.6702673728977,126.1404794897352,124.35213760989053,123.48706965105875,123.18307237284525,125.57017056601389,124.64199440138681,121.0649065222059
S04,2026-10-19,8,122.7,2026-10-11,113.8389934491875,111.7308371191533,108.07378848360288,109.96475753084235,107.89239394951234,112.18724836948353,110.66187418206418,108.53267664909364,108.72707076072695,112.30778272151949,111.42025951743128,109.63593919277193,108.93480057716371,114.3391398906708,111.49569974541666,112.20806164741518,113.30398602485658,116.80315132141115,116.10888833999635,110.68480212688448
S05,2026-10-19,8,107.6,2026-10-11,98.91155826021705,100.64106628455703,101.08122125473845,100.42388932340762,100.5901719607119,99.39810490657405,99.30259371845081,97.9269047328404,98.30310731615339,101.14474874223981,100.40780597414289,99.833195740836,99.45385080065046,104.39095884050641,102.3624687739781,101.56337028230939,101.50715499605451,102.88608508791242,99.83839088167463,97.0237076827458
S06,2026-10-19,8,90.2,2026-10-11,91.01535823554802,93.48656439579938,90.89099331963476,92.54649637865981,91.09523495361974,92.7045554172821,91.83767974515384,91.39386416843959,91.78676368168422,92.76798964909145,90.89061213902065,91.33364249638149,91.27364684513637,97.1117425101144,91.4153895514352,93.53327990940639,93.68488456181117,98.91826869419643,96.05256034306117,89.23230029514858
S07,2026-10-19,8,88.4,2026-10-11,94.09939505348781,96.84999509021299,95.67133028439763,95.05506264077215,94.68785087768698,93.3543951563136,93.14287856950536,91.56706634930201,91.65681806973048,93.7487572806222,93.19471303394862,91.7222360747201,91.04858330658503,96.60704795292445,93.20258037022181,94.6973566191537,94.092922605787,97.05942908695765,95.00393382481165,89.32833165696688
S08,2026-10-19,8,107.5,2026-10-11,127.82797666997698,119.86822520709524,120.57082598391136,121.88692336798071,121.5964951767033,124.38995430258444,121.72404721729806,126.17374957282064,125.71848810393331,127.10341025073049,125.86503112990377,124.10348571021078,124.37519086081502,126.45520938117025,125.24048007208822,125.268132097311,123.13146842200277,126.40183604437826,123.0747338600826,123.11015809256551
S09,2026-10-19,8,113.3,2026-10-11,120.44303193274295,116.51239476555347,116.79319747584613,118.21799011170094,118.4025244866865,120.00567273031423,120.54757980388976,123.34069893019539,123.61054727690559,123.33669814722877,122.65217194216591,121.73283107834202,122.21442178147178,121.4121826316629,120.56208029644829,120.2265391077314,120.84226897614342,119.30029675619942,118.28585145132881,115.94836184637886
S10,2026-10-19,8,135.8,2026-10-11,125.78279784070368,125.25839836745041,125.6696805458137,124.17720105156532,123.32014518667219,124.36732981209407,122.63966980779158,123.86980293679864,123.30862615991265,123.3236961214605,122.33565376687676,122.16698883462578,122.67737530160576,122.28341482568413,121.78348444390923,123.62629602838189,122.54375265527398,123.44674204278618,121.37352178979546,118.50103853631646
S11,2026-10-19,8,83.1,2026-10-11,93.73400957904342,92.78294423028477,90.69754482781933,93.79775803186102,92.83499262228483,93.72978599262989,93.09335325767375,92.64719698088508,92.64731404440742,93.98524853842598,92.91265723364693,92.89091632025581,92.15028378622871,97.15451714651924,93.48143598692756,94.4207210268293,92.85545656340462,96.36205956595283,91.67647788184028,88.72218963759285
S12,2026-10-19,8,131.9,2026-10-11,130.77419794649,118.63940802367549,115.51793894021631,122.2314406273882,118.14526583234397,126.1732191701027,122.924490003845,128.91788201332093,128.438973236084,129.73346810340882,127.97602348327638,125.87284593582154,125.61532239913942,127.36861114501954,125.68274145126344,124.45222358703614,124.19160156250001,123.93323402404786,122.99261932373048,124.63476448059083
S13,2026-10-19,8,136.6,2026-10-11,126.43889504890811,123.78638535410033,123.43921731656157,122.52937339583221,122.5495227903221,123.07187243343138,121.84790786226233,127.65698918955668,127.0885703291212,125.16737559693202,124.0428715671812,125.0718854393278,125.32034322874888,123.81324288504466,122.87152168410167,124.11098978178843,125.5002529348646,122.26199409621104,123.61990258353099,121.09802958624705
S14,2026-10-19,8,88.0,2026-10-11,105.66625422807188,109.47085207790737,109.89644108262917,108.66731210117761,108.15451779173246,109.46150159507094,107.99797952523812,109.32215585793767,109.61807912077222,112.29478460039411,111.29822140421186,110.9814758845738,109.85823064531598,115.08834176744733,111.94481473650251,111.93815189089094,112.1735027381352,114.93648057665143,111.50370722498212,107.34177547182355
S15,2026-10-19,8,70.3,2026-10-11,98.95987054190559,105.60502851627838,101.64762880593469,102.87546898059068,101.2753156289047,100.4139114858677,99.90790904631069,98.9037175314767,99.2413149016244,103.42197276524135,102.5764994757516,101.82549287251064,101.79952241352626,108.45393134525844,108.06718970707485,105.96749926975795,104.51590300968715,107.63978816441127,103.96449614933559,100.77542115620204
S01,2026-10-20,9,109.1,2026-10-11,114.65174890154678,128.29807054806534,126.77605996466689,128.046528656286,125.85770944348101,128.8747043712154,127.04200649260721,127.41653616768971,127.05213530404225,124.66230185372487,123.12093527657643,126.11998732430592,128.27363951546803,126.08927710396901,127.10941298348561,128.2244203839983,129.5171850476946,129.4687345777239,131.61566908700124,121.16694624764577
S02,2026-10-20,9,145.9,2026-10-11,136.0737375372886,152.23741790299303,159.27715147490918,146.40193366757808,146.18839899180531,144.07406268389178,145.3325926793595,143.0909850052425,140.5549904066005,145.38609070096697,141.06937051330294,143.9641618183681,140.61091411624636,149.15540117536273,141.67003661905017,150.73327154432025,143.97504228864398,153.3787478855678,146.04067510877337,140.90082523737635
S03,2026-10-20,9,94.5,2026-10-11,122.0715879388906,121.28770657389178,120.11588313541017,123.92804269975905,121.72099842308818,125.13221892244785,122.5651126060632,124.31662861960275,124.45830278056009,127.6231991495405,125.7904457296644,123.4898549761091,124.06376020567758,128.48213879721504,126.61827246802194,124.37158457892282,125.8085269178663,125.93535868780954,127.4028736795698,123.61925648110254
S04,2026-10-20,9,211.8,2026-10-11,113.55901060510121,115.05915752409743,113.09604842844159,112.76700903320388,111.98335700577708,112.1334532195823,112.04274493617545,111.10315713733436,110.95348462164404,115.44698400497438,113.57397861480715,112.65011413097383,112.08247418403627,117.82388038635256,115.09805221557619,114.76651949882509,114.09631748199465,118.20908946990969,116.11148805618288,114.1044146537781
S05,2026-10-20,9,94.6,2026-10-11,98.63157541613076,98.67144296993924,99.61085274358247,97.02855285767053,97.11062696540453,95.35496310629559,95.8984091695442,96.6481760093144,96.6730920621327,99.31539374079023,97.94896989549909,96.43894034113202,96.11331837858472,100.51187520708356,97.67143278803144,98.42903142656598,98.09427886690412,99.08825855936323,96.18914639438901,96.94751220430646
S06,2026-10-20,9,87.0,2026-10-11,90.73537539146174,94.12033139386023,93.77074047816492,92.77967737004279,92.46649117996083,94.27532883788781,93.57885592155598,94.17914821079799,94.39655066898891,94.98288108280727,92.68969394138881,94.25210334232875,94.64668227604457,99.49330855778285,93.36678935459682,96.95669223240444,95.78925563267299,100.73657657078334,97.16389800480434,89.54534388950893
S07,2026-10-20,9,109.2,2026-10-11,93.81941220940152,86.48139311361584,87.33753516003023,87.90180002000362,86.90130688535649,88.58772935701123,88.63064053937467,89.25678419343062,88.77581457069941,90.48954335621424,89.30182897320815,87.98055342606135,87.24068383148737,92.2876862662179,89.03279560825654,91.60930816105433,89.80025855473109,93.38608399799891,91.33798924854823,86.10420242718287
S08,2026-10-20,9,141.9,2026-10-11,127.5479938258907,130.4744422958247,128.72185099266997,134.05296527343543,132.71116706216918,132.0756283507657,131.8176098476168,129.032210535593,129.52094746310232,131.06975663382528,130.70758498389242,128.59212983328817,128.90389562327383,132.51103199202535,131.32404649931905,131.70382536131856,131.99382198531148,133.83136714179037,133.01903022009847,128.65111171383379
S09,2026-10-20,9,145.1,2026-10-11,120.16304908865666,122.94187429977653,122.74622160361697,123.48158412930364,122.90387173609852,123.73027206083029,123.0870266250754,122.19733277218681,122.12325892107826,122.93133220332008,121.73601156728607,121.0038481082235,121.45242993789059,121.88339603202682,121.10758283989769,120.1469629730497,121.67676858859402,119.70495519297462,120.06080803530556,120.03362390654426
S10,2026-10-20,9,136.4,2026-10-11,125.5028149966174,130.72131542561075,128.60390923263648,130.49091611996312,128.5072345367342,129.08480586369177,126.24916719381835,127.0568184702459,127.11652241635949,127.699894592053,127.05448482919365,125.9368085711065,126.88506041455895,127.93857847142846,127.12742708612114,127.49930129933983,127.60776846099526,127.75442050386101,127.1048742382589,124.45848391938836
S11,2026-10-20,9,75.4,2026-10-11,93.45402673495713,86.81661226033816,85.18759998501513,88.73083021523126,86.65188465014369,89.49269693786272,89.31077965302441,90.3369140948568,89.76631036656242,90.72603330271583,89.01977226393562,89.1378556217466,88.19382676737648,92.82377335684639,89.1413619841848,90.83681902544838,89.26236060517174,91.68918928759437,88.26651141302925,85.26447531836372
S12,2026-10-20,9,141.9,2026-10-11,130.49421510240373,139.527455029223,146.9982968277479,136.3543139180936,135.20680214178196,134.86779878006178,134.50246283146328,135.392937707901,132.85161834135653,138.99398546218873,134.0197462320328,135.719331073761,133.08391906619073,140.31333522796632,135.54980664253236,143.18876724243165,137.02071790695192,144.49907188415528,138.03308229446412,130.51878814697267
S13,2026-10-20,9,133.3,2026-10-11,126.15891220482182,126.85985942692594,124.58192371368408,128.67428139052203,126.49423924093594,129.72705536610067,128.78728587236375,126.69464466231211,127.07036969321116,125.12478271382197,125.06476781027659,125.44683489458903,125.99126176791533,125.23764911549434,124.66007659094676,125.8021260227476,128.3468365396772,125.16953227179393,127.23588082449778,124.5352872337614
S14,2026-10-20,9,100.8,2026-10-11,105.38627138398559,105.6300001385366,105.56651687840527,106.2991547898113,105.42430636449915,106.11930215626892,104.33219938740382,108.59264465655599,108.71325402941022,111.09594732012067,109.68378269161497,107.59489017214094,106.83137374605451,111.10543590273176,108.03709744896207,109.33824020113263,108.5166035243443,110.76515489305768,107.20185929025922,107.36798387254987
S15,2026-10-20,9,112.1,2026-10-11,98.67988769781931,99.6888844692001,100.33885392980335,99.57773514977956,98.84734740305987,97.57786375465804,97.21296175812319,97.55029179028102,97.53711344173976,101.46983529499599,100.05294753483363,99.55806256702968,99.50640632084438,105.7805895941598,104.21272136143276,103.09297515324184,101.54700089863368,103.49974109104701,100.30036355427333,101.05308581760951
S01,2026-10-21,10,103.8,2026-10-11,124.04309671961693,132.23163874796467,131.490575140378,128.77819248827814,126.67037849146679,129.18498238618048,127.48264491045175,132.29173071725026,131.88778574807301,131.65892775399342,130.37119849068776,129.5985010419573,131.64475901467458,134.74526198250905,135.78200323922292,137.00216372353688,133.31029112679616,145.8576106582369,139.68905957085744,128.18780882699147
S02,2026-10-21,10,163.7,2026-10-11,145.46508535535878,148.35774545203066,148.7028249199547,147.237492391351,147.97649238867686,145.32555762681156,146.82872975181309,144.95344204221453,144.87427086148944,148.08436626706805,146.57922024045672,144.79109520230975,145.06012911115374,151.13636488233294,148.29144901548113,147.7398671558925,146.6665191105434,150.27132410321917,149.97233671460833,147.6549119404384
S03,2026-10-21,10,119.1,2026-10-11,131.46293575696077,135.34707510030495,136.54830147417186,134.21778164503218,135.95570373604798,131.96312140055002,134.0702821489318,132.77657811301094,132.73870961325508,137.99687401907784,135.85285584586006,132.75433747427803,133.17416875021797,140.98534409659248,139.61642090933663,135.52260129111153,135.74695412772041,145.89584176199776,143.07417313711983,133.52244965689522
S04,2026-10-21,10,128.8,2026-10-11,122.95035842317137,123.70405886327706,123.18993522578904,121.37367057651866,121.54220043766539,119.74638914143821,121.044402019825,117.03155632019045,116.91650552749635,122.92404861450197,121.3795120239258,118.6009771347046,117.60317058563234,124.84503765106203,122.45536346435549,122.73442478179933,121.89217014312746,126.20882720947267,124.72524852752687,121.5700113296509
S05,2026-10-21,10,111.2,2026-10-11,108.02292323420092,106.97661649357362,106.09357263367988,106.81438599765549,105.98258271730816,105.8294925564256,105.36668414351689,105.03342824663434,105.17203622545514,109.70721059526716,108.48304753984723,106.47708802904401,106.00590806688581,112.14403157915388,109.23436170305524,107.91028791155134,108.00943761553083,111.09034066881452,107.2667017527989,106.37348085130964
S06,2026-10-21,10,87.9,2026-10-11,100.1267232095319,100.49654128000644,100.16397382212247,97.48283131121849,97.23664197609892,95.91896950708335,96.00392706304346,97.08662272862026,97.33279181889125,99.811819090162,97.6346106665475,97.48454047611781,97.50963260105678,104.41911961010524,98.62766887119838,102.47563387325832,99.75054933003017,109.71613956860133,102.93997456005641,96.36717463902065
S07,2026-10-21,10,91.8,2026-10-11,103.21076002747168,102.82348691161035,101.90830323986089,100.38887844319088,101.16502657553694,98.86756161431703,99.16059388522908,98.67358867100306,98.52574531010218,102.31122294834681,101.2699565070016,98.69827166966029,98.20294372013636,105.85168353489466,102.4989546912057,101.46048060825892,100.88377944401331,106.31735888889857,104.2654694693429,98.80196658543177
S08,2026-10-21,10,145.6,2026-10-11,136.93934164396086,137.4833901152674,137.50453978031473,135.743526301044,137.6068104519989,134.90482685737575,136.77455617881407,134.96060860831258,134.98487342078207,138.86376822669027,137.78593314368246,134.66256440360067,134.4472571678829,141.04977191168783,139.9669891663265,137.71190703589437,136.34211171347616,141.63916362006185,140.10175860602376,136.81793654639242
S09,2026-10-21,10,138.3,2026-10-11,129.55439690672682,125.03723903339389,120.11262984579366,126.5939708572544,122.97280317626839,126.75079523691244,126.05560938522272,130.58258435385568,130.5429830278669,133.81850239889962,132.2151021684919,130.47035214560373,130.8546857561384,136.36472890036447,134.0652856554304,131.90586373465402,129.73832795279367,135.2968129839216,130.76198670523507,129.1540603365217
S10,2026-10-21,10,103.3,2026-10-11,134.89416281468755,134.32669875101672,134.090184108153,133.27764148577128,132.14579722489623,132.88437434282372,132.418391887849,131.8169584124151,131.82617257524163,134.5018000452581,133.58640669274956,132.18760274339348,132.70995376992852,138.73480223107964,136.9715175478521,137.83128546167046,135.60574053216607,144.7677183001104,138.81265257287652,131.4752755014959
S11,2026-10-21,10,183.0,2026-10-11,102.8453745530273,101.69329008683894,102.68641664761908,101.93942063515246,100.90062398064973,99.8432005812868,99.02800166935387,99.75371834891182,99.51624104636055,102.54770848410469,100.98789784567695,99.92173096793037,99.2233276094709,105.19960782187324,102.33998677389961,101.30081460135322,100.92965314047676,104.31386468069893,101.36212060110908,97.6590981210981
S12,2026-10-21,10,149.3,2026-10-11,139.8855629204739,139.22057471663425,140.43261729129554,137.98594937374457,139.98233816352086,137.11896869677406,138.56202277526205,138.0048659324646,138.00548343658448,141.97009925842286,140.19705085754396,137.41665678024293,137.3927324295044,143.11938934326173,141.3419683456421,140.78925495147706,139.77679901123048,142.48318939208986,142.30101947784425,138.48247652053834
S13,2026-10-21,10,146.8,2026-10-11,135.550260022892,134.92521283463668,133.57502039013937,133.77197970404958,133.92526717360883,133.56798235453485,134.79499163708488,135.07989594595773,134.99099919455392,135.7399291719709,134.59981629507882,134.33890626089914,134.57485673086984,138.8822507585798,136.63835236685617,133.3257846559797,135.28731057303293,136.29434106009347,137.38298413412912,133.9099664415632
S14,2026-10-21,10,88.5,2026-10-11,114.77761920205576,116.86148333392545,117.21767943182,116.29980703299927,116.78250425339348,115.09626210006034,114.59601922373145,115.80963235582624,115.9588289805821,120.5130281993321,118.92397695268903,117.03371911730085,116.30619340624128,122.28601175035749,119.61574369158063,119.19287496294294,118.53462033952985,124.23122506822858,118.38093763078962,116.66796975816999
S15,2026-10-21,10,110.5,2026-10-11,108.07123551588947,107.88480056523707,106.60188475935405,108.56582329197914,107.81675284283637,108.34713541298956,108.69782034262668,106.01024104527065,106.11024238041469,111.82167293003627,110.54626609257289,108.53435851505824,108.39206172398158,116.40235568455287,115.08081294468471,112.47816134861537,111.72172404697963,115.87062694004604,112.20078898838588,109.77889491489955
S01,2026-10-19,1,119.1,2026-10-18,114.55034668439019,112.1444330427863,112.23827224247994,112.57672252855947,112.53688467313384,113.25170754772064,112.88340344015195,116.47465574400766,116.601890202931,113.32376324789865,113.98526656287058,114.82330184834345,114.98711427705629,110.3749250139509,112.00773679869516,113.40422856467112,114.56242030518396,112.49669539587839,113.7639311517988,113.23005115645273
S02,2026-10-19,1,132.0,2026-10-18,140.45176748492221,137.56165367924015,138.01552141745847,138.93488629789553,138.28939802234615,142.39325890769413,139.07188674716397,143.10173459734236,142.5921258517674,141.01800962175642,141.21301503862654,141.5289082118443,141.15791745867048,138.54928250994,138.85524697984968,140.00128598894392,141.36552758898054,136.5590757914952,138.38278814043318,139.10238500322615
S03,2026-10-19,1,141.0,2026-10-18,122.74989118293365,116.17786053622537,113.8430844029507,119.67165574044733,117.66474765066971,123.11373296583375,120.07293604583478,124.91267196833218,124.43819181620205,122.69325534998501,123.10919944941128,123.39050762354458,123.133835718027,121.43932144342983,122.36656372248257,119.75391285120571,123.18041317164028,116.37222377955044,120.53675930201138,118.71822063623989
S04,2026-10-19,1,122.7,2026-10-18,121.02763777136789,117.07454571627787,116.1934127147242,117.55170513196794,116.3009629963136,120.57762796449114,117.79198755112846,120.57434543882097,120.09400829587663,117.16141828809465,117.29140981946672,118.97376188550676,118.9732583454677,114.1206324986049,115.49508795057024,118.01827177320207,118.03735002790178,114.49138674054826,113.72162756238664,115.74421819959367
S05,2026-10-19,1,107.6,2026-10-18,100.60358666648682,97.5769625866369,94.00828716358902,97.90316809741145,96.37205334585119,100.07469116516926,98.78331241894301,101.86984827348165,101.79194989034109,103.19716127940588,103.80163928100042,102.37665622287564,102.01506479808263,102.39075081774168,102.50028204151563,100.38382967540197,99.81671985217504,95.12894114085607,95.45598324366979,99.1455126626151
S06,2026-10-19,1,90.2,2026-10-18,100.2176510289406,101.2644700043141,99.21240078565958,102.95104897331198,100.52067513452725,103.97988691594996,102.97425956346682,106.06996097564696,106.0980595588684,105.20191138386726,105.46268572807311,106.40662755966186,106.43186225891112,103.64988818168639,104.6276276051998,102.76160087585448,104.68210209310054,97.17337026596068,100.67018547058105,102.24073495864867
S07,2026-10-19,1,88.4,2026-10-18,92.84448789533289,95.91393745897346,95.20161897245055,95.75200645609509,94.41184594534975,95.51203601111486,93.48576874171724,94.57612756661005,94.47052446774073,93.41440836361475,93.39415255955286,93.30567304066248,93.12228719166346,92.90511027744837,92.33750835827418,91.60611096790858,91.8170220034463,91.28915730885096,92.57127539089747,92.09585157803126
S08,2026-10-19,1,107.5,2026-10-18,133.3777136468689,135.21682277733782,134.5727644311496,138.83846032577745,137.57629967999267,141.03883836390295,140.20618802544186,137.04314111982075,136.5329711369106,135.47131037030903,135.54128526960102,138.29671739850727,137.59206270490375,135.58302950177875,136.1900756290981,138.2175891331264,140.16072916303364,135.9766566685268,138.98141550336567,134.53080057416645
S09,2026-10-19,1,113.3,2026-10-18,115.86064022862847,117.41783285782444,118.2716979981801,116.71665427331851,115.27127850136937,115.05385431040861,112.45447142263787,116.11581367254256,115.62181534618138,118.72576332092284,118.48491144180296,117.30186915397643,116.87215530872344,119.18326330184935,119.30398011207579,117.15720546245574,116.69387042522429,117.8948242664337,117.85224485397337,117.23967003822325
S10,2026-10-19,1,135.8,2026-10-18,128.48603571417064,123.5243714581653,123.37254540653363,123.57691000526242,122.7099741097224,126.89116245901087,123.43611515954045,129.4290349824088,129.0752332551139,127.61003187724523,128.03528479167394,127.94277456828527,127.08993128367834,125.69759586879186,125.81967476436071,127.43084982463293,126.90454033442907,125.193662915911,124.04182556697302,126.20150927134924
S11,2026-10-19,1,83.1,2026-10-18,89.62733182266184,90.18094674130737,90.851330270206,90.39677397233524,90.26908892620273,91.84420982000191,90.100872083782,90.5110299544675,90.55455398133823,87.84426995686123,88.12876054218837,88.67156526020595,88.06690522602626,88.32001754215786,86.57408543995449,88.31886288097927,87.24666663578579,86.6853506224496,85.42396756580898,87.5222863810403
S12,2026-10-19,1,131.9,2026-10-18,131.68718489074305,124.00431328261149,123.25478531183272,124.19670478043196,122.93190208090239,127.45615051799955,124.04505808549058,130.93118649891446,130.50160819462369,127.70475894383023,128.4068678038461,128.71304589680264,127.82365828922818,126.02264243534634,127.20190221241543,126.66122085026333,129.40192538670132,124.84348231724331,127.88240367344449,127.23230248859952
S13,2026-10-19,1,136.6,2026-10-18,126.26590647151659,130.41716083789208,128.55710865221937,133.42989002544968,130.77382851732278,135.516964833712,134.08509070074146,132.7433936527797,132.39421629224503,131.31864427839005,132.18107008252824,132.765442602975,132.91005205426896,131.73984026227677,132.16595243726456,130.40784334455216,131.68353533063615,128.1266944340297,130.8719336918422,132.4892365864345
S14,2026-10-19,1,88.0,2026-10-18,100.02082867532371,103.95558202599582,102.0143869815992,103.50320896654198,102.76978758096976,105.14237542636843,103.86530169554756,102.93230906895228,102.33856479099818,102.2109326498849,102.36116305759974,102.57597629002161,102.89553538731165,103.73837653568812,104.26027575901576,103.62760154179163,103.37477961948939,104.23497096470423,104.99825946262904,99.87570277622767
S15,2026-10-19,1,70.3,2026-10-18,98.61998650495565,101.43645166786068,101.04471650962414,100.61611265657343,100.11854530896879,100.96856543232525,100.153144433465,101.83788532018661,101.66545832157135,102.67638690769672,103.35514026880264,102.037140250206,102.17833840847015,103.40569627285004,104.86831140518188,101.36750376224518,102.4302823394537,99.02853345870972,101.08185756206512,98.92431235313416
S01,2026-10-20,2,109.1,2026-10-18,115.05270950095388,115.04969638588514,113.04112786811666,115.43542985744979,114.58668728073731,116.72684230946328,115.20010293336942,115.82631903546198,115.98288929121836,113.5849418606077,113.62498330729349,115.40251700612052,115.01099511640413,111.9155834879194,112.91768419401987,113.27659833090647,114.17878710883005,111.95157444136484,112.61153709547861,113.23814618246897
S02,2026-10-20,2,145.9,2026-10-18,140.95413030148592,162.37578408358706,166.2301620066014,159.39866567858095,165.1154757271158,155.76158274540455,158.85945496675888,153.86221357073103,151.3426781484059,156.74619718279158,153.45104165758406,152.96351214136396,151.36109741415297,156.5889224597386,152.01838226999556,160.80383153642927,158.21556230272566,159.43423505510603,156.1986054965428,149.759858373659
S03,2026-10-20,2,94.5,2026-10-18,123.25225399949734,140.8341485878909,143.07796174183454,138.4710166718485,141.26466908883918,135.88415743352718,136.84527253656748,132.80485324560726,132.92492060362423,135.35263673960293,134.9497513025912,134.16098730265225,134.027070924631,136.06480686365688,136.28927652536953,141.88539783655727,142.39584152399624,140.8054255694064,141.64770691095913,129.27331797777737
S04,2026-10-20,2,211.8,2026-10-18,121.53000058793158,126.4307610028063,122.7825993587201,127.06607828301175,126.65709141595791,127.24721821351622,126.39008434880486,124.95782098088945,124.79779133115495,124.02055844579424,124.18471512113298,124.57049760137285,124.78558334623064,121.93799337659563,123.9011581829616,125.44027480397905,124.6547027519771,123.26928505216326,121.2703979900905,122.50712475095476
S05,2026-10-20,2,94.6,2026-10-18,101.1059494830505,94.7772124164919,93.52478798215597,95.62921199899911,95.15921604785137,97.82384186265428,96.26286986186253,101.48392625876836,101.57696863242559,102.98567833730154,103.22343804665975,100.70665689536504,100.57674928733282,101.55325397082738,101.58244594165258,98.71103628703527,98.2436972481864,95.0708900315421,94.79670580455236,99.89854606219701
S06,2026-10-20,2,87.0,2026-10-18,100.72001384550427,101.78193068590684,100.53905320588098,101.60588189289328,101.74687243628584,102.13191373172306,100.28061864135702,105.22998710870742,105.28920128345489,104.35649170875548,104.01450284719466,105.14330794811248,104.5953078508377,102.69063534736632,102.60939254760741,101.73011984825133,102.40521850585937,96.92266216278075,98.5306538581848,101.54744901657104
S07,2026-10-20,2,109.2,2026-10-18,93.34685071189658,89.21070460737458,86.94003340756196,88.12968450210091,87.79096083170813,91.05939772916372,89.3053582935604,92.84481445721217,92.91015259197779,91.65353313854762,91.41397849491663,91.85366908482142,91.51507226399012,91.48534623554774,90.64704886845179,89.67064324787684,88.06559220722743,90.46227208546229,87.78592339924403,91.44546023777552
S08,2026-10-20,2,141.9,2026-10-18,133.88007646343257,143.3032400503021,143.57770315420444,144.73400566843463,144.69013808757583,144.18722834049913,145.41233404013227,145.8049733570644,143.18496393476215,149.07570051465717,145.62148546491352,145.85147260938373,144.93049787793842,149.41666816983906,146.25256609235493,149.7607266834804,147.95080017362324,149.80010914121357,148.07501720700947,143.07790636335102
S09,2026-10-20,2,145.1,2026-10-18,116.36300304519216,118.12419987178154,117.79872060701075,116.93481779723822,115.8412288006876,117.13168076430979,116.67233173955921,117.16454207897185,116.96865582466124,121.48587369918822,120.64407348632811,118.82685899734496,118.29349923133849,121.49376106262206,121.90702390670775,118.88560724258421,118.79367375373839,119.39283084869383,119.52753210067748,122.78804492950438
S10,2026-10-20,2,136.4,2026-10-18,128.98839853073434,141.3531255520932,140.74991117425714,140.24943372524697,138.97973717477035,140.7618063327501,138.93913517835514,133.98239656218462,134.21744952031545,134.81768104859762,135.17778960296087,134.5760989529746,135.08354166575842,134.38032362290792,136.00493517943792,135.8777472121375,140.90590265819006,133.80953446456365,139.39680937358312,135.35305992194586
S11,2026-10-20,2,75.4,2026-10-18,90.12969463922552,83.50759183930728,83.09662005622398,84.34503283962805,83.36843076323623,86.74242209864808,85.343965455702,88.32566520145961,88.40030380657741,85.62933799198696,85.5547001021249,86.56953879765102,86.28953381947109,85.14252349308559,84.41096564701625,84.66329881123134,82.95411225727626,83.1568123953683,81.40024253300258,86.223799433027
S12,2026-10-20,2,141.9,2026-10-18,132.18954770730673,149.50775291813332,153.18195014847123,148.31963998076276,154.0733129327343,145.0078983875922,146.3382390479164,140.8200986998422,138.3770518915994,142.56138545445035,139.7697837965829,141.2415559904916,138.4686730521066,144.63458663395474,140.89796143940518,150.6473324911935,146.50322085789273,151.73752910069058,147.1902077811105,137.13545566967557
S13,2026-10-20,2,133.3,2026-10-18,126.76826928808026,137.1766313885091,137.02866336095474,138.7483369347226,138.83580553996498,139.27594207084556,140.42236265246385,138.80393194471085,139.04620718274796,140.7089035442897,141.55386375699723,138.4474770954677,139.16297506604874,139.20176386151994,140.45163940702164,137.88325285230363,138.78580164228165,134.81769155774796,138.75799249921525,139.67718958173478
S14,2026-10-20,2,100.8,2026-10-18,100.52319149188739,104.58448128942291,103.22250849114243,103.94179442225503,104.10944875267373,104.99786729463825,103.58017473594666,104.07506457737513,104.35437480381556,104.30695525578089,104.30074397495814,103.17748156956263,103.25209323338099,105.3990143912179,104.92632571629115,104.46876136234827,103.35878077915736,105.12241259983607,104.92098227909632,100.03192607334681
S15,2026-10-20,2,112.1,2026-10-18,99.12234932151934,94.53484722956088,93.05747977732511,95.53522475210228,94.71452199200444,97.04213383416791,95.5944168224411,101.45196330547333,101.45047760009766,102.4100643619895,102.72035290300846,100.46595025062561,100.74845814704895,102.55984541773796,103.68434357643127,98.9868631362915,101.12438595294952,97.43976831436157,100.96726357936859,100.04153633117676
S01,2026-10-21,3,103.8,2026-10-18,124.16977309205285,132.19951916484393,134.49649989177257,130.02622217950744,131.4977217321244,126.3331698833697,129.019513315289,124.50482689993723,124.62600743430002,123.72784363882883,124.2335561479841,123.84611260550363,124.49018704550608,123.68526303427561,125.28124653952463,124.18323552267893,125.31316125052317,124.87348115103586,127.55961835043772,124.70784127371653
S02,2026-10-21,3,163.7,2026-10-18,150.0711938925849,156.12366900363406,159.70683492051185,156.59220504370853,158.82439674081672,155.05238520373945,157.77100611066774,152.614347417014,152.54319997514997,154.08130975450788,154.0988478251866,154.0879058429173,153.77704401697432,154.3680448123387,154.30271478380476,156.00736518587385,156.15809198107038,154.07595964159285,155.34656091417585,155.35155912126814
S03,2026-10-21,3,119.1,2026-10-18,132.36931759059632,138.75086763850783,141.94039418402667,139.4440738640198,142.49482189360558,136.66941242265318,140.1064653759787,134.57152216135586,134.53550331293667,135.90278999506558,136.14126436411465,136.07520715891445,136.03823129831875,139.15184251963223,140.34743396936977,139.0576490610751,139.7914170473727,139.00035564600552,142.74384872614468,135.98003904520596
S04,2026-10-21,3,128.8,2026-10-18,130.64706417903056,129.7225572810448,129.9895416811316,131.3560970717079,131.52124172328902,131.03259474648084,131.34715431710978,129.12151464734757,129.07533547197067,129.08637782846176,129.207491844041,129.77907761846268,130.16368874822342,130.23615106855118,131.3817897728511,132.04485687528336,130.58917292867386,134.18470129285538,132.37090572629654,130.76590499196732
S05,2026-10-21,3,111.2,2026-10-18,110.22301307414948,108.66231927415559,108.49068244322675,110.70479673117987,110.33145684703845,111.25685913283834,111.7413899144247,109.90002735682897,109.81607159205846,113.01795204707555,113.25364502498083,110.89690979548864,110.7147494179862,113.09124382564,112.86606224605016,110.96720512935094,110.13931950160436,109.60776241847448,106.8886996132987,110.61798389979772
S06,2026-10-21,3,87.9,2026-10-18,109.83707743660327,117.6407488145923,118.32473614461792,117.17190616724369,116.53276374925812,115.89756165703685,116.63987979267269,114.10013523101806,114.12217655181884,115.0226987838745,114.97846736907958,115.33826675415038,115.51080646514892,114.26141109466552,115.0635570526123,114.50957717895507,115.41694393157958,111.04583444595336,113.2529119491577,113.48593940734862
S07,2026-10-21,3,91.8,2026-10-18,102.46391430299556,103.77709421363589,103.39586921446401,103.09408190048211,103.91837157309317,103.42493676520067,102.77797591515223,101.46182385853358,101.35016290119715,101.94154588154383,101.7654375212533,101.71736422947474,101.50791493824549,102.77938023975916,101.92887965611048,102.33779517582484,101.60236731937952,102.73006049564906,102.66680280140467,104.26045123508997
S08,2026-10-21,3,145.6,2026-10-18,142.99714005453157,145.42379655207793,149.63922940445477,145.73866191597753,148.7295951473753,144.66764990210743,147.24817275480288,142.94822382245746,142.873430960519,144.88256811414448,144.81648134504047,144.7931325367519,144.15887712751118,146.2668063572475,145.92199110303608,149.70722412381855,149.8393242291042,149.879459135873,151.8385870388576,146.13263677869526
S09,2026-10-21,3,138.3,2026-10-18,125.48006663629113,133.6531981326693,133.59533088287583,131.87047797809228,133.12943191111157,129.96117964921208,131.0373073944587,124.94095134735106,124.88419914245604,130.68124866485596,130.08251285552979,127.53993606567381,127.27894401550292,131.54547119140625,132.00099754333496,131.44840335845947,128.99378395080566,133.06956481933594,132.2153835296631,131.9179916381836
S10,2026-10-21,3,103.3,2026-10-18,138.1054621218333,146.44295412662368,147.35455860196782,146.94431171238557,149.41030377721623,144.28425604208238,147.45752300316795,139.49667767116003,139.58133867808752,141.31447056361608,141.47614458629064,140.75456312724523,140.69951370784216,143.40603188105993,144.2191050393241,144.3336766106742,142.92690781184606,145.1996844155448,145.969391141619,144.13223103114538
S11,2026-10-21,3,183.0,2026-10-18,99.2467582303245,95.05993498179967,95.22881795946047,97.28195144545042,96.46909782241637,98.40622384385168,98.09341857109412,97.39672490528652,97.43419143131801,96.27381917408535,96.40213796070644,96.61494084766933,96.5825321333749,96.2320477621896,95.43285581043789,96.12919446400234,96.33139726093837,93.53969475201198,96.18122264317104,99.1967465536935
S12,2026-10-21,3,149.3,2026-10-18,141.30661129840573,144.26468493941803,145.64828337716824,145.05001767388327,146.7734905296685,143.8957397621261,146.37564548997594,140.9988277571542,141.00771361759732,141.32308894566128,141.68870955875943,141.939823450361,141.7481878416879,142.8231948035104,143.71453315189908,142.7292998450143,144.12247210911343,142.6506136076791,145.0317834036691,144.24232131413052
S13,2026-10-21,3,146.8,2026-10-18,135.88533287917926,144.10888972228932,146.77627556536862,142.49163079209433,145.27676390426547,141.47274977694846,143.90984507452237,138.64848589215958,138.73467611585343,140.58909820829118,141.23514675412858,139.78175615583146,140.18737625394547,142.80615066800797,142.76013016019547,144.44731973920548,144.34813522611344,144.97347091947282,147.558786206586,145.1671602657863
S14,2026-10-21,3,88.5,2026-10-18,109.64025508298637,110.86522959747298,108.86705262284045,109.44439001445504,108.61837152552138,108.57650591117404,106.55140932443338,107.9588870184762,107.94527236393519,109.98684016636439,110.02262011936732,108.06584159306117,108.0741795676095,111.49314156941004,111.31181470326014,114.18360415867396,112.99249116352625,114.99346009663172,116.80693546703883,109.87619105747767
S15,2026-10-21,3,110.5,2026-10-18,108.23941291261832,112.6442549653543,112.31162296078278,111.627754431799,111.63529600238245,111.0163436443006,111.02996529182954,109.86806440353394,109.68958187103271,112.49717712402344,112.8709192276001,110.46140241622925,110.69325351715088,113.77100658416748,114.81016445159912,111.46769523620605,112.89256572723389,112.70416069030762,113.96441459655762,110.76292419433594
S01,2026-10-22,4,138.7,2026-10-18,128.35639806812827,134.64307121875186,135.20228781857176,133.0992544568362,133.23054108491402,129.79403256661698,130.28740309426468,127.195231791905,127.9696105684553,131.95542275565012,133.22320496695383,131.04318272726877,129.86902176993235,135.35211121695383,132.8261731828962,131.68055855887278,132.27382599966867,134.43398606436594,136.4827302660261,130.83715760367258
S02,2026-10-22,4,134.4,2026-10-18,154.2578188686603,161.4288797122649,163.50441860326535,159.76630389270525,162.26430740787436,157.31713933773108,159.50026537313113,154.82368274416243,155.02898307527815,159.75959439958845,159.6318878718785,159.11964269365583,157.8297991343907,160.97077699388777,160.61151738848005,159.40714212145124,161.39457460130964,159.49354119982038,162.21670575823103,160.16112371172224
S03,2026-10-22,4,142.4,2026-10-18,136.55594256667175,145.4552928831623,149.65430854100052,141.76282103068408,145.25091611747763,139.28057917553718,141.93109567993164,136.97805301844204,137.21636621653164,142.29212753473843,142.2668799608859,142.09780876337612,140.58864776789272,149.4620532244357,146.3892764300021,146.81872741877163,145.120802804819,153.84929268061245,148.21491806208218,140.6795891970309
S04,2026-10-22,4,133.9,2026-10-18,134.833689155106,132.6363051299349,133.0389698217767,132.74176691184744,132.93758116624957,132.87249986695247,132.5913514004583,131.33085164342606,131.5611158302852,134.64707741056168,134.56317171369278,134.79976877485,133.90380987439835,134.4597996166774,135.0235079220363,134.71640333448136,135.24448522840225,134.05611690793717,135.66543945584976,135.05711731229508
S05,2026-10-22,4,115.5,2026-10-18,114.40963805022491,118.79859038576107,115.90368299644412,116.41542096304458,115.84588560131886,114.31428210361763,114.29403455534367,112.0484085900443,112.24275501796178,118.78462894984655,119.1056128365653,114.74954327174596,114.02455624171667,119.49123104640417,117.84311302730016,116.65071590968542,115.48574741908483,117.68140801021032,114.03517159053258,114.92018707820348
S06,2026-10-22,4,91.8,2026-10-18,114.02370241267869,128.47223043294142,128.07597792522608,123.3848730341833,122.42271173541064,119.85339487875393,119.2363665884723,116.72958698272704,117.02911987304687,122.34287300109862,122.422310256958,119.92337455749511,119.56336154937743,126.32901802062987,122.9807762145996,122.5209602355957,122.85641326904296,126.81265869140624,123.595894241333,119.12604751586913
S07,2026-10-22,4,96.7,2026-10-18,106.65053927907098,107.4391842479186,106.71793380716373,106.57155397657633,107.21813879236672,105.74559463937453,104.52741065418635,104.23012248447962,104.39741221836634,108.32815162113734,108.23799125126429,105.68531028202601,104.7034224646432,109.29632846287318,107.07758418491908,105.71365443638392,104.99752608707972,108.88440982273646,107.26529017857142,107.9435462134225
S08,2026-10-22,4,156.9,2026-10-18,147.183765030607,145.2198252261386,148.5916445851735,145.7871791430201,148.44550536620724,145.17349377889173,147.78958468818902,147.04332708631244,147.24350332532612,153.25377427850452,152.99865841184345,150.53842043195453,148.04567026410786,156.61856722150532,152.72472500119892,155.192496412141,152.7113680771419,162.59644388471332,156.78533195768085,149.4764845303127
S09,2026-10-22,4,152.7,2026-10-18,129.66669161236655,137.10333835107824,136.4916141694882,135.09559495551412,134.8299134637514,132.1960700838875,132.39263422389743,127.22708225250243,127.82493877410887,136.54566383361816,136.31411170959473,132.84744453430176,131.71805000305176,138.14226722717285,138.2497844696045,135.62803840637207,134.72758674621582,137.6914405822754,136.9170436859131,136.58785247802734
S10,2026-10-22,4,137.9,2026-10-18,142.29208709790873,154.00841180728602,153.4489256425048,150.52072835382242,152.7533161052207,147.25677066764328,149.91711589804058,141.8511016709464,142.21259621211462,147.02026299067907,147.02913979121618,146.64789036342077,145.56369522639685,149.8515513283866,149.77540234157019,149.28450707026892,150.60844257899694,150.59512165614538,153.02967861720495,149.08269623347692
S11,2026-10-22,4,107.5,2026-10-18,103.43338320639994,101.38214050795885,101.60163528324001,102.10309821722613,100.82264718909816,100.79460399607312,100.04264446154046,100.24181243351528,100.5588299887521,102.73721286228725,102.95207759312221,100.92877646854946,100.33374473026821,103.436277117048,101.62348243168422,100.27830382755825,100.07181140354702,102.12547942570278,101.82985469273159,103.26246329716274
S12,2026-10-22,4,139.9,2026-10-18,145.49323627448115,155.03859580255278,157.04514798629845,151.39284004323815,152.5443076005563,147.6767863828258,148.6184347599097,143.48215133122036,143.76596862248013,147.78922301701138,147.8917220251901,148.57676154545376,146.78592044285367,155.33177691868374,151.9814904349191,154.63305789402554,152.85480243137906,164.1469185965402,156.19833880833218,149.60659247807095
S13,2026-10-22,4,120.4,2026-10-18,140.07195785525468,143.02554510182418,145.8677620417455,142.35713324200867,144.59129601609737,142.04048873758882,144.6107094589927,142.9506666592189,143.31253313337052,149.6595871380397,150.1411807468959,146.01741599355424,145.8796982697078,153.62755846296037,151.06381248746598,147.87895228032554,146.77259682927811,148.68617957149232,150.80761884961808,148.30510740791047
S14,2026-10-22,4,132.1,2026-10-18,113.8268800590618,110.42983666822825,109.02275198300197,110.06115647707801,109.27207274600929,109.61331823896857,107.95211916535682,112.20011321476527,112.46403399876185,119.1351858780054,119.15197622424789,114.2261742728097,114.37395087650843,124.05309955051966,121.21765605381556,119.15492457917757,117.78135243824549,124.84298507145472,122.73492471149989,115.05620614460535
S15,2026-10-22,4,102.6,2026-10-18,112.42603788869374,124.53120192654181,124.5053103319569,117.9798865284947,116.858139905786,113.6548946371233,113.29485520048907,112.21364116668701,112.31134414672852,118.97490692138672,119.31547164916992,115.33013439178467,113.94925022125244,125.57132339477539,121.05679321289062,121.26587867736816,118.63898086547852,132.82834434509277,123.68024063110352,116.45654201507568
S01,2026-10-23,5,127.9,2026-10-18,132.93725997469585,153.5900678962717,167.38435783666762,141.96314183857191,154.73424259755723,138.25682153823564,143.4650314716304,132.46081101553781,132.4333509172712,133.52209984915598,133.61176621573313,136.03796326773508,136.07629906790598,138.09386193411692,137.11811387198313,153.94694268362863,143.17805230276926,155.0536473955427,145.49265801565988,131.3466972078596
S02,2026-10-23,5,132.6,2026-10-18,158.83868077522789,158.27513541442082,159.38124743617786,157.85665687150242,159.4240009910458,158.1989057441314,160.31552559849433,160.77126451219831,160.69564672197615,163.30883641924177,163.14042993273054,161.0980629512242,160.851998765128,160.87002893175398,161.07128091539656,159.81305642809187,159.89051290239607,157.72398753847395,158.4995474406651,160.87504525865828
S03,2026-10-23,5,140.3,2026-10-18,141.1368044732393,139.27456709774157,139.322355020414,139.45900190115321,140.73131608762864,139.84162732714543,141.82919950758875,142.51719085871304,142.47670070826138,144.919067308298,144.97159950434292,142.86670105158413,142.80767814814175,142.9458016604098,144.45122902094448,141.25744526087368,142.1573085039767,139.62627117334927,140.2095717638644,141.18393985926235
S04,2026-10-23,5,143.2,2026-10-18,139.41455106167354,140.3550900826585,141.82156587613454,138.52715856394417,139.48356074269293,136.85591363059143,138.9780300367661,137.51769098554337,137.46703752790177,138.5531629017421,138.43650087629044,137.80872949872696,137.2977860859462,134.77699217115128,136.13554701123917,138.25153764997208,135.75907787595474,135.60297760282242,132.05924734388077,137.16372141156876
S05,2026-10-23,5,125.22244897959185,2026-10-18,118.99049995679246,120.9218568970027,118.73947280424815,123.19204445740432,124.94034722288475,123.80883032001306,125.2246516383616,117.0572558266776,117.12104996272497,121.29221256801061,121.72598942347936,119.23015125819616,119.21753033229284,124.29315289088659,123.95816525050573,124.35021313258581,124.48976620265417,123.26694019862585,123.40414532252721,119.77262028285436
S06,2026-10-23,5,105.3,2026-10-18,118.60456431924624,127.52838373324545,122.70394267284688,129.8713907468517,129.51102752261966,128.0911232441591,131.51980123013448,120.71786060333251,120.96214904785155,122.68911590576171,123.00928344726562,123.81432571411132,123.85200157165526,124.75389900207519,126.21209754943847,127.68419876098632,129.23649253845213,125.7232192993164,128.6155952453613,121.81685104370116
S07,2026-10-23,5,109.9,2026-10-18,111.23140118563855,114.88449605924632,115.51925183128398,113.02961727711347,113.06731391046544,112.72563380649663,112.28069320116464,108.03945151737757,108.07510844639368,109.63621798924036,109.62508193424769,108.37100497654505,108.38843623570033,110.85881034306117,110.7384223120553,107.67707435062952,107.9727563040597,109.97609034946986,109.60092250279017,112.24638644627161
S08,2026-10-23,5,137.5,2026-10-18,151.76462693717454,145.81941109706258,148.55944432382384,149.4964655805346,153.19283761521996,146.62161350129762,151.01713788222662,147.86957668576923,147.94802355085102,151.16782926831928,151.24025081907,150.68705176625934,149.5785567692348,150.10851597104755,150.16455292020527,152.71659695420948,152.88532006059376,151.79777430806843,153.71447443280903,148.6652781895229
S09,2026-10-23,5,150.9,2026-10-18,134.24755351893413,145.5641524739537,146.95035875309017,142.49221297741855,144.49402230317705,137.35910419233065,140.72878575207324,132.7116413116455,132.506254196167,140.11621284484863,139.30181121826172,136.8647117614746,136.28448867797852,144.05117416381836,142.66278648376465,137.73406219482422,142.7427043914795,138.29033088684082,143.8552589416504,139.99527740478516
S10,2026-10-23,5,252.7,2026-10-18,146.8729490044763,147.8971357490788,147.71001476378711,146.21092562530094,145.54317192822248,145.7635615465354,146.18655616714966,147.0716965539115,147.15132835933142,150.0543101174491,149.93527725764685,147.7376721245902,147.25585678645544,148.082898412432,148.44571617671423,148.2271044594901,146.3213827950614,149.20279816218786,144.3683865410941,150.39172581263952
S11,2026-10-23,5,138.0,2026-10-18,108.01424511296749,113.79516749807138,116.96421941111974,109.09780753125024,110.86331130542536,108.42193315713459,108.70556922088656,103.43484565189907,103.69412108830043,103.3606288092477,103.75111171177456,103.30128928593227,102.72121020725795,104.99012633732387,104.08334609440395,105.40391036442348,103.35685225895473,107.35670443943569,105.66458484104702,107.28333064488002
S12,2026-10-23,5,153.0,2026-10-18,150.0740981810487,148.00572578217464,148.77734306140837,147.36851411787822,148.01796525957704,146.63443259385403,147.9216303900782,148.4311450140817,148.50962096623013,149.82601767948697,150.07975989750454,148.76466590336392,147.96929198673794,149.0789492743356,149.6815236227853,149.60849887302945,149.11367064884732,149.46830302647183,149.91803485325406,150.02042895725796
S13,2026-10-23,5,152.2,2026-10-18,144.65281976182223,143.67546121420952,145.29438128280137,145.97974185150056,149.8228832053804,143.95453522750753,147.98658359111508,143.56983684812272,143.65110897336686,146.90219908271516,147.3718413046428,146.50591301236832,146.4733455113002,146.9470098546573,147.95843993936265,146.8845138481685,148.14751505170548,146.34087633405412,148.13478427444184,149.22395502839768
S14,2026-10-23,5,108.6,2026-10-18,118.40774196562936,114.30687833966056,112.47035521508704,112.89893945564779,110.58798722956165,111.17626807225997,108.67845578310173,111.10598937443324,111.14512959889002,114.06599894932337,114.40714541843958,113.00751010349818,113.11343995503016,118.80791989735194,118.57314942053385,121.15993849209376,118.35399059227534,123.67485133579798,122.16427508762904,115.4066774027688
S15,2026-10-23,5,131.0,2026-10-18,117.0068997952613,122.01888570214311,120.13404784918706,120.31631647927114,120.75493654084835,120.26246761366775,119.74861045729082,117.02529239654541,116.9945592880249,120.77144622802734,121.34327507019043,117.7136926651001,118.2175645828247,123.1243667602539,124.27400779724121,119.98398017883301,119.11860466003418,121.65849113464355,121.46057891845703,119.47017478942871
S01,2026-10-24,6,123.5,2026-10-18,128.6514641542776,133.5075475026412,135.9445997297415,129.68316291167406,131.93425903468633,127.29641290496153,129.23771031634635,126.25593220846994,126.38156735556467,126.33358609335764,126.6633018221174,125.76384865897043,126.22642743246897,124.62840878622873,126.50288617270334,124.97678696768625,126.39003598349436,125.58824193137033,126.5478929247175,126.37907826559885
S02,2026-10-24,6,148.6,2026-10-18,154.55288495480963,159.37823025812168,162.2659527381517,158.56885257698931,160.34061199107316,156.2918150452979,158.57234000745325,154.78943582262312,154.64568467821394,157.8955835887364,157.12664600099836,156.97999950136457,156.6331085750035,157.82007642473494,158.07000299181257,159.34063573564802,159.2826561519078,160.70971532549177,159.46931882585798,160.0220369883946
S03,2026-10-24,6,144.7,2026-10-18,136.85100865282106,140.62004867071332,143.66331952078835,140.63510456797923,142.47033713037487,138.20900217763983,140.8859518187088,136.746610566965,136.73240940271938,139.05698864161099,139.15620701014126,138.5748790949496,138.4268364161166,140.62416355311,141.66481964289272,140.88663379847134,141.14541332422817,141.2428797930392,141.72057621180141,140.14174453913296
S04,2026-10-24,6,157.6,2026-10-18,135.1287552412553,130.2338307167672,129.80622223848465,131.30151731762186,130.98019161390852,131.64353862834173,131.3914479877208,131.29660496030533,131.24619540487015,132.1283467701503,132.03278002057755,132.53224119458878,132.26926931653702,130.92029270444596,131.69792398725235,133.8369010380336,132.0792139462062,133.56143650327408,130.82593783651078,134.94004663739884
S05,2026-10-24,6,116.4,2026-10-18,114.70470413637422,110.1301654602217,111.60737190425648,111.8271230651994,112.05155678610141,112.36515465492866,113.31976301211087,112.01416119166784,111.85945328303747,116.40761860438757,116.45787628718786,112.54006203242712,112.64358910151891,116.78897579738073,116.16154297419958,113.61713322230749,112.51484306880407,111.11043938228063,110.06330307551794,112.86274155208044
S06,2026-10-24,6,122.0,2026-10-18,114.31876849882799,116.7626475954041,119.43416719785276,117.35015191397906,117.65545304310163,116.73835818260923,117.41181324364194,115.79028739929198,115.81863918304443,117.85289993286132,117.79233589172362,116.90117778778075,117.01718749999999,116.24695720672607,117.11801567077636,115.9772476196289,116.84352626800536,113.07258358001708,114.13685264587401,115.11889495849609
S07,2026-10-24,6,124.1,2026-10-18,106.9456053652203,103.68070424708938,105.59051907401144,103.39859030599776,105.13384868984858,104.37560198531904,103.86874329139546,103.7246569769723,103.48797027042933,105.61908999851771,105.06411258152552,103.28377286366053,103.30185262135096,105.30560580662318,104.53456202915736,104.16594211033411,103.26771680286951,105.97686950138636,104.75191584995814,106.97531024387904
S08,2026-10-24,6,131.9,2026-10-18,147.4788311167563,147.8187452778974,151.074126650102,147.44026175411506,149.8982861606387,144.98152748913066,147.7692362787421,145.28152345929828,145.29687189374653,148.7272956303188,148.51800178800312,148.78061031614033,147.72946047101703,150.01415418897358,149.97649406705585,152.58927821431843,151.38957785878864,155.64383971009937,153.9143727353641,150.31819748197285
S09,2026-10-24,6,141.5,2026-10-18,129.96175769851587,135.1294684317941,134.73569745997273,132.60654341483857,133.97697090277387,130.87461697222605,131.5108226506228,126.69205665588377,126.73418140411376,133.48488426208496,132.88747024536133,129.79119968414307,129.77953243255615,134.43942260742188,134.6122169494629,134.2912940979004,131.9565143585205,136.5539608001709,133.954195022583,133.90253448486328
S10,2026-10-24,6,263.6181818181818,2026-10-18,142.58715318405805,149.19062400726025,149.5054343854586,147.9833441332409,150.19977045257184,145.8501280749225,148.60131332889588,141.67176703044348,141.6838209969657,144.45065144130163,144.2848904473441,143.22437504359655,143.02280167170935,144.87972191401892,145.71527889796667,146.7571499688285,145.6103003365653,147.61257103511267,146.41161373683386,147.8192093712943
S11,2026-10-24,6,89.4,2026-10-18,103.72844929254924,99.00469396382391,99.71547408090989,99.20973993232167,99.30250374925768,99.76543978845865,99.26123695644127,99.08687564304897,99.22507163456508,99.18640872410366,99.18457671574184,98.04102345875332,98.39290639332363,98.92436858585903,98.7348291533334,99.48232432774135,99.13757964542934,100.48582335880825,100.98199912479946,101.70600577763149
S12,2026-10-24,6,140.2,2026-10-18,145.78830236063044,150.14805881066948,151.866606958457,148.20563697738413,149.98102797000118,145.81422678286597,147.87930804721265,142.94130355290005,142.95421773365567,145.76391250065396,144.74926215580533,144.3361628668649,144.15944224766324,146.21065837315152,147.30748683384488,147.09043246677945,147.73858004978726,149.45099479130337,149.79068213871548,148.69100505283902
S13,2026-10-24,6,157.7,2026-10-18,140.36702394140397,145.2370979312093,147.86163814704287,143.8966723271244,146.2811123036108,142.1037701363278,144.66168515967223,141.06939148221696,141.0854165485927,144.5492732456752,144.73504399572099,144.02798651967728,143.6004893711635,146.5867193869182,146.51522540364945,147.01452928100312,146.84256767545426,150.25808500562394,149.01278065953935,148.54309081350053
S14,2026-10-24,6,108.9,2026-10-18,114.12194614521111,113.69706409421643,112.14858337905028,110.3523587784579,110.71084966251105,109.98133301336007,108.28763121552024,110.29750625065394,110.30665103367396,113.71322051456995,113.67391482761927,110.78610030582972,110.92481700352259,115.42406312397547,114.95171634129115,115.82047621182032,114.12036458424159,118.49580387047358,117.7841326372964,112.1922592299325
S15,2026-10-24,6,96.8,2026-10-18,112.72110397484306,113.21895307515503,113.56010563563434,112.29485747754894,112.4504467740835,111.44083709877816,112.2062152909487,111.98219776153564,111.82738494873047,115.88684272766113,116.1695785522461,112.07996463775635,112.46516036987305,117.51731491088867,117.61062335968018,113.21289348602295,113.18489265441895,112.62887763977051,114.24308395385742,113.02923774719238
S01,2026-10-25,7,131.3,2026-10-18,123.58576981353713,122.67622905659117,122.13162561492568,121.48782764760448,120.45206760836584,121.32978068129896,120.48662333530483,123.56107175009592,123.89279019492014,120.44761979239328,120.86340605872019,121.7712873186384,122.93665015356882,118.73440372603281,120.62079846518381,120.50624787466867,121.71788203375681,120.32955872671945,121.47177159445627,119.71318661825998
S02,2026-10-25,7,118.1,2026-10-18,149.48719061406916,144.48111909726506,144.09145267202842,148.6801230399133,147.77960683211748,150.06540062722686,149.550883003546,152.20465059961592,152.3001532145909,150.87274642671858,150.7843895145825,152.12693138803755,151.93828626360212,148.5863326379231,149.18278260912214,149.47295849408422,150.4002376982144,144.2793430873326,146.49421020235334,146.748150069373
S03,2026-10-25,7,127.6,2026-10-18,131.7853143120806,129.8536627430328,129.88173051553647,131.16116156279983,130.14947683577932,131.66294881377377,131.28001947250678,134.35483185946072,134.5798830240878,133.1457336395892,133.1142338961276,134.44955842196072,133.6249930113467,132.98532001673306,132.9726504534396,131.4158295839938,131.72610510884846,128.78433673082912,128.38189785181606,127.35520641504849
S04,2026-10-25,7,128.3,2026-10-18,130.06306090051484,122.97514891089327,122.16852498239182,124.809380966025,124.18243874016171,126.34921589367785,125.32263823490186,128.48160597596848,128.7633120707103,126.00688561711992,125.87619385038103,126.9872592977115,126.45284196649278,122.34343895230974,122.60589489255632,122.91169056211199,123.67079481397356,119.09974321637834,119.75805219922746,121.51851305280412
S05,2026-10-25,7,118.6,2026-10-18,109.63900979563377,112.60934303634367,113.65008576865378,114.30859458165587,114.7583374743275,113.38524360234548,114.64119132119254,110.30746944972448,110.11639889308385,113.09425552913122,113.21016033717565,112.33212765284948,112.42467888423376,114.69378288814,114.86307915278844,113.96340569087438,112.86103924342565,114.65558346339635,113.9264717919486,108.79725655147008
S06,2026-10-25,7,111.3,2026-10-18,109.25307415808754,119.16815271528098,121.60047459488491,119.14443730428918,119.61360127588756,117.45520995973213,118.5443013715699,113.8625015258789,113.85450401306151,114.54650058746337,114.57086887359618,116.08593215942382,116.25287284851073,114.8106512069702,116.11821117401122,115.24844589233398,116.01908817291259,114.4046911239624,115.82716312408446,110.7738441467285
S07,2026-10-25,7,94.7,2026-10-18,101.87991102447984,107.06215763130014,108.78145187852566,104.38214097678059,105.20597348127923,104.2589512057555,104.73385508856269,101.93785373142786,101.81388799122401,102.52124682835169,102.22275105885096,103.37257234028407,103.85305682591029,104.78946391514368,104.92330733707972,103.32973519733973,103.1134509222848,107.95969764164515,106.12256804874964,104.1545771735055
S08,2026-10-25,7,145.0,2026-10-18,142.41313677601585,140.1686906071032,141.06377204064142,143.82924590528708,143.67721942098007,143.6924212823355,143.74251350553186,142.53511213575092,142.88296388898578,141.96389364515034,142.2146413258144,142.76825212751118,141.5338666370937,139.83623289380756,139.4192140034267,142.7723510197231,143.14224981580463,138.83504843030659,140.98342012677875,136.09719728742328
S09,2026-10-25,7,144.0,2026-10-18,124.89606335777542,126.57638466817801,127.18642359923071,126.35920951742227,126.66455494282586,126.26210188420147,125.64657335901796,124.01924514770506,124.26757526397704,128.97287273406982,128.48474979400635,125.66229724884032,125.9753894805908,129.38691520690918,130.1497507095337,127.93241977691649,127.5363426208496,128.66838455200195,129.14196586608887,125.54899024963377
S10,2026-10-25,7,130.0,2026-10-18,137.5214588433176,136.24561817643666,136.57458704447788,136.42762347498595,135.5952547476136,137.51193609044134,136.21934965850357,139.11801556178503,139.24124554225378,138.98041943141394,138.6802227837699,138.45634058543615,137.99736527034216,136.96617439814978,137.15689638682775,138.47348431178503,136.12670425006323,136.8480911595481,133.4068075163024,135.82218459674291
S11,2026-10-25,7,99.7,2026-10-18,98.66275495180878,99.09125789769928,99.62252484383895,99.5870030450285,98.43114886192006,99.11423256168037,98.68001462094026,97.01184626988002,97.64713164738247,96.1225802557809,96.59278747013637,97.44812747410366,97.25306722096035,98.9713465826852,98.67379304340908,98.32770892551967,98.85312577656337,100.89916583469936,103.21282168797084,98.24378177097866
S12,2026-10-25,7,142.4,2026-10-18,140.72260801989,132.30593336032754,131.66180520724447,134.99441435571075,133.23421081781038,137.73867731225903,135.6903175588314,140.3875520842416,140.51164227894375,138.1714499609811,138.2316866534097,138.47589260510037,138.2582648413522,136.6093652861459,137.3758333342416,136.67272061279843,137.62464672497342,135.3094137626035,136.2018422501428,135.08413316479752
S13,2026-10-25,7,133.5,2026-10-18,135.30132960066354,137.54312605738312,136.22277921191056,139.28733434593974,138.8734845339855,140.05574530146498,139.48957749156725,138.23537325177873,138.58604883466447,138.08824514661515,138.7473876408168,137.80749582563126,137.40489553724015,136.70543073926652,136.6360003880092,139.50911974225724,137.68697714124406,138.16141866956437,136.63631319318498,137.15087389264787
S14,2026-10-25,7,123.0,2026-10-18,109.05625180447066,110.1344231334882,109.40608080794122,109.25319762456036,108.44915867571538,108.49816484774851,106.55028610451697,107.62512008122035,107.87566462925501,109.18013373783656,109.1262978690011,107.25347510746546,108.17882720402308,110.59776297977992,110.84913627079554,114.86148444584437,112.39029828480311,119.52664793304034,116.91635314396449,105.85458365849085
S15,2026-10-25,7,118.1,2026-10-18,107.6554096341026,111.80537286306244,112.15963901885682,113.10781046939036,112.1697192581388,111.77600966681182,111.81018010141865,110.34409236907959,110.1533055305481,113.07687854766846,113.32823467254639,111.82617282867432,112.257887840271,115.49689102172852,116.71300411224365,112.51196098327637,112.76371097564697,113.52441501617432,115.70199871063232,108.49851655960083
S01,2026-10-26,8,110.4,2026-10-18,117.91210991465343,111.96904259268935,112.03864480122284,113.14322622015248,112.83556948521417,113.33059241812778,113.1617978208819,116.5244018997465,116.81949984686716,114.23548674242838,114.98765411632402,115.08476757662638,116.32771110194071,111.82129799979074,114.49612283366068,114.15924262659891,114.02828347342356,111.88615238325937,112.2629853452955,115.12622621314867
S02,2026-10-26,8,138.0,2026-10-18,143.81353071518546,138.75547555937297,138.51715863664936,139.50706953636129,138.66761033155112,142.74647367952895,139.21160274048393,144.55045123781477,144.03074784960066,143.82253213609968,144.0294193812779,143.38493056978498,143.24042459215437,141.36088796343122,141.99184604372297,143.22875066484724,142.85961147035871,140.4972452708653,141.91105886186872,142.05883641924177
S03,2026-10-26,8,127.3,2026-10-18,126.11165441319689,117.50588230850093,114.88877429732244,120.32867176773101,118.05649967183916,123.39068788058887,120.24688369135649,126.36138717829311,125.97123567759121,125.4977764338168,126.02002374826992,125.07021944223965,124.82094614206875,124.14412920176113,124.89744512735928,122.90764133631313,123.64850752054775,121.04065696894253,121.93702976404751,121.89279548822964
S04,2026-10-26,8,140.4,2026-10-18,124.38940100163113,117.909572097665,116.56886365703336,118.07275197954617,116.68540967083506,120.87761311696954,118.08626118696901,121.95447620664324,121.46365341459001,119.85284075055803,119.98700222287859,120.66972336087908,120.5999124935695,116.40144857679094,117.32030805860246,120.88759216581072,120.06888756070818,117.55819734845842,116.51021799360002,118.00941881452287
S05,2026-10-26,8,96.2,2026-10-18,103.96534989675006,98.18323101110033,94.1827105713589,98.457771764742,96.97910666865151,100.45712117602469,99.09433501085063,103.18902578183584,103.04119297095708,106.05999907084875,106.46417482921056,104.00717898436956,104.27483399936132,105.74936660357885,106.67958601542882,104.74272092410497,102.58786349722318,100.80931922027044,99.93073590823583,102.29755169876985
S06,2026-10-26,8,93.5,2026-10-18,103.57941425920383,101.83102032244298,99.33297986078344,103.69992501614138,101.29247210947035,104.3849257358529,103.21635009100649,106.74406006336211,106.77930417060851,107.18298115730285,107.53948082923888,107.34959664344787,107.60059299468993,105.69418551921844,107.31524815559386,105.26059182882308,105.34566166400909,101.66023769378661,102.51350798606872,104.43301456570624
S07,2026-10-26,8,75.7,2026-10-18,96.20625112559613,97.4787038398702,96.59045090157717,96.38158453223612,95.07735822341414,95.89236431045187,93.77913139130744,95.96389151385851,95.88316569498606,96.34583429268427,96.28386483362742,94.97051356009074,95.38579963913985,95.80411154798098,95.93108166030474,94.15438369682856,93.85457638672419,93.92930630615778,95.05313477686472,95.60333931281097
S08,2026-10-26,8,140.7,2026-10-18,136.73947687713212,137.11733682108814,136.75581462853216,139.98059022674158,138.608745354856,141.47597336960146,140.40423570119003,138.65006136213032,138.22417139325825,138.68282865796772,139.0702960423061,140.71479105268207,140.1001155308315,138.49657415662494,139.3906428745815,141.74399256025043,142.02550386701313,139.36375211988178,142.08486627851215,137.0494048527309
S09,2026-10-26,8,112.5,2026-10-18,119.2224034588917,117.59104951897831,117.84301399829958,116.8984818546039,115.34096258482433,115.17383443100667,112.6043902727531,116.82554066181181,116.36615192890166,120.74712419509886,120.55497503280638,118.01599144935606,118.1446223258972,121.04549360275267,121.66497945785521,119.63130903244017,116.94494903087615,119.44297218322752,117.95063543319701,119.37402129173277
S10,2026-10-26,8,132.4,2026-10-18,131.8477989444339,124.0667371791034,122.93010888318489,123.66062698715558,122.6297674535761,126.97796445158403,123.5100993132856,130.58807185717993,130.16249493190222,130.3052020413535,130.50033048221044,129.34350565501623,128.71957090922766,128.41427782603674,128.84365109034948,130.44267872401647,128.54999474116735,129.48055533000402,127.44179276057653,129.31999805995397
S11,2026-10-26,8,113.7,2026-10-18,92.98909505292508,91.51429894616649,91.6391696483919,91.08688664715979,90.84217012117388,92.07562024273848,90.2934886857143,91.25371527246067,91.39919715694019,89.67215737274715,90.08107396534511,89.56233927181789,88.99500366619655,90.27137657574245,89.04995235374996,90.19469734600612,88.67774483135769,88.91779967716762,89.023124899183,89.92054745129177
S12,2026-10-26,8,132.4,2026-10-18,135.04894812100628,124.09747254395567,122.69411869901874,124.38623333311365,122.86308039154653,127.56373250322646,124.10397901609697,131.8576083796365,131.4328916685922,129.88578301838467,130.51884013584683,129.89504081181119,129.23381692341397,128.0624240057809,129.42184430531094,128.31934815815518,129.25115806034634,127.3668606894357,128.79618245533536,129.28892928532193
S13,2026-10-26,8,123.8,2026-10-18,129.6276697017798,131.06292507600537,129.50207709480148,133.61644613353715,131.02935621381613,135.7506179924618,134.22621674997544,134.3503215244838,133.92725824628556,134.41719507489884,135.20187639508927,135.23414205823624,135.0676944187709,134.67760729108537,135.0378844669887,133.5900437763759,133.56662534986222,132.69173216138566,133.8008010319301,135.10067438398087
S14,2026-10-26,8,72.3,2026-10-18,103.38259190558695,104.68995215155206,102.52314524383353,103.89276087823978,103.28546071025971,105.50450328236187,104.3023693764561,104.45695392063685,103.95062533787318,105.27923003605433,105.46759692600794,104.89764300755091,105.66850654057093,106.70573321751185,107.73943034580775,107.70656005314417,104.09620467594691,106.83151904514857,105.84122458866663,103.09751407078333
S15,2026-10-26,8,79.9,2026-10-18,101.9817497352189,102.74251142803072,101.264926216755,101.36893396334813,100.37061331008965,101.35509467111284,100.39396350977259,103.22564905881882,103.07809978723526,105.60781002044678,106.24485206604004,103.59919857978821,104.067063331604,106.51016187667847,107.96358251571655,103.66889798641205,102.6354963183403,101.79187595844269,102.7229909747839,102.22576209902763
S01,2026-10-27,9,115.2,2026-10-18,118.41447273121712,115.5472289440332,113.0397964375914,115.89329802204374,114.78257447776012,116.9788918727814,115.43555054603243,115.99595862286432,116.32342683928354,114.61347454445703,114.7548408474241,115.48612167345627,116.23531174319132,113.41536438124521,115.33187820421799,113.88970362799509,114.25844764368875,112.05579125540598,111.7230535711561,115.21451274710043
S02,2026-10-27,9,145.6,2026-10-18,144.31589353174914,163.43595417221283,167.65732589762942,159.9412475438192,165.41686806737425,156.2817646493984,158.95075652265103,155.4308242389134,152.90422697748457,159.74721666063581,156.4573363849095,155.68183227266584,154.05106826509748,161.31062551225935,156.01968093599592,166.94071050371443,160.78958364214216,167.61710973467146,161.32967515672956,153.237820822852
S03,2026-10-27,9,129.2,2026-10-18,126.61401722976058,143.11246905307962,145.0670501025584,139.65373118888027,141.77783202509065,136.45885362606842,137.07131795041764,134.37346355616177,134.58089081942165,138.2739700525912,138.11387006937588,136.51020567118252,136.321646139017,140.0865124910983,139.55653850733364,147.5593375414523,143.69286625086391,149.81874458490933,144.6878489702853,132.92667524515713
S04,2026-10-27,9,130.9,2026-10-18,124.89176381819482,127.57706720708666,123.8021485436587,128.09773561745612,127.11856444462767,127.60789966763873,126.81076443517675,126.45784458432878,126.2903661421367,126.97118851457323,127.13360515151705,127.1287514260837,127.01969733749117,126.1189498594829,126.5910834959575,128.97660568271363,127.57005736146654,129.3269984415599,125.39320740018572,125.54956731115068
S05,2026-10-27,9,86.1,2026-10-18,104.46771271331374,96.7629735067029,96.73929484965316,97.66083103486193,97.18040054110205,98.43031126954949,97.57634272404775,102.92299773522787,102.949140392031,105.96532448359899,106.09744056292944,102.64388706513814,103.1231989485877,105.09179028102331,106.01675971576147,103.89799233504705,101.94929858275823,101.46992548533849,99.81822212764196,103.83170088359289
S06,2026-10-27,9,127.3,2026-10-18,104.08177707576752,102.27702483204096,100.91534758295218,102.35259847894392,102.26051778796992,102.41033467635663,100.6563113399601,106.02397956848144,106.09337475299834,106.45436992645263,106.30276718139648,106.39298512935638,106.05071749687194,105.29206898212432,105.7310517668724,104.53467490673064,103.7785706758499,101.5315517425537,101.01122488975524,104.09227916002273
S07,2026-10-27,9,107.1,2026-10-18,96.70861394215981,90.18221141614924,89.10441785520744,89.80645537686888,89.01099796222147,91.72494206412378,90.50342775577619,94.35247174671717,94.44572225979395,94.70176468065806,94.51515320709773,93.82521788052149,94.06526402405329,94.72397557667323,94.77090356520243,93.12502352169581,90.97285024097987,94.43145100048609,91.02607575825282,95.408097245012
S08,2026-10-27,9,115.1,2026-10-18,137.24183969369582,144.89489017310322,144.9495040069735,145.50852333873783,145.8058482825933,144.65453193901888,145.5263149310774,147.53179907117573,144.99909281049457,152.48371946130482,149.34040378843036,148.97533630643574,147.7252433231899,154.08380793843952,149.99709438596454,155.3303763798305,150.34364294324604,156.58867406163898,152.2854008606502,146.11082815442768
S09,2026-10-27,9,113.2,2026-10-18,119.7247662754554,118.61563175661232,118.73787319966839,117.64803725204982,117.5605170589066,117.42559520456778,117.48741999673652,117.994163274765,117.83592009544371,123.62404251098631,122.9674367904663,119.84768867492674,119.79880905151366,123.72320747375487,124.49511718749999,121.53631305694579,120.2048087120056,121.94720315933226,121.00604963302611,124.86530399322508
S10,2026-10-27,9,131.4,2026-10-18,132.35016176099757,143.84555269036,142.2446070886943,141.24980403655425,139.8593575262643,141.26111319520479,139.4551304476731,135.2613265854972,135.42764035293035,137.70933202334814,137.83272913524084,136.52695563861303,136.99986270495825,138.09061888286047,139.57283524104528,139.38946417399816,143.3757689339774,139.58613470622473,144.04267433711462,138.81471041270666
S11,2026-10-27,9,94.0,2026-10-18,93.49145786948877,83.87397264531327,85.14205476927594,85.18051676379334,84.3727852919761,87.29879663600836,86.5642250489177,89.18824359348842,89.36787601879665,87.57403656414577,87.71848603657314,87.76701923779079,87.50431081226894,87.31741663387844,87.32035108975002,87.25473853519985,85.02368327549526,86.46734782627651,84.89955302647182,88.99236234596798
S12,2026-10-27,9,164.1,2026-10-18,135.55131093756998,151.81449597845364,155.35075216918798,148.8382341862422,154.24208071094264,145.31105343749974,146.54427938885436,141.86641436985562,139.43126660755703,145.0016148703439,142.13505536488125,142.97367412022183,140.16551190785,148.272285761152,143.6829703467233,155.4138520377023,147.4178622382028,158.7827199118478,149.63874942234585,139.79657727650235
S13,2026-10-27,9,128.6,2026-10-18,130.1300325183435,136.995829989134,136.30045235844722,138.7107974950834,138.78393477581824,139.54906183816632,140.43836756665505,140.53076004300797,140.70217441831315,144.00393461499894,144.7645769051143,141.57134317670548,141.60730432782853,143.31136678968156,143.81125950132096,141.39482044492448,141.14742969785416,140.17203354154313,142.87462591443742,142.77212738309586
S14,2026-10-27,9,119.6,2026-10-18,103.88495472215064,106.25481764521149,104.22187318931944,104.7647786818014,104.83490805570185,105.51595231235761,104.05786561887041,105.71960441044398,106.08936397007533,107.6344641821725,107.61864558628626,106.07471553257533,106.39785567692347,109.36755076817103,109.10260478428431,109.08079902103968,105.67923728397913,109.32743827274867,108.28146735600062,103.71506682804652
S15,2026-10-27,9,133.6,2026-10-18,102.48411255178257,95.50645169843175,94.20097014451986,97.02663443410717,95.96110732189211,97.64478990140577,96.72355601946825,102.95962107181549,102.9860472381115,105.45829820632935,105.82153105735779,102.33471550047398,102.92386323213577,105.95583820343018,107.26230573654175,102.42180925607681,102.45320240408182,101.55946695804596,103.35717749595642,103.76889371871948
S01,2026-10-28,10,121.3,2026-10-18,127.5315363223161,132.70101807612113,135.29950266656016,130.3768215837987,131.9138568119115,126.71536513233133,129.21977375743865,124.67446934836252,124.96654450552805,124.6338132585798,125.20078408377512,124.2051252092634,125.88413941519602,125.18616521017893,127.73751771109445,124.88203656332834,125.68518387930735,126.16240918295725,127.62440621512278,126.7025035585676
S02,2026-10-28,10,136.7,2026-10-18,153.43295712284814,157.6277783212962,162.4874467390617,157.3754485391159,159.7995378282427,155.9156629014322,158.77159943642255,154.18295713152204,154.10475202287947,157.04586311067854,156.9425167628697,156.7807931491307,156.3886231967381,158.6673292704991,158.2925448008946,159.0294193812779,157.67795129503523,159.45692392076765,159.0703711100987,158.1648125239781
S03,2026-10-28,10,137.4,2026-10-18,135.73108082085955,141.2978435806653,144.8398167540946,140.83712703708161,142.86418106019624,137.7090379964065,141.01360261080035,136.14013187586391,136.19147722422207,138.7876705378207,139.1427582949313,138.39899389444912,138.25441877543057,142.45990554987515,143.02003280817593,141.9247531145724,140.39728538691128,144.3681706637057,144.7266558855685,138.84215061365688
S04,2026-10-28,10,132.6,2026-10-18,134.00882740929381,130.93593027989985,131.53934162758483,131.8937400546769,132.66001722483892,131.5232889438076,131.97582711634456,130.62153968129837,130.5679071835109,132.04507145200455,131.9937523296901,132.3119018963405,132.31941684995377,134.22788271222794,134.12027248655045,134.58794054303848,132.3306697300502,138.80032953534806,135.11461004529679,133.10934004102432
S05,2026-10-28,10,88.5,2026-10-18,113.58477630441273,112.39380009552625,113.60642721402046,113.05134407928958,113.08963207134654,113.00909503459049,114.06649440897657,111.33909710475378,111.18823917933874,115.81620796748571,115.92236622401647,112.85933407374792,113.18280991145544,116.37236317225866,116.87047489711217,115.44486435481481,113.28537472316198,115.42426403590612,111.34457214900426,113.95009621211462
S06,2026-10-28,10,101.0,2026-10-18,113.1988406668665,119.37019466139303,120.46436140582256,118.67107529185328,118.5991152612497,116.92588514202319,118.17928538789953,114.8941291809082,114.92634906768798,116.93918457031249,116.997674369812,116.61313858032226,116.88782920837401,116.60542621612548,117.82590618133544,117.23301830291747,116.91541519165038,115.23910083770751,115.3925832748413,115.77744712829589
S07,2026-10-28,10,102.4,2026-10-18,105.8256775332588,106.5385523951333,105.92780400048667,104.50496727724116,105.26731218032202,104.62256533695641,104.63682303734272,102.96948090962,102.88573209217616,104.80839435032435,104.59757892063685,103.71410743168421,103.97971717289515,106.15990344456263,105.75668231419154,104.96228972843714,103.52204457691737,106.15248004368372,105.04853717258997,107.53824130467005
S08,2026-10-28,10,135.4,2026-10-18,146.3589032847948,147.09466159469105,151.1865655079142,146.95250197549427,149.73920944049019,145.286931644788,147.69608541388413,144.67504572187153,144.6875598362514,148.2986323765346,148.37276529584614,147.89156412397114,146.87522577558246,150.30178427015034,149.52566360746113,153.67451381002155,151.66224264417377,155.46527623449055,155.3831987312862,148.4230916431972
S09,2026-10-28,10,113.6,2026-10-18,128.84182986655438,134.96243557689417,134.51279723862604,132.82495337984008,133.80191978760274,130.7486919216802,131.51515861239625,125.77057361602782,125.75146389007567,132.63802528381348,132.13682746887207,128.58595943450928,128.70586585998535,133.73685836791992,134.3831672668457,133.90324211120605,130.10783004760742,136.21459007263184,133.78296279907227,133.78943634033203
S10,2026-10-28,10,151.7,2026-10-18,141.46722535209656,149.41087476858416,150.4988326323389,147.86541171420097,150.09045166256612,144.91104091751856,148.0369430288284,140.7756073815482,140.79152992793493,144.08356216975622,143.96845749446325,142.6799843651908,142.53744629451208,147.31280067988806,147.398252759661,147.02905682155065,144.9893277032035,150.44044140407019,149.90639523097448,146.88419464656286
S11,2026-10-28,10,116.2,2026-10-18,102.60852146058775,96.79259356506077,96.74975313251845,98.22516666719385,97.56350308348013,98.95873438798482,99.40860147561602,98.25930329731533,98.40176316670009,98.13471480778286,98.39477511814663,97.83761712482998,97.71891805103847,98.68642112186977,98.18438025883266,98.21782847813198,98.47053786686489,97.30001756123134,99.3693186896188,101.36427565983364
S12,2026-10-28,10,158.7,2026-10-18,144.66837452866895,146.2591011202797,148.1762806412841,145.9418569366082,147.51564612121817,144.3597628665486,147.1032305185857,142.04514342716763,142.0619266646249,143.7268698828561,144.05036860874722,143.64650851658413,143.3666403906686,146.1879990713937,146.55868846348355,145.1212208884103,144.891013445173,147.139153780256,147.2829230444772,146.2094720023019
S13,2026-10-28,10,144.5,2026-10-18,139.24709610944248,143.8204068091831,145.7465626773752,142.78526959012655,145.47914170209341,141.93826186666345,144.48648429677434,140.37531255994523,140.39064764295304,143.80607675824845,144.28323482785905,142.9308149746486,142.55331157956803,147.13249193940842,145.97046648774827,147.43604289804185,145.846540921075,150.78315233503068,150.96346282277787,147.636112966282
S14,2026-10-28,10,115.53877551020408,2026-10-18,113.00201831324961,113.04040027855483,112.148638600978,110.54892595822028,109.89676643383162,109.54085503738898,107.57566465475163,109.60342685154505,109.68026057652064,113.13295689991541,113.07145730427332,111.06786528996058,111.21994153431483,115.77600566319056,115.53208915165492,118.66301483682223,115.15352288654871,122.03400412968226,120.66692713669367,113.19378081730433
S15,2026-10-28,10,93.2,2026-10-18,111.60117614288156,114.43497709496542,114.87372515532101,113.53158528960347,113.1074610096573,112.15403261704844,112.83025144812046,111.37572002410889,111.22514629364014,115.36401844024658,115.70304584503174,112.35535907745361,112.79026985168457,117.17376613616943,117.9311170578003,114.28252983093262,113.49673366546631,116.1052598953247,115.40084648132324,113.81840133666992
