sensor_id,target_date,h,y,cutoff,point forecast (current model),point forecast (median7 model),quantile q0.90 (LightGBM),quantile q0.95 (LightGBM),logistic regression (balanced),LightGBM classifier (balanced),residual probability by spikiness,sensor spike rate only (naive)
S01,2026-08-10,1,85.7,2026-08-09,69.92808891434282,73.84667142996997,102.60616802621959,130.26636635665605,0.6955068217051043,0.34955610017120564,0.03869969040247678,0.1
S02,2026-08-10,1,106.6,2026-08-09,98.14578743747333,95.26983333364137,123.34855215219278,125.24097838185607,0.5769137010820174,0.14338802845031484,0.04661344321400973,0.03333333333333333
S03,2026-08-10,1,84.0,2026-08-09,87.94889326057108,90.88180505413412,106.25147290385189,119.93354012643042,0.697372156436828,0.12799861847524832,0.04481071336595421,0.03333333333333333
S04,2026-08-10,1,78.2,2026-08-09,83.10614355774925,84.96268518825077,109.55552336252886,125.64886382143544,0.6584478392918908,0.2918881839285711,0.05417956656346745,0.1
S05,2026-08-10,1,200.0,2026-08-09,63.13734431827501,62.84456131614613,79.95266141864104,113.0583780676869,0.6785387423715771,0.15319176338308138,0.03328173374613008,0.1
S06,2026-08-10,1,50.0,2026-08-09,77.08577098346684,79.37279405419375,106.88061239652177,119.49381266856517,0.829058973251742,0.21325866311184224,0.038114859644604704,0.03333333333333333
S07,2026-08-10,1,66.5,2026-08-09,64.59952023579896,62.14694687294798,78.18117052448758,111.48215693935998,0.6545064530123669,0.2234842145726282,0.025753283543651806,0.03333333333333333
S08,2026-08-10,1,95.5,2026-08-09,92.33262015472096,96.70575871010118,115.94082048173019,121.04014482339007,0.6227947243251754,0.4579555513967004,0.04738604172031935,0.03333333333333333
S09,2026-08-10,1,93.6,2026-08-09,86.26391565026451,85.69813167000042,101.81295621576302,127.29419326590089,0.7719440200784228,0.20734461474558136,0.041977852176152464,0.0
S10,2026-08-10,1,84.9,2026-08-09,90.10777411161123,88.25125362802109,101.12218905166893,102.6448230828076,0.5561774227617807,0.09015378363813334,0.04275045068246197,0.0
S11,2026-08-10,1,31.0,2026-08-09,56.014636794219655,54.30813462197476,85.92399339625175,124.36054497666655,0.7189821448344025,0.44642433449436064,0.03328173374613008,0.06666666666666667
S12,2026-08-10,1,101.9,2026-08-09,102.02431564109357,97.63333390320169,170.40514846017254,171.995378928293,0.7428038398954315,0.33002342736053963,0.06578947368421051,0.06666666666666667
S13,2026-08-10,1,99.0,2026-08-09,92.45560059769454,94.13287789473678,109.50859764965465,119.57829958816784,0.8215630560282422,0.3654620274307395,0.06269349845201233,0.06666666666666667
S14,2026-08-10,1,58.5,2026-08-09,68.2018973774263,64.48111105479973,99.84321736474024,121.51690892618831,0.5925817955128531,0.3803391030349737,0.03328173374613008,0.13333333333333333
S15,2026-08-10,1,55.8,2026-08-09,71.43557721823632,74.49529702820192,107.02475419181943,143.32076465526262,0.8166223127680671,0.34915641256222035,0.03502446561936645,0.03333333333333333
S01,2026-08-11,2,63.8,2026-08-09,69.01989097096231,72.93608232220461,90.7606115784467,133.7703578737948,0.5504704390160756,0.18269344852238048,0.037151702786377694,0.1
S02,2026-08-11,2,108.6,2026-08-09,97.23758949409282,94.35924422587603,121.65809169914539,123.64690118641282,0.42230848050597675,0.05531694837032354,0.04661344321400973,0.03333333333333333
S03,2026-08-11,2,83.0,2026-08-09,87.04069531719057,89.97121594636876,97.5718020639503,116.99389264297587,0.552652793178246,0.0488410020907711,0.04481071336595421,0.03333333333333333
S04,2026-08-11,2,88.7,2026-08-09,82.19794561436873,84.05209608048543,99.6830934360207,126.08021169327526,0.508240354804999,0.13663224121586484,0.05417956656346745,0.1
S05,2026-08-11,2,70.2,2026-08-09,62.229146374894505,61.93397220838078,71.54413988008424,112.690868834985,0.5308716926053322,0.06252418842104207,0.03328173374613008,0.1
S06,2026-08-11,2,46.9,2026-08-09,76.17757304008634,78.4622049464284,98.72169080943613,114.65710672388629,0.7222303924588969,0.10809781841944455,0.038114859644604704,0.03333333333333333
S07,2026-08-11,2,162.5,2026-08-09,63.691322292418455,61.23635776518263,68.61676229463498,103.97840822573544,0.5038716685412723,0.07947300313072324,0.025753283543651806,0.03333333333333333
S08,2026-08-11,2,93.8,2026-08-09,91.42442221134046,95.79516960233582,111.7519282369523,118.38956311657537,0.4695395016623088,0.2323219428065892,0.04661344321400973,0.03333333333333333
S09,2026-08-11,2,77.3,2026-08-09,85.355717706884,84.78754256223507,92.24065682360067,124.75425618194694,0.6447178265715308,0.0816725746177518,0.04172031934071596,0.0
S10,2026-08-11,2,93.6,2026-08-09,89.19957616823072,87.34066452025573,93.2891291676321,100.3313164706984,0.40185111671935864,0.03350121912217106,0.04275045068246197,0.0
S11,2026-08-11,2,47.1,2026-08-09,55.106438850839154,53.39754551420941,74.35418969875813,116.41947821705917,0.5783485817492672,0.19573468504971783,0.03328173374613008,0.06666666666666667
S12,2026-08-11,2,81.0,2026-08-09,101.11611769771307,96.72274479543634,163.66819017308927,169.51736111589952,0.6075850741765979,0.19459358163495644,0.06578947368421051,0.06666666666666667
S13,2026-08-11,2,115.1,2026-08-09,91.54740265431404,93.22228878697143,104.19644893865791,116.43624830887016,0.7116790796877969,0.17040583168964113,0.06269349845201233,0.06666666666666667
S14,2026-08-11,2,51.2,2026-08-09,67.29369943404579,63.57052194703438,88.45747404404675,121.48608827538241,0.43812583199364113,0.23735008430005253,0.03328173374613008,0.13333333333333333
S15,2026-08-11,2,70.0,2026-08-09,70.52737927485582,73.58470792043657,97.38485595607935,136.6902449952467,0.7047890424814207,0.19394026165177553,0.03399433427762044,0.03333333333333333
S01,2026-08-12,3,67.1,2026-08-09,77.20047463807107,81.1441403578482,98.59744696690413,128.74163383585292,0.022217870845995136,0.02365858642200913,0.05417956656346745,0.1
S02,2026-08-12,3,121.3,2026-08-09,105.41817316120158,102.5673022615196,125.14137589090187,123.6026725974256,0.013383411170152458,0.019248107930652653,0.04764357455575585,0.03333333333333333
S03,2026-08-12,3,87.5,2026-08-09,95.22127898429933,98.17927398201235,104.7761495596507,117.45350555640833,0.022410359673866065,0.010922409834109617,0.04738604172031935,0.03333333333333333
S04,2026-08-12,3,92.6,2026-08-09,90.3785292814775,92.26015411612902,110.9465164063911,123.9055406071715,0.018817020645832905,0.020542741971536025,0.06269349845201233,0.1
S05,2026-08-12,3,87.6,2026-08-09,70.40973004200326,70.14203024402435,87.28788123425234,120.113968995638,0.020566365040885846,0.010940572037664215,0.037151702786377694,0.1
S06,2026-08-12,3,66.3,2026-08-09,84.35815670719509,86.67026298207199,114.87256860637982,117.46929966941522,0.046026903556957384,0.013430193324658793,0.042235385011588966,0.03333333333333333
S07,2026-08-12,3,43.6,2026-08-09,71.87190595952721,69.4444158008262,86.5237147509764,113.10590359492288,0.018497035247757265,0.019776557764737832,0.031419005923255194,0.03333333333333333
S08,2026-08-12,3,98.7,2026-08-09,99.6050058784492,104.0032276379794,116.77844701798054,117.96555974524566,0.016159516841649856,0.036764851105790745,0.04764357455575585,0.03333333333333333
S09,2026-08-12,3,102.1,2026-08-09,93.53630137399276,92.99560059787865,104.11277945935215,122.93491560448811,0.03257599705822237,0.016367504379284338,0.045068246201390716,0.0
S10,2026-08-12,3,92.5,2026-08-09,97.38015983533948,95.54872255589932,102.39139266662474,99.66955489948249,0.012312886259716658,0.007802055091477136,0.04661344321400973,0.0
S11,2026-08-12,3,59.3,2026-08-09,63.28702251794791,61.60560354985299,83.38929836884452,128.66201384138856,0.02482020703671565,0.034720134738508886,0.03328173374613008,0.06666666666666667
S12,2026-08-12,3,114.7,2026-08-09,109.29670136482181,104.93080283107992,164.94243329581724,167.71799821675984,0.02792829839309567,0.07187864062145156,0.0673374613003096,0.06666666666666667
S13,2026-08-12,3,100.9,2026-08-09,99.7279863214228,101.43034682261502,104.52608554824452,115.29045718574191,0.04379684373649702,0.037372656895806565,0.0673374613003096,0.06666666666666667
S14,2026-08-12,3,33.8,2026-08-09,75.47428310115455,71.77857998267795,107.79837848915943,125.0861302839527,0.014262824113275301,0.02874259433042928,0.037151702786377694,0.13333333333333333
S15,2026-08-12,3,64.5,2026-08-09,78.70796294196457,81.79276595608015,119.72199003576125,142.53882804267363,0.04242146562025871,0.023008017240498807,0.04043265516353334,0.03333333333333333
S01,2026-08-13,4,77.6,2026-08-09,82.08665941556886,86.05007175396025,112.29774744589878,158.3120926493488,0.6788424872208291,0.39474654859164476,0.05417956656346745,0.1
S02,2026-08-13,4,112.7,2026-08-09,110.30435793869935,107.47323365763165,125.02846933051295,125.72167274490562,0.5578847503156323,0.11866911483763863,0.04944630440381148,0.03333333333333333
S03,2026-08-13,4,110.6,2026-08-09,100.1074637617971,103.0852053781244,104.20517101966081,119.83894945594467,0.6807630507053088,0.10560564168283464,0.04764357455575585,0.03333333333333333
S04,2026-08-13,4,102.2,2026-08-09,95.26471405897529,97.16608551224107,131.78162825692957,143.61705119441808,0.640802792139706,0.33205700463496746,0.06578947368421051,0.1
S05,2026-08-13,4,77.0,2026-08-09,75.29591481950105,75.0479616401364,108.21969061897235,126.75621507477348,0.6613978738125879,0.17437199950623142,0.04334365325077394,0.1
S06,2026-08-13,4,63.5,2026-08-09,89.24434148469288,91.57619437818403,108.71859271827469,118.2141474328148,0.8177888444118039,0.19196460119703265,0.045068246201390716,0.03333333333333333
S07,2026-08-13,4,54.5,2026-08-09,76.758090737025,74.35034719693826,81.19859057880375,105.70743890390276,0.6367701131345724,0.18526349814525914,0.03502446561936645,0.03333333333333333
S08,2026-08-13,4,113.3,2026-08-09,104.491190655947,108.90915903409146,116.36549342329971,122.5331732641008,0.6044143679063488,0.433762462006312,0.04970383723924798,0.03333333333333333
S09,2026-08-13,4,92.5,2026-08-09,98.42248615149055,97.9015319939907,100.73489700625018,127.00300153622408,0.758007436564776,0.17383760436679233,0.04738604172031935,0.0
S10,2026-08-13,4,85.4,2026-08-09,102.26634461283727,100.45465395201137,99.83090252737074,102.44248784597339,0.5369643753123666,0.07382114640726906,0.04738604172031935,0.0
S11,2026-08-13,4,65.18367346938776,2026-08-09,68.17320729544569,66.51153494596504,84.42618555298282,128.61971291485096,0.7030540432900071,0.37194957605880163,0.03328173374613008,0.06666666666666667
S12,2026-08-13,4,109.8,2026-08-09,114.1828861423196,109.83673422719197,164.0504788332873,181.2296081503019,0.727714613748802,0.3409568451060237,0.0673374613003096,0.06666666666666667
S13,2026-08-13,4,122.1,2026-08-09,104.61417109892058,106.33627821872707,104.48512917910234,132.39666745728306,0.8099120341074634,0.376909010703119,0.0673374613003096,0.06666666666666667
S14,2026-08-13,4,70.9938775510204,2026-08-09,80.36046787865234,76.68451137879,125.8283577825936,167.2282217153572,0.5737368634521217,0.42190489897570843,0.04721362229102166,0.13333333333333333
S15,2026-08-13,4,60.2,2026-08-09,83.59414771946237,86.6986973521922,111.97833364160036,138.9549402039354,0.8047253645279175,0.3169986101566934,0.042235385011588966,0.03333333333333333
S01,2026-08-14,5,96.7,2026-08-09,86.95623381446872,90.93465692771532,103.78727050982637,136.13279270407176,0.6745899550415443,0.34746895596217314,0.06114551083591335,0.1
S02,2026-08-14,5,118.4,2026-08-09,115.17393233759923,112.35781883138672,117.88777033756976,126.95942799153146,0.553085017724755,0.12378645940169697,0.049961370074684486,0.03333333333333333
S03,2026-08-14,5,94.9,2026-08-09,104.97703816069698,107.96979055187947,107.16727733348439,121.37317016567926,0.676523831204318,0.1204517466425303,0.04944630440381148,0.03333333333333333
S04,2026-08-14,5,106.9,2026-08-09,100.13428845787514,102.05067068599612,115.05810149420634,128.99756670302992,0.6363164154853139,0.2830793798848468,0.0673374613003096,0.1
S05,2026-08-14,5,67.8,2026-08-09,80.16548921840091,79.93254681389148,82.52446130095342,118.17035846792066,0.6570310544182472,0.15813809871926382,0.049535603715170295,0.1
S06,2026-08-14,5,77.6,2026-08-09,94.11391588359274,96.46077955193911,122.03698302676962,121.00172604141554,0.8148744032553364,0.203757611699576,0.04738604172031935,0.03333333333333333
S07,2026-08-14,5,60.1,2026-08-09,81.62766513592486,79.23493237069333,79.07635564598058,108.009971214388,0.6322622730969166,0.21824368283856163,0.038114859644604704,0.03333333333333333
S08,2026-08-14,5,112.7,2026-08-09,109.36076505484687,113.79374420784653,119.39656162054062,122.76772907550806,0.5997573730554075,0.4061492939573293,0.05021890291012099,0.03333333333333333
S09,2026-08-14,5,95.4,2026-08-09,103.2920605503904,102.78611716774577,108.38864542386314,128.30202966084067,0.7544239388364843,0.18967796723461697,0.04764357455575585,0.0
S10,2026-08-14,5,119.1,2026-08-09,107.13591901173713,105.33923912576644,103.57370791848058,103.74151597058999,0.5321279980743404,0.0846217274848741,0.048931238732938476,0.0
S11,2026-08-14,5,77.7,2026-08-09,73.04278169434556,71.39612011972011,78.24361705680784,123.30287168098387,0.6989799423720578,0.46855025428263286,0.037151702786377694,0.06666666666666667
S12,2026-08-14,5,119.5,2026-08-09,119.05246054121946,114.72131940094704,155.68182825196362,174.00872710568166,0.7238459575253959,0.3061046533437367,0.0673374613003096,0.06666666666666667
S13,2026-08-14,5,106.3,2026-08-09,109.48374549782045,111.22086339248213,112.91657316061283,122.81288192875343,0.8069013532589588,0.33292729844655466,0.0673374613003096,0.06666666666666667
S14,2026-08-14,5,62.8,2026-08-09,85.2300422775522,81.56909655254508,116.16777136324917,128.8822277222538,0.5689762646955489,0.4284074681521424,0.05417956656346745,0.13333333333333333
S15,2026-08-14,5,90.5,2026-08-09,88.46372211836223,91.58328252594727,130.14359964217988,145.2147090981176,0.8016526534728713,0.35684640978825083,0.045068246201390716,0.03333333333333333
S01,2026-08-15,6,85.9,2026-08-09,85.78216469774395,89.75152527045663,115.06642265769352,142.35094444504745,0.7252424504521185,0.32019936964556256,0.054953560371516996,0.1
S02,2026-08-15,6,109.2,2026-08-09,113.99986322087446,111.17468717412804,127.77159916776658,126.92874218691657,0.6117659327587169,0.15535331694269172,0.049961370074684486,0.03333333333333333
S03,2026-08-15,6,129.0,2026-08-09,103.80296904397221,106.78665889462077,109.6009088114246,129.31562787009852,0.7269971264458934,0.15859497284422416,0.048931238732938476,0.03333333333333333
S04,2026-08-15,6,98.7,2026-08-09,98.96021934115038,100.86753902873744,110.44723627962078,130.281590334923,0.6901904256225608,0.2994719762728916,0.0673374613003096,0.1
S05,2026-08-15,6,84.1,2026-08-09,78.99142010167614,78.7494151566328,95.2286753784458,124.73477572595284,0.7092386726877262,0.1535471018450864,0.04721362229102166,0.1
S06,2026-08-15,6,52.4,2026-08-09,92.93984676686799,95.27764789468041,131.24145130618066,124.74452222749773,0.8485916334871636,0.22795560802129414,0.04661344321400973,0.03333333333333333
S07,2026-08-15,6,41.0,2026-08-09,80.45359601920009,78.05180071343464,96.32360593430995,122.44786011828911,0.6864409026448197,0.23481730291048938,0.037342261138295085,0.03333333333333333
S08,2026-08-15,6,238.1,2026-08-09,108.18669593812209,112.61061255058785,118.85942558424821,122.74444444402079,0.6561202931021215,0.46408247063784897,0.049961370074684486,0.03333333333333333
S09,2026-08-15,6,105.3,2026-08-09,102.11799143366564,101.60298551048709,116.14291660043885,135.01476255289677,0.7964002317217719,0.19421931561166045,0.04738604172031935,0.0
S10,2026-08-15,6,112.7,2026-08-09,105.96184989501236,104.15610746850774,101.01797255123748,106.23462424001758,0.5915283921644594,0.10839172540184389,0.04764357455575585,0.0
S11,2026-08-15,6,52.6,2026-08-09,71.8687125776208,70.21298846246142,78.76186973173537,115.68334078810712,0.7472583438516668,0.37640594579950015,0.037151702786377694,0.06666666666666667
S12,2026-08-15,6,115.5,2026-08-09,117.87839142449471,113.53818774368835,172.37594674559392,172.53664071896935,0.7694516902131292,0.32068231633563765,0.0673374613003096,0.06666666666666667
S13,2026-08-15,6,103.91836734693877,2026-08-09,108.30967638109568,110.03773173522345,109.4231586772963,120.68465551704426,0.8417887883699544,0.3365177528506991,0.0673374613003096,0.06666666666666667
S14,2026-08-15,6,75.2,2026-08-09,84.05597316082743,80.38596489528639,138.72585465907065,149.75494864652177,0.6269778786918551,0.4383637783561062,0.049535603715170295,0.13333333333333333
S15,2026-08-15,6,76.1,2026-08-09,87.28965300163746,90.40015086868858,159.8821737441944,159.0953441944299,0.8372971669276219,0.3982802865635137,0.04481071336595421,0.03333333333333333
S01,2026-08-16,7,76.7,2026-08-09,78.57670587352403,82.50497723753453,90.73411098851042,122.4197909114578,0.7212836183823185,0.2653941457710312,0.05417956656346745,0.1
S02,2026-08-16,7,94.5,2026-08-09,106.79440439665454,103.92813914120595,138.01802775210547,153.7099918958025,0.6070579467126123,0.190205286181969,0.04764357455575585,0.03333333333333333
S03,2026-08-16,7,95.5,2026-08-09,96.5975102197523,99.54011086169868,106.22218124718965,120.12248643149356,0.7230539221236734,0.10250680751920357,0.04738604172031935,0.03333333333333333
S04,2026-08-16,7,91.9,2026-08-09,91.75476051693046,93.62099099581535,108.92472031078637,111.92878149540729,0.6859452499698755,0.26432145400962276,0.06269349845201233,0.1
S05,2026-08-16,7,66.0,2026-08-09,71.78596127745622,71.5028671237107,79.39038529570766,105.48880582709931,0.705143000222001,0.12777913809496683,0.037151702786377694,0.1
S06,2026-08-16,7,40.7,2026-08-09,85.73438794264806,88.03109986175832,106.56035169418442,114.7162130274294,0.846032762254581,0.17936520562309555,0.04275045068246197,0.03333333333333333
S07,2026-08-16,7,39.3,2026-08-09,73.24813719498017,70.80525268051255,76.14761321437413,104.38734778197664,0.6821680085311038,0.18901367914889722,0.03270667010043782,0.03333333333333333
S08,2026-08-16,7,88.9,2026-08-09,100.98123711390217,105.36406451766575,127.11402427998317,151.16655925810218,0.6516438995815216,0.5202031305239684,0.048931238732938476,0.03333333333333333
S09,2026-08-16,7,110.4,2026-08-09,94.91253260944572,94.35643747756498,104.81360569060247,126.35882280985695,0.7931742843248131,0.17106452867918182,0.04661344321400973,0.0
S10,2026-08-16,7,162.7,2026-08-09,98.75639107079245,96.90955943558565,103.78289063466069,99.77952919579924,0.5867407738378214,0.09390182626346662,0.04738604172031935,0.0
S11,2026-08-16,7,147.1,2026-08-09,64.66325375340087,62.966440429539325,74.32719564865465,115.48637536824384,0.7435045378262348,0.3866800415332159,0.03328173374613008,0.06666666666666667
S12,2026-08-16,7,114.4,2026-08-09,110.67293260027478,106.29163971076625,174.53231557333123,190.86792035187693,0.7659242542233304,0.3510204556952814,0.0673374613003096,0.06666666666666667
S13,2026-08-16,7,97.1,2026-08-09,101.10421755687575,102.79118370230135,110.81471950113934,145.4945571117363,0.8391367404345819,0.4369328767690254,0.0673374613003096,0.06666666666666667
S14,2026-08-16,7,60.2,2026-08-09,76.85051433660752,73.1394168623643,90.08058150167842,117.75966336173903,0.6223404844574645,0.31686316755978333,0.037151702786377694,0.13333333333333333
S15,2026-08-16,7,79.1,2026-08-09,80.08419417741754,83.15360283576649,106.06076327577989,140.8703279833902,0.8345846224366075,0.3262932291147806,0.04069018799896984,0.03333333333333333
S01,2026-08-17,8,83.4,2026-08-09,73.4608475200254,77.37975156548995,101.56729228923409,129.49624502455194,0.7181483137003707,0.34955610017120564,0.04721362229102166,0.1
S02,2026-08-17,8,125.7,2026-08-09,101.6785460431559,98.80291346916137,123.71334270711691,125.2218551016075,0.6033443318774946,0.15187485373784984,0.04738604172031935,0.03333333333333333
S03,2026-08-17,8,90.7,2026-08-09,91.48165186625367,94.4148851896541,106.4154182168484,120.20494365980937,0.7199307991633179,0.12799861847524832,0.04661344321400973,0.03333333333333333
S04,2026-08-17,8,85.5,2026-08-09,86.63890216343184,88.49576532377077,107.66529656814618,125.73268595648834,0.6825873580166305,0.2918881839285711,0.05417956656346745,0.1
S05,2026-08-17,8,72.3,2026-08-09,66.6701029239576,66.37764145166612,79.93104819316127,113.94094181065051,0.7019011681229818,0.15319176338308138,0.03328173374613008,0.1
S06,2026-08-17,8,65.3,2026-08-09,80.61852958914943,82.90587418971374,104.86582514053363,119.01617072596007,0.843997255894495,0.21325866311184224,0.04069018799896984,0.03333333333333333
S07,2026-08-17,8,73.4,2026-08-09,68.13227884148155,65.68002700846797,78.15955729900782,112.36472068232361,0.678788642092492,0.2234842145726282,0.027813546227143937,0.03333333333333333
S08,2026-08-17,8,109.4,2026-08-09,95.86537876040354,100.23883884562117,116.33603169000799,119.82048836146488,0.6481074008081583,0.4579555513967004,0.04738604172031935,0.03333333333333333
S09,2026-08-17,8,80.2,2026-08-09,89.7966742559471,89.23121180552042,101.84557047011668,126.52407193379676,0.790612918839388,0.20734461474558136,0.0442956476950811,0.0
S10,2026-08-17,8,107.2,2026-08-09,93.64053271729382,91.78433376354107,101.47965385497876,102.42461038384431,0.5829670537790556,0.09584232030991978,0.045068246201390716,0.0
S11,2026-08-17,8,60.9,2026-08-09,59.54739539990224,57.841214757494754,86.87829168977461,124.58830209531641,0.7405292770966053,0.44642433449436064,0.03328173374613008,0.06666666666666667
S12,2026-08-17,8,108.9,2026-08-09,105.55707424677615,101.16641403872168,171.57021068868846,170.8975250001924,0.7631262015131244,0.3320374358869427,0.0673374613003096,0.06666666666666667
S13,2026-08-17,8,97.2,2026-08-09,95.98835920337714,97.66595803025677,109.76999064539893,119.0355269588407,0.8370276278244115,0.3812430371300852,0.06578947368421051,0.06666666666666667
S14,2026-08-17,8,69.1,2026-08-09,71.7346559831089,68.01419119031972,97.17652505606137,122.20927209010885,0.6186805776690749,0.3662217359873324,0.03328173374613008,0.13333333333333333
S15,2026-08-17,8,67.3,2026-08-09,74.9683358239189,78.02837716372191,103.95815349246709,145.08221407008324,0.8324277446485709,0.34915641256222035,0.037342261138295085,0.03333333333333333
S01,2026-08-18,9,65.4,2026-08-09,72.5526495766449,76.46916245772461,89.84181685250579,133.0002365416907,0.5773427685209349,0.18398770042995985,0.04721362229102166,0.1
S02,2026-08-18,9,116.6,2026-08-09,100.7703480997754,97.89232436139602,122.06463297457793,123.81700634142278,0.44917588763777766,0.05894976477287638,0.04738604172031935,0.03333333333333333
S03,2026-08-18,9,97.6,2026-08-09,90.57345392287316,93.50429608188875,97.7651827405746,117.26529617635482,0.5794943217480412,0.0488410020907711,0.04532577903682722,0.03333333333333333
S04,2026-08-18,9,72.1,2026-08-09,85.73070422005132,87.58517621600542,98.21664765666094,126.87195002173232,0.5355069776098129,0.13937865297118224,0.05417956656346745,0.1
S05,2026-08-18,9,67.8,2026-08-09,65.7619049805771,65.46705234390078,71.52252665460449,114.28134877135278,0.5579748306986698,0.06389120798584372,0.03328173374613008,0.1
S06,2026-08-18,9,83.0,2026-08-09,79.71033164576893,81.9952850819484,95.77120831799243,114.17946478128118,0.7436172770698863,0.10809781841944455,0.04043265516353334,0.03333333333333333
S07,2026-08-18,9,72.0,2026-08-09,67.22408089810105,64.76943790070263,68.59514906915521,105.5688881621032,0.5311570684233379,0.08010768450097847,0.026525882049961425,0.03333333333333333
S08,2026-08-18,9,102.9,2026-08-09,94.95718081702304,99.32824973785583,110.9444815259797,118.06705128331285,0.49682752161425575,0.23646498666656357,0.04738604172031935,0.03333333333333333
S09,2026-08-18,9,80.3,2026-08-09,88.88847631256658,88.32062269775506,92.28953855762565,123.98413484984283,0.6693404202569208,0.0816725746177518,0.043007983517898585,0.0
S10,2026-08-18,9,75.5,2026-08-09,92.73233477391332,90.87374465577572,93.82069399696765,100.1111037717351,0.4283821387719508,0.035755563092480486,0.04481071336595421,0.0
S11,2026-08-18,9,45.2,2026-08-09,58.63919745652174,56.9306256497294,75.308487992281,116.9100820721645,0.6047509862408217,0.1970990448075029,0.03328173374613008,0.06666666666666667
S12,2026-08-18,9,183.1,2026-08-09,104.64887630339565,100.25582493095632,164.71589297998227,168.41950718779884,0.6333174756970902,0.19602292506008676,0.0673374613003096,0.06666666666666667
S13,2026-08-18,9,107.2,2026-08-09,95.08016125999663,96.75536892249143,104.34048251277925,116.79062030820569,0.7335786798648973,0.1801554673492431,0.06578947368421051,0.06666666666666667
S14,2026-08-18,9,51.9,2026-08-09,70.82645803972838,67.10360208255437,85.79078173536786,122.17845143930296,0.4651892116370367,0.22811779923053097,0.03328173374613008,0.13333333333333333
S15,2026-08-18,9,71.0,2026-08-09,74.0601378805384,77.11778805595655,93.38256002127149,138.45169441006735,0.7270112360342628,0.19394026165177553,0.03682719546742208,0.03333333333333333
S01,2026-08-19,10,76.7,2026-08-09,80.73323324375366,84.6772204933682,97.6786522409632,128.33615353663384,0.02472060371698885,0.02385907999088869,0.05417956656346745,0.1
S02,2026-08-19,10,119.0,2026-08-09,108.95093176688417,106.1003823970396,125.6870942618974,124.55499474356981,0.014906157059424807,0.020563746657850913,0.048931238732938476,0.03333333333333333
S03,2026-08-19,10,117.5,2026-08-09,98.75403758998192,101.71235411753233,105.01223909855709,117.66155252276535,0.024934222524399956,0.010922409834109617,0.04764357455575585,0.03333333333333333
S04,2026-08-19,10,104.5,2026-08-09,93.91128788716009,95.793234251649,109.48007062703135,125.06191996851359,0.02094487069085173,0.021012458582835188,0.06424148606811142,0.1
S05,2026-08-19,10,95.9,2026-08-09,73.94248864768585,73.67511037954435,87.26626800877258,121.70444893200576,0.022887418566378808,0.011193240943297567,0.03869969040247678,0.1
S06,2026-08-19,10,74.8,2026-08-09,87.8909153128777,90.20334311759197,111.92208611493618,117.0004628031742,0.0510715211480784,0.013430193324658793,0.04481071336595421,0.03333333333333333
S07,2026-08-19,10,58.0,2026-08-09,75.4046645652098,72.9774959363462,86.50210152549664,115.37730214405592,0.020589460284173938,0.01994482531169528,0.03322173577131082,0.03333333333333333
S08,2026-08-19,10,127.3,2026-08-09,103.1377644841318,107.5363077734994,116.20048017489856,118.94891425219599,0.01799236398417841,0.0375912556842532,0.04944630440381148,0.03333333333333333
S09,2026-08-19,10,83.0,2026-08-09,97.06905997967534,96.52868073339864,104.16166119337711,123.21035391803429,0.03620232105266924,0.016367504379284338,0.04738604172031935,0.0
S10,2026-08-19,10,104.6,2026-08-09,100.91291844102207,99.08180269141931,102.96566635824237,99.67846502299626,0.013715522566157089,0.00834199243343761,0.04738604172031935,0.0
S11,2026-08-19,10,53.0,2026-08-09,66.8197811236305,65.13868368537298,84.34359666236739,129.1526176964939,0.027607803310189864,0.03501100739459276,0.03328173374613008,0.06666666666666667
S12,2026-08-19,10,107.5,2026-08-09,112.82945997050442,108.46388296659991,166.35262760521056,167.72484726499283,0.031053853254955622,0.07248773406995106,0.0673374613003096,0.06666666666666667
S13,2026-08-19,10,98.1,2026-08-09,103.26074492710539,104.963426958135,105.0326106248662,116.26977691252502,0.04860949769239822,0.039876766772975004,0.0673374613003096,0.06666666666666667
S14,2026-08-19,10,51.5,2026-08-09,79.00704170683714,75.31166011819795,106.10808568498307,125.77849344787325,0.015884017494570864,0.030299144260977368,0.04334365325077394,0.13333333333333333
S15,2026-08-19,10,61.3,2026-08-09,82.24072154764715,85.32584609160014,116.77150754431756,144.23692089047233,0.04709042793755738,0.023008017240498807,0.04172031934071596,0.03333333333333333
S01,2026-08-17,1,83.4,2026-08-16,82.08390462323781,79.76610076111031,118.23246666356636,118.53502107385624,0.5828728417402039,0.31852911898787456,0.04987834549878345,0.06666666666666667
S02,2026-08-17,1,125.7,2026-08-16,108.38705105669663,107.74436161618736,112.33906298543253,129.9114969457872,0.5365220644743511,0.1372082230910835,0.049334206505129874,0.0
S03,2026-08-17,1,90.7,2026-08-16,95.4138944165694,95.59450666452753,115.2054016420838,118.23170284261192,0.5579558593205639,0.294719322906839,0.04627810521720144,0.0
S04,2026-08-17,1,85.5,2026-08-16,93.80389272938206,92.65863237075727,102.60446386705232,113.95671653942782,0.5713949384190088,0.055066308874150746,0.06021897810218979,0.06666666666666667
S05,2026-08-17,1,72.3,2026-08-16,72.1667196472456,73.532279170345,112.58717071885852,116.83199578497678,0.667765465709959,0.2833282170604252,0.038321167883211715,0.1
S06,2026-08-17,1,65.3,2026-08-16,66.9012596888609,61.90789640976826,103.86269311444647,135.7734890856997,0.5618209521025432,0.3262889070532478,0.025321982099978158,0.03333333333333333
S07,2026-08-17,1,73.4,2026-08-16,57.533501731692,58.07377542473578,133.4060305872535,147.55209009498648,0.5986887267028997,0.24498413943227695,0.031021897810219023,0.06666666666666667
S08,2026-08-17,1,109.4,2026-08-16,95.04041880041635,94.25954696957119,108.5863015940858,129.0964565795478,0.5493951057425343,0.22387239952491858,0.06021897810218979,0.06666666666666667
S09,2026-08-17,1,80.2,2026-08-16,96.8518136856399,97.11862181142291,107.26626134999466,118.39687298737606,0.6895965466005116,0.2597518313156046,0.047151277013752435,0.0
S10,2026-08-17,1,107.2,2026-08-16,96.96718037651506,91.26697247981102,100.87536304051179,126.02042464761257,0.43907403633610587,0.49247419816888577,0.043658589827548555,0.03333333333333333
S11,2026-08-17,1,60.9,2026-08-16,62.930963605965765,62.246323906734105,143.32859204462767,153.56622128250515,0.689412219283428,0.39223874185964086,0.031021897810219023,0.1
S12,2026-08-17,1,108.9,2026-08-16,107.97258868700796,111.8739799199145,121.85566319084288,151.44758270923938,0.7084394126916167,0.7455194721535701,0.06265206812652069,0.06666666666666667
S13,2026-08-17,1,97.2,2026-08-16,101.97278995761346,100.56926967503402,109.57666334349278,129.155549324761,0.5584077290824172,0.1273877069949894,0.06265206812652069,0.06666666666666667
S14,2026-08-17,1,69.1,2026-08-16,67.23700861964679,66.72189534617975,123.15776663212574,162.0107731726328,0.640618983721429,0.7192091342932637,0.031021897810219023,0.1
S15,2026-08-17,1,67.3,2026-08-16,76.05634325556684,75.07490835377675,120.99768556268697,146.19066862680899,0.5947095266446708,0.32738879049189534,0.03514516481117658,0.0
S01,2026-08-18,2,65.4,2026-08-16,80.78751725718877,78.46549553863865,88.51491839343751,108.75754898838447,0.3144877978662713,0.06147920324886618,0.0468369829683698,0.06666666666666667
S02,2026-08-18,2,116.6,2026-08-16,107.09066369064759,106.44375639371569,118.67844597406625,127.71853176354361,0.27538905191770474,0.040106777737341906,0.04889762060685443,0.0
S03,2026-08-18,2,97.6,2026-08-16,94.11750705052036,94.29390144205586,112.90289763346439,115.80532466478184,0.29298533488255984,0.06938301310023069,0.04540493342065055,0.0
S04,2026-08-18,2,72.1,2026-08-16,92.507505363333,91.3580271482856,103.04614191822785,111.20957418939147,0.30443767675511363,0.011661169653844903,0.05900243309002429,0.06666666666666667
S05,2026-08-18,2,67.8,2026-08-16,70.87033228119655,72.23167394787333,88.68097313357065,108.63297878823977,0.39754541664771376,0.09124172474811833,0.038321167883211715,0.1
S06,2026-08-18,2,83.0,2026-08-16,65.60487232281184,60.607291187296596,88.8400725836191,123.31154473834502,0.29624502140282316,0.06361115947359672,0.02510368915084038,0.03333333333333333
S07,2026-08-18,2,72.0,2026-08-16,56.23711436564295,56.77317020226411,84.94822919413815,133.6010762389733,0.3287609318519059,0.036923966175331016,0.031021897810219023,0.06666666666666667
S08,2026-08-18,2,102.9,2026-08-16,93.74403143436729,92.95894174709952,111.13677373463916,127.38319765616512,0.28586099076830196,0.07381200765050677,0.06021897810218979,0.06666666666666667
S09,2026-08-18,2,80.3,2026-08-16,95.55542631959085,95.81801658895124,106.48664946840103,116.21803890953042,0.4217569294956676,0.05146361713402305,0.04627810521720144,0.0
S10,2026-08-18,2,75.5,2026-08-16,95.670793010466,89.96636725733934,109.95451463274034,129.69957929920423,0.20444844033405388,0.14720129770297521,0.04278541803099756,0.03333333333333333
S11,2026-08-18,2,45.2,2026-08-16,61.63457623991671,60.94571868426243,92.77676829605997,142.93476917307078,0.4215469675505958,0.0923799522199569,0.031021897810219023,0.1
S12,2026-08-18,2,183.1,2026-08-16,106.67620132095891,110.57337469744283,129.05161450714505,148.62908759359658,0.4437436412494587,0.3776967441465177,0.06265206812652069,0.06666666666666667
S13,2026-08-18,2,107.2,2026-08-16,100.67640259156441,99.26866445256235,116.03244841005608,127.01041228825105,0.2933650282264879,0.03279504694210599,0.06265206812652069,0.06666666666666667
S14,2026-08-18,2,51.9,2026-08-16,65.94062125359773,65.42129012370808,108.76671143542472,149.33054462764784,0.36917743489609806,0.327507707917465,0.031021897810219023,0.1
S15,2026-08-18,2,71.0,2026-08-16,74.7599558895178,73.77430313130509,86.1022331664712,135.87336890751794,0.325122338225076,0.05093531826466888,0.033180528268936915,0.0
S01,2026-08-19,3,76.7,2026-08-16,87.24348690243296,84.9726563431212,96.38293063475007,105.41234061131584,0.009602138361058709,0.013045090668883349,0.05352798053527985,0.06666666666666667
S02,2026-08-19,3,119.0,2026-08-16,113.5466333358918,112.95091719819825,122.84864534076331,125.1445413623917,0.007967777793578535,0.023327100468818335,0.04977079240340532,0.0
S03,2026-08-19,3,117.5,2026-08-16,100.57347669576455,100.80106224653842,117.74098868036742,111.58780681088903,0.00868161013560004,0.02572410350781641,0.04758786291202799,0.0
S04,2026-08-19,3,104.5,2026-08-16,98.9634750085772,97.86518795276817,109.5391586852266,107.46941750634817,0.009165018301185561,0.0039036858652442665,0.06265206812652069,0.06666666666666667
S05,2026-08-19,3,95.9,2026-08-16,77.32630192644075,78.7388347523559,90.22274495911813,101.30962306703381,0.013753635459049113,0.0165083148631189,0.048053527980535304,0.1
S06,2026-08-19,3,74.8,2026-08-16,72.06084196805605,67.11445199177916,92.76859873977168,106.53258460198043,0.00881764878552315,0.014058469794228987,0.028378083387906594,0.03333333333333333
S07,2026-08-19,3,58.0,2026-08-16,62.69308401088715,63.28033100674667,84.55257109763434,115.3217103687571,0.010244728564771838,0.009211376904025497,0.031021897810219023,0.06666666666666667
S08,2026-08-19,3,127.3,2026-08-16,100.2000010796115,99.46610255158208,112.41534948477565,111.77929702377544,0.008388481605115239,0.034327313857721926,0.06265206812652069,0.06666666666666667
S09,2026-08-19,3,83.0,2026-08-16,102.01139596483505,102.3251773934338,112.8168145198998,112.62777944496952,0.015180224912370673,0.014102139740195009,0.047806155861165656,0.0
S10,2026-08-19,3,104.6,2026-08-16,102.12676265571021,96.47352806182191,111.87900782184313,114.24976715207134,0.0054017294180984865,0.03963932300397561,0.047151277013752435,0.03333333333333333
S11,2026-08-19,3,53.0,2026-08-16,68.09054588516092,67.452879488745,90.40179388133967,120.69586499387145,0.015167358694566068,0.015067289051626574,0.031021897810219023,0.1
S12,2026-08-19,3,107.5,2026-08-16,113.1321709662031,117.0805355019254,131.13811900620777,133.53644251513182,0.01657929869926487,0.08802157037731001,0.06265206812652069,0.06666666666666667
S13,2026-08-19,3,98.1,2026-08-16,107.13237223680862,105.77582525704491,120.91684889984262,117.74934327912736,0.008697393460675811,0.020360518589513564,0.06265206812652069,0.06666666666666667
S14,2026-08-19,3,51.5,2026-08-16,72.39659089884194,71.92845092819064,108.36833098220374,131.4092781804934,0.01221684876623477,0.0511873899844202,0.038321167883211715,0.1
S15,2026-08-19,3,61.3,2026-08-16,81.215925534762,80.28146393578766,94.33184496115327,121.066038961054,0.010078414281359463,0.012350576865347884,0.03841955904824279,0.0
S01,2026-08-20,4,191.7,2026-08-16,92.26490782643155,90.01848379707198,98.53315961343357,120.93047330178462,0.47133514118941605,0.2041596805104069,0.05413625304136249,0.06666666666666667
S02,2026-08-20,4,116.1,2026-08-16,118.56805425989037,117.99674465214902,124.16753896943452,130.39006688904058,0.4248207701776422,0.09340156507166952,0.051298843047369536,0.0
S03,2026-08-20,4,98.2,2026-08-16,105.59489761976315,105.84688970048919,119.94004009616822,118.55041600723115,0.44608712454440985,0.15048426735700515,0.04889762060685443,0.0
S04,2026-08-20,4,98.2,2026-08-16,103.98489593257578,102.91101540671893,110.82781479743181,116.39813773617924,0.45963341993883,0.03173409640030354,0.06265206812652069,0.06666666666666667
S05,2026-08-20,4,64.2,2026-08-16,82.34772285043934,83.78466220630666,98.00252841817468,120.4736692743892,0.5618645316533477,0.25043885403179705,0.05352798053527985,0.1
S06,2026-08-20,4,83.3,2026-08-16,77.08226289205464,72.16027944572993,89.11192573617802,130.61920085114892,0.4499661052098193,0.19730634352323606,0.03208906352324825,0.03333333333333333
S07,2026-08-20,4,98.2,2026-08-16,67.71450493488574,68.32615846069744,86.22791771597782,134.91383215583997,0.48766280407136725,0.1467977406929288,0.03406326034063256,0.06666666666666667
S08,2026-08-20,4,111.8,2026-08-16,105.22142200361009,104.51193000553285,112.82818382796472,131.0261570295459,0.4375438451251777,0.2095802743251967,0.06265206812652069,0.06666666666666667
S09,2026-08-20,4,88.1,2026-08-16,107.03281688883362,107.37100484738457,114.18815574152892,119.06738255964754,0.5863436649222794,0.1299835128825933,0.049334206505129874,0.0
S10,2026-08-20,4,98.5,2026-08-16,107.14818357970879,101.51935551577267,112.77034605988068,126.39558165862972,0.33308072806142586,0.3234882304490888,0.04758786291202799,0.03333333333333333
S11,2026-08-20,4,78.0,2026-08-16,73.1119668091595,72.49870694269576,95.31468335201026,139.7206308332087,0.5861348212200139,0.26721698257665955,0.038321167883211715,0.1
S12,2026-08-20,4,95.5,2026-08-16,118.1535918902017,122.12636295587616,134.9257563944947,155.93814118380496,0.6078904615132925,0.73862610367832,0.06508515815085159,0.06666666666666667
S13,2026-08-20,4,99.7,2026-08-16,112.1537931608072,110.82165271099568,121.59725334962164,130.75431121693094,0.4465399157336127,0.10575785038047572,0.06265206812652069,0.06666666666666667
S14,2026-08-20,4,78.2,2026-08-16,77.41801182284051,76.9742783821414,113.08607692894115,165.31729128794768,0.5321277932005557,0.6411325116559228,0.0468369829683698,0.1
S15,2026-08-20,4,109.4,2026-08-16,86.23734645876057,85.32729138973842,93.10762510248584,136.0495416521895,0.4835324146540124,0.1455513861737847,0.040165902641344675,0.0
S01,2026-08-21,5,92.7,2026-08-16,97.37303056554993,95.1192586433727,108.34880397831463,116.22984230020386,0.4638625146003837,0.16070889790193896,0.06021897810218979,0.06666666666666667
S02,2026-08-21,5,107.6,2026-08-16,123.67617699900873,123.09751949844974,124.72880330438326,132.28444943535834,0.4175032055121991,0.07708765754038897,0.05457323728443575,0.0
S03,2026-08-21,5,114.5,2026-08-16,110.7030203588815,110.94766454678992,121.16133839189342,119.64583202081188,0.4386826293116791,0.10526231681134102,0.04977079240340532,0.0
S04,2026-08-21,5,109.0,2026-08-16,109.09301867169415,108.01179025301965,117.42148832259652,115.34280947763037,0.45218763102561393,0.023032795806064224,0.06265206812652069,0.06666666666666667
S05,2026-08-21,5,72.3,2026-08-16,87.4558455895577,88.88543705260739,95.26402802580151,112.53268830239452,0.554461941366355,0.17696703371451422,0.05352798053527985,0.1
S06,2026-08-21,5,79.6,2026-08-16,82.190385631173,77.26105429203065,100.06276307297887,127.40924321118044,0.44254866511088187,0.21434301246502097,0.036018336607727575,0.03333333333333333
S07,2026-08-21,5,70.2,2026-08-16,72.8226276740041,73.42693330699817,86.60562948806349,137.0672678420514,0.4801664301565739,0.12132165783589763,0.038321167883211715,0.06666666666666667
S08,2026-08-21,5,110.5,2026-08-16,110.32954474272844,109.61270485183358,117.03269814200448,130.06060403620438,0.4301710291876997,0.1485434929145583,0.06265206812652069,0.06666666666666667
S09,2026-08-21,5,222.6,2026-08-16,112.140939627952,112.4717796936853,117.03680721537071,119.65701673177003,0.5790447986865358,0.0922191020647849,0.04977079240340532,0.0
S10,2026-08-21,5,208.3,2026-08-16,112.25630631882716,106.62013036207341,115.9546917063932,126.6207729611246,0.3264465232525186,0.21143095927659605,0.04889762060685443,0.03333333333333333
S11,2026-08-21,5,89.7,2026-08-16,78.22008954827785,77.59948178899648,89.39150323992962,144.5978389648182,0.5788349168856733,0.19379548262404445,0.0468369829683698,0.1
S12,2026-08-21,5,127.0,2026-08-16,123.26171462932005,127.2271378021769,137.0779470555052,152.94818537889353,0.6007128836353761,0.6326850919069513,0.06630170316301698,0.06666666666666667
S13,2026-08-21,5,123.9,2026-08-16,117.26191589992555,115.92242755729642,125.33335357653436,131.12927223229389,0.4391338631202838,0.07266018532730219,0.06265206812652069,0.06666666666666667
S14,2026-08-21,5,76.5,2026-08-16,82.52613456195888,82.07505322844213,111.85344605527604,153.7233906263872,0.5246478431292658,0.6016108382830878,0.05352798053527985,0.1
S15,2026-08-21,5,86.3,2026-08-16,91.34546919787894,90.42806623603914,105.2003437586888,138.66464479440444,0.47604053888316766,0.16411489546188987,0.04344029687841078,0.0
S01,2026-08-22,6,81.1,2026-08-16,97.19497562543103,94.94906704717133,107.90343526585323,134.51545819917988,0.6074395091708111,0.26839426158086466,0.06021897810218979,0.06666666666666667
S02,2026-08-22,6,126.3,2026-08-16,123.49812205888985,122.92732790224838,163.68396647334896,177.76155539571016,0.5617661336600234,0.2575088095967414,0.05457323728443575,0.0
S03,2026-08-22,6,110.2,2026-08-16,110.5249654187626,110.77747295058855,137.0668244144519,134.44955637901987,0.5829399893186095,0.27997229654023154,0.04977079240340532,0.0
S04,2026-08-22,6,108.3,2026-08-16,108.91496373157526,107.84159865681829,112.98925045249808,124.53965376851374,0.5961692509401054,0.05385413358559743,0.06265206812652069,0.06666666666666667
S05,2026-08-22,6,110.5,2026-08-16,87.2777906494388,88.71524545640602,95.42545246996642,131.11819454845826,0.689991567583406,0.17340521962954264,0.05352798053527985,0.1
S06,2026-08-22,6,76.9,2026-08-16,82.0123306910541,77.09086269582929,117.0530980921329,145.28489343141706,0.5867484268625127,0.26954560728872257,0.036018336607727575,0.03333333333333333
S07,2026-08-22,6,92.3,2026-08-16,72.6445727338852,73.2567417107968,87.30968142611717,135.77815140965134,0.6229265111059317,0.11500763879115733,0.038321167883211715,0.06666666666666667
S08,2026-08-22,6,97.7,2026-08-16,110.15148980260955,109.4425132556322,142.6838348776426,174.28561064206067,0.5744940940860133,0.20192955523712378,0.06265206812652069,0.06666666666666667
S09,2026-08-22,6,108.6,2026-08-16,111.9628846878331,112.30158809748393,132.00173066081732,135.96572694539924,0.7109942608439584,0.3239281603193512,0.04977079240340532,0.0
S10,2026-08-22,6,92.9,2026-08-16,112.07825137870826,106.44993876587203,124.3096871764918,142.671765201494,0.4643265001348127,0.47100553009707424,0.04889762060685443,0.03333333333333333
S11,2026-08-22,6,74.1,2026-08-16,78.04203460815897,77.42929019279512,87.46679622941994,142.03854741820265,0.7108173116273119,0.17363455509637699,0.0468369829683698,0.1
S12,2026-08-22,6,131.6,2026-08-16,123.08365968920116,127.05694620597552,163.8810766889564,207.5789067536661,0.7290485596752802,0.7461084173921545,0.06630170316301698,0.06666666666666667
S13,2026-08-22,6,119.2,2026-08-16,117.08386095980667,115.75223596109504,155.08540036329026,179.10687326539093,0.5833853894279646,0.14827226290894663,0.06265206812652069,0.06666666666666667
S14,2026-08-22,6,61.9,2026-08-16,82.34807962183999,81.90486163224077,108.13879892851811,152.24271866628197,0.663746672431331,0.5400318284882462,0.05352798053527985,0.1
S15,2026-08-22,6,92.7,2026-08-16,91.16741425776004,90.25787463983778,98.8965511488035,149.6747812795309,0.6190347110482096,0.282641143502268,0.04344029687841078,0.0
S01,2026-08-23,7,75.9,2026-08-16,89.91179598128281,87.60811672800405,95.79447679896961,102.44707351179304,0.5332725399835485,0.15739074908605669,0.05352798053527985,0.06666666666666667
S02,2026-08-23,7,106.4,2026-08-16,116.21494241474163,115.5863775830811,162.34666805716148,179.51740649780368,0.4862679797709867,0.15978527641750617,0.049989085352543094,0.0
S03,2026-08-23,7,109.7,2026-08-16,103.2417857746144,103.43652263142127,163.66675850135437,143.1354845988587,0.5078941703905648,0.22393525204022507,0.047806155861165656,0.0
S04,2026-08-23,7,84.4,2026-08-16,101.63178408742704,100.50064833765101,114.28785002484751,113.5463906002327,0.5215501244139865,0.034225861144854465,0.06265206812652069,0.06666666666666667
S05,2026-08-23,7,67.3,2026-08-16,79.9946110052906,81.37429513723875,87.96075375000187,100.9778986141803,0.6217082149761379,0.14108650358915503,0.05352798053527985,0.1
S06,2026-08-23,7,51.5,2026-08-16,74.72915104690588,69.74991237666201,92.5089124652911,113.19426479275221,0.5118139985072312,0.22840366986601118,0.031215891726697254,0.03333333333333333
S07,2026-08-23,7,86.2,2026-08-16,65.36139308973699,65.91579139162953,83.89275978903137,125.59708481884496,0.5495155799850256,0.09296883965963637,0.031021897810219023,0.06666666666666667
S08,2026-08-23,7,91.2,2026-08-16,102.86831015846133,102.10156293646493,114.552042644401,140.03883994118883,0.49923404313362163,0.2021883586983386,0.06265206812652069,0.06666666666666667
S09,2026-08-23,7,211.2,2026-08-16,104.67970504368488,104.96063777831665,148.58946613121566,127.78890487545328,0.6449565999771719,0.21400537672015865,0.04889762060685443,0.0
S10,2026-08-23,7,100.2,2026-08-16,104.79507173456004,99.10898844670476,116.6458968294527,137.04318666779142,0.39026184878834136,0.35591661675686254,0.047151277013752435,0.03333333333333333
S11,2026-08-23,7,67.4,2026-08-16,70.75885496401075,70.08833987362785,90.4061833497108,137.08112925907494,0.6447594197691163,0.13315309318674973,0.035279805352798066,0.1
S12,2026-08-23,7,116.7,2026-08-16,115.80048004505295,119.71599588680824,143.15151229600383,161.04993199874636,0.6651936517536355,0.7126781574211115,0.06265206812652069,0.06666666666666667
S13,2026-08-23,7,120.0,2026-08-16,109.80068131565845,108.41128564192776,129.48142126090642,142.61355568409357,0.508352121769912,0.11014261251152865,0.06265206812652069,0.06666666666666667
S14,2026-08-23,7,80.6,2026-08-16,75.06489997769177,74.56391131307349,109.34518710710807,144.4760142822451,0.5930916376343878,0.5299390976032727,0.03953771289537711,0.1
S15,2026-08-23,7,197.7,2026-08-16,83.88423461361182,82.91692432067049,92.74378904699712,121.29226131094575,0.5454190176151101,0.14748463721551466,0.03929273084479368,0.0
S01,2026-08-24,8,78.2,2026-08-16,85.4817694312697,83.1132774739358,118.36429549414066,118.52068859725523,0.5813406233969804,0.3026578154703809,0.05352798053527985,0.06666666666666667
S02,2026-08-24,8,109.4,2026-08-16,111.78491586472853,111.09153832901283,114.82818042136007,131.62334779889323,0.5349554281895976,0.13266776088297955,0.04977079240340532,0.0
S03,2026-08-24,8,90.3,2026-08-16,98.81175922460129,98.941683377353,116.89361697416348,119.61948257705976,0.5564017711287724,0.27954772419708745,0.047151277013752435,0.0
S04,2026-08-24,8,81.6,2026-08-16,97.20175753741394,96.00580908358275,103.79216067770855,114.1018085395452,0.5698516729401505,0.05133366139462832,0.06265206812652069,0.06666666666666667
S05,2026-08-24,8,51.2,2026-08-16,75.5645844552775,76.87945588317048,112.6686425703015,116.87582785773694,0.6663665887874084,0.2768616773331905,0.0468369829683698,0.1
S06,2026-08-24,8,55.9,2026-08-16,70.29912449689279,65.25507312259374,104.63601496838896,135.17240207846177,0.5602697431757596,0.3261553315561918,0.027723204540493374,0.03333333333333333
S07,2026-08-24,8,52.3,2026-08-16,60.93136653972389,61.42095213756126,133.6690309363869,148.4552857543306,0.5971744539798024,0.24487175054295326,0.031021897810219023,0.06666666666666667
S08,2026-08-24,8,111.6,2026-08-16,98.43828360844823,97.60672368239668,110.50170507723911,130.13535183391164,0.5478353110274102,0.20732555355839033,0.06265206812652069,0.06666666666666667
S09,2026-08-24,8,93.1,2026-08-16,100.24967849367178,100.46579852424838,108.74376468285291,118.20873077318026,0.6882466758550823,0.24563667553455937,0.04758786291202799,0.0
S10,2026-08-24,8,76.2,2026-08-16,100.36504518454694,94.61414919263649,102.57838762526502,127.39540280199412,0.437523334569746,0.46163074933992054,0.04540493342065055,0.03333333333333333
S11,2026-08-24,8,63.7,2026-08-16,66.32882841399766,65.59350061955958,143.41006389607065,153.8879421238521,0.6880619095430952,0.3691123448173604,0.031021897810219023,0.1
S12,2026-08-24,8,118.3,2026-08-16,111.37045349503984,115.22115663273998,123.27449178033434,153.02965390427045,0.7071366848255417,0.7265076385635397,0.06265206812652069,0.06666666666666667
S13,2026-08-24,8,91.3,2026-08-16,105.37065476564536,103.9164463878595,111.21789346212846,129.90380349732945,0.5568539677812937,0.11746219710968546,0.06265206812652069,0.06666666666666667
S14,2026-08-24,8,55.5,2026-08-16,70.63487342767867,70.06907205900522,123.22790068561514,162.46705687967818,0.6391675694726248,0.7151885242765043,0.035279805352798066,0.1
S15,2026-08-24,8,57.9,2026-08-16,79.45420806359873,78.42208506660224,121.07915741412994,145.54597814697132,0.5931904417039301,0.3176471374735668,0.03710980135341624,0.0
S01,2026-08-25,9,53.5,2026-08-16,84.18538206522065,81.81267225146412,88.5872955110506,108.53886593716405,0.3131314739169244,0.057338237481500264,0.05352798053527985,0.06666666666666667
S02,2026-08-25,9,99.8,2026-08-16,110.48852849867947,109.79093310654116,121.54183037454524,129.3157681795471,0.2741339205391011,0.03863568448136689,0.04955249945426765,0.0
S03,2026-08-25,9,107.0,2026-08-16,97.51537185855224,97.64107815488134,115.06532510990738,117.2608710585886,0.2916822881280994,0.0647464085254853,0.047151277013752435,0.0
S04,2026-08-25,9,85.2,2026-08-16,95.9053701713649,94.70520386111107,104.5670343733087,111.16089513975453,0.3031055319650102,0.010836979343088944,0.06021897810218979,0.06666666666666667
S05,2026-08-25,9,73.6,2026-08-16,74.26819708922844,75.5788506606988,88.70299327205241,108.47246028638048,0.39603782923530906,0.08861717341931936,0.04379562043795615,0.1
S06,2026-08-25,9,81.6,2026-08-16,69.00273713084374,63.954467900122076,89.77759007980016,122.50610715648767,0.2949335248903987,0.06357497093726674,0.025758567998253712,0.03333333333333333
S08,2026-08-25,9,122.8,2026-08-16,97.14189624239918,96.306118459925,113.34801978332031,128.43101860567776,0.28457687587642116,0.06950209306355803,0.06265206812652069,0.06666666666666667
S09,2026-08-25,9,97.6,2026-08-16,98.95329112762273,99.16519330177672,108.32072141984929,115.77142647753912,0.4202215692347971,0.047934112113618754,0.047151277013752435,0.0
S10,2026-08-25,9,75.2,2026-08-16,99.0686578184979,93.31354397016483,111.95338178302141,131.14232411294472,0.20342586333977974,0.13234335285236615,0.04409517572582411,0.03333333333333333
S11,2026-08-25,9,45.2,2026-08-16,65.0324410479486,64.2928953970879,93.02243578974151,143.05213943979828,0.4200118164458032,0.08447584172569064,0.031021897810219023,0.1
S12,2026-08-25,9,131.7,2026-08-16,110.0740661289908,113.92055141026832,130.6282137470161,150.19382706212002,0.44218944848656294,0.35498053417705505,0.06265206812652069,0.06666666666666667
S13,2026-08-25,9,97.9,2026-08-16,104.0742673995963,102.61584116538783,117.96874743777997,127.75701263110321,0.2920609903701634,0.029986523756286635,0.06265206812652069,0.06666666666666667
S14,2026-08-25,9,60.6,2026-08-16,69.33848606162962,68.76846683653356,109.00104113115268,149.58247776007383,0.36771176467677164,0.32315670949855596,0.03406326034063256,0.1
S15,2026-08-25,9,63.2,2026-08-16,78.15782069754968,77.12147984413056,86.26353840476696,135.35298350671562,0.323741809771815,0.047818195886527866,0.036018336607727575,0.0
S01,2026-08-26,10,84.3,2026-08-16,90.64135171046486,88.31983305594669,96.58165161259275,105.73841881690458,0.009542422478810013,0.012662498084923753,0.05352798053527985,0.06666666666666667
S02,2026-08-26,10,116.3,2026-08-16,116.94449814392368,116.29809391102373,125.68003155762105,128.1786660756129,0.0079181447697274,0.023443087012186586,0.049989085352543094,0.0
S03,2026-08-26,10,94.3,2026-08-16,103.97134150379644,104.1482389593639,120.26745333796926,112.52852340111087,0.008627569166188868,0.024979066233592185,0.047806155861165656,0.0
S04,2026-08-26,10,110.8,2026-08-16,102.36133981660909,101.21236466559364,111.12465530905047,107.52341596740092,0.009107995877199992,0.003788167676624292,0.06265206812652069,0.06666666666666667
S05,2026-08-26,10,86.7,2026-08-16,80.72416673447265,82.08601146518137,90.39059735880504,101.76986875174845,0.013668457653813254,0.016025800476054376,0.05352798053527985,0.1
S06,2026-08-26,10,60.5,2026-08-16,75.45870677608794,70.46162870460464,93.5912690374054,105.93564554497362,0.008762768493068078,0.014050048911581141,0.03208906352324825,0.03333333333333333
S08,2026-08-26,10,107.9,2026-08-16,103.5978658876434,102.81327926440757,114.95337665717189,113.48829225928037,0.008336249947468066,0.034585260322996164,0.06265206812652069,0.06666666666666667
S09,2026-08-26,10,104.2,2026-08-16,105.40926077286693,105.67235410625928,114.72788925598837,113.57764521077753,0.015086347225895993,0.013680498716663499,0.04889762060685443,0.0
S10,2026-08-26,10,102.4,2026-08-16,105.52462746374209,99.82070477464738,114.09459045172825,115.83559957591996,0.005367994374922971,0.03868655558043897,0.04758786291202799,0.03333333333333333
S11,2026-08-26,10,57.7,2026-08-16,71.4884106931928,70.80005620157047,92.3490553273198,121.09773671521424,0.01507355935762292,0.01428463027618671,0.038321167883211715,0.1
S12,2026-08-26,10,133.9,2026-08-16,116.530035774235,120.42771221475087,132.73576838995825,135.05545500551207,0.01647691360625428,0.0860100418711219,0.06326034063260344,0.06666666666666667
S13,2026-08-26,10,119.4,2026-08-16,110.5302370448405,109.12300196987039,122.80166134296971,119.15711790797184,0.008643255100414374,0.019416265473601504,0.06265206812652069,0.06666666666666667
S14,2026-08-26,10,88.1,2026-08-16,75.79445570687382,75.27562764101611,108.48781347938439,131.94571276753464,0.012141071289174295,0.05032462786529521,0.04318734793187351,0.1
S15,2026-08-26,10,68.3,2026-08-16,84.61379034279388,83.62864064861313,94.25826797639505,120.83015501486696,0.010015766384059434,0.012079703766537558,0.03929273084479368,0.0
S01,2026-08-24,1,78.2,2026-08-23,83.20275106383721,84.90775980664158,105.30698438329543,171.72753161473707,0.6717904746131904,0.559929277377761,0.04451188669701567,0.1
S02,2026-08-24,1,109.4,2026-08-23,118.78959951551032,120.03795401751657,133.81230781036112,133.82402496212552,0.720887812664027,0.11092139521039718,0.056436391090977756,0.0
S03,2026-08-24,1,90.3,2026-08-23,109.03353846190828,112.68933335218279,137.48549188655574,147.74540783783863,0.7225273032687995,0.1488418119243185,0.053605134012835065,0.0
S04,2026-08-24,1,81.6,2026-08-23,99.5502106297671,102.88363466553551,115.39612960622216,167.27716021143215,0.7113347849991273,0.6351548747608577,0.05190637976594936,0.03333333333333333
S05,2026-08-24,1,51.2,2026-08-23,80.75719887728377,78.47954890454517,115.27635727251233,171.21855555023842,0.5830586152837195,0.6109712778655583,0.038442083965604446,0.1
S06,2026-08-24,1,55.9,2026-08-23,80.3938870312216,81.57660697583246,123.4497547529195,149.1962776849004,0.6369243498378814,0.49925265257028995,0.04341260853152129,0.03333333333333333
S07,2026-08-24,1,52.3,2026-08-23,81.5500115545878,78.31914811031929,123.87286445100416,139.21863445259936,0.6729168558868535,0.23228160189094044,0.038442083965604446,0.06666666666666667
S08,2026-08-24,1,111.6,2026-08-23,108.59878355995663,110.87662828626996,124.12948123623723,140.0499554700194,0.6381449981109312,0.17957862187860543,0.05412240768841681,0.06666666666666667
S09,2026-08-24,1,93.1,2026-08-23,101.35189712424655,90.30943796946147,128.9863219331146,181.6465181788696,0.8046155258267224,0.668155756577964,0.046029337379868474,0.06666666666666667
S10,2026-08-24,1,76.2,2026-08-23,99.64872512004081,101.68112185321897,123.57268103875889,181.60769240076405,0.6823189339344774,0.7273676562002318,0.05412240768841681,0.06666666666666667
S11,2026-08-24,1,63.7,2026-08-23,71.66642691729055,72.98630317517593,109.46946989539967,125.07194308137058,0.6690750368989258,0.17232213822119363,0.03287809812847753,0.1
S12,2026-08-24,1,118.3,2026-08-23,110.73114200244495,113.5837155679321,125.65361952131741,146.2383297201112,0.6462227095359692,0.23263499796509002,0.05412240768841681,0.1
S13,2026-08-24,1,91.3,2026-08-23,107.97715914349394,108.8008531505685,119.92901672365143,125.82630795571148,0.6754648573283516,0.12390207593772581,0.05412240768841681,0.06666666666666667
S14,2026-08-24,1,55.5,2026-08-23,76.68430254066485,76.5292463357103,105.93745908289657,131.2871898977169,0.49660139766357914,0.4611561702026732,0.040392600981502436,0.03333333333333333
S15,2026-08-24,1,57.9,2026-08-23,86.49222756043137,88.8757632213163,136.91982215138586,191.43883855740432,0.7918485162785243,0.6145647618442517,0.046055115137787817,0.03333333333333333
S01,2026-08-25,2,53.5,2026-08-23,82.09975243594634,83.79853400641666,101.53633728900616,166.05526683974125,0.5290816467409182,0.41191389452282723,0.04400606980273136,0.1
S02,2026-08-25,2,99.8,2026-08-23,117.68660088761945,118.92872821729163,143.79531679181736,130.789990169553,0.5863831741437887,0.1427444228825581,0.05511513778784449,0.0
S03,2026-08-25,2,107.0,2026-08-23,107.93053983401742,111.58010755195787,138.26021055779324,137.2534581009126,0.5883615936350761,0.1075953051075173,0.053605134012835065,0.0
S04,2026-08-25,2,85.2,2026-08-23,98.44721200187622,101.77440886531059,116.4208096536969,157.87550518147162,0.574940971253065,0.40759410716635436,0.05190637976594936,0.03333333333333333
S05,2026-08-25,2,73.6,2026-08-23,79.65420024939291,77.37032310432025,96.19428459025639,164.50888284129815,0.43425925890886563,0.398475309906446,0.038442083965604446,0.1
S06,2026-08-25,2,81.6,2026-08-23,79.29088840333073,80.46738117560754,104.29320331152573,146.03059495001455,0.4905519764207809,0.20884404062127035,0.0428463571158928,0.03333333333333333
S08,2026-08-25,2,122.8,2026-08-23,107.49578493206577,109.76740248604503,134.6485168789547,136.04516341248004,0.491872135143916,0.20132363834339828,0.05412240768841681,0.06666666666666667
S09,2026-08-25,2,97.6,2026-08-23,100.2488984963557,89.20021216923655,147.4627906042703,180.09857968602768,0.6932928287195171,0.6320601471356551,0.046029337379868474,0.06666666666666667
S10,2026-08-25,2,75.2,2026-08-23,98.54572649214995,100.57189605299405,135.06635468174875,176.83402587032634,0.541060568285502,0.715857393721278,0.05412240768841681,0.06666666666666667
S11,2026-08-25,2,45.2,2026-08-23,70.5634282893997,71.877077374951,95.3339650494441,121.782767149089,0.5260185513956891,0.06626422630890964,0.03287809812847753,0.1
S12,2026-08-25,2,131.7,2026-08-23,109.6281433745541,112.47448976770718,151.39857974880314,147.0314265695302,0.5006600839287283,0.3275692504400297,0.05412240768841681,0.1
S13,2026-08-25,2,97.9,2026-08-23,106.87416051560307,107.69162735034358,127.41648893427336,121.59352089617126,0.5332436436519401,0.14005618226617342,0.05412240768841681,0.06666666666666667
S14,2026-08-25,2,60.6,2026-08-23,75.58130391277398,75.42002053548538,94.82970630168623,123.82564178246596,0.3512769644110655,0.17457647286101663,0.040015100037750106,0.03333333333333333
S15,2026-08-25,2,63.2,2026-08-23,85.38922893254052,87.76653742109139,126.07261443287564,187.3948984716112,0.6761791747281742,0.3750311399688003,0.04530011325028316,0.03333333333333333
S01,2026-08-26,3,84.3,2026-08-23,88.01582007909113,89.77912292512077,112.00004983006997,143.21700344467922,0.016150911470572217,0.048327981437824144,0.046029337379868474,0.1
S02,2026-08-26,3,116.3,2026-08-23,123.60266853076423,124.90931713599575,134.37477484622144,130.7301007597062,0.020294132003626654,0.019036160003288522,0.06304265760664407,0.0
S03,2026-08-26,3,94.3,2026-08-23,113.84660747716221,117.56069647066198,150.39569437813915,140.26863909589773,0.0204570672157474,0.02117254370523047,0.05492638731596833,0.0
S04,2026-08-26,3,110.8,2026-08-23,104.36327964502101,107.7549977840147,128.78665275039643,135.33889102649715,0.019380545058880955,0.04921254042781124,0.053227633069082625,0.03333333333333333
S05,2026-08-26,3,86.7,2026-08-23,85.5702678925377,83.35091202302436,106.5583181541418,138.8716488573313,0.011091220350391794,0.0438397494668134,0.04400606980273136,0.1
S06,2026-08-26,3,60.5,2026-08-23,85.20695604647551,86.44797009431166,118.61792558001679,125.80766463037978,0.013874231121720065,0.024897837560129202,0.044733861834654554,0.03333333333333333
S08,2026-08-26,3,107.9,2026-08-23,113.41185257521056,115.74799140474914,128.60827969501295,134.36589879185644,0.013946687634712619,0.021897453018674726,0.05412240768841681,0.06666666666666667
S09,2026-08-26,3,104.2,2026-08-23,106.16496613950048,95.18080108794067,134.03230830206758,144.89655460763606,0.0319721682942959,0.06108418496688875,0.051087506322711196,0.06666666666666667
S10,2026-08-26,3,102.4,2026-08-23,104.46179413529472,106.55248497169815,133.53991460950004,149.55684642883594,0.016934195508888885,0.07484129519872257,0.05412240768841681,0.06666666666666667
S11,2026-08-26,3,57.7,2026-08-23,76.47949593254447,77.85766629365511,103.78354458157435,118.5831775398361,0.01595678369275222,0.01331037807112191,0.038442083965604446,0.1
S12,2026-08-26,3,133.9,2026-08-23,115.54421101769887,118.4550786864113,130.72671409308055,141.99648034205126,0.014438493631359597,0.025919979286559557,0.05412240768841681,0.1
S13,2026-08-26,3,119.4,2026-08-23,112.79022815874785,113.6722162690477,126.09504837531483,122.10157220830948,0.016418640918201832,0.013611981249975423,0.05412240768841681,0.06666666666666667
S14,2026-08-26,3,88.1,2026-08-23,81.49737155591876,81.40060945418949,111.88769596706469,111.87955048906835,0.007849811711253327,0.025199777075003676,0.043223858059645126,0.03333333333333333
S15,2026-08-26,3,68.3,2026-08-23,91.30529657568529,93.7471263397955,121.51845637509588,159.47739805610667,0.029607114857370723,0.058813377867729964,0.04907512268780667,0.03333333333333333
S01,2026-08-27,4,71.2,2026-08-23,94.02035772488621,95.81844123318606,134.7986646599783,184.83783450488346,0.6765349888106036,0.62132057716188,0.051087506322711196,0.1
S02,2026-08-27,4,114.1,2026-08-23,129.60720617655932,130.94863544406104,133.93353310175723,131.6706434789106,0.7252128974609605,0.08663773859724326,0.07550018875047193,0.0
S03,2026-08-27,4,82.4,2026-08-23,119.85114512295729,123.60001477872727,153.26939440371552,144.66514274679855,0.7268366094877772,0.11570567621868737,0.060022650056625104,0.0
S04,2026-08-27,4,91.8,2026-08-23,110.36781729081609,113.79431609208,131.03586273475966,162.96434608994022,0.7157495321333622,0.6403367937183883,0.05379388448471123,0.03333333333333333
S05,2026-08-27,4,79.1,2026-08-23,91.57480553833278,89.39023033108964,126.86049342263235,175.73114096496334,0.5882997335941041,0.6076935816503364,0.046029337379868474,0.1
S06,2026-08-27,4,76.6,2026-08-23,91.2114936922706,92.48728840237695,120.52709753136062,149.22326034095346,0.6419042158632713,0.47640722887338394,0.047942619856549684,0.03333333333333333
S08,2026-08-27,4,218.9,2026-08-23,119.41639022100563,121.78730971281445,128.71647112275207,138.93129494112443,0.6431175029778687,0.2109793486305358,0.05715730905412242,0.06666666666666667
S09,2026-08-27,4,116.8,2026-08-23,112.16950378529556,101.22011939600596,139.75967100045852,179.86700781613825,0.8079887536477234,0.7007357863033992,0.05412240768841681,0.06666666666666667
S10,2026-08-27,4,115.1,2026-08-23,110.4663317810898,112.59180327976344,134.7657337047312,178.4266920819614,0.6869821667891644,0.7505641043218518,0.05412240768841681,0.06666666666666667
S11,2026-08-27,4,74.1,2026-08-23,82.48403357833956,83.89698460172042,121.41213695107311,123.90920204748201,0.6738397467671393,0.17951111401737335,0.04451188669701567,0.1
S12,2026-08-27,4,142.2,2026-08-23,121.54874866349395,124.49439699447659,144.8125417565443,146.81064896987516,0.6511448941447049,0.26312483120142066,0.058674759736975224,0.1
S13,2026-08-27,4,108.6,2026-08-23,118.79476580454293,119.71153457711299,126.20323980305395,123.33631380167733,0.6801815424198169,0.13355321020582103,0.05412240768841681,0.06666666666666667
S14,2026-08-27,4,89.4,2026-08-23,87.50190920171384,87.43992776225478,109.27314701009963,131.31417255376996,0.5020010643286359,0.4385273547645075,0.04530011325028316,0.03333333333333333
S15,2026-08-27,4,79.9,2026-08-23,97.30983422148037,99.78644464786079,124.57569952205243,184.57525959802499,0.7953861089055345,0.6226895562386737,0.0517176292940732,0.03333333333333333
S01,2026-08-28,5,94.7,2026-08-23,100.14883598418578,101.94263152320562,116.98866103357068,174.23507535498388,0.6873224576197622,0.5833548245161166,0.05412240768841681,0.1
S02,2026-08-28,5,116.6,2026-08-23,135.7356844358589,137.0728257340806,133.7697407352004,136.71610386031935,0.735012827412422,0.12265604518051215,0.10437901094752733,0.0
S03,2026-08-28,5,92.3,2026-08-23,125.97962338225686,129.72420506874684,175.33950942889902,157.3893207350775,0.7365996641142212,0.18006153580564,0.07399018497546239,0.0
S04,2026-08-28,5,122.0,2026-08-23,116.49629555011566,119.91850638209957,142.8217842092804,172.68917153032194,0.7257593350583529,0.681463878035892,0.056058890147225315,0.03333333333333333
S05,2026-08-28,5,60.1,2026-08-23,97.70328379763235,95.51442062110921,107.00543442069932,169.74069189832522,0.6002912715063888,0.5948397888795117,0.051087506322711196,0.1
S06,2026-08-28,5,97.1,2026-08-23,97.33997195157016,98.6114786923965,121.47869179211912,149.48033390131923,0.6532546753528723,0.47649544812616823,0.05134012835032087,0.03333333333333333
S07,2026-08-28,5,44.3,2026-08-23,98.49609647493637,95.35401982688333,116.0057966557618,139.09171935712632,0.6884202574634423,0.21296939338383225,0.051087506322711196,0.06666666666666667
S08,2026-08-28,5,109.2,2026-08-23,125.54486848030521,127.911500002834,130.67064040305638,144.37266184304227,0.6544502075357643,0.19696754393626825,0.06879109762266056,0.06666666666666667
S09,2026-08-28,5,95.6,2026-08-23,118.29798204459513,107.34430968602553,155.90151258485884,190.34731533046005,0.8155872701943221,0.7160256792797496,0.05412240768841681,0.06666666666666667
S10,2026-08-28,5,115.0,2026-08-23,116.59481004038939,118.71599356978301,145.1269327137994,187.20054541644419,0.6975769707141939,0.7749386051691489,0.05412240768841681,0.06666666666666667
S11,2026-08-28,5,88.6,2026-08-23,88.61251183763913,90.02117489173997,104.93790944292263,123.95021854149621,0.6846752065711613,0.15995558061926685,0.046029337379868474,0.1
S12,2026-08-28,5,144.4,2026-08-23,127.67722692279354,130.61858728449616,130.2107044303108,148.62063441330304,0.6623565202952469,0.2539366417794222,0.06980273141122917,0.1
S13,2026-08-28,5,124.0,2026-08-23,124.9232440638425,125.83572486713254,135.41282006342445,130.4215322930035,0.6909029618721014,0.13133441063149498,0.060698027314112335,0.06666666666666667
S14,2026-08-28,5,72.1,2026-08-23,93.63038746101341,93.56411805227435,110.22474127085815,131.16027480224386,0.51443153889783,0.43861443558255786,0.04813137032842585,0.03333333333333333
S15,2026-08-28,5,68.3,2026-08-23,103.43831248077996,105.91063493788036,125.05448651054508,191.94700996320188,0.8033619794559774,0.6059578384969466,0.052850132125330296,0.03333333333333333
S01,2026-08-29,6,84.5,2026-08-23,97.98291750349993,99.77227040811906,121.4803690578608,172.62589356557424,0.6954904704119088,0.5805309077583946,0.05412240768841681,0.1
S02,2026-08-29,6,121.2,2026-08-23,133.56976595517304,134.90246461899403,137.38377586695947,141.91742236509418,0.7424019434574783,0.13359240979728393,0.09588523971309926,0.0
S03,2026-08-29,6,107.7,2026-08-23,123.81370490157101,127.55384395366025,166.3644409667433,157.3542960566981,0.7439599454364707,0.1702630833547045,0.06813892034730085,0.0
S04,2026-08-29,6,103.2,2026-08-23,114.33037706942982,117.74814526701297,141.2464078013325,171.29607168404925,0.7333128603985876,0.6665615311045151,0.05492638731596833,0.03333333333333333
S05,2026-08-29,6,67.9,2026-08-23,95.5373653169465,93.34405950602263,112.6777792981798,175.53504048913197,0.6094409065018968,0.5958980318691948,0.051087506322711196,0.1
S06,2026-08-29,6,80.4,2026-08-23,95.17405347088432,96.44111757730992,134.1540904603398,154.19016177115765,0.6618748291639838,0.47303416125552383,0.05134012835032087,0.03333333333333333
S07,2026-08-29,6,83.4,2026-08-23,96.33017799425052,93.18365871179675,122.00434262471522,139.6271202346265,0.6965722527649867,0.2123790298711209,0.051087506322711196,0.06666666666666667
S08,2026-08-29,6,115.53877551020408,2026-08-23,123.37894999961935,125.74113888774743,134.39086026840718,148.23908950371214,0.6630559701486772,0.2129217197223057,0.060698027314112335,0.06666666666666667
S09,2026-08-29,6,103.5,2026-08-23,116.13206356390928,105.17394857093893,140.05053651975908,189.0197072066578,0.8212759110632046,0.7003399596852133,0.05412240768841681,0.06666666666666667
S10,2026-08-29,6,87.4,2026-08-23,114.42889155970353,116.54563245469643,145.71462619923054,194.17649706521937,0.7055918493493868,0.7614227562305154,0.05412240768841681,0.06666666666666667
S11,2026-08-29,6,100.3,2026-08-23,86.44659335695329,87.85081377665338,106.23483613121832,124.75005921833879,0.6928814728403457,0.16114328690198304,0.04451188669701567,0.1
S12,2026-08-29,6,113.5,2026-08-23,125.51130844210768,128.44822616940957,133.96200658632273,152.36411198995324,0.6708644061268694,0.2810548152175314,0.06929691451694486,0.1
S13,2026-08-29,6,110.3,2026-08-23,122.75732558315666,123.66536375204596,129.26869172971595,133.1932072777729,0.6990184003013108,0.14291851385505416,0.05816894284269092,0.06666666666666667
S14,2026-08-29,6,77.6,2026-08-23,91.46446898032757,91.39375693718776,124.70539626487137,136.10799263102746,0.523988072866269,0.43075313529629505,0.047565118912797244,0.03333333333333333
S15,2026-08-29,6,73.6,2026-08-23,101.27239400009411,103.74027382279377,132.735789666964,193.74979375063856,0.8093395788832257,0.6031829092970756,0.05190637976594936,0.03333333333333333
S01,2026-08-30,7,89.0,2026-08-23,92.48482329237125,94.2159923033414,112.3669648285828,152.8192879629261,0.7072230748837323,0.5314307507535398,0.051087506322711196,0.1
S02,2026-08-30,7,94.7,2026-08-23,128.07167174404435,129.34618651421638,164.2874208986798,169.36972404712114,0.7529690682814344,0.1421307879289937,0.0728576821442054,0.0
S03,2026-08-30,7,111.8,2026-08-23,118.31561069044233,121.9975658488826,186.4228181013342,182.91107680951907,0.7544842942646204,0.1756915832884234,0.05775764439411102,0.0
S04,2026-08-30,7,97.7,2026-08-23,108.83228285830114,112.19186716223533,137.5592126754529,160.49244158404724,0.7441243291356687,0.6829789832236597,0.053605134012835065,0.03333333333333333
S05,2026-08-30,7,53.6,2026-08-23,90.03927110581782,87.78778140124497,105.27022006157537,160.94195779680538,0.6226902992377804,0.5816778034346303,0.04451188669701567,0.1
S06,2026-08-30,7,74.6,2026-08-23,89.67595925975563,90.88483947253226,124.2504044996329,145.88888584775543,0.6742960777927393,0.47942233090533015,0.04737636844092108,0.03333333333333333
S07,2026-08-30,7,57.3,2026-08-23,90.83208378312183,87.62738060701909,120.40011752205399,132.98964151340698,0.7082806593459505,0.18326602854546828,0.04451188669701567,0.06666666666666667
S08,2026-08-30,7,111.0,2026-08-23,117.88085578849068,120.18486078296976,129.99295089662795,127.63350116938228,0.6754551047161742,0.1808113477710111,0.05412240768841681,0.06666666666666667
S09,2026-08-30,7,74.9,2026-08-23,110.6339693527806,99.61767046616129,144.2602735664475,171.8491571632693,0.8293512116092752,0.6719152304012677,0.05412240768841681,0.06666666666666667
S10,2026-08-30,7,91.4,2026-08-23,108.93079734857486,110.98935434991877,138.71230351059359,168.08124506835085,0.7170935689669252,0.7366130598428292,0.05412240768841681,0.06666666666666667
S11,2026-08-30,7,69.2,2026-08-23,80.9484991458246,82.29453567187574,108.24690688771116,127.7597178186162,0.7046719151829057,0.12971600678978482,0.04400606980273136,0.1
S12,2026-08-30,7,121.5,2026-08-23,120.013214230979,122.89194806463192,130.99728490182179,134.0911391320745,0.683113525148496,0.2338104929564549,0.05816894284269092,0.1
S13,2026-08-30,7,110.0,2026-08-23,117.25923137202797,118.1090856472683,130.16333154101346,122.85642284987372,0.7106716228360439,0.138299083681859,0.05412240768841681,0.06666666666666667
S14,2026-08-30,7,60.8,2026-08-23,85.96637476919888,85.83747883241011,109.66949463234934,119.41816882752903,0.5379385025333269,0.4415048715243133,0.04454511136277839,0.03333333333333333
S15,2026-08-30,7,78.7,2026-08-23,95.77429978896542,98.18399571801612,125.75011695428708,171.79579752689165,0.8178345740059397,0.5704097287750027,0.05134012835032087,0.03333333333333333
S01,2026-08-31,8,76.4,2026-08-23,87.11682680178737,88.84931358140565,106.19277509612523,171.44580158849868,0.6845073848958859,0.559929277377761,0.04552352048558417,0.1
S02,2026-08-31,8,91.4,2026-08-23,122.70367525346049,123.97950779228064,138.27469846428045,134.46834429810545,0.7324599876972084,0.10788631317398005,0.06153265383163453,0.0
S03,2026-08-31,8,98.10816326530612,2026-08-23,112.94761419985845,116.63088712694686,146.5401725747514,150.65852277726387,0.7340565804289454,0.14283528196040596,0.05379388448471123,0.0
S04,2026-08-31,8,223.6,2026-08-23,103.46428636771726,106.82518844029958,117.00375343293528,167.17818486971694,0.723150926650789,0.6241784884990244,0.052850132125330296,0.03333333333333333
S05,2026-08-31,8,92.6,2026-08-23,84.67127461523394,82.42110267930924,112.98172097844619,172.79697163319497,0.5971518961928448,0.5997258376064768,0.04400606980273136,0.1
S06,2026-08-31,8,64.8,2026-08-23,84.30796276917175,85.51816075059654,126.9046129661597,149.23611398922444,0.6502889442248418,0.4874867959758424,0.044356360890902224,0.03333333333333333
S07,2026-08-31,8,62.0,2026-08-23,85.46408729253795,82.26070188508336,125.7715554199932,139.08538940397665,0.6856105474751,0.22399305243847578,0.04400606980273136,0.06666666666666667
S08,2026-08-31,8,111.8,2026-08-23,112.5128592979068,114.81818206103404,121.74569081364588,140.2659781091305,0.6514892465898391,0.17503475925282672,0.05412240768841681,0.06666666666666667
S09,2026-08-31,8,71.2,2026-08-23,105.26597286219672,94.25099174422554,132.79499637831043,184.6256211894608,0.8136138298168941,0.668155756577964,0.051087506322711196,0.06666666666666667
S10,2026-08-31,8,89.0,2026-08-23,103.56280085799098,105.62267562798304,124.47093777403501,181.50871705904885,0.6948132272539431,0.7307400051126424,0.05412240768841681,0.06666666666666667
S11,2026-08-31,8,70.4,2026-08-23,75.58050265524072,76.92785694994001,110.1689471544291,125.09834609388687,0.6818473325589876,0.17232213822119363,0.038442083965604446,0.1
S12,2026-08-31,8,111.2,2026-08-23,114.64521774039513,117.52526934269618,127.04333820601171,147.10344222951284,0.6594280516645955,0.22712029835666314,0.05412240768841681,0.1
S13,2026-08-31,8,88.6,2026-08-23,111.89123488144409,112.74240692533257,122.0847908929029,126.6011867503372,0.6881054968711583,0.11565742653220897,0.05412240768841681,0.06666666666666667
S14,2026-08-31,8,82.1,2026-08-23,80.598378278615,80.47080011047439,107.66198661142244,130.9026215983414,0.511166953521748,0.4494822296574008,0.0428463571158928,0.03333333333333333
S15,2026-08-31,8,74.9,2026-08-23,90.40630329838154,92.81731699608038,138.12729489939457,189.9241094165793,0.801289588041764,0.6145647618442517,0.047942619856549684,0.03333333333333333
S01,2026-09-01,9,85.7,2026-08-23,86.01382817389651,87.74008778118073,103.2099348301457,165.91882008628772,0.5435711776488195,0.4217675187279463,0.04451188669701567,0.1
S02,2026-09-01,9,101.98163265306124,2026-08-23,121.60067662556962,122.87028199205571,146.40119041552464,131.77381240204562,0.6004410883739052,0.13897469525466963,0.05794639486598718,0.0
S03,2026-09-01,9,101.4,2026-08-23,111.8446155719676,115.52166132672194,144.89374494126056,143.5101809472659,0.602397859857464,0.10305175713507853,0.05379388448471123,0.0
S04,2026-09-01,9,101.3,2026-08-23,102.3612877398264,105.71596264007466,118.9910072487499,160.22919016903444,0.5891152777498568,0.3962789039152152,0.052850132125330296,0.03333333333333333
S05,2026-09-01,9,51.1,2026-08-23,83.56827598734309,81.31187687908432,93.86775845483994,166.17140765322472,0.4486258604811215,0.3891284073620557,0.04400606980273136,0.1
S06,2026-09-01,9,79.1,2026-08-23,83.2049641412809,84.40893495037162,108.36024689249868,146.2157145271234,0.5051181383621223,0.20117266735971923,0.043978859947149895,0.03333333333333333
S07,2026-09-01,9,68.0,2026-08-23,84.3610886646471,81.15147608485844,103.89162588473334,132.4083880730514,0.5448394556076166,0.09467246399616129,0.04400606980273136,0.06666666666666667
S08,2026-09-01,9,114.0,2026-08-23,111.40986067001595,113.70895626080912,132.24922136242625,135.89923865640353,0.5064385286540264,0.19636125229791496,0.05412240768841681,0.06666666666666667
S09,2026-09-01,9,94.2,2026-08-23,104.16297423430586,93.14176594400062,151.53120574021682,185.30431921302116,0.705541781379077,0.6414360289997089,0.051087506322711196,0.06666666666666667
S10,2026-09-01,9,79.9,2026-08-23,102.45980223010011,104.51344982775811,136.98857224624257,177.1101589126343,0.5554911830114277,0.7274284330438667,0.05412240768841681,0.06666666666666667
S11,2026-09-01,9,47.8,2026-08-23,74.47750402734987,75.81863114971509,96.58253002883671,122.28223618424805,0.5405204808006295,0.06626422630890964,0.03591299949418314,0.1
S12,2026-09-01,9,93.7,2026-08-23,113.54221911250426,116.41604354247126,153.19597488220091,148.23604197544452,0.5152228436020069,0.32963992768513556,0.05412240768841681,0.1
S13,2026-09-01,9,105.5,2026-08-23,110.78823625355324,111.63318112510765,129.9232094397992,124.26762769208764,0.5477145867728762,0.13089721510246707,0.05412240768841681,0.06666666666666667
S14,2026-09-01,9,84.2,2026-08-23,79.49537965072415,79.36157431024945,97.34058263840802,123.58635675587529,0.3646678431187607,0.1678967096873574,0.0417138542846357,0.03333333333333333
S15,2026-09-01,9,75.0,2026-08-23,89.30330467049069,91.70809119585546,128.30554220442457,186.025452603571,0.688804809865405,0.3845794474414415,0.047565118912797244,0.03333333333333333
S01,2026-09-02,10,88.3,2026-08-23,91.9298958170413,93.72067669988485,113.98661962858651,143.08055669122567,0.017103408069438237,0.0523457884814883,0.051087506322711196,0.1
S02,2026-09-02,10,114.6,2026-08-23,127.5167442687144,128.85087091075982,137.38420972677014,131.71392299219883,0.021485638056773882,0.018463072553209878,0.07210268025670064,0.0
S03,2026-09-02,10,113.1,2026-08-23,117.76068321511238,121.50225024542605,158.28797306521642,146.52536194225104,0.021657928020376388,0.020195876255130838,0.057568893922234854,0.0
S04,2026-09-02,10,100.1,2026-08-23,108.27735538297118,111.69655155877878,131.2935628138754,137.69257601406002,0.020519536165310655,0.04921254042781124,0.053605134012835065,0.03333333333333333
S05,2026-09-02,10,70.6,2026-08-23,89.48434363048787,87.29246579778842,106.56761961598892,140.53417366925788,0.011748886083215669,0.04417287853134101,0.04451188669701567,0.1
S06,2026-09-02,10,88.9,2026-08-23,89.12103178442568,90.38952386907573,124.5951873395878,125.99278420748861,0.014694466343650776,0.024897837560129202,0.04737636844092108,0.03333333333333333
S07,2026-09-02,10,79.5,2026-08-23,90.27715630779188,87.13206500356256,117.09637046508246,115.3634788255262,0.017189576032741197,0.018022269167264963,0.04451188669701567,0.06666666666666667
S08,2026-09-02,10,145.2,2026-08-23,117.32592831316072,119.68954517951322,128.21105625899366,134.2199740357799,0.014771142273412939,0.02124009088526026,0.05412240768841681,0.06666666666666667
S09,2026-09-02,10,98.1,2026-08-23,110.07904187745063,99.12235486270474,139.26709884608715,147.5273234374204,0.03382564087574193,0.0634509023635354,0.05412240768841681,0.06666666666666667
S10,2026-09-02,10,105.4,2026-08-23,108.3758698732449,110.49403874646222,135.84026600734774,149.83297947114391,0.017932044167446946,0.07892918912438668,0.05412240768841681,0.06666666666666667
S11,2026-09-02,10,79.0,2026-08-23,80.39357167049465,81.79922006841919,105.22253162919753,119.08264657499515,0.016898028282212863,0.01331037807112191,0.04400606980273136,0.1
S12,2026-09-02,10,119.8,2026-08-23,119.45828675564904,122.39663246117537,132.60440803489058,143.2010957479656,0.015291570388044557,0.026158005229163617,0.05816894284269092,0.1
S13,2026-09-02,10,75.4,2026-08-23,116.70430389669802,117.61377004381175,129.00533013768208,124.77567900422586,0.017386647775433292,0.013199992464416806,0.05412240768841681,0.06666666666666667
S14,2026-09-02,10,102.2,2026-08-23,85.41144729386893,85.34216322895357,115.00251372315327,111.64026546247763,0.008316891121887224,0.025199777075003676,0.044356360890902224,0.03333333333333333
S15,2026-09-02,10,95.4,2026-08-23,95.21937231363546,97.68868011455957,124.00924707067014,158.10795218806646,0.03132791898452701,0.06364460397737366,0.05134012835032087,0.03333333333333333
S01,2026-08-31,1,76.4,2026-08-30,81.05257562516485,83.49638733651345,97.70720962753518,123.49846197184418,0.5747137206482997,0.4015051513848923,0.03734099302421012,0.06666666666666667
S02,2026-08-31,1,91.4,2026-08-30,109.35773143012416,113.43992024432465,125.77891533035765,138.72623936780056,0.7191818052159571,0.07289830209752411,0.04984636394673947,0.0
S03,2026-08-31,1,98.10816326530612,2026-08-30,98.23738780875769,96.77592005664253,116.6794735542325,142.86173812121316,0.6641343081819144,0.4347895481679807,0.04762717651075454,0.0
S04,2026-08-31,1,223.6,2026-08-30,96.68202013159261,97.27154818184589,108.41298634217102,122.58339397355671,0.5844151585638129,0.29633499450074663,0.04762717651075454,0.0
S05,2026-08-31,1,92.6,2026-08-30,70.08591780517547,70.27213300458337,90.85669445325405,98.54913915626061,0.4294986943601603,0.19628112537520054,0.02872384078785395,0.06666666666666667
S06,2026-08-31,1,64.8,2026-08-30,74.82695843837558,77.51177792911099,93.94733801673564,117.6928399615426,0.6468917159075355,0.38515273551165125,0.038067599863434665,0.03333333333333333
S07,2026-08-31,1,62.0,2026-08-30,61.65246832774551,59.071977187960506,79.3995486939675,83.52051769293112,0.43414750481747455,0.0917307084443618,0.02421009437833399,0.06666666666666667
S08,2026-08-31,1,111.8,2026-08-30,104.00402444692442,105.46887402945316,117.56097659167654,141.99463166830424,0.59517390665962,0.13424292484645853,0.04513746409519903,0.1
S09,2026-08-31,1,71.2,2026-08-30,96.83254145469215,95.37352359825616,113.97801379215748,131.81709113502447,0.6117695745812338,0.41462374223901216,0.042675420599097236,0.06666666666666667
S10,2026-08-31,1,89.0,2026-08-30,93.19324348866411,92.08799861097819,112.81541789311746,141.2221012696014,0.530510652532331,0.5470369525482414,0.042675420599097236,0.06666666666666667
S11,2026-08-31,1,70.4,2026-08-30,68.50166693940946,69.00006662091498,82.92652374964823,91.28081413764878,0.6019454110582034,0.049524001664792816,0.026261797291752154,0.06666666666666667
S12,2026-08-31,1,111.2,2026-08-30,116.99837535086552,122.17483221860388,141.5452343360369,150.22864572988084,0.6443815090339333,0.057907299127044606,0.047189167008617194,0.1
S13,2026-08-31,1,88.6,2026-08-30,102.98636393726892,106.21975862727354,117.77228706689992,135.0537947991662,0.6456648491716084,0.051216169493567255,0.04513746409519903,0.06666666666666667
S14,2026-08-31,1,82.1,2026-08-30,74.83007204859679,74.44731779907329,95.17516471081254,104.46122493694892,0.4911370649531719,0.4884644215060797,0.03618982587913966,0.0
S15,2026-08-31,1,74.9,2026-08-30,76.56888172052733,71.92989212335665,93.69510741924663,111.73312224362655,0.47159209380036377,0.39331179068600214,0.03397063844315462,0.03333333333333333
S01,2026-09-01,2,85.7,2026-08-30,80.74422464859825,83.17298377992913,93.40413979761573,118.76263630608321,0.42024353194913605,0.20828266085163674,0.03734099302421012,0.06666666666666667
S02,2026-09-01,2,101.98163265306124,2026-08-30,109.04938045355757,113.11651668774033,143.82577271408445,137.3942103619681,0.5787205838875925,0.0839165717560461,0.04967565722089451,0.0
S03,2026-09-01,2,101.4,2026-08-30,97.92903683219109,96.45251650005821,115.86804981660907,136.9142084712651,0.5147181958095409,0.3519043849358356,0.04762717651075454,0.0
S04,2026-09-01,2,101.3,2026-08-30,96.37366915502602,96.94814462526156,109.51993617966161,118.66334793632181,0.4299737095934887,0.21610632683612696,0.04762717651075454,0.0
S05,2026-09-01,2,51.1,2026-08-30,69.77756682860887,69.94872944799903,84.0630987036935,93.67137019118304,0.28765919909060894,0.06887691282118344,0.02708247845711942,0.06666666666666667
S06,2026-09-01,2,79.1,2026-08-30,74.51860746180898,77.18837437252665,87.11539026641572,111.02040119995652,0.4956303369774014,0.15821393283360746,0.03789689313758959,0.03333333333333333
S07,2026-09-01,2,68.0,2026-08-30,61.344117351178916,58.748573631376175,75.43064461175454,78.83623017172225,0.2915573595871785,0.029078309423870914,0.023799753795650358,0.06666666666666667
S08,2026-09-01,2,114.0,2026-08-30,103.69567347035783,105.14547047286884,148.9582414027042,142.60498507343294,0.44090568750742665,0.21842270321657506,0.04513746409519903,0.1
S09,2026-09-01,2,94.2,2026-08-30,96.52419047812555,95.05012004167183,115.14531385656963,128.46276008232638,0.45806707983585143,0.29099675812897574,0.042675420599097236,0.06666666666666667
S10,2026-09-01,2,79.9,2026-08-30,92.88489251209752,91.76459505439387,113.31708708643937,135.83807108078997,0.3773788067787056,0.4127853421372632,0.042675420599097236,0.06666666666666667
S11,2026-09-01,2,47.8,2026-08-30,68.19331596284286,68.67666306433065,83.0016082669539,88.39146773125486,0.44786378614546246,0.0163330274535556,0.026261797291752154,0.06666666666666667
S12,2026-09-01,2,93.7,2026-08-30,116.69002437429891,121.85142866201956,167.8345040765645,152.27134663265986,0.49288778070893313,0.18030034742611878,0.047189167008617194,0.1
S13,2026-09-01,2,105.5,2026-08-30,102.67801296070232,105.8963550706892,123.01562505960864,131.77405565668477,0.49428877097882123,0.04732393922304539,0.04513746409519903,0.06666666666666667
S14,2026-09-01,2,84.2,2026-08-30,74.52172107203019,74.12391424248896,89.97314026966066,99.92974526728626,0.3411128972214366,0.2189721575010297,0.03567770570160467,0.0
S15,2026-09-01,2,75.0,2026-08-30,76.26053074396074,71.60648856677233,83.89998521559833,105.98761935004524,0.3237398930017059,0.17128827267939814,0.03397063844315462,0.03333333333333333
S01,2026-09-02,3,88.3,2026-08-30,87.15384141971334,89.66072925110483,104.65652691765774,110.57832945777935,0.009837943364021199,0.024119622586833856,0.03857201477226102,0.06666666666666667
S02,2026-09-02,3,114.6,2026-08-30,115.45899722467266,119.60426215891601,134.64275072174715,135.94045036804152,0.018481607162629577,0.014605825618265312,0.051894844656879435,0.0
S03,2026-09-02,3,113.1,2026-08-30,104.33865360330618,102.9402619712339,133.80311707234108,123.07387787384195,0.014330112677733094,0.04611068621513298,0.048139296688289535,0.0
S04,2026-09-02,3,100.1,2026-08-30,102.7832859261411,103.43589009643725,116.89660270883621,115.95139166194554,0.010233457429013508,0.03309914674887007,0.048139296688289535,0.0
S05,2026-09-02,3,70.6,2026-08-30,76.18718359972397,76.43647491917473,96.33840504022213,89.9679418896443,0.005504726837114674,0.010496171492325396,0.032827246614690164,0.06666666666666667
S06,2026-09-02,3,88.9,2026-08-30,80.92822423292408,83.67611984370235,101.59140658250418,104.69499242051734,0.013290485419548213,0.02615788489866293,0.04045749402526455,0.03333333333333333
S07,2026-09-02,3,79.5,2026-08-30,67.753734122294,65.23631910255187,85.45272459518668,75.53868946109702,0.005609432344330439,0.0058669177166104074,0.02421009437833399,0.06666666666666667
S08,2026-09-02,3,145.2,2026-08-30,110.10529024147291,111.63321594404452,125.1022408111881,136.35813983618723,0.010693846353375766,0.025823256973336886,0.04513746409519903,0.1
S09,2026-09-02,3,98.1,2026-08-30,102.93380724924064,101.53786551284752,121.33410960855979,124.61372849263343,0.011453109813177846,0.053230410338105195,0.04513746409519903,0.06666666666666667
S10,2026-09-02,3,105.4,2026-08-30,99.2945092832126,98.25234052556956,120.54224915942827,133.55846075058238,0.00823954063012892,0.055507278039571874,0.04513746409519903,0.06666666666666667
S11,2026-09-02,3,79.0,2026-08-30,74.60293273395796,75.16440853550634,91.10491242501985,89.81753769644541,0.010996141081382662,0.0034886374525534163,0.03036520311858848,0.06666666666666667
S12,2026-09-02,3,119.8,2026-08-30,123.09964114541401,128.33917413319526,148.21618470375978,146.32272792310332,0.013147369898404145,0.017884093535144956,0.05826836274107505,0.1
S13,2026-09-02,3,75.4,2026-08-30,109.08762973181742,112.3841005418649,125.17238281831202,132.29747182364474,0.0132202893785155,0.01349641234330741,0.04513746409519903,0.06666666666666667
S14,2026-09-02,3,102.2,2026-08-30,80.93133784314529,80.61165971366465,104.79941859964103,92.4848346773474,0.007046261416478997,0.03825594676998425,0.0397746671218846,0.0
S15,2026-09-02,3,95.4,2026-08-30,82.67014751507583,78.09423403794801,95.77480545695936,101.43769115248259,0.0065190542443796665,0.03589811279591446,0.038238306589279625,0.03333333333333333
S01,2026-09-03,4,85.9,2026-08-30,93.52786002774536,96.0507016000793,108.62258510749834,157.580029229488,0.6314833207695927,0.5493949127036964,0.042675420599097236,0.06666666666666667
S02,2026-09-03,4,134.3,2026-08-30,121.83301583270469,125.9942345078905,135.30477786300006,140.40356012010272,0.7645669075709898,0.07986914444763904,0.06043018094912944,0.0
S03,2026-09-03,4,119.2,2026-08-30,110.7126722113382,109.33023432020838,134.00682092265444,147.10540737413697,0.7148890808176042,0.465053412031346,0.04950495049504955,0.0
S04,2026-09-03,4,121.1,2026-08-30,109.15730453417314,109.82586244541173,117.3785634511617,125.61813155250847,0.6406993683828317,0.3477314302394859,0.04950495049504955,0.0
S05,2026-09-03,4,90.6,2026-08-30,82.56120220775598,82.8264472681492,97.98922319697652,104.05267733714035,0.4883969087403054,0.22692704049534498,0.03734099302421012,0.06666666666666667
S06,2026-09-03,4,74.8,2026-08-30,87.3022428409561,90.06609219267682,102.94881733816578,122.42692091838674,0.6990714746846363,0.3638436095798026,0.04353021509047461,0.03333333333333333
S07,2026-09-03,4,75.2,2026-08-30,74.12775273032602,71.62629145152634,88.96475400983934,91.72909036392721,0.49313217481076793,0.10873076864351142,0.029134181370537582,0.06666666666666667
S08,2026-09-03,4,137.5,2026-08-30,116.47930884950495,118.023188293019,135.01818989274426,163.85047660606958,0.6508714862758981,0.33571986405504156,0.04513746409519903,0.1
S09,2026-09-03,4,106.9,2026-08-30,109.30782585727266,107.927837861822,127.94353167585446,165.9465988696329,0.666463420781093,0.6486467870701154,0.04513746409519903,0.06666666666666667
S10,2026-09-03,4,114.4,2026-08-30,105.66852789124462,104.64231287454403,126.70874550341044,175.4910016695201,0.5889606656576291,0.7589049825601513,0.04513746409519903,0.06666666666666667
S11,2026-09-03,4,101.4,2026-08-30,80.97695134198997,81.55438088448082,96.63854489712317,94.66583429020675,0.6572478643932373,0.057362856400015975,0.03734099302421012,0.06666666666666667
S12,2026-09-03,4,138.4,2026-08-30,129.47365975344604,134.7291464821697,152.94396463718118,166.4937711025537,0.6967583232757801,0.16646764926018212,0.06811653672548212,0.1
S13,2026-09-03,4,132.5,2026-08-30,115.46164833984943,118.77407289083936,128.584537235598,138.48096572687137,0.6979412505788599,0.12683596643299147,0.04513746409519903,0.06666666666666667
S14,2026-09-03,4,114.5,2026-08-30,87.30535645117732,87.00163206263913,105.78443830143463,106.26057604437094,0.5503340795815189,0.3760785097355124,0.041652441106179605,0.0
S15,2026-09-03,4,91.1,2026-08-30,89.04416612310786,84.4842063869225,97.46785645408508,116.52517878346184,0.5308910871062517,0.4386996580625833,0.04079890747695458,0.03333333333333333
S01,2026-09-04,5,106.6,2026-08-30,98.08156209526153,100.61592794908645,114.52524910737267,130.21846928369763,0.5980417368246744,0.41352630710253685,0.04513746409519903,0.06666666666666667
S02,2026-09-04,5,124.2,2026-08-30,126.38671790022084,130.55946085689766,139.59760930369285,145.437920389244,0.7381952780300499,0.13413447733004988,0.06930693069306926,0.0
S03,2026-09-04,5,130.1,2026-08-30,115.26637427885436,113.89546066921554,144.8880846564494,161.16584552118917,0.6852436957857445,0.628240754557566,0.04984636394673947,0.0
S04,2026-09-04,5,100.3,2026-08-30,113.71100660168929,114.39108879441889,127.35191071598521,139.28761725168832,0.6075743876146018,0.4672227001951945,0.04984636394673947,0.0
S05,2026-09-04,5,70.9938775510204,2026-08-30,87.11490427527215,87.39167361715636,97.96807267970213,100.91430448157698,0.4532137796280539,0.19617517055720407,0.037751333606893756,0.06666666666666667
S06,2026-09-04,5,70.4,2026-08-30,91.85594490847227,94.63131854168398,104.09257946402502,122.42730921510548,0.6685439550327326,0.3821486030695145,0.04557869580061458,0.03333333333333333
S07,2026-09-04,5,84.6,2026-08-30,78.68145479784219,76.1915178005335,89.35247097532113,84.1372990482203,0.45791324719065407,0.09241970657172599,0.030775543701272,0.06666666666666667
S08,2026-09-04,5,117.6,2026-08-30,121.0330109170211,122.58841464202615,128.78305232375791,147.1139593441543,0.6181253495767755,0.2440310723814891,0.04800984817398446,0.1
S09,2026-09-04,5,115.9,2026-08-30,113.86152792478883,112.49306421082915,134.34936969142188,139.26870573409363,0.6343581603214354,0.5085177911727663,0.04513746409519903,0.06666666666666667
S10,2026-09-04,5,111.7,2026-08-30,110.22222995876079,109.2075392235512,131.21314634871982,150.88028572747422,0.55438331374624,0.638223892938126,0.04513746409519903,0.06666666666666667
S11,2026-09-04,5,70.4,2026-08-30,85.53065340950614,86.11960723348798,90.82863335098173,92.944449898915,0.6247549923018919,0.04858850295990054,0.037751333606893756,0.06666666666666667
S12,2026-09-04,5,133.6,2026-08-30,134.0273618209622,139.29437283117687,150.93885312357412,154.5664517786044,0.6661082242867964,0.10462144320611155,0.08986458760771443,0.1
S13,2026-09-04,5,129.5,2026-08-30,120.0153504073656,123.33929923984653,132.07884345537568,139.5586993746014,0.6673536334317075,0.09306576707254928,0.04800984817398446,0.06666666666666667
S14,2026-09-04,5,81.8,2026-08-30,91.85905851869347,91.56685841164628,105.24222558515402,111.50416015458308,0.5151821645356363,0.5175033345331659,0.04421304199385456,0.0
S15,2026-09-04,5,103.8,2026-08-30,93.59786819062401,89.04943273592966,101.57659548888577,117.21932946127772,0.4956122763943675,0.39377834251840027,0.04267668146124959,0.03333333333333333
S01,2026-09-05,6,110.4,2026-08-30,96.06173075071499,98.5870760759401,113.91787685015942,126.26243433632675,0.5928191986832757,0.38403477706750483,0.04513746409519903,0.06666666666666667
S02,2026-09-05,6,122.1,2026-08-30,124.36688655567431,128.5306089837513,135.76672970833474,146.8555342467746,0.7339837246971752,0.12603865080251428,0.06623420962785931,0.0
S03,2026-09-05,6,105.5,2026-08-30,113.24654293430783,111.86660879606919,139.22345395454275,161.41778874598214,0.6805489486666132,0.628240754557566,0.04967565722089451,0.0
S04,2026-09-05,6,115.7,2026-08-30,111.69117525714276,112.36223692127254,118.22313873137668,134.77211311755855,0.6023933598445903,0.4672227001951945,0.04967565722089451,0.0
S05,2026-09-05,6,87.4,2026-08-30,85.0950729307256,85.36282174401,105.90479873256342,103.7546346373583,0.44784685508212335,0.18578091374199504,0.037751333606893756,0.06666666666666667
S06,2026-09-05,6,60.5,2026-08-30,89.83611356392572,92.60246666853763,114.1850340033244,127.55891394205155,0.6637223593273545,0.380036885519852,0.044554455445544594,0.03333333333333333
S07,2026-09-05,6,92.1,2026-08-30,76.66162345329565,74.16266592738715,94.36782038380672,88.51525546257224,0.45253673012968604,0.0840017798416321,0.029134181370537582,0.06666666666666667
S08,2026-09-05,6,143.3,2026-08-30,119.01317957247457,120.55956276887981,126.61287753673582,147.82080342790468,0.612994892184786,0.20807510344343735,0.04513746409519903,0.1
S09,2026-09-05,6,122.3,2026-08-30,111.84169658024229,110.46421233768281,124.16439119443505,137.7150827901786,0.6293150046805094,0.4918384402926394,0.04513746409519903,0.06666666666666667
S10,2026-09-05,6,91.7,2026-08-30,108.20239861421425,107.17868735040486,130.8074250191391,147.5976672495621,0.5490212863674155,0.6226802138266363,0.04513746409519903,0.06666666666666667
S11,2026-09-05,6,69.2,2026-08-30,83.5108220649596,84.09075536034163,96.31962201158883,96.18055292687264,0.6196587984099167,0.05209815423036046,0.037751333606893756,0.06666666666666667
S12,2026-09-05,6,122.5,2026-08-30,132.00753047641567,137.26552095803052,151.79666444419638,152.85976291149157,0.6612691489582192,0.10173643274734136,0.07878539187525646,0.1
S13,2026-09-05,6,105.0,2026-08-30,117.99551906281906,121.31044736670017,126.57795254792603,138.71744947278984,0.6625234630914093,0.09306576707254928,0.047189167008617194,0.06666666666666667
S14,2026-09-05,6,93.9,2026-08-30,89.83922717414694,89.53800653849994,114.7223362475061,110.57124137110856,0.5097655556855635,0.5034286579117695,0.04318880163878458,0.0
S15,2026-09-05,6,111.1,2026-08-30,91.57803684607748,87.0205808627833,109.09140457533047,127.39295227274059,0.4901933861551429,0.3539132165336806,0.041652441106179605,0.03333333333333333
S01,2026-09-06,7,103.8,2026-08-30,90.20470246573522,92.68037900872108,103.52097759744598,111.23528470229068,0.6192331483646141,0.2913852282698746,0.042675420599097236,0.06666666666666667
S02,2026-09-06,7,112.5,2026-08-30,118.50985827069454,122.62391191653228,155.8566801844808,176.4620058907803,0.7550244686518895,0.12973458741921629,0.05377261864117444,0.0
S03,2026-09-06,7,109.8,2026-08-30,107.38951464932805,105.95991172885014,169.30860908442025,188.8322307151057,0.7041123589904104,0.6501917598136864,0.04899283031751456,0.0
S04,2026-09-06,7,102.1,2026-08-30,105.83414697216298,106.45553985405351,138.22242322509203,170.27283509736912,0.628575361077331,0.5273639271083762,0.04899283031751456,0.0
S05,2026-09-06,7,68.0,2026-08-30,79.23804464574584,79.45612467679098,97.41970622638686,94.882854371547,0.4753421063750682,0.1779514039037544,0.03487894952810833,0.06666666666666667
S06,2026-09-06,7,82.3,2026-08-30,83.97908527894596,86.6957696013186,112.57109861799887,117.59741575856567,0.6879578420312775,0.40930739127941823,0.041481734380334534,0.03333333333333333
S07,2026-09-06,7,48.0,2026-08-30,70.80459516831588,68.25596886016812,83.67725619071638,84.04167048366484,0.48006957089224117,0.07356388130401657,0.025030775543701256,0.06666666666666667
S08,2026-09-06,7,98.10816326530612,2026-08-30,113.1561512874948,114.65286570166077,124.10107631308695,136.23925170329522,0.6388972670451488,0.1805725481118065,0.04513746409519903,0.1
S09,2026-09-06,7,98.5,2026-08-30,105.98466829526252,104.55751527046377,120.40181797087801,122.43367019274655,0.6547402957812662,0.3787145836422109,0.04513746409519903,0.06666666666666667
S10,2026-09-06,7,127.6,2026-08-30,102.34537032923448,101.27199028318581,118.59656679094356,130.12506418180828,0.576245506787431,0.4991749116257781,0.04513746409519903,0.06666666666666667
S11,2026-09-06,7,167.8,2026-08-30,77.65379377997984,78.1840582931226,92.3900920589306,95.41641996740506,0.645373183698144,0.051814567147533644,0.032827246614690164,0.06666666666666667
S12,2026-09-06,7,109.0,2026-08-30,126.15050219143589,131.3588238908115,149.9149052225945,145.72506714350067,0.6855976836232752,0.08651565846870217,0.05908904390644232,0.1
S13,2026-09-06,7,131.0,2026-08-30,112.1384907778393,115.40375029948115,127.35805200583843,133.65600358246718,0.6868045778715127,0.0930028259899983,0.04513746409519903,0.06666666666666667
S14,2026-09-06,7,56.4,2026-08-30,83.98219888916717,83.6313094712809,117.59826067632532,139.8152416857485,0.5373626364646452,0.5802003178953901,0.04045749402526455,0.0
S15,2026-09-06,7,88.1,2026-08-30,85.7210085610977,81.11388379556428,96.80999906760685,103.01068102479306,0.5178501545211108,0.268755079202312,0.04011608057357463,0.03333333333333333
S01,2026-09-07,8,77.4,2026-08-30,84.35289782416832,86.88235547110533,95.95691284795726,123.1704994087415,0.566681330008348,0.37194491801568497,0.037751333606893756,0.06666666666666667
S02,2026-09-07,8,116.0,2026-08-30,112.65805362912764,116.82588837891653,125.82060908788165,138.93524383910892,0.7125130829360757,0.06982474549724722,0.04984636394673947,0.0
S03,2026-09-07,8,119.3,2026-08-30,101.53771000776116,100.16188819123441,114.69063343428408,144.7501857754967,0.6567822054567899,0.4347895481679807,0.047968589962444574,0.0
S04,2026-09-07,8,74.4,2026-08-30,99.9823423305961,100.65751631643776,107.23544006202047,123.26624799174026,0.5764309561399488,0.29633499450074663,0.047968589962444574,0.0
S05,2026-09-07,8,76.3,2026-08-30,73.38624000417894,73.65810113917524,90.9499225919544,98.65652804115639,0.4214844470251962,0.1846572467700168,0.029134181370537582,0.06666666666666667
S06,2026-09-07,8,77.1,2026-08-30,78.12728063737906,80.89774606370287,94.05190768132235,117.80022884643839,0.6393671273950307,0.3818242317463293,0.04011608057357463,0.03333333333333333
S07,2026-09-07,8,122.0,2026-08-30,64.95279052674898,62.457945322552376,76.88128316988931,82.95757730829702,0.4261113029995079,0.08563863789026435,0.02421009437833399,0.06666666666666667
S08,2026-09-07,8,95.7,2026-08-30,107.3043466459279,108.85484216404504,119.0775623750933,145.05385358327212,0.5872504191417998,0.13995348190965218,0.04513746409519903,0.1
S09,2026-09-07,8,92.7,2026-08-30,100.13286365369562,98.75949173284803,110.63581358258998,129.5485933719321,0.6039547627832927,0.38471852156130015,0.04513746409519903,0.06666666666666667
S10,2026-09-07,8,90.3,2026-08-30,96.49356568766758,95.47396674557007,108.8136525488886,138.953603506509,0.5223372796821427,0.5159998506347561,0.042675420599097236,0.06666666666666667
S11,2026-09-07,8,57.3,2026-08-30,71.80198913841294,72.38603475550686,82.95653259997391,91.18942668148648,0.5940640638230519,0.04886549260195053,0.029134181370537582,0.06666666666666667
S12,2026-09-07,8,119.8,2026-08-30,120.29869754986899,125.56080035319576,143.14463424573262,150.9676395158647,0.6368334592984842,0.057907299127044606,0.05006155108740251,0.1
S13,2026-09-07,8,119.9,2026-08-30,106.2866861362724,109.6057267618654,117.96085687369911,136.56168971216562,0.6381287416085671,0.051216169493567255,0.04513746409519903,0.06666666666666667
S14,2026-09-07,8,77.4,2026-08-30,78.13039424760026,77.83328593366517,95.27973437539924,104.5686138218447,0.4829463047559936,0.48494728922906977,0.038067599863434665,0.0
S15,2026-09-07,8,58.2,2026-08-30,79.86920391953082,75.31586025794853,94.11555357052796,113.35716453819313,0.463430435570333,0.37547067064157535,0.03721406623420964,0.03333333333333333
S01,2026-09-08,9,96.5,2026-08-30,84.04454684760174,86.558951914521,91.66440741515015,118.43467374298052,0.41227718080740294,0.18368468414097666,0.037751333606893756,0.06666666666666667
S02,2026-09-08,9,104.3,2026-08-30,112.34970265256105,116.5024848223322,143.84486829525352,138.25433792425366,0.5707073421426507,0.0839165717560461,0.04984636394673947,0.0
S03,2026-09-08,9,108.1,2026-08-30,101.22935903119456,99.83848463465009,113.93456137753164,139.17046354996123,0.5065256292667715,0.3519043849358356,0.047968589962444574,0.0
S04,2026-09-08,9,75.5,2026-08-30,99.6739913540295,100.33411275985344,108.44688483036313,118.86497103628597,0.4219571544097653,0.21610632683612696,0.047968589962444574,0.0
S05,2026-09-08,9,71.0,2026-08-30,73.07788902761236,73.3346975825909,84.16689123950621,93.77875907607884,0.2809880564635695,0.06419534645412323,0.029134181370537582,0.06666666666666667
S06,2026-09-08,9,104.4,2026-08-30,77.81892966081247,80.57434250711853,87.23052432811477,111.12779008485231,0.4874364215220298,0.1563479304635077,0.0397746671218846,0.03333333333333333
S07,2026-09-08,9,55.5,2026-08-30,64.6444395501824,62.13454176596805,74.21354292543278,78.27328978708815,0.2848319620619262,0.02702334700580686,0.02421009437833399,0.06666666666666667
S08,2026-09-08,9,119.4,2026-08-30,106.9959956693613,108.5314386074607,150.6011692519461,146.21633665941957,0.4328400799302012,0.22677619636520074,0.04513746409519903,0.1
S09,2026-09-08,9,88.2,2026-08-30,99.82451267712904,98.4360881762637,111.81367804411448,126.39166162003967,0.4499401809334572,0.2598362683523775,0.04513746409519903,0.06666666666666667
S10,2026-09-08,9,113.6,2026-08-30,96.185214711101,95.15056318898574,108.5931456718391,133.7669726185033,0.3697068535570351,0.3754902381480291,0.042675420599097236,0.06666666666666667
S11,2026-09-08,9,67.8,2026-08-30,71.49363816184635,72.06263119892253,83.091324764373,88.30008027509257,0.43977101279017466,0.016108371441121747,0.029134181370537582,0.06666666666666667
S12,2026-09-08,9,113.3,2026-08-30,119.99034657330239,125.23739679661142,169.46508295659027,152.9591859556315,0.48469563386935166,0.18030034742611878,0.04965121050471888,0.1
S13,2026-09-08,9,95.0,2026-08-30,105.97833515970581,109.28232320528107,123.28139368225189,132.80071965146476,0.4860956591058143,0.04732393922304539,0.04513746409519903,0.06666666666666667
S14,2026-09-08,9,82.4,2026-08-30,77.82204327103368,77.50988237708084,90.1374175813408,100.03713415218206,0.33378296894361087,0.2165739265290511,0.038067599863434665,0.0
S15,2026-09-08,9,79.3,2026-08-30,79.56085294296423,74.9924567013642,84.33099576399204,107.6116616446118,0.31660389744620954,0.16084827426440165,0.03721406623420964,0.03333333333333333
S01,2026-09-09,10,213.4,2026-08-30,90.45416361871682,93.04669738569669,103.93822497759672,110.25036689467667,0.009523650672407659,0.02298650306996277,0.042675420599097236,0.06666666666666667
S02,2026-09-09,10,119.7,2026-08-30,118.75931942367613,122.99023029350789,134.74531220331153,136.8005779303271,0.017896166349273306,0.014605825618265312,0.05377261864117444,0.0
S03,2026-09-09,10,125.5,2026-08-30,107.63897580230966,106.32623010582577,131.75146036703688,125.88500037798943,0.013874319596612427,0.04611068621513298,0.04899283031751456,0.0
S04,2026-09-09,10,99.8,2026-08-30,106.0836081251446,106.82185823102913,115.90701725993303,116.70788218736107,0.009906655672081661,0.03309914674887007,0.04899283031751456,0.0
S05,2026-09-09,10,79.4,2026-08-30,79.48750579872744,79.8224430537666,96.41704302275997,90.07533077454009,0.0053281224587663715,0.010496171492325396,0.03487894952810833,0.06666666666666667
S06,2026-09-09,10,82.3,2026-08-30,84.22854643192755,87.06208797829423,101.97527280028896,104.80238130541312,0.012867327742683099,0.02615788489866293,0.041652441106179605,0.03333333333333333
S07,2026-09-09,10,78.1,2026-08-30,71.05405632129748,68.62228723714375,86.77331924461282,74.9757490764629,0.005429487110616918,0.0058669177166104074,0.026261797291752154,0.06666666666666667
S08,2026-09-09,10,113.7,2026-08-30,113.4056124404764,115.0191840786364,126.59722545832045,139.96949142217383,0.010352496022630454,0.027065937672496144,0.04513746409519903,0.1
S09,2026-09-09,10,114.0,2026-08-30,106.23412944824412,104.9238336474394,119.13089531456579,122.54263003034674,0.011087795224453308,0.05080088301120221,0.04513746409519903,0.06666666666666667
S10,2026-09-09,10,125.8,2026-08-30,102.59483148221608,101.63830866016144,116.94672926328914,131.48736228829569,0.00797590076754496,0.052979645759480526,0.04513746409519903,0.06666666666666667
S11,2026-09-09,10,77.6,2026-08-30,77.90325493296143,78.55037667009822,91.46336107852468,89.72615024028312,0.010645245254813885,0.0034886374525534163,0.03364792778005743,0.06666666666666667
S12,2026-09-09,10,135.4,2026-08-30,126.39996334441749,131.72514226778713,149.69882038167597,147.010567246075,0.012728710115358454,0.017884093535144956,0.05990972507180958,0.1
S13,2026-09-09,10,108.8,2026-08-30,112.38795193082089,115.77006867645677,125.52161734135058,133.87900324387613,0.01279933769189741,0.01349641234330741,0.04513746409519903,0.06666666666666667
S14,2026-09-09,10,72.7,2026-08-30,84.23166004214876,83.99762784825653,105.23242806740689,92.59222356224319,0.006820540224473664,0.03825594676998425,0.04062820075110962,0.0
S15,2026-09-09,10,84.3,2026-08-30,85.97046971407931,81.48020217253989,97.25539200602684,103.06173344704916,0.006310114375188311,0.03589811279591446,0.04011608057357463,0.03333333333333333
S01,2026-09-07,1,77.4,2026-09-06,90.458498357114,86.72175689480937,104.3339549452065,121.29206683805853,0.4353344824429957,0.42937878193268386,0.0408421719170492,0.03333333333333333
S02,2026-09-07,1,116.0,2026-09-06,112.06737168804277,113.28803361725532,119.88770482659507,133.35600046965726,0.6117480903744176,0.07762374532915142,0.0485990185214501,0.0
S03,2026-09-07,1,119.3,2026-09-06,106.43595443897762,107.3564365272255,117.92004893649137,128.34726294448743,0.5665591662457722,0.0566271531222719,0.04796580655374383,0.0
S04,2026-09-07,1,74.4,2026-09-06,101.24328584519917,98.21432297903135,113.18485006569155,123.98948593475362,0.4864234602716994,0.034452376683626544,0.04638277663447843,0.03333333333333333
S05,2026-09-07,1,76.3,2026-09-06,77.67755364749718,73.03115248183474,88.97710411339658,101.82292631106755,0.43354183731672413,0.19801134604847667,0.034193446256134186,0.03333333333333333
S06,2026-09-07,1,77.1,2026-09-06,78.98030089417617,78.62222005264958,90.6623517928515,113.04358412799957,0.5106676687215393,0.3244874618556995,0.03815102105429791,0.0
S07,2026-09-07,1,122.0,2026-09-06,72.75552191947301,72.67712652109631,87.96844161197728,118.06005758360028,0.3903139956335064,0.2903653304127052,0.033876840272281106,0.03333333333333333
S08,2026-09-07,1,95.7,2026-09-06,114.91778231125221,111.46082625689476,127.91065143476735,137.91038232195413,0.5110894412060436,0.07118908071636125,0.03830911492734479,0.06666666666666667
S09,2026-09-07,1,92.7,2026-09-06,96.66313335277859,95.53924485493542,114.61455263812633,138.02732164607704,0.5498281492691691,0.6406952625294441,0.03632760898282694,0.06666666666666667
S10,2026-09-07,1,90.3,2026-09-06,98.00692041591142,100.77677934197857,123.10942473368439,150.21019244127018,0.4595480074777345,0.6385018151337374,0.03830911492734479,0.06666666666666667
S11,2026-09-07,1,57.3,2026-09-06,74.25526752800965,70.44289741265165,82.8480923846385,110.77477657445496,0.5741420640744676,0.4154264797813594,0.02509907529722588,0.06666666666666667
S12,2026-09-07,1,119.8,2026-09-06,112.40837485082479,115.14726374212168,126.56975461099049,139.4133274574101,0.5610047719156732,0.041726861423095216,0.03830911492734479,0.1
S13,2026-09-07,1,119.9,2026-09-06,106.74667434061436,105.38530272040187,119.1818290440518,141.05614213126856,0.6781657680747631,0.39820997636982375,0.04764920056989075,0.0
S14,2026-09-07,1,77.4,2026-09-06,85.90908829744839,84.13899545212696,99.61691509535439,111.63204224074747,0.6354691992701182,0.16882492323813644,0.0400506569574165,0.0
S15,2026-09-07,1,58.2,2026-09-06,85.84502576456154,85.98522925086394,104.92570917496583,120.35993867682005,0.4480116486775799,0.21751079015686428,0.04068386892512266,0.03333333333333333
S01,2026-09-08,2,96.5,2026-09-06,89.19299444551788,85.43474885722634,98.07369204169763,112.2027241211332,0.24434203921712438,0.1659464773176683,0.04036726294126958,0.03333333333333333
S02,2026-09-08,2,104.3,2026-09-06,110.80186777644667,112.00102557967229,137.43451297815932,137.58868914387847,0.3978971540237463,0.08075969861333113,0.04828241253759691,0.0
S03,2026-09-08,2,108.1,2026-09-06,105.17045052738152,106.06942848964248,116.3845717301569,121.92319947654131,0.35409785977249525,0.025033416812028034,0.04764920056989075,0.0
S04,2026-09-08,2,75.5,2026-09-06,99.97778193360307,96.92731494144832,115.05376293860333,117.50107609432784,0.28430216666002855,0.02542227016477246,0.04638277663447843,0.03333333333333333
S05,2026-09-08,2,71.0,2026-09-06,76.41204973590108,71.74414444425172,79.12274694657225,92.59430741771344,0.24299742106496405,0.051118709346659616,0.033560234288428026,0.03333333333333333
S06,2026-09-08,2,104.4,2026-09-06,77.71479698258007,77.33521201506655,83.04618783982627,101.90877898563777,0.3044441288007668,0.09753169278956826,0.03735950609466521,0.0
S07,2026-09-08,2,55.5,2026-09-06,71.49001800787691,71.39011848351329,98.45960888732945,112.89390027029162,0.21166914461668146,0.07683411168056153,0.033560234288428026,0.03333333333333333
S08,2026-09-08,2,119.4,2026-09-06,113.6522783996561,110.17381821931173,144.42595422652772,143.5597024764149,0.30480167057214697,0.11152305244516877,0.03830911492734479,0.06666666666666667
S09,2026-09-08,2,88.2,2026-09-06,95.39762944118249,94.25223681735238,104.64445290302095,123.64561267720813,0.3387376975907994,0.348659302798025,0.03632760898282694,0.06666666666666667
S10,2026-09-08,2,113.6,2026-09-06,96.74141650431532,99.48977130439553,112.7700742570439,137.22881004148772,0.2628780122260137,0.37773023448351567,0.03830911492734479,0.06666666666666667
S11,2026-09-08,2,67.8,2026-09-06,72.98976361641355,69.15588937506861,81.12174369875666,100.86897647172847,0.3612068633441689,0.14227914093389943,0.023447820343461045,0.06666666666666667
S12,2026-09-08,2,113.3,2026-09-06,111.14287093922869,113.86025570453864,149.0674472025151,147.98953527804468,0.34894949128273683,0.08353814406178439,0.03830911492734479,0.1
S13,2026-09-08,2,95.0,2026-09-06,105.48117042901826,104.09829468281885,114.58895189581418,135.06755182306134,0.4691527870244111,0.20436166324392732,0.04685768561025805,0.0
S14,2026-09-08,2,82.4,2026-09-06,84.6435843858523,82.85198741454394,91.72653507351193,102.4515246728584,0.422346453068961,0.05057386227684519,0.03973405097356342,0.0
S15,2026-09-08,2,79.3,2026-09-06,84.57952185296544,84.69822121328092,104.29639459721614,113.6440009698606,0.2539588305349599,0.0902884410976476,0.04036726294126958,0.03333333333333333
S01,2026-09-09,3,213.4,2026-09-06,96.37276692351273,92.6696282721917,108.61468941419183,114.42986734702808,0.004397295964983279,0.018936473329814935,0.04353332277980049,0.03333333333333333
S02,2026-09-09,3,119.7,2026-09-06,117.9816402544415,119.23590499463765,128.0525031801916,133.39692064904153,0.008945903550219732,0.016813081033382967,0.05002374544878896,0.0
S03,2026-09-09,3,125.5,2026-09-06,112.35022300537636,113.30430790460782,124.91131772194345,126.97304236964965,0.007432642840902116,0.010149096076050822,0.04875732151337664,0.0
S04,2026-09-09,3,99.8,2026-09-06,107.1575544115979,104.16219435641368,115.32583902221869,121.15513585677124,0.005396684971481989,0.007459265209864771,0.04685768561025805,0.03333333333333333
S05,2026-09-09,3,79.4,2026-09-06,83.59182221389591,78.97902385921707,92.68856986093668,92.35163547671904,0.004365469451566281,0.012695064177914467,0.03815102105429791,0.03333333333333333
S06,2026-09-09,3,82.3,2026-09-06,84.8945694605749,84.57009143003191,102.27013588534443,103.09478463261067,0.00594310661526564,0.024455013803457847,0.0400506569574165,0.0
S07,2026-09-09,3,78.1,2026-09-06,78.66979048587174,78.62499789847865,95.51738172534894,105.49108111677263,0.0036541455786807406,0.01637806862923472,0.03815102105429791,0.03333333333333333
S08,2026-09-09,3,113.7,2026-09-06,120.83205087765094,117.40869763427709,137.3052899517574,138.16872597327034,0.005953086622748335,0.016424739320021916,0.03830911492734479,0.06666666666666667
S09,2026-09-09,3,114.0,2026-09-06,102.57740191917732,101.48711623231775,118.42830787743893,125.51078278871074,0.006948455099149261,0.045596593051962515,0.03830911492734479,0.06666666666666667
S10,2026-09-09,3,125.8,2026-09-06,103.92118898231016,106.7246507193609,126.64129352838043,134.08944282079162,0.0048476490051839165,0.051513017714536966,0.03830911492734479,0.06666666666666667
S11,2026-09-09,3,77.6,2026-09-06,80.16953609440839,76.39076879003397,90.4301882094652,97.39861636621572,0.007664450084878215,0.021078159248119416,0.02708058124174373,0.06666666666666667
S12,2026-09-09,3,135.4,2026-09-06,118.32264341722352,121.095135119504,133.5799915646947,139.2403387965595,0.007267861897437394,0.010704357606472776,0.03830911492734479,0.1
S13,2026-09-09,3,108.8,2026-09-06,112.6609429070131,111.3331740977842,126.26728623110088,129.95871227471326,0.011927794263483114,0.022532532973700413,0.04828241253759691,0.0
S14,2026-09-09,3,72.7,2026-09-06,91.82335686384712,90.08686682950929,105.38957315844281,103.1204395578938,0.00988808951763932,0.01043786276825864,0.04258350482824125,0.0
S15,2026-09-09,3,84.3,2026-09-06,91.75929433096027,91.93310062824627,108.3621784647814,113.77008887126354,0.0046282046306090965,0.01244035859959171,0.04321671679594741,0.03333333333333333
S01,2026-09-10,4,109.5,2026-09-06,103.25042345917639,99.55962096502587,110.32687832296422,122.60347515470819,0.43868550256799427,0.382883694491807,0.04669938261833151,0.03333333333333333
S02,2026-09-10,4,132.7,2026-09-06,124.85929679010516,126.12589768747182,131.1724352623875,141.1870359782235,0.6149781143595247,0.08479048268896162,0.05968022795630834,0.0
S03,2026-09-10,4,111.6,2026-09-06,119.22787954104002,120.19430059744201,127.8811600431385,134.6745939778839,0.5699008211050843,0.06815976245090125,0.05097356340034831,0.0
S04,2026-09-10,4,100.6,2026-09-06,114.03521094726156,111.05218704924786,120.69290171380703,133.85499905108503,0.48982660195596683,0.06526551913163467,0.04828241253759691,0.03333333333333333
S05,2026-09-10,4,100.9,2026-09-06,90.46947874955958,85.86901655205125,95.69251219051253,104.02461877358692,0.43688973491923716,0.1448838008438549,0.04052556593319612,0.03333333333333333
S06,2026-09-10,4,86.9,2026-09-06,91.77222599623857,91.46008412286608,104.73982273437852,116.01923611435708,0.514070647217218,0.21901868944354075,0.04321671679594741,0.0
S07,2026-09-10,4,62.0,2026-09-06,85.5474470215354,85.51499059131282,100.26835282073287,115.69017610862815,0.39356000425169835,0.2123660919651078,0.04036726294126958,0.03333333333333333
S08,2026-09-10,4,94.8,2026-09-06,127.7097074133146,124.29869032711126,143.86611139910423,160.6719399129887,0.5144922751894123,0.12651566699032016,0.04095112285336855,0.06666666666666667
S09,2026-09-10,4,102.8,2026-09-06,109.45505845484098,108.37710892515193,119.4984873753387,138.2816582343907,0.5531970692208955,0.59265890848257,0.03830911492734479,0.06666666666666667
S10,2026-09-10,4,110.8,2026-09-06,110.79884551797383,113.61464341219506,128.9073971522027,147.22637813247377,0.46293260771825395,0.616928243513179,0.03830911492734479,0.06666666666666667
S11,2026-09-10,4,76.8,2026-09-06,87.04719263007206,83.28076148286814,100.51833013182849,120.46282676418758,0.5774688572264731,0.4002537534038094,0.03203434610303835,0.06666666666666667
S12,2026-09-10,4,141.7,2026-09-06,125.20029995288718,127.98512781233818,144.89362252904925,148.49126613048472,0.5643563217393951,0.053066013316187384,0.05019815059445176,0.1
S13,2026-09-10,4,109.2,2026-09-06,119.53859944267677,118.22316679061836,133.2598644648731,141.3479241581454,0.681131251693249,0.3647359222300522,0.04970713946493588,0.0
S14,2026-09-10,4,82.8,2026-09-06,98.70101339951079,96.97685952234347,107.70660632519348,112.08265209206334,0.6386184568391927,0.11510063166747925,0.04638277663447843,0.0
S15,2026-09-10,4,108.5,2026-09-06,98.63695086662395,98.82309332108045,110.41969937629008,120.05600906034576,0.45138224600665006,0.18165540441171604,0.04638277663447843,0.03333333333333333
S01,2026-09-11,5,88.4,2026-09-06,106.60847740928548,102.93482518420417,117.9459556663747,127.10128618848174,0.40127948503717453,0.4073568186704629,0.04685768561025805,0.03333333333333333
S02,2026-09-11,5,132.6,2026-09-06,128.21735074021427,129.50110190665012,129.67883947697254,133.97723114023142,0.5780194613991781,0.07560727680849332,0.06854519550419502,0.0
S03,2026-09-11,5,130.6,2026-09-06,122.58593349114912,123.56950481662031,136.48736615211743,134.45988986130624,0.5319086654886919,0.059452428979643146,0.05429792623080576,0.0
S04,2026-09-11,5,89.1,2026-09-06,117.39326489737067,114.42739126842616,116.26831109475903,128.14414983049502,0.4515679895824887,0.035191419847170696,0.04875732151337664,0.03333333333333333
S05,2026-09-11,5,76.3,2026-09-06,93.82753269966868,89.24422077122955,97.89640740685515,103.48950436138225,0.399527851536351,0.1916348199221091,0.04226689884438817,0.03333333333333333
S06,2026-09-11,5,93.4,2026-09-06,95.13027994634767,94.83528834204438,104.09540721456096,114.8835367160521,0.47568402024979883,0.31577713011596853,0.045116352699066,0.0
S07,2026-09-11,5,79.7,2026-09-06,88.90550097164451,88.89019481049112,96.59674264865174,115.35067095480463,0.3575507757225084,0.2952141107347962,0.04179198986860855,0.03333333333333333
S08,2026-09-11,5,143.5,2026-09-06,131.0677613634237,127.67389454628956,138.70660383425093,138.82989859298644,0.4761050116949499,0.07265686862045388,0.04986789960369886,0.06666666666666667
S09,2026-09-11,5,109.1,2026-09-06,112.81311240495009,111.75231314433023,125.02358261594918,140.09002727243987,0.5149851397936323,0.623983381805954,0.03830911492734479,0.06666666666666667
S10,2026-09-11,5,122.7,2026-09-06,114.15689946808293,116.98984763137337,134.47771352389196,154.40615819809838,0.42502458809190213,0.641467667013182,0.03830911492734479,0.06666666666666667
S11,2026-09-11,5,75.0,2026-09-06,90.40524658018116,86.65596570204644,94.69675947176333,109.44153738557293,0.5396051554401469,0.37415772551503934,0.03236459709379125,0.06666666666666667
S12,2026-09-11,5,135.7,2026-09-06,128.5583539029963,131.36033203151646,136.46595608903868,141.43754570613947,0.5262815083560137,0.04060185518950192,0.05779392338177014,0.1
S13,2026-09-11,5,128.3,2026-09-06,122.89665339278588,121.59837100979667,128.41886303136516,143.46600679803055,0.6468764427815089,0.40129871614014617,0.05208168434383409,0.0
S14,2026-09-11,5,103.8,2026-09-06,102.0590673496199,100.35206374152177,107.50937073098451,111.56209777894588,0.6024621556200029,0.16156358782295305,0.04669938261833151,0.0
S15,2026-09-11,5,90.2,2026-09-06,101.99500481673304,102.19829754025875,115.48767904761382,118.07789615822512,0.4136915017134768,0.20087344425730233,0.04685768561025805,0.03333333333333333
S01,2026-09-12,6,103.0,2026-09-06,104.80876713754142,101.12460682214625,113.99503165015635,124.16499490559664,0.3907278687836221,0.30827611579473413,0.04669938261833151,0.03333333333333333
S02,2026-09-12,6,126.3,2026-09-06,126.41764046847021,127.6908835445922,129.9243230327669,140.21781869440295,0.5672233591299339,0.0531066986308508,0.06252968181098628,0.0
S03,2026-09-12,6,126.9,2026-09-06,120.78622321940506,121.75928645456239,126.88013025582875,132.41021972288667,0.5209106507099126,0.04530796767409905,0.05223998733576063,0.0
S04,2026-09-12,6,94.1,2026-09-06,115.59355462562661,112.61717290636822,116.90061903506951,124.00817101224942,0.440667297358663,0.028201283623191527,0.0485990185214501,0.03333333333333333
S05,2026-09-12,6,90.3,2026-09-06,92.02782242792462,87.43400240917163,101.75026836384285,109.36284756749205,0.3889923694981957,0.14981323640658004,0.04115877790090228,0.03333333333333333
S06,2026-09-12,6,90.3,2026-09-06,93.33056967460361,93.02506997998645,114.2727067192246,118.62449525267039,0.4646944418325339,0.25973038677080545,0.04353332277980049,0.0
S07,2026-09-12,6,62.4,2026-09-06,87.10579069990045,87.0799764484332,100.28035202197194,118.73835629555887,0.34748166394769747,0.25003794233330223,0.0408421719170492,0.03333333333333333
S08,2026-09-12,6,129.3,2026-09-06,129.26805109167964,125.86367618423164,139.0649984519593,140.91736554230457,0.46511433509038086,0.048554081105700524,0.044914134742404244,0.06666666666666667
S09,2026-09-12,6,116.3,2026-09-06,111.01340213320603,109.94209478227229,122.25404724649276,144.25087098649573,0.5039603113321748,0.5777731862711253,0.03830911492734479,0.06666666666666667
S10,2026-09-12,6,98.1,2026-09-06,112.35718919633887,115.17962926931544,135.54188118453672,155.04852315824178,0.414280628656569,0.5960150457245338,0.03830911492734479,0.06666666666666667
S11,2026-09-12,6,73.7,2026-09-06,88.6055363084371,84.84574733998852,99.39929088392326,114.74941906723495,0.5286277211571876,0.27390810432910356,0.03236459709379125,0.06666666666666667
S12,2026-09-12,6,114.9,2026-09-06,126.75864363125223,129.55011366945854,138.1449329036419,142.4947368257678,0.5152717662893734,0.02810362959560426,0.053830911492734446,0.1
S13,2026-09-12,6,113.4,2026-09-06,121.0969431210418,119.78815264773874,128.40114299720483,147.23149460123972,0.6367348591178521,0.3480860165416167,0.05065695741649512,0.0
S14,2026-09-12,6,94.7,2026-09-06,100.25935707787583,98.54184537946385,111.17854031167342,114.86534538048824,0.5918498324264422,0.11785718947271001,0.04638277663447843,0.0
S15,2026-09-12,6,78.1,2026-09-06,100.19529454498898,100.38807917820083,113.25962422869706,121.35303720720157,0.40303321285821375,0.1418709544870317,0.04669938261833151,0.03333333333333333
S01,2026-09-13,7,81.6,2026-09-06,99.23143372581359,95.51952384329739,110.97849101789747,116.04349788552763,0.46434999534561305,0.4353321440628507,0.04543295868291908,0.03333333333333333
S02,2026-09-13,7,120.1,2026-09-06,120.84030705674238,122.08580056574334,144.07364102433223,146.98615981845472,0.6392113192536609,0.07544419330045346,0.05223998733576063,0.0
S03,2026-09-13,7,89.2,2026-09-06,115.20888980767722,116.15420347571352,141.83732705809504,137.64393828537388,0.5951032208011894,0.05932195499407629,0.04875732151337664,0.0
S04,2026-09-13,7,100.2,2026-09-06,110.01622121389877,107.01208992751937,115.72854046379771,121.38556635744325,0.5157340474794875,0.03082864370246743,0.04764920056989075,0.03333333333333333
S05,2026-09-13,7,89.7,2026-09-06,86.45048901619677,81.82891943032276,97.16639856388468,99.35704708433764,0.4625357398282119,0.2984684813036665,0.03957574798163688,0.03333333333333333
S06,2026-09-13,7,77.9,2026-09-06,87.75323626287576,87.4199870011376,107.2745873300266,138.0448566142764,0.5399033680761678,0.45776914773125565,0.04115877790090228,0.0
S07,2026-09-13,7,81.3,2026-09-06,81.5284572881726,81.47489346958433,97.80059732210793,143.95643846489784,0.41855305879107574,0.37914897362527833,0.03941744498971034,0.03333333333333333
S08,2026-09-13,7,114.3,2026-09-06,123.6907176799518,120.25859320538277,137.30830432163256,135.63484949238023,0.5403226244081377,0.062456387585857656,0.03830911492734479,0.06666666666666667
S09,2026-09-13,7,103.2,2026-09-06,105.4360687214782,104.33701180342344,120.71251120142351,130.58606329028635,0.5786546077452326,0.6384091823585404,0.03830911492734479,0.06666666666666667
S10,2026-09-13,7,103.2,2026-09-06,106.77985578461103,109.57454629046657,135.50230288948293,149.91166987542346,0.48878040587768307,0.6555929235366861,0.03830911492734479,0.06666666666666667
S11,2026-09-13,7,79.8,2026-09-06,83.02820289670926,79.24066436113965,96.13788523307655,135.46813005729422,0.6025370762656835,0.40191060310718374,0.0300528401585205,0.06666666666666667
S12,2026-09-13,7,116.0,2026-09-06,121.18131021952438,123.94503069060968,134.74710122338092,138.54341712219107,0.5896496780954902,0.03779817291418262,0.04095112285336855,0.1
S13,2026-09-13,7,90.9,2026-09-06,115.51960970931397,114.18306966888989,130.0073813534969,170.88300497373461,0.7032101851252516,0.41627572313917277,0.04875732151337664,0.0
S14,2026-09-13,7,102.9,2026-09-06,94.68202366614798,92.93676240061498,108.62000714754589,124.39313925975605,0.6621810844480391,0.24466390551052072,0.04353332277980049,0.0
S15,2026-09-13,7,75.6,2026-09-06,94.61796113326115,94.78299619935196,109.14240156480783,112.57741549232601,0.47715810477864423,0.30498444634712707,0.04448314073135984,0.03333333333333333
S01,2026-09-14,8,83.3,2026-09-06,93.6972306945113,89.9677524119238,104.63410243652314,121.34389547922284,0.42266032711251256,0.41705352578777793,0.04258350482824125,0.03333333333333333
S02,2026-09-14,8,122.0,2026-09-06,115.30610402544008,116.53402913436975,120.29996093270218,135.49089022470997,0.5993897769582621,0.06946325989992676,0.04875732151337664,0.0
S03,2026-09-14,8,108.4,2026-09-06,109.67468677637494,110.60243204433993,118.2106911204416,128.67958888489966,0.5538115751309305,0.05454373079547591,0.04828241253759691,0.0
S04,2026-09-14,8,88.5,2026-09-06,104.48201818259648,101.46031849614579,113.42215022550963,124.00515649264969,0.4735091902559932,0.032217221278000925,0.04669938261833151,0.03333333333333333
S05,2026-09-14,8,61.3,2026-09-06,80.91628598489449,76.27714799894918,93.18616409201047,104.34225044702366,0.42088097156528204,0.19801134604847667,0.03672629412695905,0.03333333333333333
S06,2026-09-14,8,67.2,2026-09-06,82.21903323157348,81.868215569764,90.80131357402158,113.45952070562653,0.4977335425337714,0.3163354377693349,0.03957574798163688,0.0
S07,2026-09-14,8,65.0,2026-09-06,75.99425425687032,75.92312203821075,88.0566810353953,120.02319025802657,0.3780729612526484,0.2903653304127052,0.03656799113503251,0.03333333333333333
S08,2026-09-14,8,109.5,2026-09-06,118.15651464864952,114.70682177400919,128.12070036695553,137.67711981088138,0.4981555076367874,0.0667352995778738,0.03830911492734479,0.06666666666666667
S09,2026-09-14,8,98.8,2026-09-06,99.9018656901759,98.78524037204986,114.91470012944296,138.11741835198038,0.5369906240125005,0.6342216686444966,0.03830911492734479,0.06666666666666667
S10,2026-09-14,8,109.2,2026-09-06,101.24565275330875,104.02277485909299,123.64538667098498,150.26202108243447,0.4467266141865184,0.6201914304011991,0.03830911492734479,0.06666666666666667
S11,2026-09-14,8,57.0,2026-09-06,77.49399986540698,73.68889292976607,86.09658844916953,111.25813339178106,0.5614448591894482,0.3964967523310763,0.025429326287978893,0.06666666666666667
S12,2026-09-14,8,138.8,2026-09-06,115.6471071882221,118.3932592592361,126.67282825209057,139.46837488235394,0.5482240853528798,0.03718801926006606,0.03830911492734479,0.1
S13,2026-09-14,8,109.2,2026-09-06,109.98540667801169,108.63129823751629,119.70676878190444,143.1910318863213,0.6667699752713834,0.3795553854633756,0.04812410954567037,0.0
S14,2026-09-14,8,97.3,2026-09-06,89.1478206348457,87.3849909692414,99.91706258667102,111.99345482989777,0.6234011219995503,0.15873685642153404,0.04115877790090228,0.0
S15,2026-09-14,8,62.5,2026-09-06,89.08375810195886,89.23122476797838,105.22585666628247,118.53193778082776,0.4352529063758544,0.2127808853468558,0.04226689884438817,0.03333333333333333
S01,2026-09-15,9,99.0,2026-09-06,92.4317267829152,88.68074437434078,98.43112033581022,112.25455276229751,0.23491506323517505,0.15907497003533877,0.04179198986860855,0.03333333333333333
S02,2026-09-15,9,143.9,2026-09-06,114.04060011384398,115.24702109678672,138.2363058461367,139.72357889893118,0.38556869712898134,0.07229537446346351,0.04875732151337664,0.0
S03,2026-09-15,9,109.2,2026-09-06,108.40918286477884,109.3154240067569,116.94322938540142,123.59669880486781,0.3423548484543249,0.024082715090920127,0.04812410954567037,0.0
S04,2026-09-15,9,128.2,2026-09-06,103.21651427100038,100.17331045856275,115.4694762894225,117.51674665222392,0.27389228540824984,0.023758542555361084,0.04669938261833151,0.03333333333333333
S05,2026-09-15,9,59.7,2026-09-06,79.65078207329839,74.99013996136614,81.0637280526653,94.75325648146688,0.2336062845390172,0.051118709346659616,0.03656799113503251,0.03333333333333333
S06,2026-09-15,9,78.7,2026-09-06,80.95352931997738,80.58120753218098,83.58393869299223,101.96434049106209,0.2935992853285215,0.09428559572652383,0.03910083900585726,0.0
S07,2026-09-15,9,73.1,2026-09-06,74.72875034527422,74.63611400062771,98.35811817647017,112.89493778723926,0.2031638148352883,0.07683411168056153,0.03656799113503251,0.03333333333333333
S08,2026-09-15,9,111.2,2026-09-06,116.89101073705342,113.41981373642616,145.02070383895904,143.3264399653422,0.29394947331243004,0.10483067406790245,0.03830911492734479,0.06666666666666667
S09,2026-09-15,9,90.3,2026-09-06,98.6363617785798,97.49823233446682,104.98695915335682,123.75513671961312,0.3272459949899371,0.34232515117872103,0.03830911492734479,0.06666666666666667
S10,2026-09-15,9,106.1,2026-09-06,99.98014884171263,102.73576682150997,113.38972642623581,138.6218120705663,0.25297530877307733,0.3594619721043297,0.03830911492734479,0.06666666666666667
S11,2026-09-15,9,63.2,2026-09-06,76.22849595381086,72.40188489218305,81.9528671370752,102.69350667696884,0.3493556112164923,0.13296487789068853,0.025429326287978893,0.06666666666666667
S12,2026-09-15,9,125.3,2026-09-06,114.381603276626,117.10625122165308,149.16145478639282,148.04458270298852,0.33728805829567476,0.07480631231454406,0.03830911492734479,0.1
S13,2026-09-15,9,123.1,2026-09-06,108.71990276641557,107.34429019993327,115.2823581666648,137.22186891461573,0.45628966335125754,0.19189244665281502,0.04796580655374383,0.0
S14,2026-09-15,9,61.3,2026-09-06,87.8823167232496,86.09798293165838,91.69135871012507,103.79373557772033,0.4097760195095535,0.047150997583131786,0.04068386892512266,0.0
S15,2026-09-15,9,44.5,2026-09-06,87.81825419036275,87.94421673039534,104.40681195425549,111.81600007386831,0.24428076971402093,0.08801388661560468,0.04115877790090228,0.03333333333333333
S01,2026-09-16,10,81.3,2026-09-06,99.61149926091004,95.91562378930612,109.91616751021459,114.48169598819239,0.004176478900424451,0.018936473329814935,0.04559126167484562,0.03333333333333333
S02,2026-09-16,10,115.7,2026-09-06,121.22037259183881,122.48190051175207,129.86002246018063,135.53181040409427,0.008498620862260147,0.015703692150300284,0.05287319930346679,0.0
S03,2026-09-16,10,124.0,2026-09-06,115.58895534277367,116.55030342172226,126.06018761753137,128.64654169797615,0.00706048205106571,0.010258197984831142,0.04875732151337664,0.0
S04,2026-09-16,10,99.3,2026-09-06,110.39628674899522,107.40818987352812,116.27856641557919,121.17080641466731,0.005125940417672124,0.006962704611750997,0.04796580655374383,0.03333333333333333
S05,2026-09-16,10,81.9,2026-09-06,86.83055455129323,82.2250193763315,97.57905634326244,94.87095961267514,0.004146243949071171,0.012695064177914467,0.03957574798163688,0.03333333333333333
S06,2026-09-16,10,85.0,2026-09-06,88.13330179797222,87.81608694714635,103.58665662346858,103.51072121023765,0.005645104399972279,0.023577548133082875,0.04115877790090228,0.0
S07,2026-09-16,10,101.5,2026-09-06,81.90852282326907,81.87099341559308,96.57483172315887,107.45421379119892,0.0034705168816864976,0.01637806862923472,0.03957574798163688,0.03333333333333333
S08,2026-09-16,10,95.8,2026-09-06,124.07078321504825,120.65469315139151,138.32909448252855,137.93546346219762,0.005654586831543674,0.015340574838295231,0.03830911492734479,0.06666666666666667
S09,2026-09-16,10,111.4,2026-09-06,105.81613425657463,104.73311174943218,120.0586294150118,125.62030683111573,0.006600376917674519,0.04439297777916265,0.03830911492734479,0.06666666666666667
S10,2026-09-16,10,121.3,2026-09-06,107.15992131970748,109.97064623647532,128.54018251164626,135.4824448498702,0.004604321348854866,0.05016143460794656,0.03830911492734479,0.06666666666666667
S11,2026-09-16,10,82.3,2026-09-06,83.40826843180571,79.6367643071484,94.34879805834512,99.2231465714561,0.007280767585105338,0.02050785106337626,0.0300528401585205,0.06666666666666667
S12,2026-09-16,10,141.8,2026-09-06,121.56137575462083,124.34113063661843,134.37275065001052,139.29538622150335,0.006903894485864292,0.00999394754039749,0.04095112285336855,0.1
S13,2026-09-16,10,120.2,2026-09-06,115.89967524441042,114.57916961489863,128.69251210691306,132.11302936626765,0.011333126114909569,0.02192375533748249,0.04875732151337664,0.0
S14,2026-09-16,10,81.7,2026-09-06,95.06208920124443,93.33286234662373,106.59526765014348,104.82302553495838,0.009394145380602723,0.010152461529459927,0.04353332277980049,0.0
S15,2026-09-16,10,111.1,2026-09-06,94.9980266683576,95.1790961453607,109.51316178378084,111.94208797527124,0.004395843324681423,0.012100872915753963,0.045116352699066,0.03333333333333333
S01,2026-09-14,1,83.3,2026-09-13,89.02043275875262,91.83043421907145,104.69507201957607,139.4091435630081,0.4444508372953796,0.33942690320714886,0.03376623376623378,0.06666666666666667
S02,2026-09-14,1,122.0,2026-09-13,117.50386459532216,117.08398533542493,127.8330497496379,137.8989116750085,0.5260886575856262,0.01812651291177856,0.045454545454545414,0.0
S03,2026-09-14,1,108.4,2026-09-13,110.46497123816803,113.59026199828519,131.30325895985936,141.9098040440964,0.5892856147238373,0.11564198558623918,0.04487734487734485,0.0
S04,2026-09-14,1,88.5,2026-09-13,97.67941143445431,98.25289413596809,117.83564428218892,119.54937490191858,0.3914179568489687,0.11081058868721906,0.0427128427128427,0.03333333333333333
S05,2026-09-14,1,61.3,2026-09-13,84.9335288685083,81.55204346239911,90.82575466967161,105.87979311089347,0.40612808440174,0.1446410039476376,0.03650793650793649,0.0
S06,2026-09-14,1,67.2,2026-09-13,85.58625069189532,85.78744405948453,99.14923170933511,135.7509430231273,0.46313043821520816,0.12575480620689253,0.03737373737373739,0.0
S07,2026-09-14,1,65.0,2026-09-13,74.51886077876124,78.54658801016902,95.01639841642992,104.09591423457151,0.5395865864141219,0.13128444493663016,0.035209235209235246,0.03333333333333333
S08,2026-09-14,1,109.5,2026-09-13,110.09700573420672,111.20439742910814,126.20322592002739,132.90779881582085,0.45169250624598695,0.025514331436508626,0.037518037518037506,0.06666666666666667
S09,2026-09-14,1,98.8,2026-09-13,100.14305961365284,100.56261661645655,113.52986020848655,126.46021958431162,0.49266676228821105,0.17897850580321475,0.03694083694083694,0.06666666666666667
S10,2026-09-14,1,109.2,2026-09-13,103.84518419384182,106.43997859402502,121.11999892878056,136.49003137474492,0.5096141932630478,0.07361633341449782,0.03722943722943728,0.06666666666666667
S11,2026-09-14,1,57.0,2026-09-13,76.82103666630421,76.58128600214917,102.37340742129646,108.50056506145674,0.4378639676154442,0.1772676154913931,0.026839826839826886,0.06666666666666667
S12,2026-09-14,1,138.8,2026-09-13,118.97289853094719,116.20092928564854,127.7749633415133,138.3700094150416,0.41070904766278166,0.02136540774580293,0.04487734487734485,0.03333333333333333
S13,2026-09-14,1,109.2,2026-09-13,107.83979394277385,108.0378181141365,119.80961121283711,132.25540851082232,0.4675844739524542,0.22492909755008922,0.04415584415584417,0.0
S14,2026-09-14,1,97.3,2026-09-13,88.28312642764787,84.62435677909934,94.46634987688243,110.65861153469376,0.43033059702718457,0.1638419513525648,0.03722943722943728,0.0
S15,2026-09-14,1,62.5,2026-09-13,83.5768792885171,82.47960218579705,91.334208619841,110.4111606519455,0.5019876952055812,0.10360393377403544,0.0366522366522366,0.03333333333333333
S01,2026-09-15,2,99.0,2026-09-13,87.88720544741905,90.68627466013659,103.78032567839448,124.82093397278908,0.25572149260373533,0.1531704439450658,0.03318903318903321,0.06666666666666667
S02,2026-09-15,2,143.9,2026-09-13,116.3706372839886,115.93982577649008,130.16943980485394,144.80131508280047,0.32283814481520384,0.028313790252344748,0.04487734487734485,0.0
S03,2026-09-15,2,109.2,2026-09-13,109.33174392683448,112.44610243935034,128.67428740952508,129.4863835976309,0.38126184464990315,0.05867115546044872,0.044733044733044736,0.0
S04,2026-09-15,2,128.2,2026-09-13,96.54618412312074,97.10873457703325,106.87319829775518,104.38298170218911,0.21643487093220554,0.0557975239168761,0.0427128427128427,0.03333333333333333
S05,2026-09-15,2,59.7,2026-09-13,83.80030155717473,80.40788390346425,90.08104490367228,93.1997701810017,0.22702197750124675,0.03587147278815341,0.03607503607503604,0.0
S06,2026-09-15,2,78.7,2026-09-13,84.45302338056175,84.64328450054967,99.23868988034083,129.55221583971164,0.27032877856250637,0.03067824924146528,0.03722943722943728,0.0
S07,2026-09-15,2,73.1,2026-09-13,73.38563346742768,77.40242845123416,91.88293544942306,101.2995427598438,0.3348053792562199,0.025393415471582075,0.03463203463203468,0.03333333333333333
S08,2026-09-15,2,111.2,2026-09-13,108.96377842287316,110.06023787017328,128.69075748345224,140.01913235846064,0.2613346306928688,0.04750754481586682,0.03722943722943728,0.06666666666666667
S09,2026-09-15,2,90.3,2026-09-13,99.00983230231927,99.41845705752169,112.25770860916974,111.1067386895132,0.2943097196181596,0.07498561743523405,0.0366522366522366,0.06666666666666667
S10,2026-09-15,2,106.1,2026-09-13,102.71195688250825,105.29581903509018,120.24142680663049,122.40633668461588,0.3085840813250213,0.04188148966905205,0.03722943722943728,0.06666666666666667
S11,2026-09-15,2,63.2,2026-09-13,75.68780935497064,75.43712644321432,94.80076834080873,94.76255573332743,0.25066959541356615,0.03405227062315109,0.025396825396825418,0.06666666666666667
S12,2026-09-15,2,125.3,2026-09-13,117.83967121961362,115.05676972671368,133.40110350962644,149.59841140018847,0.23036636011645983,0.03872101712086756,0.04487734487734485,0.03333333333333333
S13,2026-09-15,2,123.1,2026-09-13,106.70656663144028,106.89365855520165,118.8500073277871,121.39149828052281,0.27387449202311637,0.16589247189800782,0.04386724386724383,0.0
S14,2026-09-15,2,61.3,2026-09-13,87.14989911631432,83.48019722016448,93.16993321347813,97.55471889325715,0.2449534586293755,0.041331071411998606,0.0366522366522366,0.0
S15,2026-09-15,2,44.5,2026-09-13,82.44365197718353,81.33544262686219,89.47192369909311,98.06469183169263,0.30211261880856427,0.024799420294115165,0.036363636363636376,0.03333333333333333
S01,2026-09-16,3,81.3,2026-09-13,96.07824071718517,98.93395733641592,117.76653417801778,137.04932681416318,0.13614327288598113,0.3065218488954828,0.0366522366522366,0.06666666666666667
S02,2026-09-16,3,115.7,2026-09-13,124.5616725537547,124.1875084527694,134.02683504849506,138.81328230265117,0.17944208622068325,0.025282915112488074,0.053102453102453095,0.0
S03,2026-09-16,3,124.0,2026-09-13,117.52277919660058,120.69378511562965,134.13089543790082,136.06243898565523,0.22036020185316033,0.0937446657215807,0.04805194805194801,0.0
S04,2026-09-16,3,99.3,2026-09-13,104.73721939288686,105.35641725331257,114.35029099120574,125.05154893371555,0.11245188818710444,0.11127799211517526,0.04386724386724383,0.03333333333333333
S05,2026-09-16,3,81.9,2026-09-13,91.99133682694085,88.65556657974358,98.67284817418285,110.60094444214043,0.1187232516146668,0.23222156269256122,0.03852813852813852,0.0
S06,2026-09-16,3,85.0,2026-09-13,92.64405865032786,92.89096717682901,106.46190412311996,143.46374057070767,0.14525307237482807,0.24935367970241135,0.040115440115440104,0.0
S07,2026-09-16,3,101.5,2026-09-13,81.57666873719378,85.65011112751348,98.33602437365202,98.56769555173135,0.18756613560952573,0.1545550047007478,0.03737373737373739,0.03333333333333333
S08,2026-09-16,3,95.8,2026-09-13,117.15481369263927,118.3079205464526,134.81340842381553,130.71687349185888,0.13962404194831532,0.03256326672388464,0.037518037518037506,0.06666666666666667
S09,2026-09-16,3,111.4,2026-09-13,107.20086757208539,107.66613973380102,120.11208887929429,125.39244651596468,0.16058032360431482,0.17816547275676287,0.03722943722943728,0.06666666666666667
S10,2026-09-16,3,121.3,2026-09-13,110.90299215227436,113.5435017113695,127.7616470130084,133.0825303277947,0.169930493599408,0.11244701614420084,0.037518037518037506,0.06666666666666667
S11,2026-09-16,3,82.3,2026-09-13,83.87884462473676,83.68480911949365,102.26159232952861,109.26121625380605,0.13303146022533982,0.2477894319965097,0.03001443001443005,0.06666666666666667
S12,2026-09-16,3,141.8,2026-09-13,126.03070648937972,123.30445240299301,133.90215818096198,138.5298618768399,0.12072139340110435,0.030313474915023342,0.04992784992784993,0.03333333333333333
S13,2026-09-16,3,120.2,2026-09-13,114.89760190120639,115.14134123148096,125.96066949570293,130.4183125872575,0.14748985892074362,0.34327797719593706,0.04487734487734485,0.0
S14,2026-09-16,3,81.7,2026-09-13,95.34093438608042,91.72787989644381,102.97261099533135,119.85250289142579,0.1295341567255707,0.28346270531212936,0.03982683982683988,0.0
S15,2026-09-16,3,111.1,2026-09-13,90.63468724694965,89.58312530314151,100.10912953838141,111.93019847650807,0.1656700706292362,0.1339847462369846,0.038961038961038974,0.03333333333333333
S01,2026-09-17,4,83.6,2026-09-13,101.54261904511898,104.40939447607478,120.91280455201787,140.59604787613972,0.4388352454224518,0.38490446998995326,0.03694083694083694,0.06666666666666667
S02,2026-09-17,4,158.0,2026-09-13,130.02605088168852,129.66294559242826,137.78343553775255,139.8667519071707,0.5204078189338636,0.018123372731097202,0.06378066378066383,0.0
S03,2026-09-17,4,122.9,2026-09-13,122.98715752453441,126.16922225528852,135.8769716530253,142.89330500309623,0.5837629587896745,0.091005295756394,0.05526695526695524,0.0
S04,2026-09-17,4,128.1,2026-09-13,110.20159772082067,110.83185439297142,116.90024848980518,116.24330067583861,0.3860068552310681,0.08517826713351759,0.0444444444444444,0.03333333333333333
S05,2026-09-17,4,66.8,2026-09-13,97.45571515487467,94.13100371940244,102.3340435528672,105.4517821084842,0.4006475013313578,0.09594013461203071,0.04098124098124101,0.0
S06,2026-09-17,4,91.7,2026-09-13,98.10843697826168,98.36640431648786,109.8738890305215,130.93216381962452,0.4574731805571208,0.07696977090501474,0.0427128427128427,0.0
S07,2026-09-17,4,79.8,2026-09-13,87.0410470651276,91.12554826717235,101.21933242222991,108.53536125767934,0.5339242050504119,0.1272798129591136,0.03982683982683988,0.03333333333333333
S08,2026-09-17,4,116.7,2026-09-13,122.61919202057308,123.78335768611147,143.15957004300813,137.25374662825698,0.44605888155715295,0.030137953668298457,0.03953823953823954,0.06666666666666667
S09,2026-09-17,4,140.5,2026-09-13,112.6652459000192,113.14157687345988,120.56181718450429,126.56495480587051,0.4869759745163855,0.15578474657812735,0.037518037518037506,0.06666666666666667
S10,2026-09-17,4,113.8,2026-09-13,116.36737048020818,119.01893885102835,133.41554155361837,136.59476659630383,0.5039220892657134,0.07331298261664748,0.037518037518037506,0.06666666666666667
S11,2026-09-17,4,86.4,2026-09-13,89.34322295267057,89.1602462591525,109.47185417163101,108.76527072108905,0.4322668441383996,0.18094422275695624,0.03088023088023084,0.06666666666666667
S12,2026-09-17,4,120.9,2026-09-13,131.49508481731354,128.77988954265186,136.73391060016857,142.04557582936172,0.4052088258033199,0.025256662345444818,0.06089466089466089,0.03333333333333333
S13,2026-09-17,4,132.3,2026-09-13,120.36198022914022,120.61677837113983,132.1847793921483,137.97260424377887,0.46191962075105025,0.2626666164200625,0.04805194805194801,0.0
S14,2026-09-17,4,82.2,2026-09-13,100.80531271401424,97.20331703610267,106.51518693323503,110.2306005322845,0.42475700745630895,0.11374151819118207,0.0427128427128427,0.0
S15,2026-09-17,4,93.5,2026-09-13,96.09906557488347,95.05856244280038,104.78994378657347,112.14773844011629,0.49629456481262196,0.0729371952380007,0.04155844155844157,0.03333333333333333
S01,2026-09-18,5,107.2,2026-09-13,105.01903807619819,107.89972290327816,124.92588053954549,140.73502574248843,0.41232120182712567,0.3248417446324613,0.03722943722943728,0.06666666666666667
S02,2026-09-18,5,124.1,2026-09-13,133.50246991276774,133.15327401963165,138.98818781176308,138.71949852426465,0.49329771926064625,0.019705113143955143,0.07373737373737377,0.0
S03,2026-09-18,5,276.9,2026-09-13,126.46357655561361,129.6595506824919,138.93990113986555,143.97645943743103,0.5571868439371411,0.11108097649556448,0.06378066378066383,0.0
S04,2026-09-18,5,135.6,2026-09-13,113.67801675189988,114.32218282017482,117.83985445127291,116.07493681218278,0.36063341255154197,0.10449507688552484,0.04487734487734485,0.03333333333333333
S05,2026-09-18,5,97.1,2026-09-13,100.93213418595387,97.62133214660584,99.73724426386894,104.69894676407223,0.3748993018777541,0.14239121379537983,0.0427128427128427,0.0
S06,2026-09-18,5,103.9,2026-09-13,101.58485600934088,101.85673274369125,113.298340492107,136.81529652190457,0.430697328324739,0.12375627527101013,0.043145743145743154,0.0
S07,2026-09-18,5,94.8,2026-09-13,90.5174660962068,94.61587669437574,98.69147669387407,103.64272218538399,0.5068541305029173,0.1248876665197175,0.04098124098124101,0.03333333333333333
S08,2026-09-18,5,192.0,2026-09-13,126.0956110516523,127.27368611331487,139.97078192873792,136.0133986470817,0.4194346073599294,0.027718158580521953,0.04559884559884564,0.06666666666666667
S09,2026-09-18,5,100.8,2026-09-13,116.1416649310984,116.63190530066326,121.45121662226481,128.98332285137525,0.45993724999897456,0.1695185275665845,0.037518037518037506,0.06666666666666667
S10,2026-09-18,5,133.1,2026-09-13,119.84378951128738,122.50926727823175,128.94848329031407,135.44239264956477,0.4768169591885785,0.07960720947676002,0.03953823953823954,0.06666666666666667
S11,2026-09-18,5,67.4,2026-09-13,92.81964198374979,92.6505746863559,104.74239150804524,104.52132477884889,0.4058626305855376,0.17461393950127313,0.03376623376623378,0.06666666666666667
S12,2026-09-18,5,171.5,2026-09-13,134.97150384839276,132.27021796985525,138.7132557275579,139.25016052316994,0.3793530257447022,0.023219406202841235,0.06940836940836936,0.03333333333333333
S13,2026-09-18,5,130.3,2026-09-13,123.83839926021942,124.10710679834322,126.86022286387981,136.33187648838313,0.43509223224345367,0.2499880613095151,0.053102453102453095,0.0
S14,2026-09-18,5,106.0,2026-09-13,104.28173174509345,100.69364546330607,104.39240108345976,109.47776518787254,0.3984895415425272,0.16134984077966835,0.04300144300144304,0.0
S15,2026-09-18,5,81.3,2026-09-13,99.57548460596267,98.54889087000376,101.22435972435068,111.53794558649271,0.46921165396424896,0.10191639260307651,0.0427128427128427,0.03333333333333333
S01,2026-09-19,6,104.3,2026-09-13,102.85100641732274,105.71002355663948,123.5394090767072,138.4929564308691,0.3995387839356429,0.3017797175579522,0.03722943722943728,0.06666666666666667
S02,2026-09-19,6,104.5,2026-09-13,131.33443825389227,130.96357467299296,134.42423618409958,137.53358872019047,0.4800555718145224,0.018251160446239527,0.06522366522366518,0.0
S03,2026-09-19,6,120.4,2026-09-13,124.29554489673816,127.46985133585322,134.7935859158634,139.42881722739978,0.5440711799387992,0.09965983897456683,0.05757575757575761,0.0
S04,2026-09-19,6,106.2,2026-09-13,111.50998509302443,112.13248347353613,117.82277502197883,121.11872397078777,0.3485031367978329,0.10031154794874932,0.0444444444444444,0.03333333333333333
S05,2026-09-19,6,98.1,2026-09-13,98.76410252707842,95.43163279996715,99.91691442953726,106.20100204341486,0.36256128234135687,0.1189392607690603,0.04155844155844157,0.0
S06,2026-09-19,6,90.4,2026-09-13,99.41682435046543,99.66703339705256,107.67930774056052,135.16687947978528,0.4177501860827516,0.1054919890488728,0.04300144300144304,0.0
S07,2026-09-19,6,94.6,2026-09-13,88.34943443733135,92.42617734773705,99.77320960843502,105.12155254416524,0.4936025749393589,0.10471953306429518,0.040115440115440104,0.03333333333333333
S08,2026-09-19,6,122.1,2026-09-13,123.92757939277685,125.08398676667618,134.97803010655676,133.2001782189691,0.40658423464271004,0.02369770381581689,0.04069264069264067,0.06666666666666667
S09,2026-09-19,6,99.3,2026-09-13,113.97363327222297,114.44220595402459,122.70903027238816,125.5352236829275,0.44680097060552304,0.14848724810212002,0.037518037518037506,0.06666666666666667
S10,2026-09-19,6,106.4,2026-09-13,117.67575785241193,120.31956793159306,129.43272638244918,135.730978069559,0.4636124343277676,0.06611087238939492,0.037518037518037506,0.06666666666666667
S11,2026-09-19,6,96.1,2026-09-13,90.65161032487433,90.4608753397172,110.26453622410742,108.56959290932218,0.393146490102096,0.1510719975204861,0.03088023088023084,0.06666666666666667
S12,2026-09-19,6,111.1,2026-09-13,132.80347218951732,130.08051862321656,134.01829122181755,138.16917005943952,0.366954476316424,0.021511839677583005,0.06421356421356417,0.03333333333333333
S13,2026-09-19,6,132.9,2026-09-13,121.67036760134397,121.91740745170453,127.98176541424505,132.70358290839138,0.42211093208731626,0.22095012587488902,0.048484848484848464,0.0
S14,2026-09-19,6,96.5,2026-09-13,102.113700086218,98.50394611666738,104.8998114829979,110.07454799135175,0.38585438383426246,0.128772267974316,0.0427128427128427,0.0
S15,2026-09-19,6,111.9,2026-09-13,97.40745294708722,96.35919152336508,101.90683385715215,113.01677594527396,0.4560341607716952,0.08019138137350393,0.0427128427128427,0.03333333333333333
S01,2026-09-20,7,104.2,2026-09-13,97.28789061472969,100.11432392560337,118.22645997222219,132.91715655164194,0.4849632610328751,0.26864188871334377,0.0366522366522366,0.06666666666666667
S02,2026-09-20,7,117.3,2026-09-13,125.77132245129924,125.36787504195686,138.21775584134724,136.418153564449,0.566455000756306,0.0220740275736682,0.05411255411255411,0.0
S03,2026-09-20,7,121.4,2026-09-13,118.73242909414512,121.87415170481711,140.0638323724659,151.27665731802188,0.6280745634385202,0.11924618305455359,0.048484848484848464,0.0
S04,2026-09-20,7,98.8,2026-09-13,105.94686929043138,106.53678384250003,114.71275910871665,111.4122828885843,0.43084528707236436,0.10947091796432198,0.04386724386724383,0.03333333333333333
S05,2026-09-20,7,67.2,2026-09-13,93.20098672448538,89.83593316893104,100.04006653335159,112.2379381386902,0.4459513792282223,0.20855103724918772,0.0392496392496392,0.0
S06,2026-09-20,7,68.1,2026-09-13,93.8537085478724,94.07133376601645,109.67898731792859,147.67634047382035,0.5038014610312298,0.1832700392860474,0.04098124098124101,0.0
S07,2026-09-20,7,93.7,2026-09-13,82.78631863473832,86.83047771670094,102.11104377871021,110.84552452978872,0.579721691880547,0.17918609495960816,0.03766233766233762,0.03333333333333333
S08,2026-09-20,7,110.4,2026-09-13,118.3644635901838,119.48828713564006,132.481154248151,131.77311037925682,0.4922801047410017,0.027665454134077283,0.037518037518037506,0.06666666666666667
S09,2026-09-20,7,115.5,2026-09-13,108.41051746962992,108.84650632298847,121.1112787938864,124.29809799525891,0.5333547663475877,0.1608971850736926,0.03722943722943728,0.06666666666666667
S10,2026-09-20,7,116.6,2026-09-13,112.1126420498189,114.72386830055694,128.14901136700715,130.44096287651433,0.5501839797526092,0.07514480750720344,0.037518037518037506,0.06666666666666667
S11,2026-09-20,7,71.5,2026-09-13,85.0884945222813,84.86517570868111,106.38795631793838,116.63414078911292,0.47829289744647463,0.21970992679380666,0.030303030303030276,0.06666666666666667
S12,2026-09-20,7,131.0,2026-09-13,127.24035638692426,124.48481899218046,131.92841581576508,136.82029538447773,0.4506406792704257,0.025999597665529214,0.053102453102453095,0.03333333333333333
S13,2026-09-20,7,121.2,2026-09-13,116.10725179875092,116.32170782066842,127.94403869230737,143.12677780344106,0.5082763287196487,0.2671027607451145,0.04487734487734485,0.0
S14,2026-09-20,7,74.8,2026-09-13,96.55058428362496,92.90824648563127,104.72030167224126,117.42872258990218,0.470646319877284,0.2304979104608738,0.040115440115440104,0.0
S15,2026-09-20,7,107.9,2026-09-13,91.84433714449419,90.76349189232897,100.65741310330968,107.1700654660938,0.5426221544384231,0.14364042376036085,0.03968253968253965,0.03333333333333333
S01,2026-09-21,8,97.3,2026-09-13,92.29666905415722,95.11006267652805,105.14676475591426,139.48936560812973,0.4243816192701449,0.3423961607784133,0.03376623376623378,0.06666666666666667
S02,2026-09-21,8,123.9,2026-09-13,120.78010089072677,120.36361379288152,127.99142127235928,137.38994081390783,0.5056885882160291,0.016439005463494843,0.04761904761904767,0.0
S03,2026-09-21,8,99.4,2026-09-13,113.74120753357265,116.86989045574178,131.64348746461027,141.96171602977813,0.5693792065341677,0.10585489337073938,0.04487734487734485,0.0
S04,2026-09-21,8,96.3,2026-09-13,100.95564772985891,101.5325225934247,116.77879805770056,119.61251833853018,0.3721393301684654,0.10491959876461553,0.04300144300144304,0.03333333333333333
S05,2026-09-21,8,90.3,2026-09-13,88.2097651639129,84.83167191985571,91.13585296360317,105.64861450728303,0.3865851684624321,0.1395147186149949,0.03722943722943728,0.0
S06,2026-09-21,8,150.9,2026-09-13,88.86248698729992,89.06707251694112,99.24562138960815,135.7061984336522,0.44289017231882466,0.12131962363790372,0.03852813852813852,0.0
S07,2026-09-21,8,74.0,2026-09-13,77.79509707416584,81.82621646762561,95.20520500418516,104.18138818751248,0.519236576115853,0.12449948674648723,0.03650793650793649,0.03333333333333333
S08,2026-09-21,8,93.1,2026-09-13,113.37324202961133,114.48402588656474,126.3412067668749,132.31643315366122,0.4315503020486185,0.02214148569882564,0.037518037518037506,0.06666666666666667
S09,2026-09-21,8,105.2,2026-09-13,103.41929590905745,103.84224507391315,113.98117288343933,128.73504789263015,0.47227117824444464,0.17026720788975772,0.03694083694083694,0.06666666666666667
S10,2026-09-21,8,100.8,2026-09-13,107.12142048924642,109.71960705148162,121.49024587936312,138.00719809912232,0.4891935236548451,0.06959853352047717,0.03722943722943728,0.06666666666666667
S11,2026-09-21,8,59.6,2026-09-13,80.09727296170881,79.86091445960577,100.65014984013473,108.26938645784628,0.41786846127977434,0.1685131474991039,0.028282828282828243,0.06666666666666667
S12,2026-09-21,8,99.9,2026-09-13,122.24913482635179,119.48055774310514,127.76445129322866,138.02552215315686,0.39109086244784863,0.01938232407259235,0.046608946608946655,0.03333333333333333
S13,2026-09-21,8,112.5,2026-09-13,111.11603023817845,111.3174465715931,120.13622479125661,133.77257523519975,0.44731173663148827,0.20062194269493755,0.0444444444444444,0.0
S14,2026-09-21,8,72.8,2026-09-13,91.55936272305249,87.90398523655594,94.73706060395163,110.61386694521866,0.41042793384244264,0.15562510064739726,0.03795093795093796,0.0
S15,2026-09-21,8,83.5,2026-09-13,86.8531155839217,85.75923064325364,91.6049193469102,111.75995903206979,0.48157251789091055,0.09805382060449089,0.03737373737373739,0.03333333333333333
S01,2026-09-22,9,96.7,2026-09-13,91.16344174282366,93.9659031175932,104.0131167355446,124.90115601791074,0.24048533475033645,0.15489240864671205,0.03376623376623378,0.06666666666666667
S02,2026-09-22,9,144.4,2026-09-13,119.6468735793932,119.21945423394668,130.3278113275753,144.2923442216998,0.30524312480713817,0.02570271348980095,0.04646464646464643,0.0
S03,2026-09-22,9,116.7,2026-09-13,112.60798022223908,115.72573089680694,128.96427468345,129.53829558331265,0.3621857426178564,0.05341443777579436,0.04487734487734485,0.0
S04,2026-09-22,9,102.3,2026-09-13,99.82242041852535,100.38836303448984,105.71874210025507,104.44612513880068,0.20290133171045188,0.05265797901692931,0.04300144300144304,0.03333333333333333
S05,2026-09-22,9,96.9,2026-09-13,87.07653785257934,83.68751236092086,90.17224151841576,92.96859157739124,0.21300639426437445,0.034444899221957294,0.0366522366522366,0.0
S06,2026-09-22,9,80.0,2026-09-13,87.72925967596636,87.92291295800628,99.11617788142578,129.5074712502365,0.254519924455933,0.029483189501389527,0.03795093795093796,0.0
S07,2026-09-22,9,74.9,2026-09-13,76.66186976283228,80.68205690869075,91.97413206416655,101.38501671278478,0.3168633278883891,0.02393029714777816,0.03607503607503604,0.03333333333333333
S08,2026-09-22,9,119.1,2026-09-13,112.24001471827776,113.33986632762989,128.63000420434162,139.42776669630103,0.24587451823754053,0.04135069424875421,0.037518037518037506,0.06666666666666667
S09,2026-09-22,9,120.9,2026-09-13,102.28606859772388,102.69808551497829,112.61141131111077,113.38156699783171,0.27763205878445213,0.07089880482833456,0.03694083694083694,0.06666666666666667
S10,2026-09-22,9,89.8,2026-09-13,105.98819317791285,108.57544749254677,120.51406378420131,123.92350340899328,0.29143158329825797,0.039521808304318916,0.03722943722943728,0.06666666666666667
S11,2026-09-22,9,59.1,2026-09-13,78.96404565037525,78.71675490067092,92.97990078663526,94.53137712971699,0.23563913895182956,0.03209467075494207,0.02741702741702745,0.06666666666666667
S12,2026-09-22,9,231.6,2026-09-13,121.11590751501822,118.33639818417028,133.3403502305158,149.25392413830372,0.21620205578801766,0.03518494622221121,0.046176046176046204,0.03333333333333333
S13,2026-09-22,9,117.1,2026-09-13,109.98280292684488,110.17328701265825,119.07901093319485,122.90866500490021,0.25793158171835284,0.14675715775845585,0.0444444444444444,0.0
S14,2026-09-22,9,100.0,2026-09-13,90.42613541171892,86.7598256776211,93.3430339675356,97.50997430378204,0.2301604724671636,0.03897190967738981,0.03766233766233762,0.0
S15,2026-09-22,9,67.4,2026-09-13,85.71988827258815,84.6150710843188,89.64502445315058,99.4134902118169,0.2851714718088526,0.023360884697467513,0.03722943722943728,0.03333333333333333
S01,2026-09-23,10,91.8,2026-09-13,99.35447701258977,102.21358579387251,118.2166135128351,137.1295488592848,0.12681775081845928,0.2978835834332479,0.03694083694083694,0.06666666666666667
S02,2026-09-23,10,118.0,2026-09-13,127.8379088491593,127.467136910226,134.1446937071394,138.3043114415505,0.1677265432090479,0.022944743365964394,0.05757575757575761,0.0
S03,2026-09-23,10,136.9,2026-09-13,120.7990154920052,123.97341357308626,134.9184240102781,136.114350971337,0.2066459450906517,0.08563135655882617,0.05209235209235208,0.0
S04,2026-09-23,10,106.7,2026-09-13,108.01345568829146,108.63604571076917,115.02467686452505,125.11469237032713,0.10455276621069716,0.10536509819618774,0.044300144300144284,0.03333333333333333
S05,2026-09-23,10,93.4,2026-09-13,95.26757312234545,91.93519503720019,98.92006779861093,110.36976583852999,0.11043841647530431,0.2248070905660901,0.03982683982683988,0.0
S06,2026-09-23,10,95.1,2026-09-13,95.92029494573246,96.1705956342856,106.49541513388952,143.41899598123257,0.13540135494481909,0.24176483464654958,0.0427128427128427,0.0
S07,2026-09-23,10,81.4,2026-09-13,84.85290503259839,88.9297395849701,99.17408353809176,98.65316950467232,0.17543358415259167,0.14677058233459223,0.03852813852813852,0.03333333333333333
S08,2026-09-23,10,127.1,2026-09-13,120.43104998804387,121.58754900390922,134.91087640658603,130.12550782969927,0.13009600127888063,0.028285640324870298,0.038961038961038974,0.06666666666666667
S09,2026-09-23,10,102.4,2026-09-13,110.47710386748999,110.94576819125761,120.52288869017003,127.66727482428321,0.14987131998173342,0.16948557805166373,0.03722943722943728,0.06666666666666667
S10,2026-09-23,10,124.9,2026-09-13,114.17922844767897,116.8231301688261,128.15264636749652,134.59969705217213,0.15871583381867702,0.10655369474259764,0.037518037518037506,0.06666666666666667
S11,2026-09-23,10,95.0,2026-09-13,87.15508092014136,86.96443757695025,102.24720104074811,109.03003765019561,0.12388852175145795,0.23655357204235344,0.030303030303030276,0.06666666666666667
S12,2026-09-23,10,132.0,2026-09-13,129.30694278478433,126.5840808604496,133.8511332686003,138.18537461495515,0.11231489292135349,0.02752321214957456,0.05598845598845603,0.03333333333333333
S13,2026-09-23,10,250.5,2026-09-13,118.173838196611,118.42096968893757,126.73458314174879,131.9354793116349,0.1375108393384763,0.3113184261538488,0.046176046176046204,0.0
S14,2026-09-23,10,161.7,2026-09-13,98.61717068148502,95.00750835390042,103.20280885832352,119.80775830195067,0.1205981446163855,0.2711924453699064,0.04155844155844157,0.0
S15,2026-09-23,10,84.8,2026-09-13,93.91092354235425,92.86275376059811,100.34463825347338,113.27899685663235,0.1546841837920185,0.127037770511303,0.040115440115440104,0.03333333333333333
S01,2026-09-21,1,97.3,2026-09-20,96.85659589575323,99.02525513499391,115.82439036337517,134.30905039472168,0.3966862514777574,0.35588058092797903,0.040422480114747694,0.03333333333333333
S02,2026-09-21,1,123.9,2026-09-20,120.41716898675777,119.85786308992023,134.710446103387,155.04153744430192,0.4387764387117003,0.26826513049011924,0.045247098709088496,0.0
S03,2026-09-21,1,99.4,2026-09-20,108.69651997338963,114.23820740293873,132.05149132417853,146.9003773889282,0.4825107641390564,0.10913107293058835,0.042769591863345946,0.03333333333333333
S04,2026-09-21,1,96.3,2026-09-20,104.78178903234333,101.2831165349182,120.71398560990161,138.12008885135418,0.3669250067375574,0.35921849354565394,0.0406832703090364,0.03333333333333333
S05,2026-09-21,1,90.3,2026-09-20,80.84303095736631,75.05918510602632,86.55308004766019,92.87058857477498,0.25550742488426864,0.056174761291954374,0.03181640370322081,0.0
S06,2026-09-21,1,150.9,2026-09-20,85.563161145256,87.65756238442313,99.08477248363371,107.41122821977537,0.3894086178377549,0.03955769501729534,0.036119441908984196,0.0
S07,2026-09-21,1,74.0,2026-09-20,83.95860551609259,88.56393620551914,104.51439710676901,119.18556702958871,0.44494561267431393,0.06079711924353501,0.03664102229756161,0.03333333333333333
S08,2026-09-21,1,93.1,2026-09-20,110.00169504379308,108.56413167476649,127.27495222592529,135.42428584795334,0.3603363197404671,0.1425121445340889,0.0357521186440678,0.06666666666666667
S09,2026-09-21,1,105.2,2026-09-20,103.96865497069606,100.79594553532701,111.89273744718213,121.52387684758395,0.3802723783249844,0.18630494063849573,0.0406832703090364,0.03333333333333333
S10,2026-09-21,1,100.8,2026-09-20,112.65379132233288,112.03877436337407,122.2596675740225,131.5233371695903,0.41505696241183604,0.10848568851685308,0.041987221280479825,0.0
S11,2026-09-21,1,59.6,2026-09-20,76.71257332268546,74.3622983897248,91.4682787848341,104.96398277031778,0.34003301423111437,0.09432068723581108,0.031034033120354687,0.03333333333333333
S12,2026-09-21,1,99.9,2026-09-20,124.74950130672813,124.58078323425539,135.75879915657026,146.83038110980726,0.4897295457350574,0.2255954833719423,0.05137566827487283,0.03333333333333333
S13,2026-09-21,1,112.5,2026-09-20,119.14107268729045,118.92765868003728,133.71265908845194,145.92562727552541,0.5171513557332925,0.10126368726969716,0.044595123223366784,0.0
S14,2026-09-21,1,72.8,2026-09-20,87.87300454561621,84.69839530648258,95.62464776622876,105.992602199993,0.335278813753462,0.04726294985809519,0.03507628113182948,0.0
S15,2026-09-21,1,83.5,2026-09-20,84.90625156162749,89.62523982243627,108.06699742641894,133.16755934900846,0.49661833669037314,0.052076002877468844,0.037032207588994615,0.03333333333333333
S01,2026-09-22,2,96.7,2026-09-20,96.07793693483039,98.23205827910797,115.59364374990857,127.91553954092652,0.2141910723900399,0.13644316252301483,0.040422480114747694,0.03333333333333333
S02,2026-09-22,2,144.4,2026-09-20,119.63851002583493,119.0646662340343,146.50796665562873,155.08658833609985,0.2447738006850409,0.20471283168661664,0.044595123223366784,0.0
S03,2026-09-22,2,116.7,2026-09-20,107.91786101246679,113.44501054705279,138.6363993174392,141.40966731431985,0.27877644154218795,0.09317253818002047,0.042769591863345946,0.03333333333333333
S04,2026-09-22,2,102.3,2026-09-20,104.00313007142049,100.48991967903225,119.8106184973561,132.8258217906849,0.19372505624855338,0.21847740770878576,0.0406832703090364,0.03333333333333333
S05,2026-09-22,2,96.9,2026-09-20,80.06437199644347,74.26598825014038,81.0705895569954,87.69080588521832,0.12455282441243762,0.015358314862681044,0.031034033120354687,0.0
S06,2026-09-22,2,80.0,2026-09-20,84.78450218433316,86.86436552853719,94.73836728492273,104.27555899804167,0.20910110849101707,0.011336772896722747,0.03559786152040678,0.0
S07,2026-09-22,2,74.9,2026-09-20,83.17994655516976,87.77073934963322,100.38428631869168,112.93957693064242,0.24942757921977304,0.017664154295372315,0.036119441908984196,0.03333333333333333
S08,2026-09-22,2,119.1,2026-09-20,109.22303608287025,107.77093481888056,140.78795985997803,136.58786860360775,0.1893163916427779,0.13796177965177664,0.0357521186440678,0.06666666666666667
S09,2026-09-22,2,120.9,2026-09-20,103.18999600977322,100.00274867944107,108.43939796091614,119.77244715711335,0.2027902271630019,0.060293365266847754,0.0406832703090364,0.03333333333333333
S10,2026-09-22,2,89.8,2026-09-20,111.87513236141004,111.24557750748814,122.6824635514225,129.07091722531302,0.22729437223713514,0.05452929338156686,0.041987221280479825,0.0
S11,2026-09-22,2,59.1,2026-09-20,75.93391436176262,73.56910153383886,86.19845640249571,98.62662632626345,0.17599796251792418,0.023005566909799408,0.02999087234319986,0.03333333333333333
S12,2026-09-22,2,231.6,2026-09-20,123.9708423458053,123.78758637836945,148.50973287433598,149.40191420800647,0.28462363057303214,0.21653141386473018,0.0496805320119964,0.03333333333333333
S13,2026-09-22,2,117.1,2026-09-20,118.3624137263676,118.13446182415136,134.73910858271776,142.19864613674739,0.30748126466755155,0.05116406050810738,0.04394314773764507,0.0
S14,2026-09-22,2,100.0,2026-09-20,87.09434558469337,83.90519845059666,90.26275066800584,100.98260730621527,0.17293625635723317,0.01312969989483431,0.034554700743252065,0.0
S15,2026-09-22,2,67.4,2026-09-20,84.12759260070465,88.83204296655033,102.01005618148106,127.27980264937104,0.2902685057111322,0.015096755145122693,0.03664102229756161,0.03333333333333333
S01,2026-09-23,3,91.8,2026-09-20,104.3522552285597,106.55715287033543,126.7143206907412,146.9311962316943,0.11307232600907217,0.38374803298135807,0.04146564089190241,0.03333333333333333
S02,2026-09-23,3,118.0,2026-09-20,127.91282831956424,127.38976082526175,149.56619322665108,152.36412756868341,0.13163566593060402,0.17107398766139822,0.056200286869213745,0.0
S03,2026-09-23,3,136.9,2026-09-20,116.1921793061961,121.77010513828024,137.79207189926092,145.8805262185163,0.15310800783999745,0.04495631798970092,0.04655104968053203,0.03333333333333333
S04,2026-09-23,3,106.7,2026-09-20,112.27744836514981,108.81501427025971,123.92439128217258,135.25146950404866,0.10102606666987224,0.18472956920533207,0.04185682618333553,0.03333333333333333
S05,2026-09-23,3,93.4,2026-09-20,88.33869029017279,82.59108284136784,96.00077301112199,97.76071456687939,0.062391965606724394,0.04960497407959559,0.034424305646107656,0.0
S06,2026-09-23,3,95.1,2026-09-20,93.05882047806247,95.18946011976465,106.70187131175784,120.08136939589217,0.11004879175508851,0.04550959974169358,0.039379319337592866,0.0
S07,2026-09-23,3,81.4,2026-09-20,91.45426484889907,96.09583394086066,109.69182598780044,132.82411629059283,0.13452154424392757,0.0950375611237678,0.04016168992045899,0.03333333333333333
S08,2026-09-23,3,127.1,2026-09-20,117.49735437659956,116.096029410108,136.77365958526258,135.08245343973707,0.09846934285081484,0.08139209838571582,0.03601694915254239,0.06666666666666667
S09,2026-09-23,3,102.4,2026-09-20,111.46431430350255,108.32784327066852,118.10177938493084,118.77909520367524,0.10632551170296295,0.08965248629448765,0.04185682618333553,0.03333333333333333
S10,2026-09-23,3,124.9,2026-09-20,120.14945065513935,119.57067209871559,128.34486653066585,128.9554241044321,0.12094168308445073,0.050720814856927976,0.045247098709088496,0.0
S11,2026-09-23,3,95.0,2026-09-20,84.20823265549194,81.89419612506632,98.59424436721707,104.68011424059824,0.0908259785870599,0.0804657056800932,0.03429391054896336,0.03333333333333333
S12,2026-09-23,3,132.0,2026-09-20,132.24516063953462,132.1126809695969,142.78406527407745,147.64620505235223,0.15689275785362317,0.1344291134756135,0.06923979658364843,0.03333333333333333
S13,2026-09-23,3,250.5,2026-09-20,126.63673202009691,126.4595564153788,141.6869629610214,145.30084802086498,0.17195827054833182,0.049134345297964045,0.053722780023471084,0.0
S14,2026-09-23,3,161.7,2026-09-20,95.36866387842268,92.2302930418241,102.4421717559118,118.28853432493499,0.08908575735371592,0.05635464079886116,0.03807536836614944,0.0
S15,2026-09-23,3,84.8,2026-09-20,92.40191089443395,97.15713755777779,114.68493370451668,145.5186493034055,0.16057298941183232,0.04091903848127626,0.040422480114747694,0.03333333333333333
S01,2026-09-24,4,109.5,2026-09-20,109.69308056808553,111.9063006885613,127.36856162406488,142.2620912550026,0.38197183987469036,0.3327696298426942,0.041987221280479825,0.03333333333333333
S02,2026-09-24,4,141.4,2026-09-20,133.25365365909008,132.73890864348763,156.39765175247135,157.25462729369985,0.4235969531172816,0.26404989595973427,0.07263006910940151,0.0
S03,2026-09-24,4,118.5,2026-09-20,121.53300464572192,127.11925295650612,142.13076020193773,153.40022293088848,0.4670774721403799,0.10965514730768731,0.056200286869213745,0.03333333333333333
S04,2026-09-24,4,103.9,2026-09-20,117.61827370467563,114.16416208848558,129.47394098758227,145.13045417032242,0.3526692244816899,0.2852514986735497,0.042769591863345946,0.03333333333333333
S05,2026-09-24,4,111.4,2026-09-20,93.67951562969861,87.94023065959371,96.71762902819817,93.6134587993738,0.24391263201108984,0.04092257287394109,0.036119441908984196,0.0
S06,2026-09-24,4,96.5,2026-09-20,98.39964581758831,100.53860793799052,106.79288340827844,108.48556284669763,0.3747964558749088,0.029811400121634968,0.0406832703090364,0.0
S07,2026-09-24,4,95.3,2026-09-20,96.7950901884249,101.44498175908655,110.3355985071282,116.71178256633416,0.42971611726880865,0.04258856234401184,0.0406832703090364,0.03333333333333333
S08,2026-09-24,4,122.3,2026-09-20,122.83817971612538,121.44517722833389,144.13252494741488,147.44192919871983,0.3461965367917641,0.25813107733970236,0.037341101694915224,0.06666666666666667
S09,2026-09-24,4,128.7,2026-09-20,116.80513964302837,113.6769910888944,123.42901402084165,128.73020340530041,0.3657976604299201,0.13284380330253628,0.042769591863345946,0.03333333333333333
S10,2026-09-24,4,92.7,2026-09-20,125.49027599466518,124.91981991694146,133.18215874748276,138.53095437347608,0.40011303969984646,0.08883877000896508,0.05176685356630595,0.0
S11,2026-09-24,4,63.4,2026-09-20,89.54905799501776,87.24334394329219,99.9031476739458,102.49019830706322,0.3262835516516617,0.06668962572974563,0.03585865171469549,0.03333333333333333
S12,2026-09-24,4,127.4,2026-09-20,137.58598597906044,137.46182878782278,146.5684362422072,152.65805205026197,0.474276973109206,0.29425110268370547,0.09805711305254927,0.03333333333333333
S13,2026-09-24,4,136.9,2026-09-20,131.97755735962275,131.8087042336047,149.002837273337,149.46098631317594,0.5016842237326176,0.0876804820490683,0.06871821619507101,0.0
S14,2026-09-24,4,74.3,2026-09-20,100.70948921794852,97.57944086004998,103.04498148712466,109.47180910225987,0.32162790468119784,0.03434239254500182,0.040422480114747694,0.0
S15,2026-09-24,4,94.5,2026-09-20,97.74273623395979,102.50628537600366,114.87976313726679,133.96111490447606,0.48115336082612997,0.03324556554383398,0.0408136654061807,0.03333333333333333
S01,2026-09-25,5,192.0,2026-09-20,114.71916860434708,116.94708137792438,131.4509585328632,141.66695256026077,0.4943884673865127,0.4203636768107864,0.04316077715477895,0.03333333333333333
S02,2026-09-25,5,121.8,2026-09-20,138.27974169535162,137.77968933285072,178.21358976880816,225.12829096913686,0.5376076715097603,0.7864622136964152,0.0996218542182814,0.0
S03,2026-09-25,5,114.8,2026-09-20,126.55909268198347,132.1600336458692,159.14126394033,184.97042480061504,0.580994960672821,0.29426866037087324,0.06923979658364843,0.03333333333333333
S04,2026-09-25,5,124.2,2026-09-20,122.64436174093719,119.20494277784867,143.37163620488525,163.03366227295587,0.46292150060344517,0.5598957434236674,0.04472551832051119,0.03333333333333333
S05,2026-09-25,5,94.0,2026-09-20,98.70560366596015,92.9810113489568,99.99939856621799,93.98261769189216,0.337913385505205,0.05193742825863407,0.03807536836614944,0.0
S06,2026-09-25,5,63.2,2026-09-20,103.42573385384985,105.57938862735361,111.8927243968509,110.31421033854653,0.4867645648620584,0.03673970255843675,0.04146564089190241,0.0
S07,2026-09-25,5,110.9,2026-09-20,101.82117822468645,106.48576244844962,111.99167063058945,116.31444005960383,0.5438199359948163,0.054317547959397604,0.04146564089190241,0.03333333333333333
S08,2026-09-25,5,146.3,2026-09-20,127.86426775238694,126.48595791769696,162.7497161686412,172.6176182338589,0.45585025939441304,0.5640771953858099,0.04184322033898302,0.06666666666666667
S09,2026-09-25,5,124.2,2026-09-20,121.83122767928992,118.71777177825747,131.19833932740957,146.9640493346779,0.47712905886379725,0.42617829929178536,0.044464728126222486,0.03333333333333333
S10,2026-09-25,5,116.7,2026-09-20,130.51636403092672,129.96060060630455,153.81417582489416,167.56123085766183,0.5134332490722757,0.47835076006002764,0.0636328074064415,0.0
S11,2026-09-25,5,96.1,2026-09-20,94.57514603127932,92.28412463265528,102.25348942337098,102.15793743655341,0.43381505815445737,0.08459006714037726,0.03807536836614944,0.03333333333333333
S12,2026-09-25,5,125.0,2026-09-20,142.61207401532198,142.50260947718587,167.73982178698324,184.8788995541135,0.5880129452462272,0.7173760149050811,0.14186986569304993,0.03333333333333333
S13,2026-09-25,5,110.8,2026-09-20,137.0036453958843,136.84948492296775,166.3468995931487,187.49949063123265,0.6143126615653648,0.5131897312853021,0.09479723562394049,0.0
S14,2026-09-25,5,101.6,2026-09-20,105.73557725421006,102.62022154941306,107.93771373520526,108.89558431876416,0.4286011803724701,0.04366674483180457,0.0408136654061807,0.0
S15,2026-09-25,5,99.8,2026-09-20,102.76882427022133,107.54706606536675,119.59493527343515,131.98441333852017,0.5946730593004248,0.046318553902830184,0.04172643108619112,0.03333333333333333
S01,2026-09-26,6,96.5,2026-09-20,110.74891688975657,112.96247245124155,128.63056618271537,139.61576886809297,0.3510801376184524,0.2762315008420147,0.04224801147476853,0.03333333333333333
S02,2026-09-26,6,155.8,2026-09-20,134.30948998076113,133.7950804061679,152.38005259092867,156.47921116237933,0.3914711942651067,0.2481715253009412,0.07784587299517542,0.0
S03,2026-09-26,6,121.4,2026-09-20,122.58884096739297,128.17542471918637,138.71611190439177,147.10846932562546,0.43413781941019497,0.07591078205899975,0.058547398617811997,0.03333333333333333
S04,2026-09-26,6,111.7,2026-09-20,118.67411002634668,115.22033385116585,125.63744636487496,139.11257079245473,0.322909155715787,0.2781525046528238,0.042769591863345946,0.03333333333333333
S05,2026-09-26,6,87.5,2026-09-20,94.73535195136965,88.99640242227397,101.52208418521816,96.18870707287793,0.22020804072413525,0.03887367381525725,0.03664102229756161,0.0
S06,2026-09-26,6,98.10816326530612,2026-09-20,99.45548213925935,101.59477970067078,109.23364766348158,108.27831613748158,0.34416190324861606,0.02722680954790759,0.0406832703090364,0.0
S07,2026-09-26,6,86.0,2026-09-20,97.85092651009595,102.5011535217668,110.58352576590244,116.8509677249743,0.3974462748200152,0.03884172273814749,0.0408136654061807,0.03333333333333333
S08,2026-09-26,6,129.9,2026-09-20,123.89401603779643,122.50134899101414,139.58487404987645,135.92369316773326,0.3167154317746304,0.1359137381300811,0.0378707627118644,0.06666666666666667
S09,2026-09-26,6,105.0,2026-09-20,117.8609759646994,114.73316285157465,118.30956094283127,122.18305222445238,0.33550392926428074,0.12470480564271504,0.042769591863345946,0.03333333333333333
S10,2026-09-26,6,109.4,2026-09-20,126.54611231633622,125.97599167962173,128.39860426535944,132.36616911996438,0.3686292815163935,0.08213202120264344,0.05346198982918238,0.0
S11,2026-09-26,6,97.5,2026-09-20,90.6048943166888,88.29951570597245,100.13671703919803,105.0804140461002,0.29772598448184645,0.06204048332969559,0.036119441908984196,0.03333333333333333
S12,2026-09-26,6,142.3,2026-09-20,138.6418223007315,138.51800055050305,143.70810527920833,147.0462723509705,0.44124998148155353,0.21758300024691668,0.10340331203546749,0.03333333333333333
S13,2026-09-26,6,134.9,2026-09-20,133.03339368129377,132.86487599628492,143.72589950467417,146.51138834532955,0.4684493099262314,0.07455051338783052,0.07315164949797892,0.0
S14,2026-09-26,6,93.7,2026-09-20,101.76532553961955,98.63561262273024,105.27863700183596,106.85969011769922,0.293300422201256,0.0314528204719953,0.040422480114747694,0.0
S15,2026-09-26,6,82.7,2026-09-20,98.79857255563083,103.56245713868392,115.43373921239552,132.5030071085386,0.44805562691082673,0.036943281168797686,0.0408136654061807,0.03333333333333333
S01,2026-09-27,7,111.2,2026-09-20,105.25400247637789,107.43934230459017,125.39815161517568,135.04882756242853,0.4422095708091708,0.3377225864933525,0.04172643108619112,0.03333333333333333
S02,2026-09-27,7,141.6,2026-09-20,128.81457556738243,128.2719502595165,148.21558643228352,178.8622220334602,0.4852450353621841,0.31461376331716834,0.058938583909245,0.0
S03,2026-09-27,7,117.47551020408164,2026-09-20,117.09392655401429,122.65229457253498,129.9707471750483,142.8668912062144,0.5292432884810732,0.10448438610794361,0.04733342026339815,0.03333333333333333
S04,2026-09-27,7,138.2,2026-09-20,113.179195612968,109.69720370451445,121.2499551130409,138.74868935985012,0.411361681699472,0.31561787475540065,0.04185682618333553,0.03333333333333333
S05,2026-09-27,7,86.2,2026-09-20,89.24043753799097,83.47327227562258,95.99969269528745,93.04133435370557,0.29268915190708333,0.10970419251050013,0.034424305646107656,0.0
S06,2026-09-27,7,94.2,2026-09-20,93.96056772588067,96.07164955401939,107.76489276565654,108.30666168233839,0.43469852121797453,0.078570756669192,0.04016168992045899,0.0
S07,2026-09-27,7,53.7,2026-09-20,92.35601209671727,96.97802337511541,109.55092820802096,115.48169440769271,0.4914953830913543,0.12039267761398581,0.040422480114747694,0.03333333333333333
S08,2026-09-27,7,114.7,2026-09-20,118.39910162441775,116.97821884436274,130.01611671155464,132.3423866759368,0.404484880011061,0.17649332479937782,0.03601694915254239,0.06666666666666667
S09,2026-09-27,7,102.5,2026-09-20,112.36606155132073,109.21003270492326,116.14336445206196,122.44373896511175,0.4252397227377403,0.15158385428608268,0.04185682618333553,0.03333333333333333
S10,2026-09-27,7,129.9,2026-09-20,121.05119790295754,120.45286153297033,125.67016205654102,133.26402685241206,0.46107730920545176,0.1057762672380414,0.04602946929195462,0.0
S11,2026-09-27,7,76.3,2026-09-20,85.10997990331012,82.77638555932106,98.25429628173205,103.22375740510233,0.3831841586665548,0.1919052346917657,0.034424305646107656,0.03333333333333333
S12,2026-09-27,7,136.0,2026-09-20,133.1469078873528,132.99487040385165,136.9227413031948,145.58758851374776,0.5364364712146588,0.27307840477700074,0.07354283478941193,0.03333333333333333
S13,2026-09-27,7,120.8,2026-09-20,127.53847926791511,127.34174584963354,134.0809016793812,143.04157749814993,0.5635850271653214,0.1000323286205273,0.056200286869213745,0.0
S14,2026-09-27,7,84.0,2026-09-20,96.27041112624087,93.11248247607884,103.71118111049611,106.16334797892358,0.37817235025481716,0.09313825550773579,0.03807536836614944,0.0
S15,2026-09-27,7,100.8,2026-09-20,93.30365814225215,98.03932699203253,115.59048349275929,129.8980529426739,0.5432827568416769,0.08801606567521031,0.040422480114747694,0.03333333333333333
S01,2026-09-28,8,110.8,2026-09-20,100.08629078642942,102.28887712755865,116.70240170525783,134.39513312205145,0.3816798360884269,0.35588058092797903,0.0408136654061807,0.03333333333333333
S02,2026-09-28,8,118.1,2026-09-20,123.64686387743396,123.12148508248498,137.56560295147978,155.81624175812755,0.4232949229458609,0.26826513049011924,0.04759421045768675,0.0
S03,2026-09-28,8,125.9,2026-09-20,111.9262148640658,117.50182939550346,133.4073169088388,147.77236341703153,0.46676954526616976,0.10913107293058835,0.04394314773764507,0.03333333333333333
S04,2026-09-28,8,117.3,2026-09-20,108.01148392301951,104.54673852748293,121.6224249959555,138.78662883256135,0.35238684902332856,0.35921849354565394,0.0408136654061807,0.03333333333333333
S05,2026-09-28,8,71.5,2026-09-20,84.0727258480425,78.32280709859106,87.35939141910046,92.83402191025198,0.24368455527539654,0.056174761291954374,0.03312035467466423,0.0
S06,2026-09-28,8,68.6,2026-09-20,88.79285603593218,90.92118437698787,100.84923355449757,107.37466155525236,0.37450661347006375,0.03955769501729534,0.03768418307471644,0.0
S07,2026-09-28,8,89.7,2026-09-20,87.18830040676878,91.82755819808389,105.93420625149336,119.21281861504018,0.42941297446591364,0.06079711924353501,0.037814578171860735,0.03333333333333333
S08,2026-09-28,8,101.3,2026-09-20,113.23138993446926,111.82775366733122,127.96135626262608,136.29627187605666,0.34591657446770996,0.1425121445340889,0.03601694915254239,0.06666666666666667
S09,2026-09-28,8,106.4,2026-09-20,107.19834986137225,104.05956752789174,112.48251995676455,122.58720544641844,0.36551070863417656,0.18630494063849573,0.0408136654061807,0.03333333333333333
S10,2026-09-28,8,121.4,2026-09-20,115.88348621300905,115.30239635593881,122.90218088539278,134.07205695493315,0.39981613932573384,0.10848568851685308,0.042769591863345946,0.0
S11,2026-09-28,8,96.3,2026-09-20,79.94226821336164,77.62592038228954,92.08880644251141,104.99123435576925,0.3260116628696192,0.09432068723581108,0.03259877428608682,0.03333333333333333
S12,2026-09-28,8,115.0,2026-09-20,127.97919619740432,127.84440522682013,137.1002758718592,147.70236713791058,0.473968521173328,0.2255954833719423,0.05672186725779116,0.03333333333333333
S13,2026-09-28,8,123.2,2026-09-20,122.37076757796663,122.19128067260202,135.96400174607513,147.24373709891418,0.5013749462747172,0.10126368726969716,0.04655104968053203,0.0
S14,2026-09-28,8,76.3,2026-09-20,91.10269943629238,87.96201729904732,97.63343566829391,105.95603553547,0.3213580449065617,0.04726294985809519,0.036119441908984196,0.0
S15,2026-09-28,8,170.2,2026-09-20,88.13594645230367,92.88886181500101,109.21685374616497,133.19481093445995,0.48084452712433995,0.052076002877468844,0.03807536836614944,0.03333333333333333
S01,2026-09-29,9,88.0,2026-09-20,99.30763182550658,101.49568027167271,116.27669137008496,128.2565676605489,0.20375676744034077,0.13644316252301483,0.0406832703090364,0.03333333333333333
S02,2026-09-29,9,105.2,2026-09-20,122.86820491651112,122.32828822659904,149.57230792600225,155.90445875118576,0.23329196434985966,0.20471283168661664,0.046942234971965036,0.0
S03,2026-09-29,9,112.9,2026-09-20,111.14755590314297,116.70863253961753,140.166245123859,142.32481944368345,0.2662619409712867,0.09317253818002047,0.04316077715477895,0.03333333333333333
S04,2026-09-29,9,103.91836734693877,2026-09-20,107.23282496209667,103.75354167159699,120.76846801342894,133.53552787315232,0.18405423189088596,0.21847740770878576,0.0408136654061807,0.03333333333333333
S05,2026-09-29,9,79.0,2026-09-20,83.29406688711966,77.52961024270512,81.74777865068798,87.6974053219556,0.11783046011440333,0.015358314862681044,0.03259877428608682,0.0
S06,2026-09-29,9,77.8,2026-09-20,88.01419707500935,90.12798752110193,96.55223848580555,104.28215843477895,0.19885201426371601,0.011336772896722747,0.03729299778328332,0.0
S07,2026-09-29,9,82.0,2026-09-20,86.40964144584595,91.03436134219795,101.85350559343499,113.00999461735417,0.23779617901002933,0.017664154295372315,0.03768418307471644,0.03333333333333333
S08,2026-09-29,9,124.8,2026-09-20,112.45273097354644,111.0345568114453,141.68354831895954,137.50302073297135,0.17981656638260257,0.13796177965177664,0.03601694915254239,0.06666666666666667
S09,2026-09-29,9,98.0,2026-09-20,106.41969090044941,103.2663706720058,109.07859060051751,121.0907211482405,0.19277506475632644,0.060293365266847754,0.0408136654061807,0.03333333333333333
S10,2026-09-29,9,100.9,2026-09-20,115.10482725208622,114.50919950005287,123.37438699281174,131.87458240294853,0.216397524364129,0.05452929338156686,0.042769591863345946,0.0
S11,2026-09-29,9,67.4,2026-09-20,79.1636092524388,76.8327235264036,86.86839419019196,98.6970440129752,0.16702875535606637,0.023005566909799408,0.03220758899465381,0.03333333333333333
S12,2026-09-29,9,129.8,2026-09-20,127.20053723648148,127.0512083709342,150.02522981138443,150.31706633737008,0.2719456179468873,0.21653141386473018,0.05580910157778063,0.03333333333333333
S13,2026-09-29,9,121.4,2026-09-20,121.59210861704379,121.3980838167161,136.90422052868934,143.55992206139643,0.2942038241246276,0.05116406050810738,0.04642065458338762,0.0
S14,2026-09-29,9,108.3,2026-09-20,90.32404047536956,87.1688204431614,92.32094870008997,100.98920674295255,0.16409200785740666,0.01312969989483431,0.03559786152040678,0.0
S15,2026-09-29,9,74.0,2026-09-20,87.35728749138083,92.09566495911507,103.20932263124607,127.3502203360828,0.2774365662305565,0.015096755145122693,0.037814578171860735,0.03333333333333333
S01,2026-09-30,10,90.2,2026-09-20,107.58195011923588,109.82077486290017,127.72415650909437,147.1429755227267,0.10689392954742441,0.38374803298135807,0.04185682618333553,0.03333333333333333
S02,2026-09-30,10,148.8,2026-09-20,131.14252321024043,130.6533828178265,152.755508360847,153.0527491551793,0.1245854283551173,0.17107398766139822,0.06454557308645192,0.0
S03,2026-09-30,10,206.5,2026-09-20,119.42187419687228,125.03372713084498,139.44689156950312,146.66642951928986,0.14509990434756218,0.04495631798970092,0.05215803885773895,0.03333333333333333
S04,2026-09-30,10,122.0,2026-09-20,115.507143255826,112.07863626282445,125.00721466206784,135.83192675792606,0.09543506529997788,0.18472956920533207,0.041987221280479825,0.03333333333333333
S05,2026-09-30,10,93.0,2026-09-20,91.56838518084896,85.85470483393257,96.98146837640364,97.76758731475901,0.05879921265021542,0.04960497407959559,0.03520667622897378,0.0
S06,2026-09-30,10,92.1,2026-09-20,96.28851536873866,98.45308211232938,108.64071637646308,120.0882421437718,0.10401622928935471,0.04550959974169358,0.040422480114747694,0.0
S07,2026-09-30,10,94.1,2026-09-20,94.68395973957526,99.35945593342541,111.28601912636617,132.89480728844694,0.1273394084193292,0.0950375611237678,0.0406832703090364,0.03333333333333333
S08,2026-09-30,10,134.5,2026-09-20,120.72704926727575,119.35965140267274,137.7942219080665,135.86835674051065,0.0930051974969161,0.08139209838571582,0.03601694915254239,0.06666666666666667
S09,2026-09-30,10,128.6,2026-09-20,114.69400919417873,111.59146526323326,118.86594588835464,119.96812036621236,0.10047400637418964,0.08965248629448765,0.041987221280479825,0.03333333333333333
S10,2026-09-30,10,106.1,2026-09-20,123.37914554581553,122.83429409128033,129.16176383587754,131.62984045347758,0.1143887529566515,0.050720814856927976,0.04733342026339815,0.0
S11,2026-09-30,10,92.5,2026-09-20,87.43792754616811,85.15781811763105,99.38915601873576,104.75080523845233,0.08574562971729888,0.0804657056800932,0.03507628113182948,0.03333333333333333
S12,2026-09-30,10,143.4,2026-09-20,135.4748555302108,135.37630296216165,144.42453607494832,148.43210835312578,0.1487214610110169,0.1344291134756135,0.08749511018385714,0.03333333333333333
S13,2026-09-30,10,123.1,2026-09-20,129.8664269107731,129.72317840794355,143.97704877081537,146.532875116924,0.1631541712935905,0.049134345297964045,0.06350241230929721,0.0
S14,2026-09-30,10,119.1,2026-09-20,98.59835876909887,95.49391503438883,104.62534365181834,118.29540707281461,0.08409374435627978,0.05635464079886116,0.039379319337592866,0.0
S15,2026-09-30,10,115.4,2026-09-20,95.63160578511014,100.42075955034252,116.0091740181041,145.5893403012596,0.15224463021386325,0.04091903848127626,0.0406832703090364,0.03333333333333333
S01,2026-09-28,1,110.8,2026-09-27,94.62073013616478,92.90904919207809,99.96621767161352,128.77064011351135,0.32121857312160346,0.11175331287675448,0.03224987303199589,0.06666666666666667
S02,2026-09-28,1,118.1,2026-09-27,126.48333133067646,132.02425456541374,146.50875386686448,168.36286855465036,0.4672596728284428,0.3212744287648791,0.0689493981535585,0.0
S03,2026-09-28,1,125.9,2026-09-27,116.24031524350251,115.10525925265691,124.90293095065375,137.99411913437473,0.4516783407112077,0.3591754771473639,0.04370690662615406,0.03333333333333333
S04,2026-09-28,1,117.3,2026-09-27,107.19873984087,105.00160019621055,124.032645808574,140.76846704116582,0.34530371207155325,0.14780857835096914,0.04253827275914457,0.03333333333333333
S05,2026-09-28,1,71.5,2026-09-27,90.5839013483768,91.50964522058128,113.86228635378485,153.60087482561076,0.36047015522799014,0.035815204836474344,0.03739628374430293,0.0
S06,2026-09-28,1,68.6,2026-09-27,86.16276868391773,88.94936075583658,115.3576640530745,123.06750123412624,0.4840092509692404,0.045113896664206905,0.03634451326399435,0.03333333333333333
S07,2026-09-28,1,89.7,2026-09-27,80.60578485664982,81.0439318953264,115.5451718146991,108.20356418351837,0.3474082518872572,0.03349872113778189,0.03365665536987261,0.03333333333333333
S08,2026-09-28,1,101.3,2026-09-27,117.06605122910922,116.7879545537849,126.79537548125252,141.29599991097453,0.41669323215748644,0.3214659960644474,0.04405749678625681,0.03333333333333333
S09,2026-09-28,1,106.4,2026-09-27,108.7387842991323,104.02976654794736,113.6686157909636,130.34984481918818,0.3460847527641605,0.18810155833837733,0.04195395582563988,0.0
S10,2026-09-28,1,121.4,2026-09-27,108.41394582983324,109.49591878959707,121.50019009637558,133.07943528890084,0.40025169321175164,0.5309791344821637,0.04288886291924743,0.0
S11,2026-09-28,1,96.3,2026-09-27,76.03420097066052,75.7884726074995,104.32231844445221,101.59122843155703,0.2711207949869882,0.07251591964926143,0.03143625102255465,0.03333333333333333
S12,2026-09-28,1,115.0,2026-09-27,121.28243700450795,123.7280085360901,135.12886892381073,172.07478914528522,0.44232145873141404,0.28429346685486395,0.03783646521076689,0.06666666666666667
S13,2026-09-28,1,123.2,2026-09-27,114.57675720612175,114.63826452139244,129.1454146015828,138.9245740414913,0.42982160154646254,0.3134833675619992,0.04370690662615406,0.03333333333333333
S14,2026-09-28,1,76.3,2026-09-27,86.24290087025514,88.94504067871102,105.77718349154034,120.3845424339367,0.3400746890969737,0.06485981859518362,0.03634451326399435,0.03333333333333333
S15,2026-09-28,1,170.2,2026-09-27,88.65869828091188,86.3931973777067,114.34470807214852,113.09311466421133,0.36800290110968686,0.046156774165859844,0.035175879396984966,0.0
S01,2026-09-29,2,88.0,2026-09-27,94.83078705364191,93.10881952124078,105.39127134450037,131.1875929829648,0.21810047519722742,0.07209175999247142,0.03224987303199589,0.06666666666666667
S02,2026-09-29,2,105.2,2026-09-27,126.6933882481536,132.22402489457644,173.06407890672065,193.6800038378398,0.34079757110211534,0.3368432411651793,0.06953371508706319,0.0
S03,2026-09-29,2,112.9,2026-09-27,116.45037216097964,115.3050295818196,133.3532639064073,155.62982062106795,0.3268460430494001,0.24637686703739353,0.04370690662615406,0.03333333333333333
S04,2026-09-29,2,103.91836734693877,2026-09-27,107.40879675834714,105.20137052537324,121.24673577495784,141.4028885821972,0.23715514649958072,0.08575244017219388,0.04253827275914457,0.03333333333333333
S05,2026-09-29,2,79.0,2026-09-27,90.79395826585393,91.70941554974397,103.7116809641025,141.42743735878446,0.24938085035927754,0.013366247574504263,0.03739628374430293,0.0
S06,2026-09-29,2,77.8,2026-09-27,86.37282560139487,89.14913108499927,103.48520941016196,116.46033254833188,0.35604359565613386,0.016767355884360274,0.03634451326399435,0.03333333333333333
S07,2026-09-29,2,82.0,2026-09-27,80.81584177412695,81.24370222448908,95.25590467158504,101.53810979448494,0.23884100941235867,0.012026818257813312,0.03365665536987261,0.03333333333333333
S08,2026-09-29,2,124.8,2026-09-27,117.27610814658635,116.98772488294757,148.06576695344037,159.77512465230515,0.29630494290423715,0.2368981704510779,0.04405749678625681,0.03333333333333333
S09,2026-09-29,2,98.0,2026-09-27,108.94884121660944,104.22953687711005,120.03873192566354,133.8215105978081,0.23778041076682313,0.09016313339922935,0.04195395582563988,0.0
S10,2026-09-29,2,100.9,2026-09-27,108.62400274731037,109.69568911875976,129.6581625186367,136.72087636935134,0.28231454622555957,0.3767171045188422,0.04288886291924743,0.0
S11,2026-09-29,2,67.4,2026-09-27,76.24425788813765,75.98824293666219,90.31452142603351,97.01927242240065,0.1798245558456475,0.02672647020933709,0.03143625102255465,0.03333333333333333
S12,2026-09-29,2,129.8,2026-09-27,121.49249392198509,123.9277788652528,169.80673048407505,205.6470969300428,0.3185727061641716,0.35981535151157007,0.038090401218892844,0.06666666666666667
S13,2026-09-29,2,121.4,2026-09-27,114.7868141235989,114.83803485055513,152.4225272149793,164.6883843577895,0.30764078928229455,0.24752719294327052,0.04370690662615406,0.03333333333333333
S14,2026-09-29,2,108.3,2026-09-27,86.45295778773229,89.14481100787371,102.73939923258413,115.08631729768483,0.2329810434334666,0.02442360791877748,0.03634451326399435,0.03333333333333333
S15,2026-09-29,2,74.0,2026-09-27,88.86875519838901,86.59296770686939,99.48917682500678,106.80289698033474,0.2555196752387459,0.015595510930044949,0.035175879396984966,0.0
S01,2026-09-30,3,90.2,2026-09-27,103.43663645289962,101.76447992829891,111.6331318973381,138.4659353752756,0.1517253043770811,0.07537572826482566,0.03504316912138139,0.06666666666666667
S02,2026-09-30,3,148.8,2026-09-27,135.2992376474113,140.87968530163457,166.0460532518814,194.54444477623608,0.24897163638498152,0.29152992728544264,0.1221222391024892,0.0
S03,2026-09-30,3,206.5,2026-09-27,125.05622156023735,123.96068998887773,139.37241765726802,161.34164101293462,0.2374253285267291,0.37976503932210837,0.050718709828210806,0.03333333333333333
S04,2026-09-30,3,122.0,2026-09-27,116.01464615760484,113.85703093243137,127.76275800663925,143.6306832061669,0.1662137362332106,0.10779217521502403,0.04370690662615406,0.03333333333333333
S05,2026-09-30,3,93.0,2026-09-27,99.39980766511164,100.3650759568021,113.6547071267371,181.8511745916803,0.17562425993500788,0.042701771676334314,0.04148650227883599,0.0
S06,2026-09-30,3,92.1,2026-09-27,94.97867500065257,97.8047914920574,114.03444895495038,133.9358370019024,0.2617407984688904,0.0228795624952588,0.03996727825172375,0.03333333333333333
S07,2026-09-30,3,94.1,2026-09-27,89.42169117338466,89.89936263154722,104.17983417489856,119.03329861007873,0.16750603320962684,0.018640031344506255,0.03692883019749915,0.03333333333333333
S08,2026-09-30,3,134.5,2026-09-27,125.88195754584406,125.64338529000571,139.9319251694661,160.20195916079035,0.21260092082568927,0.2428147748885545,0.05317284094893071,0.03333333333333333
S09,2026-09-30,3,128.6,2026-09-27,117.55469061586714,112.88519728416819,125.96085498825997,136.79816194334154,0.16669283271268687,0.19301851591639999,0.04323945307935029,0.0
S10,2026-09-30,3,106.1,2026-09-27,117.22985214656808,118.3513495258179,135.72928345715883,143.66170355495558,0.20143140477855603,0.43384250921518464,0.04510926726656539,0.0
S11,2026-09-30,3,92.5,2026-09-27,84.85010728739536,84.64390334372032,97.87228282703288,103.1897015268751,0.12326167571540583,0.033256321756148066,0.03447469907677925,0.03333333333333333
S12,2026-09-30,3,143.4,2026-09-27,130.0983433212428,132.58343927231093,147.01387059395282,186.39373860436766,0.23063994130897375,0.181128482485813,0.06043676993397662,0.06666666666666667
S13,2026-09-30,3,123.1,2026-09-27,123.39266352285661,123.49369525761327,139.55109548173596,164.19588187761434,0.22174355720063874,0.22876208803540304,0.04861516886759376,0.03333333333333333
S14,2026-09-30,3,119.1,2026-09-27,95.05880718699,97.80047141493185,112.34345826569367,135.15565632770688,0.16302142098604758,0.03323241797510251,0.03996727825172375,0.03333333333333333
S15,2026-09-30,3,115.4,2026-09-27,97.47460459764673,95.24862811392752,108.24525193692452,127.76958865765133,0.18038378880337402,0.04121189813467538,0.038798644384714254,0.0
S01,2026-10-01,4,115.7,2026-09-27,107.24910658930494,105.58564577497619,121.53605308937233,132.27485742718477,0.3073400152811769,0.12662960456008557,0.035297105129507345,0.06666666666666667
S02,2026-10-01,4,138.0,2026-09-27,139.11170778381663,144.70085114831187,167.1511663847212,176.0190371435875,0.45126616859881885,0.21748162238816088,0.17295781231740093,0.0
S03,2026-10-01,4,138.7,2026-09-27,128.86869169664268,127.78185583555502,141.86118599375243,154.48181182980963,0.4357819008646615,0.3224804923810053,0.056561879163258166,0.03333333333333333
S04,2026-10-01,4,128.3,2026-09-27,119.82711629401017,117.67819677910865,130.1432000844498,139.5964849333041,0.3308918139827561,0.10714011858249943,0.04475867710646253,0.03333333333333333
S05,2026-10-01,4,101.3,2026-09-27,103.21227780151696,104.18624180347939,112.01548696450834,147.83469694945288,0.34575955843183154,0.02606926743835142,0.04195395582563988,0.0
S06,2026-10-01,4,92.9,2026-09-27,98.7911451370579,101.6259573387347,111.41919299481802,122.44164746252373,0.46794601821251486,0.035079402138922564,0.04183709243893885,0.03333333333333333
S07,2026-10-01,4,76.0,2026-09-27,93.23416130978998,93.72052847822451,104.34444142861365,106.21850755944467,0.3329531873373025,0.02524398086535233,0.03833119083791048,0.03333333333333333
S08,2026-10-01,4,129.4,2026-09-27,129.69442768224937,129.464551136683,141.90019135438,150.8807348723906,0.40112732128438,0.28689877612126036,0.061820731564800724,0.03333333333333333
S09,2026-10-01,4,131.0326530612245,2026-09-27,121.36716075227247,116.70636313084547,130.8869676676753,132.04407192492835,0.33165677010845646,0.1381439176779921,0.04405749678625681,0.0
S10,2026-10-01,4,121.7,2026-09-27,121.0423222829734,122.17251537249518,140.4067836750566,139.13472153845555,0.3848946983039169,0.45318670280108514,0.047212808227182435,0.0
S11,2026-10-01,4,94.2,2026-09-27,88.66257742380068,88.46506919039761,99.47238714419571,101.69923530648087,0.2585821836866117,0.05519565592341036,0.03611078649059252,0.03333333333333333
S12,2026-10-01,4,134.2,2026-09-27,133.91081345764812,136.40460511898823,150.6176993463929,182.66819883771453,0.42649818286860874,0.3522341924963849,0.07541899441340782,0.06666666666666667
S13,2026-10-01,4,116.5,2026-09-27,127.20513365926193,127.31486110429056,143.49027221619187,151.5109675866491,0.4141134397486116,0.3050439869975416,0.05632815238985622,0.03333333333333333
S14,2026-10-01,4,104.8,2026-09-27,98.87127732339532,101.62163726160912,110.8539150314641,123.5820143483322,0.32577243781080556,0.05066636173574766,0.04183709243893885,0.03333333333333333
S15,2026-10-01,4,102.3,2026-09-27,101.28707473405206,99.06979396060481,110.30629068423761,114.94537993458405,0.35315465030082127,0.034422044506038946,0.04055159518522844,0.0
S01,2026-10-02,5,124.0,2026-09-27,112.55734960614407,110.90195881828934,123.20539349732582,167.5328412145845,0.43756951661206356,0.42124703192816354,0.035297105129507345,0.06666666666666667
S02,2026-10-02,5,156.3,2026-09-27,144.41995080065576,150.01716419162503,185.6692788956356,214.42762319989924,0.5904912258183002,0.5709161896906739,0.2618908495968213,0.0
S03,2026-10-02,5,102.7,2026-09-27,134.1769347134818,133.09816887886817,163.07868394237912,182.28495373270184,0.5752376980383367,0.7261712029995685,0.07455884071520391,0.03333333333333333
S04,2026-10-02,5,136.9,2026-09-27,125.1353593108493,122.9945098224218,144.3543506931072,181.24050268298151,0.46440987139610634,0.4462887220400405,0.04791398854738815,0.03333333333333333
S05,2026-10-02,5,107.2,2026-09-27,108.52052081835609,109.50255484679253,121.90526158677035,168.67344956084247,0.4809645273939256,0.10713379057137393,0.04288886291924743,0.0
S06,2026-10-02,5,96.8,2026-09-27,104.09938815389702,106.94227038204784,114.42266584707352,122.03493035462459,0.6066281366431721,0.06603610425853938,0.04253827275914457,0.03333333333333333
S07,2026-10-02,5,90.5,2026-09-27,98.54240432662911,99.03684152153765,105.1877750506853,109.82191660760125,0.4667228347486406,0.046938709631869815,0.04055159518522844,0.03333333333333333
S08,2026-10-02,5,139.0,2026-09-27,135.0026706990885,134.78086417999614,158.1381072636184,183.82897740023589,0.5401092503537959,0.6789480643079436,0.08192123407736351,0.03333333333333333
S09,2026-10-02,5,118.1,2026-09-27,126.6754037691116,122.02267617415862,144.72339650838447,164.70916982411586,0.46526886092156505,0.5496781586975085,0.047212808227182435,0.0
S10,2026-10-02,5,115.7,2026-09-27,126.35056529981253,127.48882841580833,145.06209112398912,164.8711903006154,0.5231656322913681,0.6600399444389518,0.05632815238985622,0.0
S11,2026-10-02,5,115.9,2026-09-27,93.97082044063981,93.78138223371076,98.4227531418798,103.39136845053353,0.37947006210119044,0.0927805595673425,0.03833119083791048,0.03333333333333333
S12,2026-10-02,5,140.1,2026-09-27,139.21905647448725,141.72091816230136,160.69864396266786,201.65043248170147,0.5659631687633857,0.5387540280562556,0.11706449974606403,0.06666666666666667
S13,2026-10-02,5,143.4,2026-09-27,132.51337667610105,132.6311741476037,151.90311149404846,176.56009509330266,0.5534367350078123,0.5498406506703584,0.07198784620778309,0.03333333333333333
S14,2026-10-02,5,95.0,2026-09-27,104.17952034023443,106.93795030492228,113.7957161594256,120.33044046703085,0.45864072524380733,0.0854065242856459,0.04253827275914457,0.03333333333333333
S15,2026-10-02,5,109.1,2026-09-27,106.59531775089118,104.38610700391796,109.2372170758396,115.97248139985786,0.48908959002005203,0.06582764542007068,0.04195395582563988,0.0
S01,2026-10-03,6,92.5,2026-09-27,108.4339908539219,106.76025919280023,111.66805266312308,129.2559811974159,0.27434571653614315,0.07864758972241528,0.035297105129507345,0.06666666666666667
S02,2026-10-03,6,137.8,2026-09-27,140.29659204843358,145.87546456613592,167.54244393635076,174.21622602173238,0.41201146869306066,0.24245037268161768,0.1874488722683183,0.0
S03,2026-10-03,6,142.0,2026-09-27,130.05357596125964,128.95646925337905,139.86846126976926,146.28892659443002,0.3968998986156896,0.2667931477686877,0.060535234311090313,0.03333333333333333
S04,2026-10-03,6,99.1,2026-09-27,121.01200055862714,118.8528101969327,128.25036383315867,137.42012905693846,0.29645125042248616,0.11151971278238411,0.04534299403996733,0.03333333333333333
S05,2026-10-03,6,72.8,2026-09-27,104.39716206613392,105.36085522130342,112.29108775728707,153.47752089442608,0.3104895915413681,0.02522415501822501,0.04253827275914457,0.0
S06,2026-10-03,6,101.6,2026-09-27,99.97602940167486,102.80057075655873,111.6598535423092,122.14205355386785,0.4283730640452446,0.031896166460690725,0.04195395582563988,0.03333333333333333
S07,2026-10-03,6,102.6,2026-09-27,94.41904557440695,94.89514189604854,105.1933927148844,106.76672042432544,0.29839375055382655,0.02297830841685175,0.038798644384714254,0.03333333333333333
S08,2026-10-03,6,152.51818181818183,2026-09-27,130.87931194686635,130.63916455450703,140.2642693476724,148.18654185821856,0.36334612910106906,0.22965657150936478,0.06415799929881971,0.03333333333333333
S09,2026-10-03,6,118.3,2026-09-27,122.55204501688944,117.88097654866952,126.3173177284018,129.17217158568263,0.2971719484341681,0.1435870506788218,0.04475867710646253,0.0
S10,2026-10-03,6,143.1,2026-09-27,122.22720654759037,123.34712879031922,135.78642904933798,139.69647271660742,0.34775460583851214,0.4539034651894099,0.04861516886759376,0.0
S11,2026-10-03,6,87.8,2026-09-27,89.84746168841765,89.63968260822165,99.34774890254347,102.24788305224116,0.22909103240500495,0.04862149484468427,0.03669510342409721,0.03333333333333333
S12,2026-10-03,6,136.2,2026-09-27,135.09569772226507,137.57921853681228,146.71974777543983,177.8425132317545,0.38787506905893515,0.199569853499882,0.08303707465718635,0.06666666666666667
S13,2026-10-03,6,136.9,2026-09-27,128.3900179238789,128.4894745221146,139.3771248927639,150.24221628879914,0.37587680344006524,0.2218992846207024,0.05901601028397807,0.03333333333333333
S14,2026-10-03,6,88.0,2026-09-27,100.05616158801227,102.79625067943317,111.09704150881825,120.76803830322079,0.2916324776823896,0.04613633572361095,0.04195395582563988,0.03333333333333333
S15,2026-10-03,6,82.5,2026-09-27,102.47195899866901,100.24440737842885,109.20574551849272,113.22435034427065,0.31749641062558803,0.03088012473261532,0.04148650227883599,0.0
S01,2026-10-04,7,93.2,2026-09-27,103.16000645381918,101.46144187236386,110.80888165439869,129.22960245422513,0.3623033529070212,0.11664765504674782,0.03504316912138139,0.06666666666666667
S02,2026-10-04,7,131.9,2026-09-27,135.02260764833088,140.57664724569955,169.5326519695112,171.40724507804737,0.5129090198223658,0.3098901252786719,0.12001869814187216,0.0
S03,2026-10-04,7,110.6,2026-09-27,124.7795915611569,123.6576519329427,136.3875964725971,143.10908714661338,0.4972262110154956,0.31516963575385265,0.049783802734603255,0.03333333333333333
S04,2026-10-04,7,98.6,2026-09-27,115.7380161585244,113.55399287649632,129.17147897069646,138.5711894981338,0.3877094828822052,0.13418068556148136,0.04370690662615406,0.03333333333333333
S05,2026-10-04,7,126.8,2026-09-27,99.1231776660312,100.06203790086707,113.99475721682599,160.86521574816578,0.4035902984101099,0.06359027903742495,0.04148650227883599,0.0
S06,2026-10-04,7,84.0,2026-09-27,94.70204500157213,97.50175343612237,111.53533343808743,121.14754605501473,0.5296680348144144,0.04915575658808713,0.03996727825172375,0.03333333333333333
S07,2026-10-04,7,71.6,2026-09-27,89.14506117430422,89.59632457561219,104.14683555025647,107.94070279570681,0.3899185482459171,0.06228081047866432,0.03669510342409721,0.03333333333333333
S08,2026-10-04,7,137.8,2026-09-27,125.60532754676362,125.34034723407068,136.05404069464961,147.51454541429405,0.46168366645647574,0.30475850729788995,0.052354797242024076,0.03333333333333333
S09,2026-10-04,7,125.22244897959185,2026-09-27,117.2780606167867,112.58215922823315,124.09775394633107,130.2551303493697,0.3885295187908343,0.1715063239770129,0.04323945307935029,0.0
S10,2026-10-04,7,98.5,2026-09-27,116.95322214748764,118.04831146988286,137.42284973120553,136.93062141388017,0.4448206684724168,0.516993446694394,0.04475867710646253,0.0
S11,2026-10-04,7,89.9,2026-09-27,84.57347728831492,84.34086528778529,99.82512472240721,108.71848270321269,0.3087121462201752,0.13323585227413234,0.034240972303377304,0.03333333333333333
S12,2026-10-04,7,123.3,2026-09-27,129.82171332216234,132.2804012163759,142.32329235017366,177.8802536499835,0.4877651223480638,0.266502543861908,0.06043676993397662,0.06666666666666667
S13,2026-10-04,7,130.6,2026-09-27,123.11603352377617,123.19065720167823,131.13890240236947,148.61183439408612,0.4750750457355719,0.30274721452333603,0.048147715320789986,0.03333333333333333
S14,2026-10-04,7,91.0,2026-09-27,94.78217718790955,97.4974333589968,110.90838375043951,119.77353080436768,0.382213193763311,0.0705400749389217,0.03996727825172375,0.03333333333333333
S15,2026-10-04,7,86.1,2026-09-27,97.19797459856628,94.94559005799248,109.68214612631337,112.66243165117018,0.41144441103513457,0.08115001471434784,0.038798644384714254,0.0
S01,2026-10-05,8,109.3,2026-09-27,97.90669745645009,96.22967948091907,101.05271480049042,129.32443630681922,0.30805424317547425,0.1195915127123585,0.03326561706449971,0.06666666666666667
S02,2026-10-05,8,122.1,2026-09-27,129.7692986509618,135.34488485425476,147.45104737545296,168.91666474795824,0.45209655925188147,0.32979558736187303,0.08741381325230801,0.0
S03,2026-10-05,8,103.1,2026-09-27,119.52628256378782,118.42588954149791,125.26922148029595,137.47886961262947,0.4366064692762081,0.3681566142557774,0.04510926726656539,0.03333333333333333
S04,2026-10-05,8,99.8,2026-09-27,110.48470716115531,108.32223048505153,124.85277690281546,141.22063533486383,0.33163456909745553,0.1527644382665942,0.04288886291924743,0.03333333333333333
S05,2026-10-05,8,76.5,2026-09-27,93.86986866866211,94.83027550942226,115.37018329085936,154.77116806655602,0.3465184036553018,0.035815204836474344,0.038798644384714254,0.0
S06,2026-10-05,8,69.4,2026-09-27,89.44873600420304,92.26999104467758,116.62178448829117,123.46224669812212,0.4687808809970738,0.045113896664206905,0.03763001051770476,0.03333333333333333
S07,2026-10-05,8,88.5,2026-09-27,83.89175217693513,84.36456218416738,117.01631801430227,108.49668174790435,0.33369826195987545,0.03349872113778189,0.034240972303377304,0.03333333333333333
S08,2026-10-05,8,97.5,2026-09-27,120.35201854939453,120.10858484262589,127.59509058850554,141.54694010226908,0.4019330293483502,0.32998976529667,0.046161037746873856,0.03333333333333333
S09,2026-10-05,8,109.3,2026-09-27,112.02475161941761,107.35039683678836,114.56727405924617,130.90364101249605,0.33240038930122867,0.19410068985709583,0.0427719995325464,0.0
S10,2026-10-05,8,137.0,2026-09-27,111.69991315011855,112.81654907843806,124.09714533617884,133.8273193361487,0.3856887997943238,0.5406319378198162,0.04323945307935029,0.0
S11,2026-10-05,8,82.3,2026-09-27,79.32016829094583,79.10910289634049,104.85569974223245,101.88434599594302,0.25922550844621356,0.07251591964926143,0.03272174827626506,0.03333333333333333
S12,2026-10-05,8,126.4,2026-09-27,124.56840432479326,127.0486388249311,136.0474797307578,172.4688074820305,0.427318489072136,0.28429346685486395,0.04240731335703407,0.06666666666666667
S13,2026-10-05,8,135.5,2026-09-27,117.86272452640708,117.95889481023345,130.462142177987,139.27714213239577,0.41492715960225834,0.3218958871317638,0.04475867710646253,0.03333333333333333
S14,2026-10-05,8,113.4,2026-09-27,89.52886819054046,92.26567096755201,107.19100827263054,121.07500365148243,0.3265093090122349,0.06485981859518362,0.03763001051770476,0.03333333333333333
S15,2026-10-05,8,96.5,2026-09-27,91.94466560119719,89.71382766654769,116.11753276246232,113.38623222859731,0.3539209457378758,0.046156774165859844,0.03669510342409721,0.0
S01,2026-10-06,9,97.9,2026-09-27,98.11675437392722,96.42944981008176,107.07640475539452,131.8644693996609,0.2078680112457891,0.07739053207973207,0.03377348908075162,0.06666666666666667
S02,2026-10-06,9,137.1,2026-09-27,129.9793555684389,135.54465518341743,172.85567338699605,195.5782822312384,0.3272176534051051,0.34556709084127185,0.08881617389271945,0.0
S03,2026-10-06,9,116.9,2026-09-27,119.73633948126495,118.6256598706606,134.0901303313819,155.22878625938415,0.3135576220647667,0.2536539175824228,0.045226130653266305,0.03333333333333333
S04,2026-10-06,9,111.9,2026-09-27,110.69476407863245,108.52200081421422,122.42029975059259,141.9781370992834,0.22628743087996275,0.08884454474083218,0.04288886291924743,0.03333333333333333
S05,2026-10-06,9,97.6,2026-09-27,94.07992558613924,95.03004583858495,105.87446386677229,142.66352197237683,0.23812777302611693,0.013366247574504263,0.038798644384714254,0.0
S06,2026-10-06,9,100.8,2026-09-27,89.65879292168017,92.46976137384026,105.21878754893004,116.92086938497488,0.3421715049527231,0.016767355884360274,0.03763001051770476,0.03333333333333333
S07,2026-10-06,9,84.6,2026-09-27,84.10180909441226,84.56433251333007,96.24378096853384,101.89701873151805,0.2279191204993932,0.012026818257813312,0.034240972303377304,0.03333333333333333
S08,2026-10-06,9,116.8,2026-09-27,120.56207546687166,120.30835517178858,149.27232265467552,160.22426806670694,0.2837348414701867,0.24398589466564002,0.0463947645202758,0.03333333333333333
S09,2026-10-06,9,135.9,2026-09-27,112.23480853689475,107.55016716595105,121.29082307533943,135.55993463304608,0.22689256443076009,0.09339803338850934,0.0427719995325464,0.0
S10,2026-10-06,9,122.1,2026-09-27,111.90997006759568,113.01631940760075,131.78520177970765,137.6631591704866,0.27011014026086394,0.3858727488656303,0.04323945307935029,0.0
S11,2026-10-06,9,64.8,2026-09-27,79.53022520842296,79.30887322550318,91.0213203731154,97.2885715162491,0.1709951366919639,0.02672647020933709,0.03272174827626506,0.03333333333333333
S12,2026-10-06,9,112.0,2026-09-27,124.7784612422704,127.24840915409379,169.72558247241324,206.19786824405452,0.30546801239000587,0.35981535151157007,0.043169121381411935,0.06666666666666667
S13,2026-10-06,9,117.5,2026-09-27,118.0727814438842,118.15866513939613,152.78035145110556,165.2391556718012,0.29479124661141987,0.25482673120981736,0.04475867710646253,0.03333333333333333
S14,2026-10-06,9,95.7,2026-09-27,89.73892510801758,92.4654412967147,104.62268171722575,115.75296004469303,0.2222488796692439,0.02442360791877748,0.03763001051770476,0.03333333333333333
S15,2026-10-06,9,103.7,2026-09-27,92.15472251867432,89.91359799571038,101.28270147664242,107.16180591736784,0.24407966441683285,0.015595510930044949,0.03692883019749915,0.0
S01,2026-10-07,10,140.4,2026-09-27,106.72260377318493,105.0851102171399,113.1307880087318,139.14281179197172,0.14403327455226642,0.0780557019537929,0.035297105129507345,0.06666666666666667
S02,2026-10-07,10,137.9,2026-09-27,138.58520496769663,144.20031559047558,166.71546465998202,196.4427231696347,0.2377311762095909,0.29152992728544264,0.1660628725020451,0.0
S03,2026-10-07,10,135.2,2026-09-27,128.34218888052266,127.28132027771873,140.30362538205313,161.25796163168093,0.22654890867507055,0.37976503932210837,0.05632815238985622,0.03333333333333333
S04,2026-10-07,10,77.1,2026-09-27,119.30061347789015,117.17766122127236,128.81808124040137,144.20593172325312,0.15792393158143833,0.10779217521502403,0.0445249503330607,0.03333333333333333
S05,2026-10-07,10,100.0,2026-09-27,102.68577498539695,103.68570624564309,114.1167173591315,183.08725920527266,0.16695909378109391,0.042701771676334314,0.04195395582563988,0.0
S06,2026-10-07,10,84.2,2026-09-27,98.26464232093788,101.12542178089839,113.14920376885746,134.3963738385454,0.250115833132049,0.0228795624952588,0.04183709243893885,0.03333333333333333
S07,2026-10-07,10,83.0,2026-09-27,92.70765849366997,93.21999292038821,105.04946972997473,119.39220754711185,0.15916407960464798,0.018640031344506255,0.03763001051770476,0.03333333333333333
S08,2026-10-07,10,130.6,2026-09-27,129.16792486612937,128.96401557884673,141.02024012882862,160.60965232935132,0.20255963297361468,0.2428147748885545,0.060535234311090313,0.03333333333333333
S09,2026-10-07,10,125.2,2026-09-27,120.84065793615245,116.20582757300919,127.01901279126064,138.53658597857955,0.15838367238459933,0.19301851591639999,0.04405749678625681,0.0
S10,2026-10-07,10,131.1,2026-09-27,120.51581946685339,121.67197981465888,137.73808197635717,144.60398635609084,0.1917891653942583,0.43384250921518464,0.04709594484048152,0.0
S11,2026-10-07,10,88.2,2026-09-27,88.13607460768067,87.96453363256131,98.46084103224213,103.45900062072354,0.11681395338639879,0.033256321756148066,0.035877059717190574,0.03333333333333333
S12,2026-10-07,10,134.3,2026-09-27,133.3843106415281,135.90406956115194,147.9256458188979,186.94450991837937,0.2199846897915685,0.181128482485813,0.07364144235652614,0.06666666666666667
S13,2026-10-07,10,129.7,2026-09-27,126.67863084314192,126.81432554645427,140.82434197741782,164.70520294578517,0.21138638153081987,0.22876208803540304,0.055276381909547756,0.03333333333333333
S14,2026-10-07,10,113.7,2026-09-27,98.3447745072753,101.12110170377284,112.52596808005988,135.8222990747151,0.15486125967820827,0.03323241797510251,0.04183709243893885,0.03333333333333333
S15,2026-10-07,10,87.2,2026-09-27,100.76057191793203,98.56925840276851,109.92053584668751,128.12849759468446,0.17153265390491013,0.04121189813467538,0.04055159518522844,0.0
S01,2026-10-05,1,109.3,2026-10-04,100.0174597124035,94.55113305072625,109.40036730310473,123.8682779352742,0.3232581155243961,0.16386472291515425,0.031058938615798448,0.06666666666666667
S02,2026-10-05,1,122.1,2026-10-04,128.94067639063002,133.9140099130309,142.81248414677702,157.5201094061518,0.6640454154163072,0.12274590758184335,0.0774111675126904,0.0
S03,2026-10-05,1,103.1,2026-10-04,115.42070500148338,116.79349638381629,132.04581970558658,143.55925476687585,0.4914276551608975,0.12930378776622567,0.03423820004891176,0.06666666666666667
S04,2026-10-05,1,99.8,2026-10-04,112.53712011043784,114.067339493196,136.52062880064224,141.34182295053677,0.4211578946197662,0.11698680886341035,0.04166666666666663,0.0
S05,2026-10-05,1,76.5,2026-10-04,91.5664019052332,94.34663450899993,128.33614000178147,131.04426784233922,0.4060114203652578,0.2702705820228435,0.03680203045685282,0.0
S06,2026-10-05,1,69.4,2026-10-04,89.33227706986236,91.70554911709954,133.9267926372313,126.97283400806327,0.47666387597842985,0.15893266166076897,0.03595600676818955,0.03333333333333333
S07,2026-10-05,1,88.5,2026-10-04,85.51990017013844,87.33333018737599,136.77781186090402,119.19685830105976,0.36140910096240314,0.12019152352784933,0.03415820642978007,0.03333333333333333
S08,2026-10-05,1,97.5,2026-10-04,124.32388242668752,126.4968997238932,136.5200776189056,149.98016468577364,0.5858952055959686,0.17573406814120054,0.051924703891709,0.03333333333333333
S09,2026-10-05,1,109.3,2026-10-04,114.8281213175839,115.59305837648792,129.15936673863334,146.2509953067241,0.5709833818345608,0.1762438248608197,0.04166666666666663,0.0
S10,2026-10-05,1,137.0,2026-10-04,112.57681093148668,114.19991977328426,125.28526147727592,138.93535166462627,0.4127165224256789,0.17551428826368526,0.04166666666666663,0.0
S11,2026-10-05,1,82.3,2026-10-04,87.15072619753693,88.87434913534207,131.4928700526179,120.1656332444364,0.5049408119246321,0.14678337736504382,0.034898477157360386,0.03333333333333333
S12,2026-10-05,1,126.4,2026-10-04,128.70844479462738,130.02166675374238,138.7872015417282,162.2887125638762,0.5004435801687317,0.3021971596834257,0.04842259721203224,0.06666666666666667
S13,2026-10-05,1,135.5,2026-10-04,124.65455759805738,120.73840900691081,129.40538640085848,152.3623947711838,0.49245574512621904,0.32437537812152345,0.04494500846023686,0.03333333333333333
S14,2026-10-05,1,113.4,2026-10-04,95.01060372263171,93.1433318541955,119.19982644940833,126.49298886079748,0.43775765355282503,0.23937633866802083,0.03616751269035534,0.03333333333333333
S15,2026-10-05,1,96.5,2026-10-04,92.42148174149729,94.38875379559892,118.76485052756642,126.11942625204449,0.46045907225294513,0.16812086125557618,0.03680203045685282,0.03333333333333333
S01,2026-10-06,2,97.9,2026-10-04,99.45584277975986,93.97189999369647,111.31589782209352,115.01379890878525,0.18112110335706258,0.06213659583763093,0.031058938615798448,0.06666666666666667
S02,2026-10-06,2,137.1,2026-10-04,128.3790594579864,133.33477685600113,155.15584518812065,171.26421755079966,0.47787522036207664,0.180887975460099,0.07540186125211501,0.0
S03,2026-10-06,2,116.9,2026-10-04,114.85908806883975,116.21426332678652,137.31213105221397,143.9019874729566,0.3091226377670812,0.14412633163514038,0.03423820004891176,0.06666666666666667
S04,2026-10-06,2,111.9,2026-10-04,111.97550317779421,113.48810643616623,129.73789488730014,132.5417064187088,0.25200385603669356,0.06458389859758495,0.04166666666666663,0.0
S05,2026-10-06,2,97.6,2026-10-04,91.00478497258956,93.76740145197014,106.86829897617699,118.79768304120579,0.24041414616773146,0.07004704014947803,0.03680203045685282,0.0
S06,2026-10-06,2,100.8,2026-10-04,88.77066013721871,91.12631606006977,104.68916871290286,114.926020418004,0.29664118961351493,0.03866904531014602,0.03595600676818955,0.03333333333333333
S07,2026-10-06,2,84.6,2026-10-04,84.95828323749481,86.75409713034622,98.03773030272029,105.58194455772583,0.20764412124444429,0.030003552206543792,0.03373519458544838,0.03333333333333333
S08,2026-10-06,2,116.8,2026-10-04,123.76226549404387,125.91766666686343,155.11307041645335,160.57746685739988,0.3958207112019259,0.20582693094432125,0.05160744500846026,0.03333333333333333
S09,2026-10-06,2,135.9,2026-10-04,114.26650438494026,115.01382531945814,130.4498682944974,140.05754602203976,0.38129221040295874,0.10883346453588114,0.04166666666666663,0.0
S10,2026-10-06,2,122.1,2026-10-04,112.01519399884303,113.6206867162545,127.93024643471736,133.6003358318228,0.24551484962248069,0.12668172308218265,0.04166666666666663,0.0
S11,2026-10-06,2,64.8,2026-10-04,86.5891092648933,88.2951160783123,99.8427092955486,107.67035382942323,0.3207847795464984,0.03888605911577731,0.03415820642978007,0.03333333333333333
S12,2026-10-06,2,112.0,2026-10-04,128.14682786198375,129.4424336967126,185.47400842440575,199.3384211648461,0.3168778790275202,0.46768792458685005,0.04793348006847642,0.06666666666666667
S13,2026-10-06,2,117.5,2026-10-04,124.09294066541374,120.15917594988103,144.33766730611418,160.3810685582166,0.31000181487285916,0.35338109630629455,0.04399323181049064,0.03333333333333333
S14,2026-10-06,2,95.7,2026-10-04,94.44898678998807,92.56409879716573,110.1955735208042,114.60148215871016,0.26498863389118965,0.06427087543132014,0.03616751269035534,0.03333333333333333
S15,2026-10-06,2,103.7,2026-10-04,91.85986480885366,93.80952073856915,112.82150794912515,117.2260503438685,0.28324411858031906,0.052221801131061625,0.03680203045685282,0.03333333333333333
S01,2026-10-07,3,140.4,2026-10-04,109.16601452096235,103.73026869216791,121.42256025965229,129.60044474330087,0.17595071586061906,0.17544090305006493,0.03374908290535583,0.06666666666666667
S02,2026-10-07,3,137.9,2026-10-04,138.08923119918887,143.09314555447256,157.40733692677094,174.6745856406531,0.469086222516746,0.16771436886422733,0.15101522842639592,0.0
S03,2026-10-07,3,135.2,2026-10-04,124.56925981004224,125.97263202525795,145.07365049234704,181.19198802891208,0.3016442431300732,0.2554961944435151,0.039618488628026416,0.06666666666666667
S04,2026-10-07,3,77.1,2026-10-04,121.6856749189967,123.24647513463766,140.11643154248148,143.16306625867247,0.2454164356608296,0.1501379265215116,0.0466370558375635,0.0
S05,2026-10-07,3,100.0,2026-10-04,100.71495671379205,103.52577015044159,118.25584908118265,138.8832801299206,0.23403489274014522,0.21456632647022572,0.040080372250423046,0.0
S06,2026-10-07,3,84.2,2026-10-04,98.48083187842121,100.8846847585412,116.86549874925953,137.63294793106695,0.28933829185345483,0.12139061956584404,0.03965736040609136,0.03333333333333333
S07,2026-10-07,3,83.0,2026-10-04,94.6684549786973,96.51246582881765,110.60485024843749,119.43919011239353,0.2019032736110448,0.09064552517035356,0.03828257191201356,0.03333333333333333
S08,2026-10-07,3,130.6,2026-10-04,133.47243723524636,135.67603536533485,151.82057726441434,170.36002869191987,0.3874210565557183,0.3177251699534115,0.08714043993231813,0.03333333333333333
S09,2026-10-07,3,125.2,2026-10-04,123.97667612614275,124.77219401792958,140.5840535284253,170.57634785094533,0.37301051909255467,0.2436066016671405,0.04959813874788499,0.0
S10,2026-10-07,3,131.1,2026-10-04,121.72536574004553,123.37905541472593,136.7690687080444,154.48628420604194,0.23904284496811506,0.2875419243501718,0.0466370558375635,0.0
S11,2026-10-07,3,88.2,2026-10-04,96.29928100609578,98.05348477678375,109.40636081999224,119.76822610697269,0.31315213286937993,0.1066837242831393,0.03881133671742809,0.03333333333333333
S12,2026-10-07,3,134.3,2026-10-04,137.85699960318624,139.20080239518407,155.1526290907651,178.29429964324063,0.30929586065792336,0.45644546315642864,0.09366593299095138,0.06666666666666667
S13,2026-10-07,3,129.7,2026-10-04,133.80311240661624,129.91754464835248,147.55253592776643,178.9271504512634,0.3025114640112539,0.5103972518474763,0.061125211505922206,0.03333333333333333
S14,2026-10-07,3,113.7,2026-10-04,104.15915853119056,102.32246749563717,122.0036692601257,137.15310278380116,0.25817894528697694,0.1927636047056664,0.040080372250423046,0.03333333333333333
S15,2026-10-07,3,87.2,2026-10-04,101.57003655005614,103.56788943704059,122.22142392292939,132.2424973701785,0.27614155058674217,0.13295798680504822,0.040080372250423046,0.03333333333333333
S01,2026-10-08,4,115.6,2026-10-04,112.24063045868584,106.81160526460894,127.09642024609175,130.54009075457424,0.2587313169287683,0.19287983477774065,0.033993641477133796,0.06666666666666667
S02,2026-10-08,4,149.4,2026-10-04,141.16384713691235,146.17448212691357,157.13074494280514,161.45130095961738,0.5908886817524903,0.08911506668059706,0.19363367174280877,0.0
S03,2026-10-08,4,130.4,2026-10-04,127.64387574776573,129.05396859769897,145.52779612695704,155.53674176892835,0.4138609635477782,0.21291460139039384,0.04719980435314253,0.06666666666666667
S04,2026-10-08,4,115.2,2026-10-04,124.76029085672019,126.3278117070787,140.56011132952892,141.11304451549947,0.34711244670487323,0.06637008338149748,0.05181895093062605,0.0
S05,2026-10-08,4,95.7,2026-10-04,103.78957265151554,106.6071067228826,117.91853377607458,130.51975943903372,0.3330965245267596,0.1164044727318663,0.040609137055837574,0.0
S06,2026-10-08,4,101.0,2026-10-04,101.55544781614469,103.96602133098223,115.47646215594906,126.28209888344125,0.3995965178032381,0.07707174097571738,0.040080372250423046,0.03333333333333333
S07,2026-10-08,4,88.9,2026-10-04,97.74307091642079,99.59380240125869,109.3788108668164,116.8488386834176,0.29255904240594993,0.05199239805172666,0.03955160744500841,0.03333333333333333
S08,2026-10-08,4,139.9,2026-10-04,136.54705317296987,138.75737193777587,151.44398697622162,157.93656745174775,0.5083211492395086,0.14934995614388302,0.1024746192893401,0.03333333333333333
S09,2026-10-08,4,116.0,2026-10-04,127.05129206386624,127.8535305903706,143.43371320800134,148.7891710097453,0.4930330123597952,0.10928852324311356,0.05478003384094754,0.0
S10,2026-10-08,4,132.4,2026-10-04,124.79998167776901,126.46039198716696,136.79639265302967,146.6893933383751,0.33928528170589634,0.13379438288213832,0.051924703891709,0.0
S11,2026-10-08,4,89.6,2026-10-04,99.37389694381928,101.13482134922477,109.0176960621467,118.0848837760268,0.42703214755595326,0.06590903512769265,0.039974619289340096,0.03333333333333333
S12,2026-10-08,4,141.3,2026-10-04,140.93161554090972,142.2821389676251,156.9525375118774,169.19308873470456,0.42263642572673477,0.43828621177257476,0.12081193445830274,0.06666666666666667
S13,2026-10-08,4,127.1,2026-10-04,136.87772834433972,132.9988812207935,148.5576866756533,159.7906507950585,0.41485915188811223,0.37583486138941885,0.0717005076142132,0.03333333333333333
S14,2026-10-08,4,120.2,2026-10-04,107.23377446891405,105.40380406807819,120.55239749326176,125.97734528303124,0.3626220435556029,0.11074964493269307,0.040609137055837574,0.03333333333333333
S15,2026-10-08,4,89.0,2026-10-04,104.64465248777964,106.64922600948161,120.28509630726833,125.60378267427825,0.38408883488013934,0.08938083833527474,0.040609137055837574,0.03333333333333333
S01,2026-10-09,5,213.7,2026-10-04,117.46176088619562,112.04430577328876,134.307814080726,144.53782852611724,0.3799863366045675,0.31311200918530424,0.03423820004891176,0.06666666666666667
S02,2026-10-09,5,126.9,2026-10-04,146.38497756442214,151.40718263559341,171.9747310300094,185.40792924818874,0.7171984471001092,0.3338859547131619,0.29082064297800336,0.0
S03,2026-10-09,5,122.2,2026-10-04,132.8650061752755,134.2866691063788,148.2462605508092,160.16479017147918,0.5535290389791447,0.2954808982489769,0.06700904866715574,0.06666666666666667
S04,2026-10-09,5,143.6,2026-10-04,129.98142128422995,131.5605122157585,145.20769726058174,149.38251184906554,0.4828094445488447,0.26719099642289734,0.06577834179357023,0.0
S05,2026-10-09,5,112.2,2026-10-04,109.01070307902532,111.83980723156245,123.01120834210519,136.3985320062332,0.46723546596109705,0.18529832615100672,0.04103214890016915,0.0
S06,2026-10-09,5,99.5,2026-10-04,106.77657824365448,109.19872183966206,119.25460681740041,135.35605044718,0.5388764298107322,0.09951305564636387,0.04092639593908631,0.03333333333333333
S07,2026-10-09,5,88.5,2026-10-04,102.96420134393057,104.82650290993851,111.98712562208627,119.67643003674428,0.42067066046104606,0.0881688141241132,0.040609137055837574,0.03333333333333333
S08,2026-10-09,5,143.1,2026-10-04,141.76818360047963,143.9900724464557,159.08075351847657,161.07459493005717,0.6447989209061382,0.4178489457112741,0.1624365482233503,0.03333333333333333
S09,2026-10-09,5,115.2,2026-10-04,132.27242249137603,133.08623109905042,146.55322156699486,158.9436714635765,0.6306711298796785,0.35215944193604726,0.073075296108291,0.0
S10,2026-10-09,5,114.1,2026-10-04,130.0211121052788,131.69309249584677,142.4827211454774,151.04251082903897,0.47414456672839184,0.37689853426558495,0.06673011844331644,0.0
S11,2026-10-09,5,100.2,2026-10-04,104.59502737132905,106.36752185790459,111.25880998994948,118.52689301582866,0.5668465267791087,0.10342098823162825,0.040609137055837574,0.03333333333333333
S12,2026-10-09,5,145.6,2026-10-04,146.1527459684195,147.5148394763049,168.50172030167988,184.77002798868767,0.5624243213329281,0.5376761128605835,0.19246759598923946,0.06666666666666667
S13,2026-10-09,5,132.8,2026-10-04,142.0988587718495,138.23158172947333,159.5310727535941,178.72785294248692,0.5545453847485736,0.5808459080350904,0.10014805414551609,0.03333333333333333
S14,2026-10-09,5,116.2,2026-10-04,112.45490489642383,110.63650457675801,126.20071087980355,137.54574553579093,0.49974126748862474,0.25185657183879073,0.04103214890016915,0.03333333333333333
S15,2026-10-09,5,112.9,2026-10-04,109.86578291528942,111.88192651816144,123.95106019481285,127.19518648028713,0.522668929704675,0.1075916798783476,0.04103214890016915,0.03333333333333333
S01,2026-10-10,6,124.5,2026-10-04,113.15946802043163,107.72736685321853,121.69429479359725,122.85652541864074,0.22981818508597063,0.11160468550501423,0.033993641477133796,0.06666666666666667
S02,2026-10-10,6,156.9,2026-10-04,142.08268469865814,147.09024371552317,162.48098766384368,165.10968115996417,0.5525243192312963,0.06600505896836929,0.2076988155668359,0.0
S03,2026-10-10,6,136.8,2026-10-04,128.56271330951154,129.96973018630857,146.66619559066075,149.7286678707398,0.3764151842231948,0.08626366536301554,0.04842259721203224,0.06666666666666667
S04,2026-10-10,6,110.4,2026-10-04,125.67912841846598,127.2435732956883,139.9490164720005,140.36624936944963,0.3124862784865211,0.06000192158672464,0.05425126903553301,0.0
S05,2026-10-10,6,90.8,2026-10-04,104.70841021326133,107.5228683114922,120.16549521038574,129.75807012629747,0.2992277178993401,0.15836026861293745,0.04082064297800336,0.0
S06,2026-10-10,6,87.8,2026-10-04,102.4742853778905,104.88178291959183,116.22460363212353,125.5187103918546,0.3626428604570606,0.09056862839351217,0.040609137055837574,0.03333333333333333
S07,2026-10-10,6,97.7,2026-10-04,98.66190847816658,100.50956398986827,109.69769302898726,116.54866212671683,0.2611977001600731,0.06773486153366734,0.03965736040609136,0.03333333333333333
S08,2026-10-10,6,142.6530612244898,2026-10-04,137.46589073471566,139.67313352638547,153.35139249998645,157.53605842896832,0.46916980523605184,0.10129868946287784,0.10987732656514382,0.03333333333333333
S09,2026-10-10,6,136.8,2026-10-04,127.97012962561203,128.7692921789802,140.44311883928256,148.05124068923473,0.45397197134473993,0.07654076186297928,0.05752961082910324,0.0
S10,2026-10-10,6,138.7795918367347,2026-10-04,125.71881923951481,127.37615357577656,138.1971112368529,142.22247602607013,0.3050750676891316,0.1272215547241714,0.05425126903553301,0.0
S11,2026-10-10,6,100.4,2026-10-04,100.29273450556506,102.05058293783436,109.44857829582973,117.68226014818698,0.38918593011022956,0.08382668837654275,0.040080372250423046,0.03333333333333333
S12,2026-10-10,6,148.3,2026-10-04,141.85045310265554,143.19790055623469,156.09636543288696,164.269329926522,0.38491806827948655,0.20423694287393557,0.13157251161653216,0.06666666666666667
S13,2026-10-10,6,120.0,2026-10-04,137.7965659060855,133.9146428094031,148.66752466238128,153.1515752445108,0.3773812061211723,0.21937180801735828,0.0774111675126904,0.03333333333333333
S14,2026-10-10,6,91.0,2026-10-04,108.15261203065984,106.31956565668779,121.18590755683474,125.11150972030553,0.32722414543041933,0.13154002418398528,0.040609137055837574,0.03333333333333333
S15,2026-10-10,6,98.9,2026-10-04,105.56349004952543,107.56498759809121,121.01975816010386,125.3648395345129,0.3477386871254518,0.09582547510289634,0.04082064297800336,0.03333333333333333
S01,2026-10-11,7,229.4,2026-10-04,107.80427121309278,102.34102474722778,120.03565274789315,123.64530168629413,0.30912283570043575,0.1244685375613329,0.03374908290535583,0.06666666666666667
S02,2026-10-11,7,153.8,2026-10-04,136.7274878913193,141.7039016095324,155.13765554988464,158.22197227348158,0.6493060001971653,0.1379689401769075,0.13271996615905246,0.0
S03,2026-10-11,7,114.6,2026-10-04,123.20751650217267,124.58338808031782,138.4198348610583,145.78650226582798,0.4751013005632856,0.14161642398308064,0.03668378576669107,0.06666666666666667
S04,2026-10-11,7,120.4,2026-10-04,120.32393161112711,121.85723118969753,136.80394306186568,140.78723667347163,0.4053055701861786,0.09978232583427145,0.045368020304568546,0.0
S05,2026-10-11,7,95.1,2026-10-04,99.35321340592247,102.13652620550144,124.23598556119279,135.09921231129576,0.3903447500996818,0.22331641893677842,0.040080372250423046,0.0
S06,2026-10-11,7,200.9,2026-10-04,97.11908857055163,99.49544081360106,115.29687317301543,126.25503515159969,0.46038399606824626,0.11636984275330049,0.03955160744500841,0.03333333333333333
S07,2026-10-11,7,92.7,2026-10-04,93.30671167082772,95.12322188387752,108.43198716520105,116.68822634894953,0.3464596364905663,0.12571927420752751,0.0372250423011844,0.03333333333333333
S08,2026-10-11,7,129.09591836734694,2026-10-04,132.1106939273768,134.2867914203947,145.95667430259434,151.2134223687774,0.5699476011931691,0.20011420314168432,0.07825719120135366,0.03333333333333333
S09,2026-10-11,7,112.4,2026-10-04,122.61493281827318,123.38295007298943,136.3310452067908,146.06314028023294,0.5548977780864791,0.14639943628502028,0.0466370558375635,0.0
S10,2026-10-11,7,123.4,2026-10-04,120.36362243217594,121.98981146978579,132.71153270287127,140.79794265331023,0.39696403263861746,0.19409315271220845,0.045368020304568546,0.0
S11,2026-10-11,7,104.8,2026-10-04,94.93753769822621,96.6642408318436,119.15107378174116,117.51028099744377,0.48859682409929317,0.1559915581319061,0.03828257191201356,0.03333333333333333
S12,2026-10-11,7,121.7,2026-10-04,136.49525629531666,137.81155845024392,149.87331390629265,161.9970332494293,0.4841028139503398,0.29451910530529696,0.08412814869161167,0.06666666666666667
S13,2026-10-11,7,119.7,2026-10-04,132.44136909874663,128.52830070341233,140.19365204861708,150.88448375028406,0.4761272115268785,0.3070373910170571,0.05731810490693734,0.03333333333333333
S14,2026-10-11,7,112.2,2026-10-04,102.79741522332098,100.93322355069702,119.67628110287072,125.84783448005064,0.42173574568011735,0.1810432606976145,0.03965736040609136,0.03333333333333333
S15,2026-10-11,7,78.4,2026-10-04,100.20829324218656,102.17864549210044,119.49207694626358,125.47427187129766,0.44426281653260924,0.11122834814342102,0.040080372250423046,0.03333333333333333
S01,2026-10-12,8,111.1,2026-10-04,103.32314819658913,97.9209580618695,109.71454244123791,124.06108606794434,0.3113912431965499,0.1667884738206686,0.03350452433357787,0.06666666666666667
S02,2026-10-12,8,132.8,2026-10-04,132.24636487481564,137.28383492417416,142.6998777261534,158.8541921891789,0.6517159083889542,0.1206285062102983,0.09538917089678511,0.0
S03,2026-10-12,8,118.5,2026-10-04,118.72639348566902,120.16332139495954,132.87304195405005,144.66405256546895,0.47774544939073743,0.13351425708417405,0.03423820004891176,0.06666666666666667
S04,2026-10-12,8,117.5,2026-10-04,115.84280859462348,117.43716450433925,136.59039189694394,141.60727555892367,0.40786310842525525,0.11495573521219248,0.042724196277495796,0.0
S05,2026-10-12,8,115.7,2026-10-04,94.87209038941884,97.71645952014318,128.9460704722516,131.15244966918604,0.3928702496827211,0.26638108824816453,0.03828257191201356,0.0
S06,2026-10-12,8,100.8,2026-10-04,92.637965554048,95.07537412824279,134.4680668617809,127.00837135919335,0.46301848874045953,0.15630224932013972,0.0372250423011844,0.03333333333333333
S07,2026-10-12,8,82.4,2026-10-04,88.8255886543241,90.70315519851924,137.5613953523163,119.14021704981309,0.3488636782711906,0.11811225330493787,0.0358502538071066,0.03333333333333333
S08,2026-10-12,8,127.4,2026-10-04,127.62957091087316,129.86672473503646,136.52704486523237,151.49710543742364,0.5725438359408055,0.1728827424274531,0.060913705583756306,0.03333333333333333
S09,2026-10-12,8,115.6,2026-10-04,118.13380980176954,118.96288338763117,129.0270999430821,146.61193519092987,0.5575143317039851,0.173385968031337,0.043252961082910324,0.0
S10,2026-10-12,8,107.8,2026-10-04,115.88249941567231,117.56974478442751,125.99487277859184,139.38070325785364,0.3995042946202702,0.17266578153400003,0.042724196277495796,0.0
S11,2026-10-12,8,56.9,2026-10-04,90.45641468172258,92.24417414648534,132.2344220961312,120.36930234710212,0.4912457883731629,0.14431953863878627,0.03616751269035534,0.03333333333333333
S12,2026-10-12,8,119.8,2026-10-04,132.01413327881303,133.39149176488564,138.7798494922744,162.18522904225665,0.4867506037098555,0.3066838010661565,0.0640743458058205,0.06666666666666667
S13,2026-10-12,8,98.6,2026-10-04,127.96024608224302,124.10823401805406,129.42982980445805,151.16076038586255,0.4787718621045017,0.3200487512561361,0.04928087986463625,0.03333333333333333
S14,2026-10-12,8,79.5,2026-10-04,98.31629220681735,96.51315686533874,119.56570904811207,126.75844146918438,0.42432298585117434,0.23578778886087132,0.03828257191201356,0.03333333333333333
S15,2026-10-12,8,72.5,2026-10-04,95.72717022568293,97.75857880674216,119.59584076434143,126.48036613625027,0.4468814555159389,0.16678326468058458,0.03828257191201356,0.03333333333333333
S01,2026-10-13,9,99.2,2026-10-04,102.7615312639455,97.34172500483973,111.7265291236535,115.20660704145541,0.17313717160702646,0.06338285737320967,0.03350452433357787,0.06666666666666667
S02,2026-10-13,9,158.2,2026-10-04,131.684747942172,136.70460186714436,156.7620654029784,172.61857924966571,0.4642259163995934,0.17797108191534522,0.09263959390862941,0.0
S03,2026-10-13,9,114.4,2026-10-04,118.16477655302539,119.58408833792977,138.65657103166512,146.05142333632685,0.297546527192973,0.14873701101641934,0.03423820004891176,0.06666666666666667
S04,2026-10-13,9,120.7,2026-10-04,115.28119166197985,116.85793144730948,130.06667681357848,132.82743794293464,0.24181806147637452,0.063397301045688,0.04208967851099832,0.0
S05,2026-10-13,9,88.4,2026-10-04,94.3104734567752,97.1372264631134,107.83280742044656,118.90586486805262,0.2305524105892926,0.06876744753963478,0.03828257191201356,0.0
S06,2026-10-13,9,87.2,2026-10-04,92.07634862140435,94.49614107121302,105.00906666100386,114.96155776913409,0.2853394431738709,0.03793926906327031,0.03680203045685282,0.03333333333333333
S07,2026-10-13,9,76.0,2026-10-04,88.26397172168045,90.12392214148947,98.77791488064261,105.52530330647916,0.19877483826759373,0.02943230736486805,0.035532994923857864,0.03333333333333333
S08,2026-10-13,9,140.7,2026-10-04,127.06795397822951,129.2874916780067,157.10208876774325,162.7825324489809,0.38279681380696506,0.20260735845715053,0.05953891708967851,0.03333333333333333
S09,2026-10-13,9,82.0,2026-10-04,117.5721928691259,118.38365033060138,130.78385414115354,140.45256094067838,0.3684548229897136,0.10692680436390126,0.043041455160744535,0.0
S10,2026-10-13,9,134.3,2026-10-04,115.32088248302867,116.99051172739775,129.03133326103446,134.2079112722658,0.23550875575564553,0.12450606377058003,0.04208967851099832,0.0
S11,2026-10-13,9,87.0,2026-10-04,89.89479774907893,91.66494108945555,102.98738735795315,108.0159678634656,0.30896725057233093,0.038152349846312675,0.03595600676818955,0.03333333333333333
S12,2026-10-13,9,125.2,2026-10-04,131.4525163461694,132.81225870785588,187.05214513253014,199.25521655906547,0.3051396179345081,0.4729662265962388,0.06113964294448515,0.06666666666666667
S13,2026-10-13,9,230.1,2026-10-04,127.39862914959937,123.52900096102428,146.00122172996748,159.25860345003426,0.29840700117581437,0.34886735600678626,0.04727157360406087,0.03333333333333333
S14,2026-10-13,9,87.4,2026-10-04,97.7546752741737,95.93392380830898,111.03339671773595,114.86693476709706,0.2544565453882673,0.06308964115207147,0.037542301184433136,0.03333333333333333
S15,2026-10-13,9,87.9,2026-10-04,95.1655532930393,97.1793457497124,114.30549217335754,117.72893515945093,0.27225521675048087,0.05174895402581748,0.03828257191201356,0.03333333333333333
S01,2026-10-14,10,120.8,2026-10-04,112.47170300514799,107.10009370331116,122.4021137676632,129.793252875971,0.16814789838049654,0.17427734339932327,0.033993641477133796,0.06666666666666667
S02,2026-10-14,10,161.3,2026-10-04,141.3949196833745,146.46297056561582,157.80594332765526,176.02894733951914,0.4554689664174847,0.1649671223378301,0.198075296108291,0.0
S03,2026-10-14,10,131.1,2026-10-04,127.87494829422788,129.3424570364012,146.70940322094395,183.3414238922823,0.2902305381472654,0.2625766170322998,0.047688921496698455,0.06666666666666667
S04,2026-10-14,10,131.3,2026-10-04,124.99136340318233,126.61630014578091,140.75102972296662,143.4487977828983,0.23541310123090786,0.14398439155956488,0.052876480541455106,0.0
S05,2026-10-14,10,101.4,2026-10-04,104.02064519797769,106.89559516158484,119.526173779659,138.9914619567674,0.22435754208246353,0.21124641350561918,0.040609137055837574,0.0
S06,2026-10-14,10,105.3,2026-10-04,101.78652036260684,104.25450976968446,117.75431890381145,137.66848528219703,0.27820472711787575,0.11899211548469861,0.040080372250423046,0.03333333333333333
S07,2026-10-14,10,60.6,2026-10-04,97.97414346288294,99.88229083996092,111.65085108056661,119.38254886114686,0.1932194079818466,0.08879310754640432,0.03965736040609136,0.03333333333333333
S08,2026-10-14,10,139.5,2026-10-04,136.778125719432,139.04586037647812,152.58747829666976,172.56509428350085,0.374502223583364,0.31344609347248886,0.10543570219966159,0.03333333333333333
S09,2026-10-14,10,123.0,2026-10-04,127.28236461032839,128.14201902907283,141.2503360106265,170.9713627695839,0.360289591271209,0.23997464280315783,0.05647208121827407,0.0
S10,2026-10-14,10,140.1,2026-10-04,125.03105422423117,126.74888042586919,138.16146828350725,155.09385964648493,0.22922038514657575,0.27759626145650423,0.053299492385786795,0.0
S11,2026-10-14,10,78.2,2026-10-04,99.60496949028142,101.423309787927,112.52403075081595,120.11384014101506,0.30149097465059743,0.1045412318325385,0.039974619289340096,0.03333333333333333
S12,2026-10-14,10,125.7,2026-10-04,141.1626880873719,142.5706274063273,155.78625793716017,179.5712089568172,0.2977160585492275,0.4617069357328525,0.12252384446074838,0.06666666666666667
S13,2026-10-14,10,157.9,2026-10-04,137.10880089080186,133.28736965949574,148.2715824898904,179.16479926243824,0.29107862199396917,0.5054456451320694,0.07487309644670048,0.03333333333333333
S14,2026-10-14,10,106.8,2026-10-04,107.4648470153762,105.69229250678042,123.14730871126426,137.41855539218804,0.24782625348827228,0.18524382225948885,0.040609137055837574,0.03333333333333333
S15,2026-10-14,10,114.8,2026-10-04,104.87572503424178,106.93771444818384,123.73264575973505,132.74538218576095,0.2653261999637571,0.12854319399692482,0.040609137055837574,0.03333333333333333
S01,2026-10-12,1,111.1,2026-10-11,111.59636349375742,107.57436336222631,142.63304858205692,169.1275090770291,0.5160323909652021,0.4387145079313299,0.038159371492704874,0.1
S02,2026-10-12,1,132.8,2026-10-11,133.01835212949925,133.2661632611006,147.63135128639354,148.52468209829388,0.48285202988266357,0.06940604208600765,0.06992110453648914,0.0
S03,2026-10-12,1,118.5,2026-10-11,119.01620253110124,118.76221276484279,135.32251436140518,144.11950917336102,0.4541291515226556,0.299469384198087,0.03883277216610548,0.06666666666666667
S04,2026-10-12,1,117.5,2026-10-11,110.50362519731185,111.15388581992002,127.86449528372296,149.28641201783188,0.3392950619321479,0.2727606755843071,0.038165680473372765,0.0
S05,2026-10-12,1,115.7,2026-10-11,95.57619000834141,95.91155554294947,119.844554841103,136.26164429651567,0.28941494981636784,0.44522744418544247,0.034911242603550274,0.0
S06,2026-10-12,1,100.8,2026-10-11,87.67998998367239,92.23958806151006,122.66937934941774,123.20403283047608,0.37177751690556843,0.37455831322682026,0.03501683501683506,0.06666666666666667
S07,2026-10-12,1,82.4,2026-10-11,90.76402680161218,89.37553214543199,111.69419084922113,122.99131535902464,0.30654845404283904,0.08467353373553672,0.03293885601577906,0.0
S08,2026-10-12,1,127.4,2026-10-11,124.49260841810134,125.88693857153844,140.40778850264908,146.42659541958886,0.5125034529275576,0.18527742357139798,0.048126232741617314,0.03333333333333333
S09,2026-10-12,1,115.6,2026-10-11,117.1076636808673,114.70830873974536,131.90219363526225,146.2123661034624,0.37682608806704554,0.228734589961767,0.03875739644970411,0.0
S10,2026-10-12,1,107.8,2026-10-11,122.44742958882804,124.17134275334064,141.7620358130641,149.23573526883902,0.40872929745192704,0.263142916567488,0.045956607495069024,0.0
S11,2026-10-12,1,56.9,2026-10-11,90.39864132716778,89.15921546837683,109.0273904987806,115.76448931153318,0.38585263861487035,0.22005618044608505,0.03264299802761339,0.0
S12,2026-10-12,1,119.8,2026-10-11,127.43882969461437,129.3783587766925,144.3274733182128,142.95112765641107,0.43538793122538677,0.1993326534153309,0.051851851851851816,0.06666666666666667
S13,2026-10-12,1,98.6,2026-10-11,123.10352679703247,123.38944122277479,138.4179315194679,141.3656168066042,0.4192060856869008,0.11710214764679316,0.04349112426035506,0.03333333333333333
S14,2026-10-12,1,79.5,2026-10-11,102.33088597619624,105.52819900194118,134.77870069388658,159.78442598736626,0.5307336783853337,0.35813923473986725,0.0377712031558185,0.03333333333333333
S15,2026-10-12,1,72.5,2026-10-11,95.62450229002995,95.79868648560951,121.92668326590666,143.91059050074938,0.38039335050176504,0.4816034450170997,0.03481262327416168,0.03333333333333333
S01,2026-10-13,2,99.2,2026-10-11,111.31638064967113,107.27971995556626,143.85472658513564,164.88650617538713,0.3365099328429761,0.4354021454764301,0.038159371492704874,0.1
S02,2026-10-13,2,158.2,2026-10-11,132.73836928541297,132.97151985444054,155.53041031246283,162.2864205305806,0.30753760421910853,0.08781269483239845,0.06696252465483232,0.0
S03,2026-10-13,2,114.4,2026-10-11,118.73621968701497,118.46756935818276,138.73286520492832,147.830941007673,0.28352591527813825,0.25105768815970947,0.03883277216610548,0.06666666666666667
S04,2026-10-13,2,120.7,2026-10-11,110.22364235322557,110.85924241325999,128.8155711691089,141.4487720380542,0.19631687471063186,0.12238300966643965,0.038165680473372765,0.0
S05,2026-10-13,2,88.4,2026-10-11,95.29620716425512,95.61691213628944,110.0994398502363,125.20640134461108,0.1622930145860581,0.1140227725008118,0.03481262327416168,0.0
S06,2026-10-13,2,87.2,2026-10-11,87.40000713958611,91.94494465485002,117.02102637862885,115.0527598614756,0.2196621048983391,0.0934686756943615,0.03501683501683506,0.06666666666666667
S07,2026-10-13,2,76.0,2026-10-11,90.48404395752588,89.08088873877196,98.46924825801801,110.67241378914733,0.17374089801257117,0.01674994794428859,0.03264299802761339,0.0
S08,2026-10-13,2,140.7,2026-10-11,124.21262557401505,125.5922951648784,142.7473772048709,154.87645975964261,0.3333630338282128,0.15523080700232697,0.04714003944773171,0.03333333333333333
S09,2026-10-13,2,82.0,2026-10-11,116.82768083678101,114.41366533308532,131.71674220930717,141.40589931500307,0.22337951162292688,0.14691225831799645,0.03875739644970411,0.0
S10,2026-10-13,2,134.3,2026-10-11,122.16744674474175,123.87669934668061,141.2654303165658,150.91545034053064,0.24745004550903657,0.18593875728475387,0.044674556213017746,0.0
S11,2026-10-13,2,87.0,2026-10-11,90.11865848308149,88.8645720617168,96.32185844824123,107.03518862800277,0.23008751030175645,0.0467397707366587,0.03264299802761339,0.0
S12,2026-10-13,2,125.2,2026-10-11,127.15884685052808,129.08371537003245,160.23693152692005,180.2926755591012,0.2683639254992942,0.3106104070707259,0.051402918069584747,0.06666666666666667
S13,2026-10-13,2,230.1,2026-10-11,122.82354395294618,123.09479781611475,140.7180778343233,147.75539225217932,0.2555797740119382,0.0999822936369192,0.0430966469428008,0.03333333333333333
S14,2026-10-13,2,87.4,2026-10-11,102.05090313210995,105.23355559528113,129.50377989138798,150.80742076913512,0.34979330510087636,0.12216350266094617,0.0377712031558185,0.03333333333333333
S15,2026-10-13,2,87.9,2026-10-11,95.34451944594366,95.50404307894946,113.31151955852998,131.1054830212119,0.2260210111481987,0.14190035794182776,0.03481262327416168,0.03333333333333333
S01,2026-10-14,3,120.8,2026-10-11,120.7077284677413,116.71436065214908,150.79508917461533,170.94271661948332,0.3271946324144985,0.43911081850005623,0.03838383838383841,0.1
S02,2026-10-14,3,161.3,2026-10-11,142.12971710348313,142.40616055102336,152.27308154445365,157.67370002216867,0.2986632997904203,0.08263786558423816,0.13570019723865878,0.0
S03,2026-10-14,3,131.1,2026-10-11,128.12756750508512,127.90221005476558,146.4158120893771,176.88179379011933,0.2750692564559063,0.47508835901786284,0.04960718294051625,0.06666666666666667
S04,2026-10-14,3,131.3,2026-10-11,119.61499017129573,120.29388310984281,136.00494432203126,157.81924074872427,0.18977240909444631,0.3313800168577671,0.041124260355029585,0.0
S05,2026-10-14,3,101.4,2026-10-11,104.68755498232528,105.05155283287226,124.8229573881909,147.86706237850746,0.1566616818213249,0.22522218361295693,0.0377712031558185,0.0
S06,2026-10-14,3,105.3,2026-10-11,96.79135495765627,101.37958535143284,125.09501005967539,129.38944777701556,0.2125452141644221,0.19220673072833505,0.03793490460157123,0.06666666666666667
S07,2026-10-14,3,60.6,2026-10-11,99.87539177559604,98.51552943535478,109.8888033361967,124.28118740528278,0.16779190404189645,0.08730744160517112,0.03609467455621307,0.0
S08,2026-10-14,3,139.5,2026-10-11,133.6039733920852,135.02693586146123,144.81224614967365,163.10892410373066,0.3240922945452638,0.2574338778387323,0.07850098619329393,0.03333333333333333
S09,2026-10-14,3,123.0,2026-10-11,126.21902865485119,123.84830602966814,140.09521786826375,184.13425041410977,0.2161755452562266,0.3773604194661007,0.044674556213017746,0.0
S10,2026-10-14,3,140.1,2026-10-11,131.55879456281193,133.3113400432634,144.06382854152008,181.62059141065112,0.23970940881350983,0.4252844577596414,0.07051282051282048,0.0
S11,2026-10-14,3,78.2,2026-10-11,99.51000630115166,98.29921275829962,106.35780793969732,117.05436135779131,0.22272925422736473,0.1117985523678731,0.03609467455621307,0.0
S12,2026-10-14,3,125.7,2026-10-11,136.55019466859824,138.51835606661527,147.24758764926787,147.27586700216423,0.2601952663999434,0.2596619205649914,0.09203142536475872,0.06666666666666667
S13,2026-10-14,3,157.9,2026-10-11,132.21489177101634,132.52943851269757,144.5653439527744,164.87947113023318,0.2476685215133151,0.174927505592082,0.06449704142011836,0.03333333333333333
S14,2026-10-14,3,106.8,2026-10-11,111.44225095018012,114.66819629186395,140.3449268590582,168.1414539428774,0.34029888949269677,0.3647023388571707,0.03875739644970411,0.03333333333333333
S15,2026-10-14,3,114.8,2026-10-11,104.73586726401383,104.93868377553228,128.58884581515358,152.44904404447075,0.21875585218737956,0.3091770857069976,0.0377712031558185,0.03333333333333333
S01,2026-10-15,4,107.2,2026-10-11,123.80826163884716,119.82283556751555,150.1129582239647,175.0453284625512,0.4278324158131499,0.5860227642290994,0.03883277216610548,0.1
S02,2026-10-15,4,154.8,2026-10-11,145.230250274589,145.51463546638985,152.13617739960847,154.11027830550444,0.39568653902145723,0.04542137818869195,0.17948717948717952,0.0
S03,2026-10-15,4,134.9061224489796,2026-10-11,131.228100676191,131.01068497013205,147.2474378754543,151.87119471139263,0.36845451599547796,0.37632050813199736,0.05679012345679013,0.06666666666666667
S04,2026-10-15,4,141.6,2026-10-11,122.7155233424016,123.40235802520928,136.4534776648341,149.6498239137877,0.2647763655329369,0.20708455006702478,0.04349112426035506,0.0
S05,2026-10-15,4,94.4,2026-10-11,107.78808815343115,108.16002774823873,124.22721526778895,134.3552027591955,0.22216758861659885,0.17555597797677056,0.03806706114398417,0.0
S06,2026-10-15,4,107.2,2026-10-11,99.89188812876213,104.48806026679931,123.56937217772634,123.21644730014047,0.29329162234342004,0.2170298413107212,0.03793490460157123,0.06666666666666667
S07,2026-10-15,4,107.7,2026-10-11,102.97592494670191,101.62400435072125,110.11132925084507,122.91290270830298,0.23664583278198148,0.03786907149574839,0.03717948717948716,0.0
S08,2026-10-15,4,224.5,2026-10-11,136.70450656319107,138.13541077682768,144.92910659232962,152.25704766540673,0.4243777440499488,0.16017598881200726,0.09398422090729786,0.03333333333333333
S09,2026-10-15,4,112.8,2026-10-11,129.31956182595704,126.95678094503461,140.74830466202482,145.33561924301196,0.2977795846927444,0.20552387778198097,0.04990138067061145,0.0
S10,2026-10-15,4,148.0,2026-10-11,134.6593277339178,136.4198149586299,143.9446677422817,152.4859548034948,0.32649675631826747,0.2400381101009134,0.08648915187376727,0.0
S11,2026-10-15,4,107.2,2026-10-11,102.61053947225751,101.40768767366609,106.53113143583383,115.68607666081152,0.3058419330891336,0.10382553292512088,0.03717948717948716,0.0
S12,2026-10-15,4,155.2,2026-10-11,139.6507278397041,141.62683098198173,147.72762893299873,148.33975535555146,0.3509756520897215,0.18999164743011496,0.11649831649831655,0.06666666666666667
S13,2026-10-15,4,146.6,2026-10-11,135.3154249421222,135.63791342806405,144.49496005447762,147.66854087672746,0.3360637522773758,0.1067167162241366,0.08224852071005917,0.03333333333333333
S14,2026-10-15,4,218.4,2026-10-11,114.54278412128598,117.77667120723042,139.15977475091472,159.7060133366446,0.44231745769478975,0.22095592673355444,0.03974358974358971,0.03333333333333333
S15,2026-10-15,4,123.1,2026-10-11,107.8364004351197,108.04715869089875,126.80856737097785,143.83217785002773,0.3009599354184139,0.2854090342478445,0.03796844181459569,0.03333333333333333
S01,2026-10-16,5,114.2,2026-10-11,129.3150065845625,125.34736055386313,168.74726655753352,206.8695252399824,0.6121900093233396,0.664794612068447,0.043771043771043794,0.1
S02,2026-10-16,5,165.6,2026-10-11,150.73699522030432,151.0391604527374,163.45076218695073,161.24410044062196,0.5802395524445187,0.18249125319033196,0.27692307692307694,0.0
S03,2026-10-16,5,140.1,2026-10-11,136.73484562190632,136.5352099564796,155.4246311545918,157.159441823559,0.5519060401013959,0.5705512558963215,0.07811447811447814,0.06666666666666667
S04,2026-10-16,5,150.0,2026-10-11,128.2222682881169,128.92688301155684,149.26398696196816,167.48883930473195,0.4319102539774287,0.3958506141043147,0.054635108481262296,0.0
S05,2026-10-16,5,117.5,2026-10-11,113.29483309914647,113.6845527345863,151.00532297857407,166.15358855745552,0.37616652664264694,0.4229364758817618,0.03875739644970411,0.0
S06,2026-10-16,5,116.4,2026-10-11,105.39863307447746,110.01258525314688,125.93338638176296,122.43476536230466,0.46699229354797556,0.18335754961073278,0.038159371492704874,0.06666666666666667
S07,2026-10-16,5,115.4,2026-10-11,108.48266989241723,107.14852933706882,129.5202071888545,143.50953464158695,0.3955767452459561,0.085145284616976,0.0377712031558185,0.0
S08,2026-10-16,5,146.3,2026-10-11,142.2112515089064,143.65993576317527,151.61371476114908,158.64380967214223,0.6088307270608551,0.42612363583235935,0.15197238658777124,0.03333333333333333
S09,2026-10-16,5,114.7,2026-10-11,134.82630677167236,132.4813059313822,149.11089169406372,164.42312532962453,0.47236164910454964,0.49452835029515535,0.0641025641025641,0.0
S10,2026-10-16,5,148.1,2026-10-11,140.16607267963312,141.94433994497746,147.69753266001553,160.7007456968288,0.505788432600354,0.554690981614982,0.12859960552268246,0.0
S11,2026-10-16,5,129.3,2026-10-11,108.11728441797284,106.93221266001366,107.804611078531,114.99522184336175,0.48190697244047037,0.09662041852528636,0.0377712031558185,0.0
S12,2026-10-16,5,143.5,2026-10-11,145.15747278541943,147.1513559683293,150.90150735248014,154.5889819424403,0.5330701967684511,0.39728790947631476,0.18608305274971937,0.06666666666666667
S13,2026-10-16,5,131.5,2026-10-11,140.82216988783753,141.1624384144116,150.29241405664047,153.94425504867624,0.5165794973448486,0.28494375575259967,0.12031558185404334,0.03333333333333333
S14,2026-10-16,5,115.6,2026-10-11,120.0495290670013,123.301196193578,154.10774568913666,181.7536602083581,0.6260868474416806,0.4602389018543796,0.04349112426035506,0.03333333333333333
S15,2026-10-16,5,114.1,2026-10-11,113.34314538083501,113.57168367724633,146.5405133370262,166.32755819087592,0.47614229493711524,0.4655979819937918,0.03875739644970411,0.03333333333333333
S01,2026-10-17,6,124.2,2026-10-11,124.81772379425563,120.83313822123208,150.4024485716622,169.3497163543488,0.41139758838560564,0.274433552668906,0.03883277216610548,0.1
S02,2026-10-17,6,158.1,2026-10-11,146.23971242999747,146.52493812010636,158.46130254866392,157.0880141209773,0.37966716771409065,0.038550150690695985,0.19398422090729783,0.0
S03,2026-10-17,6,165.3,2026-10-11,132.23756283159946,132.02098762384855,149.08499969258125,149.21614598128582,0.35289382597334557,0.190914673892826,0.059708193041526414,0.06666666666666667
S04,2026-10-17,6,123.4,2026-10-11,123.72498549781005,124.41266067892579,138.148167036403,149.92437049041723,0.25184815572651337,0.1763533623521583,0.04605522682445762,0.0
S05,2026-10-17,6,96.4,2026-10-11,108.79755030883962,109.17033040195525,128.18377177285737,138.8363087893695,0.21072355118937022,0.20397036548689326,0.03806706114398417,0.0
S06,2026-10-17,6,120.0,2026-10-11,100.90135028417059,105.49836292051583,125.5169962760862,123.28852660812097,0.2795003978714773,0.17615007632387786,0.038159371492704874,0.06666666666666667
S07,2026-10-17,6,108.2,2026-10-11,103.98538710211038,102.63430700443777,109.5442278493015,122.46972112871126,0.22467142410734955,0.037344548814127264,0.03727810650887575,0.0
S08,2026-10-17,6,173.3,2026-10-11,137.71396871859955,139.1457134305442,147.48940753111498,152.87966179713575,0.40798099800214316,0.09076999033851188,0.10078895463510851,0.03333333333333333
S09,2026-10-17,6,142.7,2026-10-11,130.3290239813655,127.96708359875113,140.87763380693542,146.69504382921536,0.2838620918273579,0.12020604738558092,0.05177514792899407,0.0
S10,2026-10-17,6,126.8,2026-10-11,135.66878988932626,137.4301176123464,146.10576847299413,153.96563349995628,0.31183310684382115,0.14187288801870845,0.09122287968441811,0.0
S11,2026-10-17,6,94.9,2026-10-11,103.62000162766599,102.4179903273826,106.4692398085522,115.5158421282484,0.29170415540865885,0.10721769392823592,0.03727810650887575,0.0
S12,2026-10-17,6,146.0,2026-10-11,140.66018999511257,142.63713363569826,149.46623730229365,149.10570595981872,0.3357606859520545,0.11119475073498811,0.12547699214365882,0.06666666666666667
S13,2026-10-17,6,135.4,2026-10-11,136.32488709753068,136.64821608178056,147.16401017551684,147.0422781942967,0.32117532876264165,0.0607353481674784,0.08688362919132153,0.03333333333333333
S14,2026-10-17,6,122.5,2026-10-11,115.55224627669445,118.78697386094694,139.3867768877997,159.2808196966866,0.42574023020420576,0.18478622155855617,0.04013806706114398,0.03333333333333333
S15,2026-10-17,6,108.9,2026-10-11,108.84586259052816,109.05746134461528,126.81842620353935,145.8119314710557,0.286954541537029,0.26466283579942423,0.03806706114398417,0.03333333333333333
S01,2026-10-18,7,131.4,2026-10-11,120.44691019813592,116.42427536123448,146.52465168439468,177.18585242760352,0.585388182749376,0.5611993904258726,0.03838383838383841,0.1
S02,2026-10-18,7,117.9,2026-10-11,141.86889883387775,142.11607526010877,157.20019341186452,154.2156994815101,0.552842467307417,0.08403799999358874,0.13047337278106508,0.0
S03,2026-10-18,7,114.8,2026-10-11,127.86674923547974,127.61212476385096,140.6498820202405,154.35579245554914,0.5241761714267419,0.36994604929556113,0.048484848484848464,0.06666666666666667
S04,2026-10-18,7,111.4,2026-10-11,119.35417190169035,120.00379781892819,133.31263946730735,161.8172926399813,0.4047633925410792,0.28783100702251757,0.04092702169625251,0.0
S05,2026-10-18,7,102.8,2026-10-11,104.4267367127199,104.76146754195764,133.91353153733604,179.5256566705536,0.35036248573973133,0.46791845618515265,0.0377712031558185,0.0
S06,2026-10-18,7,97.4,2026-10-11,96.53053668805089,101.08950006051823,127.54305970262439,140.50141291066043,0.4393457186074293,0.33410977334350683,0.03793490460157123,0.06666666666666667
S07,2026-10-18,7,119.1,2026-10-11,99.61457350599068,98.22544414444016,114.76708103215209,148.6671263795791,0.36922928527889426,0.16130148457475302,0.03609467455621307,0.0
S08,2026-10-18,7,129.0,2026-10-11,133.34315512247986,134.7368505705466,142.15858982421497,155.4840019078198,0.5819552742670602,0.20996296504088596,0.07534516765285992,0.03333333333333333
S09,2026-10-18,7,117.7,2026-10-11,125.9582103852458,123.55822073875353,137.6631423997836,156.57348366983044,0.44466238711894296,0.27623251535485077,0.044082840236686405,0.0
S10,2026-10-18,7,133.4,2026-10-11,131.29797629320655,133.02125475234882,140.3392832857868,157.0297010528585,0.47790441201665546,0.31512912453074104,0.06814595660749512,0.0
S11,2026-10-18,7,83.0,2026-10-11,99.24918803154628,98.009127467385,107.62376988040029,145.3629428267153,0.4541297299337594,0.39019830395428956,0.03609467455621307,0.0
S12,2026-10-18,7,129.8,2026-10-11,136.28937639899286,138.22827077570065,144.41511551077008,148.79382069935804,0.5052196772642499,0.2143654279818934,0.08978675645342316,0.06666666666666667
S13,2026-10-18,7,135.1,2026-10-11,131.95407350141096,132.23935322178295,139.05811819982657,151.6956737104172,0.4886888287400915,0.13196691840595454,0.06360946745562135,0.03333333333333333
S14,2026-10-18,7,103.7,2026-10-11,111.18143268057474,114.37811100094935,138.53849863032943,179.05302322608745,0.5996173099895741,0.4108482593043916,0.03875739644970411,0.03333333333333333
S15,2026-10-18,7,96.2,2026-10-11,104.47504899440845,104.64859848461768,125.99155955867428,168.93101750018738,0.4484097436080281,0.4882560778729563,0.0377712031558185,0.03333333333333333
S01,2026-10-19,8,119.1,2026-10-11,114.93173174563306,110.95503535115718,143.98633807474104,170.03205338323014,0.5038917826377388,0.4387145079313299,0.038159371492704874,0.1
S02,2026-10-19,8,132.0,2026-10-11,136.3537203813749,136.64683525003147,148.3599896693728,148.72651497345953,0.47073276905371597,0.06940604208600765,0.08688362919132153,0.0
S03,2026-10-19,8,141.0,2026-10-11,122.35157078297689,122.14288475377366,135.73011049612956,144.78590904249572,0.44211449035864275,0.299469384198087,0.04040404040404044,0.06666666666666667
S04,2026-10-19,8,122.7,2026-10-11,113.8389934491875,114.53455780885089,128.77796116676467,149.831748941086,0.32849025721116354,0.2727606755843071,0.03875739644970411,0.0
S05,2026-10-19,8,107.6,2026-10-11,98.91155826021705,99.29222753188034,120.52649944802818,136.52499321107658,0.2795265502435171,0.44522744418544247,0.036785009861932894,0.0
S06,2026-10-19,8,90.2,2026-10-11,91.01535823554802,95.62026005044093,124.12712806469399,123.67422987685774,0.3605027157336966,0.3714475012395485,0.036363636363636376,0.06666666666666667
S07,2026-10-19,8,88.4,2026-10-11,94.09939505348781,92.75620413436286,112.80011076352353,123.25569745888852,0.2963187713886418,0.08467353373553672,0.03372781065088759,0.0
S08,2026-10-19,8,107.5,2026-10-11,127.82797666997698,129.2676105604693,140.86248352112455,146.62842829475449,0.5003600324766156,0.18527742357139798,0.0556213017751479,0.03333333333333333
S09,2026-10-19,8,113.3,2026-10-11,120.44303193274295,118.08898072867623,133.06278253949753,146.8897843185444,0.3654872545976193,0.228734589961767,0.03974358974358971,0.0
S10,2026-10-19,8,135.8,2026-10-11,125.78279784070368,127.55201474227151,142.79560666578735,149.93254834281362,0.39704211531107486,0.263142916567488,0.05088757396449706,0.0
S11,2026-10-19,8,83.1,2026-10-11,93.73400957904342,92.5398874573077,109.64274288075731,116.02783822609409,0.37440537865139367,0.22005618044608505,0.03372781065088759,0.0
S12,2026-10-19,8,131.9,2026-10-11,130.77419794649,132.75903076562335,144.6960134527359,143.1529605315767,0.42348443640283157,0.1993326534153309,0.06285072951739623,0.06666666666666667
S13,2026-10-19,8,136.6,2026-10-11,126.43889504890811,126.77011321170566,138.8726265379434,141.59877504861115,0.4074257568309319,0.11710214764679316,0.049802761341222856,0.03333333333333333
S14,2026-10-19,8,88.0,2026-10-11,105.66625422807188,108.90887099087205,136.00750953408294,160.5437882860391,0.5186178333629684,0.35813923473986725,0.03806706114398417,0.03333333333333333
S15,2026-10-19,8,70.3,2026-10-11,98.95987054190559,99.17935847454038,122.36168609730639,142.20225566056888,0.3690107380323858,0.4816034450170997,0.03658777120315582,0.03333333333333333
S01,2026-10-20,9,109.1,2026-10-11,114.65174890154678,110.66039194449714,145.5024521299251,166.9370384834148,0.3257500919652493,0.43781683433508484,0.038159371492704874,0.1
S02,2026-10-20,9,145.9,2026-10-11,136.0737375372886,136.35219184337143,156.37024631519694,162.5597821516536,0.2972890641356746,0.08781269483239845,0.08599605522682441,0.0
S03,2026-10-20,9,94.5,2026-10-11,122.0715879388906,121.84824134711363,139.0546837093329,148.6141153269474,0.2737612070801206,0.25105768815970947,0.0401795735129068,0.06666666666666667
S04,2026-10-20,9,211.8,2026-10-11,113.55901060510121,114.23991440219086,129.96329048951185,142.16549492563627,0.18876435755952767,0.12238300966643965,0.03875739644970411,0.0
S05,2026-10-20,9,94.6,2026-10-11,98.63157541613076,98.99758412522031,111.06052743039183,125.55504261636027,0.15579569159683193,0.1140227725008118,0.03609467455621307,0.0
S06,2026-10-20,9,87.0,2026-10-11,90.73537539146174,95.3256166437809,118.87534493195683,116.59119469498846,0.21144776493381992,0.09571470568179943,0.03613916947250284,0.06666666666666667
S07,2026-10-20,9,109.2,2026-10-11,93.81941220940152,92.46156072770283,99.9011569493436,111.10818185333918,0.16687656287446168,0.01674994794428859,0.03372781065088759,0.0
S08,2026-10-20,9,141.9,2026-10-11,127.5479938258907,128.97296715380926,143.3017723492244,155.1498213807156,0.3226548822638367,0.15523080700232697,0.05473372781065089,0.03333333333333333
S09,2026-10-20,9,145.1,2026-10-11,120.16304908865666,117.79433732201619,132.86338493351164,142.25470349441304,0.215064470728141,0.14691225831799645,0.03974358974358971,0.0
S10,2026-10-20,9,136.4,2026-10-11,125.5028149966174,127.25737133561148,142.59180889686968,151.6837921604126,0.23851418416770573,0.18593875728475387,0.05069033530571987,0.0
S11,2026-10-20,9,75.4,2026-10-11,93.45402673495713,92.24524405064767,97.2631996072411,107.38382989975196,0.22159401845348434,0.0467397707366587,0.03372781065088759,0.0
S12,2026-10-20,9,141.9,2026-10-11,130.49421510240373,132.4643873589633,160.62548881088384,180.5660371801742,0.25893268411436676,0.3106104070707259,0.06172839506172845,0.06666666666666667
S13,2026-10-20,9,133.3,2026-10-11,126.15891220482182,126.47546980504562,141.32845858421044,148.06007924009361,0.24644647550198512,0.0999822936369192,0.04852071005917158,0.03333333333333333
S14,2026-10-20,9,100.8,2026-10-11,105.38627138398559,108.61422758421202,131.3712823278292,152.03557207935296,0.33882563022207035,0.12216350266094617,0.03806706114398417,0.03333333333333333
S15,2026-10-20,9,112.1,2026-10-11,98.67988769781931,98.88471506788034,113.90538508644227,129.5685341453594,0.21763519798347197,0.14190035794182776,0.03609467455621307,0.03333333333333333
S01,2026-10-21,10,103.8,2026-10-11,124.04309671961693,120.09503264107995,152.46500609595827,172.993248927511,0.31659052219934636,0.44152999062564885,0.03883277216610548,0.1
S02,2026-10-21,10,163.7,2026-10-11,145.46508535535878,145.78683253995425,153.07432291702992,157.94706164324165,0.2885872437965281,0.08263786558423816,0.18214990138067066,0.0
S03,2026-10-21,10,119.1,2026-10-11,131.46293575696077,131.28288204369645,146.9638392017399,177.66496810939373,0.26548787595926243,0.47508835901786284,0.05679012345679013,0.06666666666666667
S04,2026-10-21,10,128.8,2026-10-11,122.95035842317137,123.67455509877368,137.1735493889467,158.53596363630635,0.18241451883106075,0.3313800168577671,0.04447731755424067,0.0
S05,2026-10-21,10,111.2,2026-10-11,108.02292323420092,108.43222482180313,126.097098618935,148.21570365025667,0.15034934380438067,0.22522218361295693,0.03806706114398417,0.0
S06,2026-10-21,10,87.9,2026-10-11,100.1267232095319,104.76025734036371,127.01266538152097,130.92788261052843,0.20452725761859758,0.1916662407403482,0.03793490460157123,0.06666666666666667
S07,2026-10-21,10,91.8,2026-10-11,103.21076002747168,101.89620142428565,111.63376567811085,124.71695546947464,0.16111677637168142,0.08730744160517112,0.03727810650887575,0.0
S08,2026-10-21,10,145.6,2026-10-11,136.93934164396086,138.40760785039208,145.45374818790086,163.38228572480364,0.3135418727718779,0.2574338778387323,0.09585798816568047,0.03333333333333333
S09,2026-10-21,10,138.3,2026-10-11,129.55439690672682,127.22897801859901,141.45952407488778,184.98305459351974,0.20805682365697978,0.3773604194661007,0.05069033530571987,0.0
S10,2026-10-21,10,103.3,2026-10-11,134.89416281468755,136.6920120321943,145.36935583727285,182.3889332305331,0.23096728483629872,0.4252844577596414,0.08688362919132153,0.0
S11,2026-10-21,10,183.0,2026-10-11,102.8453745530273,101.67988474723049,107.356310200264,117.4030026295405,0.2144317351706353,0.1117985523678731,0.03717948717948716,0.0
S12,2026-10-21,10,149.3,2026-10-11,139.8855629204739,141.89902805554613,147.7617894115786,147.5492286232372,0.25095263277093555,0.2596619205649914,0.11784511784511786,0.06666666666666667
S13,2026-10-21,10,146.8,2026-10-11,135.550260022892,135.91011050162845,145.05357269159472,165.1841581181475,0.23872727337554175,0.174927505592082,0.08343195266272185,0.03333333333333333
S14,2026-10-21,10,88.5,2026-10-11,114.77761920205576,118.04886828079482,142.44452708404248,169.36960525309524,0.3294780590898086,0.3647023388571707,0.03974358974358971,0.03333333333333333
S15,2026-10-21,10,110.5,2026-10-11,108.07123551588947,108.31935576446315,129.40891995102405,150.91209516861824,0.21056625708167068,0.3091770857069976,0.03806706114398417,0.03333333333333333
S01,2026-10-19,1,119.1,2026-10-18,114.55034668439019,113.60379587990903,129.070741327268,141.71154441954877,0.5427400067550207,0.3363636374419491,0.03661087866108792,0.1
S02,2026-10-19,1,132.0,2026-10-18,140.45176748492221,147.6507746260242,166.35228249307076,173.46152763095745,0.7578628573235423,0.4874716654874252,0.22135296824666362,0.0
S03,2026-10-19,1,141.0,2026-10-18,122.74989118293365,125.26035094104772,142.35573888858065,162.03689347139908,0.49517842001126844,0.5660285262429617,0.04712379199263694,0.03333333333333333
S04,2026-10-19,1,122.7,2026-10-18,121.02763777136789,119.1744000159797,135.6145085771648,141.29007812410225,0.37396654055632533,0.13573688886310206,0.04031293143120107,0.0
S05,2026-10-19,1,107.6,2026-10-18,100.60358666648682,100.07607292142316,119.21106585058521,142.5143233660848,0.31019900987091237,0.23273680032635208,0.03681546249424761,0.0
S06,2026-10-19,1,90.2,2026-10-18,100.2176510289406,100.08649429093849,130.14356956883086,136.51672029484092,0.496595823321516,0.33688042779703053,0.035983263598326376,0.06666666666666667
S07,2026-10-19,1,88.4,2026-10-18,92.84448789533289,99.7488345291854,124.73964886696405,131.21732521767834,0.3721517895028222,0.13215025427979973,0.03672342383801197,0.0
S08,2026-10-19,1,107.5,2026-10-18,133.3777136468689,132.16243924113672,152.3216968541518,171.8869520985762,0.6056746228039973,0.5867781829316739,0.06451909802116884,0.03333333333333333
S09,2026-10-19,1,113.3,2026-10-18,115.86064022862847,115.27283656447908,132.5086118511461,144.90310593541045,0.3165889097382006,0.16464836411686867,0.0388403129314312,0.0
S10,2026-10-19,1,135.8,2026-10-18,128.48603571417064,129.18871889317035,146.01475022631408,157.02949551603962,0.5666936806336713,0.23385025839374018,0.055867464335020656,0.0
S11,2026-10-19,1,83.1,2026-10-18,89.62733182266184,87.90962495754191,111.4670188697587,113.81725747914722,0.24676614462745863,0.07619045839573209,0.03230556833870224,0.0
S12,2026-10-19,1,131.9,2026-10-18,131.68718489074305,128.92900067945018,138.51697902486737,151.05113492418067,0.3504178335557573,0.22747148864463032,0.055499309710078215,0.03333333333333333
S13,2026-10-19,1,136.6,2026-10-18,126.26590647151659,124.72765358568519,140.07869508144447,154.9837341290206,0.4694452690338445,0.46709903288323545,0.042050209205020894,0.06666666666666667
S14,2026-10-19,1,88.0,2026-10-18,100.02082867532371,102.95755228485916,126.1904918071075,135.34740031942547,0.5402472588649404,0.42761213729136194,0.036192468619246854,0.06666666666666667
S15,2026-10-19,1,70.3,2026-10-18,98.61998650495565,102.05788079182868,126.29653401354128,138.88913377814072,0.4026407931260382,0.3848745073112107,0.03718361711919005,0.03333333333333333
S01,2026-10-20,2,109.1,2026-10-18,115.05270950095388,114.09333784299366,131.09130317953657,146.92037979354728,0.411078643751637,0.26243243086573714,0.03661087866108792,0.1
S02,2026-10-20,2,145.9,2026-10-18,140.95413030148592,148.14031658910883,195.77426780200847,201.9875438972674,0.647966306282079,0.6409841579973934,0.23221352968246667,0.0
S03,2026-10-20,2,94.5,2026-10-18,123.25225399949734,125.74989290413235,172.7413513335829,196.61484438382104,0.3658242070749011,0.7357371073100248,0.04896456511734926,0.03333333333333333
S04,2026-10-20,2,211.8,2026-10-18,121.53000058793158,119.66394197906433,152.85929865387553,153.3100720282979,0.2599701215765275,0.17844191773647905,0.04068108605614362,0.0
S05,2026-10-20,2,94.6,2026-10-18,101.1059494830505,100.5656148845078,111.3495515711527,131.01565002034377,0.20914688654760874,0.08791035545551379,0.03681546249424761,0.0
S06,2026-10-20,2,87.0,2026-10-18,100.72001384550427,100.57603625402312,121.71947371663191,129.73469968335127,0.3671406273868683,0.1755362654202441,0.036192468619246854,0.06666666666666667
S07,2026-10-20,2,109.2,2026-10-18,93.34685071189658,100.23837649227004,116.89187983443713,125.70429153920591,0.2584801572724222,0.053333388301159725,0.03681546249424761,0.0
S08,2026-10-20,2,141.9,2026-10-18,133.88007646343257,132.65198120422136,181.862565059836,196.64073983854755,0.4745919422278919,0.7383322433454937,0.0674643350207087,0.03333333333333333
S09,2026-10-20,2,145.1,2026-10-18,116.36300304519216,115.76237852756371,131.41320939122414,142.96204766335012,0.21410126997238738,0.15088239220185243,0.0388403129314312,0.0
S10,2026-10-20,2,136.4,2026-10-18,128.98839853073434,129.67826085625498,157.98938088365048,167.49439708017897,0.4347462136845138,0.33199660013733867,0.05743212149102628,0.0
S11,2026-10-20,2,75.4,2026-10-18,90.12969463922552,88.39916692062654,99.37359933543195,106.12864283355908,0.1615390629977056,0.021768189351093075,0.03267372296364468,0.0
S12,2026-10-20,2,141.9,2026-10-18,132.18954770730673,129.41854264253482,168.22502456231814,186.95432717477536,0.24083822629768337,0.3622929112546779,0.05660377358490565,0.03333333333333333
S13,2026-10-20,2,133.3,2026-10-18,126.76826928808026,125.21719554876982,156.01914752575615,170.46756717013633,0.3422557829381004,0.639034056869054,0.04330543933054398,0.06666666666666667
S14,2026-10-20,2,100.8,2026-10-18,100.52319149188739,103.4470942479438,121.60794554830734,132.0596184718761,0.40865018026425,0.2429009372071829,0.036192468619246854,0.06666666666666667
S15,2026-10-20,2,112.1,2026-10-18,99.12234932151934,102.54742275491331,119.96373296712258,135.07284207674962,0.28386698656945414,0.20175173090690074,0.03718361711919005,0.03333333333333333
S01,2026-10-21,3,103.8,2026-10-18,124.16977309205285,123.24859083899821,145.87826749620496,172.02527567491057,0.3310234280094158,0.46425830871699003,0.04142259414225946,0.1
S02,2026-10-21,3,163.7,2026-10-18,150.0711938925849,157.29556958511338,178.1674422484709,183.44981180592927,0.566125393427858,0.42574992860560557,0.43000460193281176,0.0
S03,2026-10-21,3,119.1,2026-10-18,132.36931759059632,134.9051459001369,153.9782812238243,178.8841719685408,0.29023869355890214,0.6097376267616786,0.07979751495628162,0.03333333333333333
S04,2026-10-21,3,128.8,2026-10-18,130.64706417903056,128.81919497506888,143.90873236050743,186.00963288542448,0.19937971975606578,0.27113239000276396,0.0549470777726645,0.0
S05,2026-10-21,3,111.2,2026-10-18,110.22301307414948,109.72086788051234,120.56493056502768,147.94945857977697,0.1578746888469329,0.12830363823435337,0.03791992636907504,0.0
S06,2026-10-21,3,87.9,2026-10-18,109.83707743660327,109.73128925002767,130.65604125861893,142.37691219484867,0.2914081025023773,0.20045395311731978,0.03640167364016733,0.06666666666666667
S07,2026-10-21,3,91.8,2026-10-18,102.46391430299556,109.39362948827458,125.58816004676532,135.12980098864236,0.19814403697762595,0.07302540185875385,0.03791992636907504,0.0
S08,2026-10-21,3,145.6,2026-10-18,142.99714005453157,141.8072342002259,166.03574768522728,184.81621786114354,0.39036656912095924,0.5979463510828973,0.13327197422917625,0.03333333333333333
S09,2026-10-21,3,138.3,2026-10-18,125.48006663629113,124.91763152356825,144.76511564687354,156.01538419603273,0.16186309241557006,0.18441976843682178,0.04675563736769439,0.0
S10,2026-10-21,3,103.3,2026-10-18,138.1054621218333,138.83351385225953,157.13386721924564,174.1097392684601,0.3528433611966694,0.2878076615401869,0.10326737229636451,0.0
S11,2026-10-21,3,183.0,2026-10-18,99.2467582303245,97.55441991663109,109.8721429824999,118.23661664747868,0.12016455705421868,0.03264239956380181,0.03561895996318454,0.0
S12,2026-10-21,3,149.3,2026-10-18,141.30661129840573,138.57379563853937,149.66343631447185,156.7561616276426,0.18360055881035917,0.32212533181547254,0.10142659917165209,0.03333333333333333
S13,2026-10-21,3,146.8,2026-10-18,135.88533287917926,134.37244854477436,156.0155497198073,167.91299989158793,0.26947072578555353,0.5102698193067698,0.07050209205020919,0.06666666666666667
S14,2026-10-21,3,88.5,2026-10-18,109.64025508298637,112.60234724394834,129.05310460555634,146.44171659226373,0.3288038501563463,0.35716936300174185,0.03661087866108792,0.06666666666666667
S15,2026-10-21,3,110.5,2026-10-18,108.23941291261832,111.70267575091786,128.54700870297913,147.29030830060495,0.21935793682490048,0.32282097676892696,0.03801196502531068,0.03333333333333333
S01,2026-10-22,4,138.7,2026-10-18,128.35639806812827,127.44405407515328,158.30953861375946,152.92427342880075,0.5384293435194522,0.4855282872067177,0.046861924686192435,0.1
S02,2026-10-22,4,134.4,2026-10-18,154.2578188686603,161.49103282126845,180.99392336935523,185.6644413399241,0.7546634693292519,0.6054025778453128,0.5263690750115049,0.0
S03,2026-10-22,4,142.4,2026-10-18,136.55594256667175,139.10060913629195,158.50256243474252,174.83519912791786,0.49084001550380224,0.7266775876348973,0.10612057063966862,0.03333333333333333
S04,2026-10-22,4,133.9,2026-10-18,134.833689155106,133.01465821122395,147.60213057537396,150.06833524455726,0.36991194009931083,0.20580927477320937,0.06948918545789229,0.0
S05,2026-10-22,4,115.5,2026-10-18,114.40963805022491,113.91633111666741,131.31206002175483,147.37010222020703,0.3064972978170421,0.2135624600740502,0.038564196962724395,0.0
S06,2026-10-22,4,91.8,2026-10-18,114.02370241267869,113.92675248618274,140.8015710751808,148.16632773621694,0.49225710973608333,0.39175379261889826,0.03661087866108792,0.06666666666666667
S07,2026-10-22,4,96.7,2026-10-18,106.65053927907098,113.58909272442965,128.67630568165458,133.5805862448411,0.36810529554971627,0.1467413046029462,0.038564196962724395,0.0
S08,2026-10-22,4,156.9,2026-10-18,147.183765030607,146.00269743638097,169.17805810499257,185.14929359350282,0.6015216588022095,0.7399051998340609,0.19466175793833407,0.03333333333333333
S09,2026-10-22,4,152.7,2026-10-18,129.66669161236655,129.1130947597233,151.33064753985067,154.7477924031306,0.3128455277797449,0.21421313428811847,0.055867464335020656,0.0
S10,2026-10-22,4,137.9,2026-10-18,142.29208709790873,143.0289770884146,161.6781744842971,167.63798730889468,0.5624267736148668,0.35719089374229795,0.1497468936953521,0.0
S11,2026-10-22,4,107.5,2026-10-18,103.43338320639994,101.74988315278615,113.23359975840674,115.70166576937392,0.2435541301047823,0.06710964935458427,0.03718361711919005,0.0
S12,2026-10-22,4,139.9,2026-10-18,145.49323627448115,142.76925887469443,156.43792094788685,162.25900666828073,0.3464772459976352,0.35212555291383096,0.1456971928209848,0.03333333333333333
S13,2026-10-22,4,120.4,2026-10-18,140.07195785525468,138.56791178092942,163.02419439626223,168.24607562394726,0.4651245933912486,0.637150848773846,0.09016736401673642,0.06666666666666667
S14,2026-10-22,4,132.1,2026-10-18,113.8268800590618,116.79781048010341,139.34303344862468,148.62737509874046,0.5359331892406615,0.5148882319199707,0.037029288702928875,0.06666666666666667
S15,2026-10-22,4,102.6,2026-10-18,112.42603788869374,115.89813898707293,136.44904146986158,147.23270308958163,0.39847318541370363,0.4538212968520965,0.0388403129314312,0.03333333333333333
S01,2026-10-23,5,127.9,2026-10-18,132.93725997469585,132.03962902814632,157.57828773242875,194.44283241990647,0.6395276611640767,0.5607484246250205,0.05857740585774063,0.1
S02,2026-10-23,5,132.6,2026-10-18,158.83868077522789,166.0866077742615,180.95418736700444,189.6603959163258,0.8238909201557174,0.8116717666421602,0.6381040036815462,0.0
S03,2026-10-23,5,140.3,2026-10-18,141.1368044732393,143.696184089285,153.34392943531842,176.35322731157945,0.5945119656988427,0.7631559656656741,0.15729406350667285,0.03333333333333333
S04,2026-10-23,5,143.2,2026-10-18,139.41455106167354,137.610233164217,148.5507144513336,153.48430867166923,0.47170498914985987,0.353958231258667,0.09479981592268749,0.0
S05,2026-10-23,5,125.22244897959185,2026-10-18,118.99049995679246,118.51190606966044,130.21843549504166,171.86837675160436,0.4019725914901461,0.3001639506950964,0.04003681546249427,0.0
S06,2026-10-23,5,105.3,2026-10-18,118.60456431924624,118.52232743917577,135.5563387707802,156.78150131527394,0.5958780827850374,0.3377563119709303,0.03744769874476983,0.06666666666666667
S07,2026-10-23,5,109.9,2026-10-18,111.23140118563855,118.18466767742268,129.12869857351828,134.99446128942563,0.469771850965221,0.1341164349018733,0.039760699493787355,0.0
S08,2026-10-23,5,137.5,2026-10-18,151.76462693717454,150.59827238937402,165.82157658375795,182.95941357911175,0.6965880845297859,0.7730568035168618,0.278508973768983,0.03333333333333333
S09,2026-10-23,5,150.9,2026-10-18,134.24755351893413,133.70866971271636,158.43662575550044,171.97326280021733,0.40913169691619267,0.308340983296721,0.07252646111366778,0.0
S10,2026-10-23,5,252.7,2026-10-18,146.8729490044763,147.6245520414076,158.27684021608968,168.1517576881779,0.6615726584593017,0.5336541954669717,0.22135296824666362,0.0
S11,2026-10-23,5,138.0,2026-10-18,108.01424511296749,106.34545810577919,119.91133939682953,121.77726756486753,0.32871597736905084,0.06331788809874955,0.03764381040036813,0.0
S12,2026-10-23,5,153.0,2026-10-18,150.0740981810487,147.36483382768748,151.27241509835497,162.55098574389405,0.4463901907989437,0.4172339455054676,0.21564657156005518,0.03333333333333333
S13,2026-10-23,5,152.2,2026-10-18,144.65281976182223,143.16348673392247,155.37363777434828,166.2700831304375,0.5694395732094296,0.6602029848643238,0.1301255230125523,0.06666666666666667
S14,2026-10-23,5,108.6,2026-10-18,118.40774196562936,121.39338543309644,135.87319348792272,154.11552364254416,0.6372098555610491,0.4364371894459616,0.03870292887029292,0.06666666666666667
S15,2026-10-23,5,131.0,2026-10-18,117.0068997952613,120.49371394006596,128.94900765902474,140.13231273391582,0.5018656437720997,0.32740545368212487,0.04123331799355734,0.03333333333333333
S01,2026-10-24,6,123.5,2026-10-18,128.6514641542776,127.7411358017188,146.17602936641327,147.08155983499535,0.5248983426554434,0.4540990017599039,0.048744769874476956,0.1
S02,2026-10-24,6,148.6,2026-10-18,154.55288495480963,161.78811454783397,178.32076879680977,180.1100289020279,0.7444629603320736,0.661466614847897,0.53382420616659,0.0
S03,2026-10-24,6,144.7,2026-10-18,136.85100865282106,139.39769086285747,154.48488409697165,170.72032663038127,0.47726834145389413,0.7382152716355322,0.10750115048320297,0.03333333333333333
S04,2026-10-24,6,157.6,2026-10-18,135.1287552412553,133.31173993778947,146.7056151497755,148.54646158751567,0.35733728416068744,0.2313532661875973,0.07169811320754715,0.0
S05,2026-10-24,6,116.4,2026-10-18,114.70470413637422,114.21341284323292,121.49680534606678,144.4913910969692,0.29506882971298903,0.2203234714060231,0.038564196962724395,0.0
S06,2026-10-24,6,122.0,2026-10-18,114.31876849882799,114.22383421274824,132.13315677809112,141.7071706861566,0.47868309033093714,0.35937637068199146,0.03661087866108792,0.06666666666666667
S07,2026-10-24,6,124.1,2026-10-18,106.9456053652203,113.88617445099516,126.33839102710665,131.67759847869246,0.35555739800752517,0.14949049126933223,0.038564196962724395,0.0
S08,2026-10-24,6,131.9,2026-10-18,147.4788311167563,146.2997791629465,166.42939611173193,179.4209433454412,0.5884264202631764,0.6796970079630229,0.19788311090658073,0.03333333333333333
S09,2026-10-24,6,141.5,2026-10-18,129.96175769851587,129.41017648628883,147.87922408675266,150.2221836764498,0.30128318603841686,0.20832688088295592,0.05660377358490565,0.0
S10,2026-10-24,6,263.6181818181818,2026-10-18,142.58715318405805,143.3260588149801,158.78674841742907,163.67799678711006,0.5490100170975638,0.38802439608114747,0.15379659456971928,0.0
S11,2026-10-24,6,89.4,2026-10-18,103.72844929254924,102.04696487935168,111.90558814485156,114.49798438252476,0.23368180860614154,0.0684866898566679,0.03718361711919005,0.0
S12,2026-10-24,6,140.2,2026-10-18,145.78830236063044,143.06634060125995,151.20307132636728,157.8858686831497,0.33427658937733945,0.36090239095320364,0.1497468936953521,0.03333333333333333
S13,2026-10-24,6,157.7,2026-10-18,140.36702394140397,138.86499350749494,156.56819250993726,162.69166318605104,0.4516332539245575,0.6129646164107622,0.09079497907949796,0.06666666666666667
S14,2026-10-24,6,108.9,2026-10-18,114.12194614521111,117.09489220666893,129.7574815892481,140.5254286992122,0.5223939222097719,0.4510268213167651,0.037029288702928875,0.06666666666666667
S15,2026-10-24,6,96.8,2026-10-18,112.72110397484306,116.19522071363845,129.54869939202703,141.05842030776986,0.38552167783500185,0.4169501108074695,0.03911642890013811,0.03333333333333333
S01,2026-10-25,7,131.3,2026-10-18,123.58576981353713,122.63776182569865,139.88269614112647,159.1896448773191,0.6065611391026554,0.4221618431902677,0.041004184100418395,0.1
S02,2026-10-25,7,118.1,2026-10-18,149.48719061406916,156.68474057181382,171.83848948658976,177.14972589127385,0.8025802636728827,0.5675894130255694,0.41316152784169347,0.0
S03,2026-10-25,7,127.6,2026-10-18,131.7853143120806,134.29431688683735,145.43005421087938,166.33326802151237,0.5602593485927964,0.655384470320706,0.07445927289461574,0.03333333333333333
S04,2026-10-25,7,128.3,2026-10-18,130.06306090051484,128.20836596176932,136.23013585844214,143.58005036239658,0.43690418207129034,0.1853431403740114,0.05402669121030834,0.0
S05,2026-10-25,7,118.6,2026-10-18,109.63900979563377,109.11003886721278,131.6357069666355,176.21305491519388,0.36872569603494615,0.30468983257418075,0.03791992636907504,0.0
S06,2026-10-25,7,111.3,2026-10-18,109.25307415808754,109.1204602367281,134.58520649579518,161.1536765150803,0.5616557790600252,0.4933912993897622,0.03640167364016733,0.06666666666666667
S07,2026-10-25,7,94.7,2026-10-18,101.87991102447984,108.78280047497502,132.5707624164498,136.75517095761876,0.43499623116256664,0.2073912315457536,0.03791992636907504,0.0
S08,2026-10-25,7,145.0,2026-10-18,142.41313677601585,141.19640518692634,156.8706682008817,175.48092103661983,0.6661155344803068,0.6630023664409032,0.12581684307409113,0.03333333333333333
S09,2026-10-25,7,144.0,2026-10-18,124.89606335777542,124.3068025102687,141.58651966504812,153.46371401800417,0.37566463335281125,0.21492166860396683,0.04638748274275195,0.0
S10,2026-10-25,7,130.0,2026-10-18,137.5214588433176,138.22268483895996,149.61913977927466,160.74456377069686,0.6294540951534712,0.29638957811992034,0.09912563276576158,0.0
S11,2026-10-25,7,99.7,2026-10-18,98.66275495180878,96.94359090333153,122.32442174685673,121.85102202748416,0.2985037523758432,0.10441683484606312,0.03561895996318454,0.0
S12,2026-10-25,7,142.4,2026-10-18,140.72260801989,137.9629666252398,139.38660586298278,155.49330036406218,0.41200051070747057,0.28531048657756275,0.09664058904739992,0.03333333333333333
S13,2026-10-25,7,133.5,2026-10-18,135.30132960066354,133.7616195314748,147.56131322711596,159.3017966027183,0.5347265481156718,0.5484093859516357,0.06841004184100419,0.06666666666666667
S14,2026-10-25,7,123.0,2026-10-18,109.05625180447066,111.99151823064878,127.78578148303397,156.65726548952995,0.6041625622190457,0.5014897413325896,0.03661087866108792,0.06666666666666667
S15,2026-10-25,7,118.1,2026-10-18,107.6554096341026,111.0918467376183,130.0468482206035,151.5254262832387,0.4668058474754613,0.5271317244602829,0.03801196502531068,0.03333333333333333
S01,2026-10-26,8,110.4,2026-10-18,117.91210991465343,117.00226473483882,130.69376441258655,141.1458197391798,0.5370216196936761,0.3363636374419491,0.037029288702928875,0.1
S02,2026-10-26,8,138.0,2026-10-18,143.81353071518546,151.049243480954,166.67910301188255,174.0447271432223,0.7536134474260705,0.4874716654874252,0.28587206626783246,0.0
S03,2026-10-26,8,127.3,2026-10-18,126.11165441319689,128.6588197959775,143.52405215596912,162.81965929855963,0.4894247832388084,0.566984745412998,0.05448688449148642,0.03333333333333333
S04,2026-10-26,8,140.4,2026-10-18,124.38940100163113,122.57286887090947,137.1479989722142,142.00678210390498,0.3685929674371363,0.13573688886310206,0.04279797514956285,0.0
S05,2026-10-26,8,96.2,2026-10-18,103.96534989675006,103.47454177635294,121.10380545477096,143.24778071013233,0.3052948806200188,0.23273680032635208,0.03718361711919005,0.0
S06,2026-10-26,8,93.5,2026-10-18,103.57941425920383,103.48496314586826,131.25831274961823,136.97599953319718,0.4908417304714387,0.33688042779703053,0.036192468619246854,0.06666666666666667
S07,2026-10-26,8,75.7,2026-10-18,96.20625112559613,103.14730338411518,126.89083288233154,131.78333972207653,0.3667890147830252,0.13259745719394866,0.03718361711919005,0.0
S08,2026-10-26,8,140.7,2026-10-18,136.73947687713212,135.5609080960665,151.87904195050925,172.84177377678202,0.6001634649059108,0.5877219831361433,0.08403129314312008,0.03333333333333333
S09,2026-10-26,8,112.5,2026-10-18,119.2224034588917,118.67130541940885,134.69697372757082,145.41169365687972,0.31162939695606157,0.16518460978610988,0.040128854118729906,0.0
S10,2026-10-26,8,132.4,2026-10-18,131.8477989444339,132.58718774810012,147.39584276409943,157.54663318094669,0.5610325696459427,0.23385025839374018,0.06589967786470319,0.0
S11,2026-10-26,8,113.7,2026-10-18,92.98909505292508,91.3080938124717,113.59549482660941,114.9626753639154,0.2425122946892223,0.0789609358531202,0.03377818683847211,0.0
S12,2026-10-26,8,132.4,2026-10-18,135.04894812100628,132.32746953437996,138.51239808601696,151.29409448339646,0.34519605453528146,0.22747148864463032,0.06507132995858256,0.03333333333333333
S13,2026-10-26,8,123.8,2026-10-18,129.6276697017798,128.12612244061498,141.35992481927474,156.31028724500928,0.46371597877571824,0.46806838308176607,0.048953974895397434,0.06666666666666667
S14,2026-10-26,8,72.3,2026-10-18,103.38259190558695,106.35602113978894,127.98721070157589,137.51501805064956,0.5345244339136382,0.4285654435724658,0.03640167364016733,0.06666666666666667
S15,2026-10-26,8,79.9,2026-10-18,101.9817497352189,105.45634964675845,127.99303360383323,139.41240418684342,0.39711655831675624,0.3940813234235733,0.03764381040036813,0.03333333333333333
S01,2026-10-27,9,115.2,2026-10-18,118.41447273121712,117.49180669792344,133.3687547550296,146.3546551131783,0.40551723023645997,0.26243243086573714,0.037029288702928875,0.1
S02,2026-10-27,9,145.6,2026-10-18,144.31589353174914,151.53878544403864,196.39856638838398,202.52639786559823,0.6426975338810895,0.6409841579973934,0.29627243442245743,0.0
S03,2026-10-27,9,129.2,2026-10-18,126.61401722976058,129.1483617590621,174.1959005983001,197.4509395134914,0.3605002589632943,0.7364934697839587,0.055867464335020656,0.03333333333333333
S04,2026-10-27,9,130.9,2026-10-18,124.89176381819482,123.06241083399411,154.8186682446011,153.99573754281215,0.25556588432301514,0.17844191773647905,0.04316612977450529,0.0
S05,2026-10-27,9,86.1,2026-10-18,104.46771271331374,103.96408373943757,114.35199842728562,131.70476182045724,0.20536472351037718,0.08791035545551379,0.03718361711919005,0.0
S06,2026-10-27,9,127.3,2026-10-18,104.08177707576752,103.9745051089529,123.62510074810176,130.19397892170753,0.36180845114192994,0.1755362654202441,0.036192468619246854,0.06666666666666667
S07,2026-10-27,9,107.1,2026-10-18,96.70861394215981,103.63684534719981,119.65832585165066,126.23926757831569,0.2540924950437901,0.053530322804023166,0.03718361711919005,0.0
S08,2026-10-27,9,115.1,2026-10-18,137.24183969369582,136.05045005915113,181.63526142080383,197.7854861110419,0.46885534742619633,0.7390838122270446,0.08559595029912559,0.03333333333333333
S09,2026-10-27,9,113.2,2026-10-18,119.7247662754554,119.16084738249349,134.4140858104838,143.5550031526177,0.21025333214134018,0.15138192817432114,0.04031293143120107,0.0
S10,2026-10-27,9,131.4,2026-10-18,132.35016176099757,133.07672971118475,159.80745311767217,168.011534745086,0.42909790469787495,0.33199660013733867,0.06948918545789229,0.0
S11,2026-10-27,9,94.0,2026-10-18,93.49145786948877,91.79763577555633,102.14544005722972,106.72448715173715,0.15844534383160244,0.022608165581949335,0.03377818683847211,0.0
S12,2026-10-27,9,164.1,2026-10-18,135.55131093756998,132.8170114974646,168.56190690703204,187.19728673399112,0.23665445828893636,0.3622929112546779,0.06801656695812242,0.03333333333333333
S13,2026-10-27,9,128.6,2026-10-18,130.1300325183435,128.6156644036996,157.73735695982273,171.98404488041353,0.3370925143247137,0.6399317435277374,0.04916317991631802,0.06666666666666667
S14,2026-10-27,9,119.6,2026-10-18,103.88495472215064,106.84556310287357,124.07212107455004,134.4171607973887,0.403099133250188,0.243617718179987,0.03640167364016733,0.06666666666666667
S15,2026-10-27,9,133.6,2026-10-18,102.48411255178257,105.94589160984309,122.53618369477441,135.56507402016388,0.2792106512374126,0.20805964438251912,0.03764381040036813,0.03333333333333333
S01,2026-10-28,10,121.3,2026-10-18,127.5315363223161,126.64705969392799,148.31861687591442,171.25998467964592,0.325945638945542,0.46425830871699003,0.04414225941422589,0.1
S02,2026-10-28,10,136.7,2026-10-18,153.43295712284814,160.69403844004316,179.50473552329004,183.9886657742601,0.5604626164822079,0.42574992860560557,0.5121951219512195,0.0
S03,2026-10-28,10,137.4,2026-10-18,135.73108082085955,138.30361475506666,155.7535067848942,179.52070078331553,0.28551951201499526,0.6106637818836275,0.09949378739070414,0.03333333333333333
S04,2026-10-28,10,132.6,2026-10-18,134.00882740929381,132.21766382999866,146.10671029093194,186.49573208504307,0.1957304699121758,0.27113239000276396,0.06497929130234703,0.0
S05,2026-10-28,10,88.5,2026-10-18,113.58477630441273,113.11933673544212,123.56380482400245,148.4390040649948,0.15483818822601425,0.12830363823435337,0.038196042337781844,0.0
S06,2026-10-28,10,101.0,2026-10-18,113.1988406668665,113.12975810495745,132.59767554502486,142.63662511830927,0.28667758673477994,0.20045395311731978,0.03661087866108792,0.06666666666666667
S07,2026-10-28,10,102.4,2026-10-18,105.8256775332588,112.79209834320436,128.44889148483028,135.66284510708957,0.19451190908695987,0.0732894201449443,0.038196042337781844,0.0
S08,2026-10-28,10,135.4,2026-10-18,146.3589032847948,145.20570305515568,166.52143873463876,185.9609641336379,0.38490222838379967,0.5988820803538057,0.1829728485964105,0.03333333333333333
S09,2026-10-28,10,113.6,2026-10-18,128.84182986655438,128.31610037849802,148.08132498775242,156.40877337040462,0.15876434264666037,0.18500614652960373,0.05439484583525078,0.0
S10,2026-10-28,10,151.7,2026-10-18,141.46722535209656,142.2319827071893,159.26639213051757,174.62687693336716,0.3476047794849786,0.2878076615401869,0.13787390704095726,0.0
S11,2026-10-28,10,116.2,2026-10-18,102.60852146058775,100.95288877156086,112.74294869578172,118.8305290449942,0.11775194161682044,0.033887446676963334,0.03681546249424761,0.0
S12,2026-10-28,10,158.7,2026-10-18,144.66837452866895,141.97226449346914,150.52158803020444,156.9991211868584,0.1801751209501724,0.32212533181547254,0.1349286700414174,0.03333333333333333
S13,2026-10-28,10,144.5,2026-10-18,139.24709610944248,137.77091739970413,158.05443545022658,169.42947760186513,0.2649631639058119,0.5112428106394032,0.08493723849372381,0.06666666666666667
S14,2026-10-28,10,115.53877551020408,2026-10-18,113.00201831324961,116.00081609887812,131.79166866769367,148.59969260288065,0.32374363173427106,0.35806386631239323,0.03661087866108792,0.06666666666666667
S15,2026-10-28,10,93.2,2026-10-18,111.60117614288156,115.10114460584764,131.1158868334728,147.78060832335666,0.2154414224145283,0.3313429692483868,0.0388403129314312,0.03333333333333333
