sensor_id,target_date,h,y,cutoff,persistence,mean7,ridge,ridge_strong,elasticnet,huber,hgb,xgb,lgbm,extra_trees,random_forest,ridge+xgb,ridge+lgbm,ridge+extra_trees
S01,2026-09-14,1,83.3,2026-09-13,81.6,109.97142857142856,89.21333351433475,89.02043275875262,92.7952971823223,86.16962008126895,89.27421073298412,90.8370310647147,89.01116662646773,90.28518925672161,94.90566915145526,90.02518228952472,89.11225007040125,89.74926138552817
S02,2026-09-14,1,122.0,2026-09-13,120.1,121.67142857142856,117.89688737229089,117.50386459532216,118.90849768264053,115.71456011187914,113.98517767683948,113.41344822474888,114.10857631328872,116.4329383389368,117.92152480443573,115.65516779851988,116.00273184278981,117.16491285561384
S03,2026-09-14,1,108.4,2026-09-13,89.2,115.88571428571427,110.51451454587433,110.46497123816803,113.00871118027983,107.14331706337835,105.48654671526043,105.93787359510148,107.56415252056982,114.29914510144935,114.73454545026068,108.2261940704879,109.03933353322208,112.40682982366184
S04,2026-09-14,1,88.5,2026-09-13,100.2,90.52857142857144,97.1733976598835,97.67941143445431,96.98890216780576,95.73640928872595,95.35762827453524,93.19029838017056,102.94397385040476,95.79447893451983,106.58012920345243,95.18184802002703,100.05868575514413,96.48393829720166
S05,2026-09-14,1,61.3,2026-09-13,89.7,83.41428571428571,85.43353642217828,84.9335288685083,85.64213295753851,81.85606270251857,80.73881795922496,80.66362314905439,80.20656073089079,81.2799507378135,81.4040308435072,83.04857978561634,82.82004857653453,83.35674357999588
S06,2026-09-14,1,67.2,2026-09-13,77.9,87.47142857142856,85.46319656780022,85.58625069189532,88.28697895677503,81.54726102012147,82.00048149200475,82.65264338084629,79.96072235088683,84.47535253067393,83.42884412731237,84.05791997432326,82.71195945934352,84.96927454923707
S07,2026-09-14,1,65.0,2026-09-13,81.3,77.28571428571429,75.51314004148107,74.51886077876124,75.80345133946027,71.41274184722727,70.28192513683753,69.63560117994037,70.24763719747577,76.92159071593366,77.25018009760119,72.57437061071072,72.88038861947842,76.21736537870737
S08,2026-09-14,1,109.5,2026-09-13,114.3,115.81428571428572,110.43679890428645,110.09700573420672,111.43305583111157,109.22698643687905,108.6314316740978,110.2358369418553,106.90735846121721,108.18149748173572,107.3889036508015,110.33631792307088,108.67207868275183,109.30914819301108
S09,2026-09-14,1,98.8,2026-09-13,103.2,103.75714285714285,100.2896734170396,100.14305961365284,101.98804917271417,98.15088344739668,103.32460725253684,101.20213229996817,100.32971403262134,102.79984435112122,104.6201294824241,100.74590285850388,100.30969372483047,101.54475888408041
S10,2026-09-14,1,109.2,2026-09-13,103.2,109.21428571428571,104.36916778282979,103.84518419384182,105.36610633286934,102.55650758327532,101.24788569641122,101.96554885591779,102.03562537100586,105.04657457339617,104.19628462664673,103.16735831937379,103.20239657691783,104.70787117811298
S11,2026-09-14,1,57.0,2026-09-13,79.8,72.57142857142857,76.73026306387418,76.82103666630421,78.60335160479528,73.17538486300685,75.44678903423062,78.5548117501395,77.3392508018692,75.3932859917838,76.2116342320869,77.64253740700684,77.03475693287169,76.06177452782899
S12,2026-09-14,1,138.8,2026-09-13,116.0,125.25714285714285,118.80657097795557,118.97289853094719,120.38703830724641,117.96224810110529,111.15101092707155,112.0332859311785,110.61464985288437,118.34541375722006,115.07392888685037,115.41992845456704,114.71061041541998,118.57599236758782
S13,2026-09-14,1,109.2,2026-09-13,90.9,109.35714285714286,108.56092088203434,107.83979394277385,108.23675015150472,106.34271627149316,103.40882433024665,105.12445299965995,106.6460673986488,107.42584973681295,107.6878595554478,106.84268694084714,107.60349414034157,107.99338530942364
S14,2026-09-14,1,97.3,2026-09-13,102.9,88.10000000000001,87.50535701172663,88.28312642764787,90.25621996582787,83.83375952077792,86.93902794791484,87.77826858162881,87.18339008818091,87.49205975494543,88.24467519964449,87.64181279667773,87.34437354995377,87.49870838333604
S15,2026-09-14,1,62.5,2026-09-13,75.6,82.02857142857142,84.71820182743517,83.5768792885171,84.39569097490296,80.86324304780123,83.43106675567716,82.90895855597087,81.10090530049965,82.14577188550136,82.68587749103759,83.81358019170301,82.9095535639674,83.43198685646826
S01,2026-09-15,2,99.0,2026-09-13,81.6,109.97142857142856,88.02446210771093,87.88720544741905,91.7251755284417,86.4560114685467,92.16257838287794,91.71953266688755,89.6358249809364,90.34617121333899,93.75465478540481,89.87199738729925,88.83014354432368,89.18531666052496
S02,2026-09-15,2,143.9,2026-09-13,120.1,121.67142857142856,116.70801596566707,116.3706372839886,117.83837602875994,116.00095149915691,114.78386363590499,115.32890976497104,116.80088130617604,113.94369851170127,114.26947077102322,116.01846286531907,116.75444863592156,115.32585723868416
S03,2026-09-15,2,109.2,2026-09-13,89.2,115.88571428571427,109.32564313925052,109.33174392683448,111.93858952639923,107.42970845065611,105.5603432822856,106.52232145581925,106.7069871937939,108.9534448622058,108.7449316635983,107.92398229753488,108.01631516652222,109.13954400072816
S04,2026-09-15,2,128.2,2026-09-13,100.2,90.52857142857144,95.98452625325969,96.54618412312074,95.91878051392517,96.02280067600373,91.59351426396852,92.23389715126584,91.06289770925903,92.4090640963209,95.04368551455865,94.10921170226277,93.52371198125937,94.1967951747903
S05,2026-09-15,2,59.7,2026-09-13,89.7,83.41428571428571,84.24466501555446,83.80030155717473,84.57201130365792,82.14245408979633,77.71682610319739,78.64729219164167,80.4199543802889,81.4990606275809,79.12844359514234,81.44597860359806,82.33230969792169,82.87186282156767
S06,2026-09-15,2,78.7,2026-09-13,77.9,87.47142857142856,84.2743251611764,84.45302338056175,87.21685730289443,81.83365240739924,83.32108398018511,81.9134594781058,86.95952251041027,85.09582664632107,83.74938428652737,83.0938923196411,85.61692383579333,84.68507590374874
S07,2026-09-15,2,73.1,2026-09-13,81.3,77.28571428571429,74.32426863485725,73.38563346742768,74.73332968557966,71.69913323450504,69.53321302571659,68.09176553998675,72.69557579631493,73.57140129856995,71.17428189378315,71.20801708742201,73.50992221558609,73.9478349667136
S08,2026-09-15,2,111.2,2026-09-13,114.3,115.81428571428572,109.24792749766263,108.96377842287316,110.36293417723098,109.5133778241568,112.75462301147503,114.06439562525068,111.87713511153348,109.97335828427187,107.89293078483664,111.65616156145666,110.56253130459805,109.61064289096726
S09,2026-09-15,2,90.3,2026-09-13,103.2,103.75714285714285,99.10080201041578,99.00983230231927,100.91792751883357,98.43727483467445,97.14618374415649,99.46410115105765,98.24773285157917,101.8944067423905,102.27105348579265,99.2824515807367,98.67426743099747,100.49760437640313
S10,2026-09-15,2,106.1,2026-09-13,103.2,109.21428571428571,103.18029637620597,102.71195688250825,104.29598467898873,102.84289897055308,98.03097100378682,101.50779710497174,101.8265440071586,105.43906526253456,105.12504683517841,102.34404674058885,102.5034201916823,104.30968081937027
S11,2026-09-15,2,63.2,2026-09-13,79.8,72.57142857142857,75.54139165725036,75.68780935497064,77.53322995091467,73.46177625028463,76.91602077288114,75.21385029384068,76.25882320508782,71.14536975710512,72.396103038665,75.37762097554551,75.90010743116909,73.34338070717774
S12,2026-09-15,2,125.3,2026-09-13,116.0,125.25714285714285,117.61769957133176,117.83967121961362,119.31691665336581,118.24863948838306,116.84850237567179,117.86671717507498,117.4126876663989,116.63946158395625,114.77543602278168,117.74220837320337,117.51519361886533,117.128580577644
S13,2026-09-15,2,123.1,2026-09-13,90.9,109.35714285714286,107.37204947541052,106.70656663144028,107.16662849762412,106.62910765877093,100.55950613757662,104.54978554589408,105.85288873837857,104.28052962407732,104.80891107318486,105.96091751065231,106.61246910689454,105.82628954974392
S14,2026-09-15,2,61.3,2026-09-13,102.9,88.10000000000001,86.31648560510281,87.14989911631432,89.18609831194726,84.12015090805568,83.04466859321812,84.8599973678589,86.69442547976166,86.16959059250495,85.42041925768969,85.58824148648085,86.50545554243223,86.24303809880388
S15,2026-09-15,2,44.5,2026-09-13,75.6,82.02857142857142,83.52933042081135,82.44365197718353,83.32556932102236,81.149634435079,79.56449533094495,80.09588080814906,80.93612703021195,80.72391494599142,81.66646820569694,81.8126056144802,82.23272872551165,82.1266226834014
S01,2026-09-16,3,81.3,2026-09-13,81.6,109.97142857142856,96.40704960575333,96.07824071718517,98.38283767549643,96.18827980664528,98.80746776330332,96.28611248561313,98.2484533461632,96.85794429819553,97.1405894630269,96.34658104568322,97.32775147595827,96.63249695197443
S02,2026-09-16,3,115.7,2026-09-13,120.1,121.67142857142856,125.09060346370948,124.5616725537547,124.49603817581466,125.73321983725548,121.95826678848405,121.82600219079426,123.25051347086327,124.24681659696925,124.1187518044803,123.45830282725187,124.17055846728638,124.66871003033937
S03,2026-09-16,3,124.0,2026-09-13,89.2,115.88571428571427,117.70823063729293,117.52277919660058,118.59625167345395,117.16197678875469,114.56001312523516,114.69298421655381,114.413299828431,117.6970893187855,115.34841658324824,116.20060742692337,116.06076523286197,117.70265997803921
S04,2026-09-16,3,99.3,2026-09-13,100.2,90.52857142857144,104.36711375130209,104.73721939288686,102.5764426609799,105.75506901410229,99.08153800800575,101.29724914005826,101.2064364824113,103.16589273363869,103.09357349912746,102.83218144568016,102.78677511685669,103.76650324247038
S05,2026-09-16,3,81.9,2026-09-13,89.7,83.41428571428571,92.62725251359686,91.99133682694085,91.22967345071264,91.87472242789491,88.92117322808464,88.9563499041966,91.12649019428605,93.38893805969461,95.56920216748304,90.79180120889673,91.87687135394145,93.00809528664573
S06,2026-09-16,3,85.0,2026-09-13,77.9,87.47142857142856,92.65691265921882,92.64405865032786,93.87451944994916,91.5659207454978,90.52753980835399,91.33008855410984,90.87721065836277,96.44551322626228,92.96647349625843,91.99350060666433,91.7670616587908,94.55121294274053
S07,2026-09-16,3,101.5,2026-09-13,81.3,77.28571428571429,82.70685613289966,81.57666873719378,81.3909918326344,81.4314015726036,75.38094156794438,77.930136518819,77.6612555258393,80.69988020737517,78.66721498568748,80.31849632585933,80.18405582936947,81.70336817013742
S08,2026-09-16,3,95.8,2026-09-13,114.3,115.81428571428572,117.63051499570503,117.15481369263927,117.0205963242857,119.24564616225538,115.89415114191857,115.46422295655523,114.83458843950451,116.85600452429735,114.32683542563419,116.54736897613013,116.23255171760476,117.2432597600012
S09,2026-09-16,3,111.4,2026-09-13,103.2,103.75714285714285,107.48338950845819,107.20086757208539,107.57558966588829,108.16954317277302,108.82649509498695,110.01170046670096,108.35300368460146,111.75484990140859,109.51645893152697,108.74754498757957,107.91819659652982,109.61911970493338
S10,2026-09-16,3,121.3,2026-09-13,103.2,109.21428571428571,111.56288387424837,110.90299215227436,110.95364682604345,112.57516730865166,108.94656001445506,110.30429444994245,110.95791063070543,110.84034813513038,109.5004448442083,110.93358916209542,111.2603972524769,111.20161600468938
S11,2026-09-16,3,82.3,2026-09-13,79.8,72.57142857142857,83.92397915529276,83.87884462473676,84.1908920979694,83.19404458838319,84.18240811899493,85.2577269417899,86.67561820637364,84.28013649834878,85.70959155263233,84.59085304854133,85.29979868083319,84.10205782682077
S12,2026-09-16,3,141.8,2026-09-13,116.0,125.25714285714285,126.00028706937415,126.03070648937972,125.97457880042053,127.98090782648163,117.58543299630408,118.45461161477225,118.80128471714886,124.11122400633919,120.19499531799337,122.2274493420732,122.40078589326151,125.05575553785667
S13,2026-09-16,3,120.2,2026-09-13,90.9,109.35714285714286,115.75463697345292,114.89760190120639,113.82429064467884,116.3613759968695,109.63591369046041,112.7467350278582,112.46143902478995,112.3195494934474,111.69663896455343,114.25068600065555,114.10803799912144,114.03709323345015
S14,2026-09-16,3,81.7,2026-09-13,102.9,88.10000000000001,94.69907310314521,95.34093438608042,95.84376045900198,93.85241924615426,94.6930047483746,95.66395626068116,97.19480136306083,98.9822622289526,101.20119764195013,95.18151468191319,95.94693723310303,96.84066766604892
S15,2026-09-16,3,111.1,2026-09-13,75.6,82.02857142857142,91.91191791885375,90.63468724694965,89.9832314680771,90.88190277317756,90.215133947965,90.31479102543422,90.67979623468722,91.72984168882317,93.22732301528674,91.11335447214398,91.29585707677049,91.82087980383847
S01,2026-09-17,4,83.6,2026-09-13,81.6,109.97142857142856,102.03197809037327,101.54261904511898,102.08415814775081,100.22907944440013,101.49226186769397,103.1720387322562,103.32931095182428,103.44200973974692,99.69021537298919,102.60200841131473,102.68064452109877,102.7369939150601
S02,2026-09-17,4,158.0,2026-09-13,120.1,121.67142857142856,130.7155319483294,130.02605088168852,128.19735864806904,129.77401947501033,128.22085635047858,125.58921850749424,127.87524230368017,127.4599222616872,127.97091665147967,128.15237522791182,129.29538712600478,129.0877271050083
S03,2026-09-17,4,122.9,2026-09-13,89.2,115.88571428571427,123.33315912191286,122.98715752453441,122.29757214570833,121.20277642650953,121.46371167025173,118.99553012166703,117.70564594406065,121.13864048508285,118.24172087577897,121.16434462178995,120.51940253298676,122.23589980349786
S04,2026-09-17,4,128.1,2026-09-13,100.2,90.52857142857144,109.99204223592203,110.20159772082067,106.27776313323427,109.79586865185715,103.08407861106315,104.75842410496304,105.07653782645836,103.82877706109407,103.21438894819828,107.37523317044253,107.5342900311902,106.91040964850805
S05,2026-09-17,4,66.8,2026-09-13,89.7,83.41428571428571,98.25218099821679,97.45571515487467,94.93099392296702,95.91552206564975,92.0791282307509,90.39330726351056,92.06451029130545,93.77534562688855,96.33891420829073,94.32274413086367,95.15834564476111,96.01376331255267
S06,2026-09-17,4,91.7,2026-09-13,77.9,87.47142857142856,98.28184114383875,98.10843697826168,97.57583992220354,95.60672038325265,91.99522645536747,92.43340176173618,90.64986960586965,95.7384274385229,92.9564674640718,95.35762145278747,94.4658553748542,97.01013429118083
S07,2026-09-17,4,79.8,2026-09-13,81.3,77.28571428571429,88.33178461751959,87.0410470651276,85.09231230488876,85.47220121035846,80.8755035652968,80.6387609413692,79.03941320965218,81.66985465311319,79.27475973298428,84.48527277944439,83.68559891358589,85.00081963531639
S08,2026-09-17,4,116.7,2026-09-13,114.3,115.81428571428572,123.25544348032497,122.61919202057308,120.72191679654009,123.28644580001023,132.63429412822774,128.4116911479405,129.25099828431405,122.13214311686846,118.07544166604765,125.83356731413274,126.25322088231951,122.69379329859672
S09,2026-09-17,4,140.5,2026-09-13,103.2,103.75714285714285,113.10831799307812,112.6652459000192,111.27691013814267,112.21034281052786,112.75268513703776,112.59273798806326,110.33115967819155,112.10422161473615,110.43044074032125,112.8505279905707,111.71973883563484,112.60626980390714
S10,2026-09-17,4,113.8,2026-09-13,103.2,109.21428571428571,117.18781235886831,116.36737048020818,114.65496729829783,116.6159669464065,115.95814978830263,115.14883695329938,116.33503829461401,116.97064901330481,112.19172444792606,116.16832465608385,116.76142532674116,117.07923068608656
S11,2026-09-17,4,86.4,2026-09-13,79.8,72.57142857142857,89.5489076399127,89.34322295267057,87.89221257022378,87.23484422613805,92.60907296912059,89.63609341212681,92.4551077398483,89.97144367585146,87.97974002214238,89.59250052601976,91.0020076898805,89.76017565788209
S12,2026-09-17,4,120.9,2026-09-13,116.0,125.25714285714285,131.62521555399408,131.49508481731354,129.6758992726749,132.02170746423647,126.28218393550557,126.06779553038733,124.66835440286431,128.85982152076377,124.73988549209733,128.8465055421907,128.1467849784292,130.24251853737894
S13,2026-09-17,4,132.3,2026-09-13,90.9,109.35714285714286,121.37956545807286,120.36198022914022,117.52561111693322,120.40217563462436,118.96371067658241,117.072776726314,121.06057425531895,118.50061665112025,115.9808545341856,119.22617109219343,121.22006985669591,119.94009105459656
S14,2026-09-17,4,82.2,2026-09-13,102.9,88.10000000000001,100.32400158776515,100.80531271401424,99.54508093125636,97.8932188839091,97.83226847219188,97.26383838653565,100.49159518186543,99.09560742923242,101.64955119263017,98.7939199871504,100.4077983848153,99.70980450849879
S15,2026-09-17,4,93.5,2026-09-13,75.6,82.02857142857142,97.53684640347369,96.09906557488347,93.68455194033146,94.92270241093242,96.08418296628443,94.45086127689906,95.1630773590999,94.05966126839922,94.2274906599699,95.99385384018638,96.34996188128679,95.79825383593646
S01,2026-09-18,5,107.2,2026-09-13,81.6,109.97142857142856,105.6312866108307,105.01903807619819,104.96326154330987,104.20194606563119,111.95382481308765,107.70815151759555,108.0451112410314,102.17769718157109,100.38076362385473,106.66971906421313,106.83819892593105,103.9044918962009
S02,2026-09-18,5,124.1,2026-09-13,120.1,121.67142857142856,134.31484046878685,133.50246991276774,131.0764620436281,133.74688609624138,131.75749033265234,130.26830853053502,132.1884103995465,132.3677681818619,132.04863812744162,132.29157449966095,133.25162543416667,133.34130432532436
S03,2026-09-18,5,276.9,2026-09-13,89.2,115.88571428571427,126.9324676423703,126.46357655561361,125.1766755412674,125.17564304774059,124.95141006558377,124.2089288166591,125.4012417004931,128.30499221876005,127.02879673929858,125.5706982295147,126.16685467143171,127.61872993056517
S04,2026-09-18,5,135.6,2026-09-13,100.2,90.52857142857144,113.59135075637946,113.67801675189988,109.15686652879333,113.7687352730882,105.8639942714262,107.17403346470425,105.6402718177488,105.58649518461777,106.02350020631651,110.38269211054185,109.61581128706413,109.58892297049861
S05,2026-09-18,5,97.1,2026-09-13,89.7,83.41428571428571,101.85148951867423,100.93213418595387,97.81009731852609,99.8883886868808,91.04729434378137,91.0052099772862,93.05423246537383,93.17407661137037,93.64179845209705,96.4283497479802,97.45286099202403,97.51278306502229
S06,2026-09-18,5,103.9,2026-09-13,77.9,87.47142857142856,101.88114966429619,101.58485600934088,100.4549433177626,99.57958700448371,96.19456933735015,95.14122932979038,96.2714084540385,97.86753929560692,93.96584648907712,98.51118949704329,99.07627905916735,99.87434447995156
S07,2026-09-18,5,94.8,2026-09-13,81.3,77.28571428571429,91.93109313797703,90.5174660962068,87.97141570044784,89.44506783158951,75.18265468093304,80.77226723943438,80.05945315583824,81.83002382551498,78.52026878273266,86.3516801887057,85.99527314690764,86.88055848174601
S08,2026-09-18,5,192.0,2026-09-13,114.3,115.81428571428572,126.8547520007824,126.0956110516523,123.60102019209914,127.25931242124129,127.10900528994095,126.14387174333845,128.77269995473682,129.1435710574505,130.15237411885224,126.49931187206042,127.81372597775962,127.99916152911644
S09,2026-09-18,5,100.8,2026-09-13,103.2,103.75714285714285,116.70762651353556,116.1416649310984,114.15601353370174,116.18320943175893,118.27580078693168,117.48282988412039,116.79027214898173,117.90286849672385,116.87506036115929,117.09522819882798,116.74894933125864,117.30524750512971
S10,2026-09-18,5,133.1,2026-09-13,103.2,109.21428571428571,120.78712087932574,119.84378951128738,117.5340706938569,120.58883356763756,120.4468685914198,119.81238256181989,120.54784955021064,122.14882173652312,119.33016311721282,120.29975172057281,120.66748521476819,121.46797130792443
S11,2026-09-18,5,67.4,2026-09-13,79.8,72.57142857142857,93.14821616037014,92.81964198374979,90.77131596578283,91.2077108473691,88.09159503900223,87.18596771785191,92.09973784402573,84.85220108411643,86.59489811638156,90.16709193911103,92.62397700219793,89.00020862224329
S12,2026-09-18,5,171.5,2026-09-13,116.0,125.25714285714285,135.22452407445152,134.97150384839276,132.55500266823398,135.99457408546755,131.28540958437367,129.06778104645866,133.53046455704416,136.58243523293996,137.95102003265563,132.1461525604551,134.37749431574784,135.90347965369574
S13,2026-09-18,5,130.3,2026-09-13,90.9,109.35714285714286,124.97887397853029,123.83839926021942,120.40471451249229,124.37504225585542,121.10463932432056,122.84486525399345,123.37247438981979,122.10246511476464,121.9428682243766,123.91186961626187,124.17567418417504,123.54066954664746
S14,2026-09-18,5,106.0,2026-09-13,102.9,88.10000000000001,103.92331010822258,104.28173174509345,102.42418432681544,101.86608550514015,102.74938519066536,99.44638977050782,103.20680419195222,101.98408810973118,101.27105215474242,101.6848499393652,103.5650571500874,102.95369910897688
S15,2026-09-18,5,81.3,2026-09-13,75.6,82.02857142857142,101.13615492393112,99.57548460596267,96.56365533589053,98.89556903216348,94.84758733300407,93.74531108311244,93.81054282166062,91.32596677216947,94.11876465723172,97.44073300352179,97.47334887279587,96.23106084805029
S01,2026-09-19,6,104.3,2026-09-13,81.6,109.97142857142856,103.42408826855213,102.85100641732274,103.0968143607044,100.01761968416291,103.0553892301986,100.63833683558872,102.62449647460282,99.18215104879705,98.75295473526639,102.03121255207043,103.02429237157747,101.3031196586746
S02,2026-09-19,6,104.5,2026-09-13,120.1,121.67142857142856,132.10764212650827,131.33443825389227,129.21001486102261,129.5625597147731,127.91123810071186,126.80519856044224,126.47154341411245,126.68863251730508,126.69415148168602,129.45642034347526,129.28959277031035,129.3981373219067
S03,2026-09-19,6,120.4,2026-09-13,89.2,115.88571428571427,124.72526930009172,124.29554489673816,123.31022835866192,120.99131666627231,119.79328151518534,118.87178134237016,118.00759246786689,120.5194985734397,117.49565165101845,121.79852532123094,121.3664308839793,122.62238393676571
S04,2026-09-19,6,106.2,2026-09-13,100.2,90.52857142857144,111.38415241410088,111.50998509302443,107.29041934618786,109.58440889161992,104.13265780260512,105.99992686680386,105.15484687877697,103.90993495587855,104.03189668997717,108.69203964045238,108.26949964643893,107.64704368498971
S05,2026-09-19,6,98.1,2026-09-13,89.7,83.41428571428571,99.64429117639565,98.76410252707842,95.9436501359206,95.70406230541252,93.95370515744551,93.72002988542829,92.62754540601397,93.3602588391495,95.47313667578395,96.68216053091197,96.1359182912048,96.50227500777257
S06,2026-09-19,6,90.4,2026-09-13,77.9,87.47142857142856,99.6739513220176,99.41682435046543,98.58849613515713,95.39526062301543,93.29276534196765,95.8390662057059,92.56463009299605,96.08668562530436,93.02265730830993,97.75650876386175,96.11929070750682,97.88031847366098
S07,2026-09-19,6,94.6,2026-09-13,81.3,77.28571428571429,89.72389479569844,88.34943443733135,86.10496851784237,85.26074145012123,79.40442443592816,82.23747171674457,80.35017440997315,80.36250164631801,79.1360341167745,85.98068325622151,85.0370346028358,85.04319822100823
S08,2026-09-19,6,122.1,2026-09-13,114.3,115.81428571428572,124.64755365850382,123.92757939277685,121.73457300949367,123.07498603977301,118.95499302799841,120.069115121024,119.5878795023142,119.45732497230112,117.25636999152222,122.35833438976391,122.11771658040901,122.05243931540247
S09,2026-09-19,6,99.3,2026-09-13,103.2,103.75714285714285,114.50042817125697,113.97363327222297,112.28956635109625,111.99888305029064,112.90692871302569,114.68542273385184,110.85710961691173,111.97657990934896,111.15293494469933,114.5929254525544,112.67876889408436,113.23850404030296
S10,2026-09-19,6,106.4,2026-09-13,103.2,109.21428571428571,118.57992253704717,117.67575785241193,115.66762351125142,116.40450718616928,111.62148614063224,114.8740929194859,111.2115540417833,113.67286987537729,111.4014034761947,116.72700772826653,114.89573828941523,116.12639620621223
S11,2026-09-19,6,96.1,2026-09-13,79.8,72.57142857142857,90.94101781809155,90.65161032487433,88.90486878317736,87.02338446590082,92.65856592355048,93.87928989955357,97.64894845432964,88.12867610474096,89.02026669201999,92.41015385882255,94.29498313621059,89.53484696141626
S12,2026-09-19,6,111.1,2026-09-13,116.0,125.25714285714285,133.01732573217294,132.80347218951732,130.6885554856285,131.81024770399927,122.42390157045485,123.57662947518484,123.32037143231261,126.05940640025358,124.17550576323194,128.2969776036789,128.1688485822428,129.53836606621326
S13,2026-09-19,6,132.9,2026-09-13,90.9,109.35714285714286,122.77167563625171,121.67036760134397,118.5382673298868,120.19071587438712,114.23445984096709,117.04681485039848,115.82874903004364,116.16577018550838,114.09634643313257,119.9092452433251,119.30021233314767,119.46872291088005
S14,2026-09-19,6,96.5,2026-09-13,102.9,88.10000000000001,101.716111765944,102.113700086218,100.55773714420995,97.68175912367187,99.35466104216553,100.31802425384522,100.42618126130452,98.71072032353774,101.18263804837673,101.01706800989461,101.07114651362426,100.21341604474088
S15,2026-09-19,6,111.9,2026-09-13,75.6,82.02857142857142,98.92895658165254,97.40745294708722,94.69720815328506,94.71124265069518,93.16141246886207,94.62916022709437,94.39636822178409,91.7372758099382,94.0070956937571,96.77905840437346,96.66266240171831,95.33311619579537
S01,2026-09-20,7,104.2,2026-09-13,81.6,109.97142857142856,97.72605939370695,97.28789061472969,99.29039490728886,93.5374021574346,97.25394050686504,95.0721041543143,96.8286362948577,94.698200435042,96.99052151573552,96.39908177401063,97.27734784428233,96.21212991437447
S02,2026-09-20,7,117.3,2026-09-13,120.1,121.67142857142856,126.40961325166309,125.77132245129924,125.4035954076071,123.08234218804479,116.92135811929475,119.61303318568638,116.68463633893349,114.26307210271493,116.95692339517913,123.01132321867473,121.54712479529829,120.33634267718901
S03,2026-09-20,7,121.4,2026-09-13,89.2,115.88571428571427,119.02724042524653,118.73242909414512,119.50380890524639,114.511099139544,106.92454741642402,113.4022960594722,111.87609951479635,111.71217112013015,110.53729189863115,116.21476824235937,115.45166997002144,115.36970577268835
S04,2026-09-20,7,98.8,2026-09-13,100.2,90.52857142857144,105.6861235392557,105.94686929043138,103.48399989277232,103.1041913648916,98.29013004093514,99.55037814549038,98.20156793318975,98.69134714925342,101.01118588840392,102.61825084237304,101.94384573622273,102.18873534425455
S05,2026-09-20,7,67.2,2026-09-13,89.7,83.41428571428571,93.94626230155046,93.20098672448538,92.13723068250508,89.22384477868421,89.28510067303735,89.0778737613133,88.41388881580744,93.32431434802633,94.6864189000636,91.51206803143188,91.18007555867895,93.63528832478839
S06,2026-09-20,7,68.1,2026-09-13,77.9,87.47142857142856,93.97592244717242,93.8537085478724,94.78207668174159,88.91504309628712,94.601662428433,91.14276069232395,93.92743395338064,95.88054613890161,91.13120707817234,92.55934156974818,93.95167820027653,94.92823429303701
S07,2026-09-20,7,93.7,2026-09-13,81.3,77.28571428571429,84.02586592085326,82.78631863473832,82.29854906442682,78.78052392339292,78.15960415826856,78.27394654069629,76.68175812010374,81.47022146419492,79.09099747496548,81.14990623077477,80.3538120204785,82.74804369252409
S08,2026-09-20,7,110.4,2026-09-13,114.3,115.81428571428572,118.94952478365865,118.3644635901838,117.92815355607813,116.5947685130447,108.96110815279268,111.96113105501448,108.11415637499775,110.87139160977412,110.6200038390989,115.45532791933655,113.53184057932819,114.91045819671638
S09,2026-09-20,7,115.5,2026-09-13,103.2,103.75714285714285,108.80239929641179,108.41051746962992,108.48314689768073,105.51866552356233,107.72602469861006,108.9773834500994,106.8299951857074,109.52395861276125,108.6365713057469,108.8898913732556,107.8161972410596,109.16317895458653
S10,2026-09-20,7,116.6,2026-09-13,103.2,109.21428571428571,112.88189366220199,112.1126420498189,111.86120405783589,109.92428965944097,106.3085962976472,109.13451644565377,108.54476429215933,109.85946402339518,108.51737648634658,111.00820505392788,110.71332897718065,111.37067884279858
S11,2026-09-20,7,71.5,2026-09-13,79.8,72.57142857142857,85.24298894324637,85.0884945222813,85.09844932976183,80.54316693917251,85.1165467500261,83.99909237452916,86.64729174247964,82.38721769714056,82.52851185053731,84.62104065888776,85.945140342863,83.81510332019346
S12,2026-09-20,7,131.0,2026-09-13,116.0,125.25714285714285,127.31929685732776,127.24035638692426,126.88213603221297,125.33003017727094,116.39441871039799,115.89768298012869,115.45669378628602,116.89426766933752,116.15815836927464,121.60848991872822,121.3879953218069,122.10678226333263
S13,2026-09-20,7,121.2,2026-09-13,90.9,109.35714285714286,117.07364676140654,116.10725179875092,114.73184787647128,113.71049834765881,108.10825479205265,112.6102227483477,109.76919738020108,108.9484134577576,110.48288258503686,114.84193475487712,113.4214220708038,113.01103010958207
S14,2026-09-20,7,74.8,2026-09-13,102.9,88.10000000000001,96.01808289109883,96.55058428362496,96.75131769079442,91.20154159694356,96.77281651003513,96.03458557128907,97.01430836700945,99.32428193925807,100.39819415548686,96.02633423119394,96.51619562905414,97.67118241517845
S15,2026-09-20,7,107.9,2026-09-13,75.6,82.02857142857142,93.23092770680736,91.84433714449419,90.89078869986952,88.23102512396687,85.39538828638042,88.94681149891444,85.73500066872406,86.24005327226986,89.45078342234652,91.08886960286091,89.4829641877657,89.73549048953862
S01,2026-09-21,8,97.3,2026-09-13,81.6,109.97142857142856,92.62694422938335,92.29666905415722,94.96034029983106,89.99425750833902,90.45691446098662,92.38025730678012,91.23687761365926,90.02525337582512,95.07023286477543,92.50360076808174,91.93191092152131,91.32609880260424
S02,2026-09-21,8,123.9,2026-09-13,120.1,121.67142857142856,121.31049808733951,120.78010089072677,121.07354080014929,119.53919753894921,114.36725123577806,115.16833199092319,115.15559905561034,116.37821133631734,118.08340199468398,118.23941503913136,118.23304857147492,118.84435471182843
S03,2026-09-21,8,99.4,2026-09-13,89.2,115.88571428571427,113.92812526092295,113.74120753357265,115.17375429778858,110.9679544904484,105.38443727669653,107.3663880756923,109.2350044288623,114.20171998464414,114.71980262322118,110.64725666830762,111.58156484489263,114.06492262278354
S04,2026-09-21,8,96.3,2026-09-13,100.2,90.52857142857144,100.58700837493211,100.95564772985891,99.15394528531452,99.56104671579602,98.93246332101795,94.38903480938504,104.67295123404398,98.72004428880034,108.14339848049337,97.48802159215857,102.62997980448804,99.65352633186623
S05,2026-09-21,8,90.3,2026-09-13,89.7,83.41428571428571,88.84714713722688,88.2097651639129,87.80717607504727,85.68070012958863,82.07405209922194,82.26088386263166,81.95529065202726,82.8372393223664,82.60349009512642,85.55401549992928,85.40121889462708,85.84219322979664
S06,2026-09-21,8,150.9,2026-09-13,77.9,87.47142857142856,88.87680728284884,88.86248698729992,90.45202207428379,85.37189844719154,84.23678671676414,84.43774527141025,82.09790528557532,85.82932982420125,84.48703338093563,86.65727627712954,85.48735628421208,87.35306855352505
S07,2026-09-21,8,74.0,2026-09-13,81.3,77.28571428571429,78.92675075652969,77.79509707416584,77.96849445696903,75.23737927429734,71.10390904384587,71.05548252378192,73.72423026109544,77.58199615675962,77.86099354429912,74.99111664015581,76.32549050881256,78.25437345664466
S08,2026-09-21,8,93.1,2026-09-13,114.3,115.81428571428572,113.85040961933505,113.37324202961133,113.59809894862033,113.0516238639491,109.17403258133649,111.30202146257673,107.80217802659274,108.59290046798,107.69575132065889,112.5762155409559,110.82629382296389,111.22165504365753
S09,2026-09-21,8,105.2,2026-09-13,103.2,103.75714285714285,103.70328413208821,103.41929590905745,104.15309229022293,101.97552087446675,104.93967348801858,102.85766328913824,101.63828961942242,104.32973548123006,105.64367030012356,103.28047371061322,102.67078687575531,104.01650980665914
S10,2026-09-21,8,100.8,2026-09-13,103.2,109.21428571428571,107.7827784978784,107.12142048924642,107.53114945037808,106.38114501034539,101.82493516559532,103.77984700884137,103.55008565863731,105.48380877320068,104.52557015590658,105.78131275335988,105.66643207825786,106.63329363553953
S11,2026-09-21,8,59.6,2026-09-13,79.8,72.57142857142857,80.14387377892278,80.09727296170881,80.76839472230404,77.00002229007693,78.11125476283745,79.31323364802769,79.20933117451317,77.7084588747504,77.1540580705845,79.72855371347524,79.67660247671797,78.9261663268366
S12,2026-09-21,8,99.9,2026-09-13,116.0,125.25714285714285,122.22018169300418,122.24913482635179,122.55208142475517,121.78688552817536,111.60867825611568,113.7031324659075,111.70901505910308,118.59270711806869,115.34832777136226,117.96165707945585,116.96459837605363,120.40644440553643
S13,2026-09-21,8,112.5,2026-09-13,90.9,109.35714285714286,111.97453159708294,111.11603023817845,110.40179326901348,110.16735369856323,103.40694927767349,106.71313803536552,107.03308034557584,107.65922850078033,107.96096405767544,109.34383481622423,109.5038059713294,109.81688004893164
S14,2026-09-21,8,72.8,2026-09-13,102.9,88.10000000000001,90.91896772677524,91.55936272305249,92.42126308333663,87.65839694784798,90.3414051389809,89.42572340965272,88.02747362132071,89.5346901819329,89.51746144645169,90.17234556821398,89.47322067404798,90.22682895435406
S15,2026-09-21,8,83.5,2026-09-13,75.6,82.02857142857142,88.13181254248377,86.8531155839217,86.56073409241172,84.68788047487129,85.53247533551043,83.6820848601205,82.65661154380041,84.87842509149924,83.57452371764312,85.90694870130213,85.39421204314209,86.50511881699151
S01,2026-09-22,9,96.7,2026-09-13,81.6,109.97142857142856,91.43807282275955,91.16344174282366,93.89021864595045,90.28064889561678,94.38928590165716,93.38236492701938,92.07202752103755,90.56325595437417,94.36134581501435,92.41021887488947,91.75505017189855,91.00066438856686
S02,2026-09-22,9,144.4,2026-09-13,120.1,121.67142857142856,120.12162668071569,119.6468735793932,120.0034191462687,119.82558892622697,116.38760087051985,117.42227638789585,118.18492141240304,113.69986411164336,114.02941767472296,118.77195153430577,119.15327404655937,116.91074539617952
S03,2026-09-22,9,116.7,2026-09-13,89.2,115.88571428571427,112.73925385429914,112.60798022223908,114.10363264390799,111.25434587772618,107.35606734318942,108.11630272184098,108.22901038412427,108.93450900640417,108.52318294668191,110.42777828807006,110.4841321192117,110.83688143035165
S04,2026-09-22,9,102.3,2026-09-13,100.2,90.52857142857144,99.3981369683083,99.82242041852535,98.08382363143392,99.84743810307378,94.06933642123276,93.59809571674893,92.48350247422768,93.05478383684942,95.47378680293579,96.49811634252862,95.94081972126799,96.22646040257885
S05,2026-09-22,9,96.9,2026-09-13,89.7,83.41428571428571,87.65827573060307,87.07653785257934,86.73705442116668,85.96709151686639,78.54935454726784,80.43586450304304,81.5352883652329,83.66252017271789,80.91746083269042,84.04707011682305,84.59678204791798,85.66039795166049
S06,2026-09-22,9,80.0,2026-09-13,77.9,87.47142857142856,87.68793587622503,87.72925967596636,89.38190042040318,85.6582898344693,85.59999556025772,83.88987296649387,88.88651865190786,87.43911086186326,85.67328984435319,85.78890442135945,88.28722726406644,87.56352336904413
S07,2026-09-22,9,74.9,2026-09-13,81.3,77.28571428571429,77.73787934990587,76.66186976283228,76.89837280308842,75.5237706615751,71.40717043061657,69.6578232220241,76.52708934123952,75.44223541781534,72.77808656652263,73.69785128596499,77.13248434557269,76.5900573838606
S08,2026-09-22,9,119.1,2026-09-13,114.3,115.81428571428572,112.66153821271124,112.24001471827776,112.52797729473973,113.33801525122688,113.70763951942027,115.1554872580937,112.90037376384049,109.71012473760948,107.89249537044847,113.90851273540247,112.78095598827586,111.18583147516036
S09,2026-09-22,9,120.9,2026-09-13,103.2,103.75714285714285,102.5144127254644,102.28606859772388,103.08297063634232,102.26191226174451,100.40139267538176,101.2850940976824,99.82171699392575,102.33196086587185,102.81330610360885,101.8997534115734,101.16806485969508,102.42318679566813
S10,2026-09-22,9,89.8,2026-09-13,103.2,109.21428571428571,106.59390709125458,105.98819317791285,106.46102779649749,106.66753639762315,99.8296841486472,103.48756204332624,103.33829917228856,105.27461120942415,104.79989805631769,105.0407345672904,104.96610313177158,105.93425915033936
S11,2026-09-22,9,59.1,2026-09-13,79.8,72.57142857142857,78.95500237229896,78.96404565037525,79.69827306842343,77.28641367735469,78.13077109675275,76.0688898903983,77.57720050711455,72.11195383299382,72.78668236161828,77.51194613134862,78.26610143970676,75.5334781026464
S12,2026-09-22,9,231.6,2026-09-13,116.0,125.25714285714285,121.03131028638036,121.11590751501822,121.48195977087457,122.07327691545312,118.35017349549261,119.63979895455496,118.40554824092783,116.50957825750805,114.7383049556411,120.33555462046766,119.71842926365409,118.7704442719442
S13,2026-09-22,9,117.1,2026-09-13,90.9,109.35714285714286,110.78566019045913,109.98280292684488,109.33167161513288,110.45374508584099,102.45546458447117,106.30393355233329,106.56553399227086,104.21064511311431,104.68767752558433,108.54479687139622,108.67559709136499,107.49815265178671
S14,2026-09-22,9,100.0,2026-09-13,102.9,88.10000000000001,89.73009632015143,90.42613541171892,91.35114142945602,87.94478833512574,86.1593237093212,86.6040729045868,87.02075621216109,87.71335205736537,86.83384033830588,88.16708461236911,88.37542626615627,88.7217241887584
S15,2026-09-22,9,67.4,2026-09-13,75.6,82.02857142857142,86.94294113585997,85.71988827258815,85.49061243853112,84.97427186214905,80.75554422382471,80.96562439373561,82.57554516666607,82.3152042086272,83.14689231591613,83.9542827647978,84.75924315126302,84.62907267224358
S01,2026-09-23,10,91.8,2026-09-13,81.6,109.97142857142856,99.82066032080195,99.35447701258977,100.54788079300519,100.01291723371536,101.19526572275794,98.09146565028598,100.89132306546236,96.752603854899,97.5716611460573,98.95606298554397,100.35599169313215,98.28663208785048
S02,2026-09-23,10,118.0,2026-09-13,120.1,121.67142857142856,128.50421417875808,127.8379088491593,126.66108129332342,129.55785726432555,123.52082187599446,124.12348664828708,125.15159425929058,124.43019122346445,124.36117161976485,126.31385041352257,126.82790421902433,126.46720270111126
S03,2026-09-23,10,136.9,2026-09-13,89.2,115.88571428571427,121.12184135234153,120.7990154920052,120.76129479096271,120.98661421582474,116.58251122724702,116.38362997089112,116.6085411352547,118.12034060408118,115.64002584712654,118.75273566161633,118.86519124379811,119.62109097821136
S04,2026-09-23,10,106.7,2026-09-13,100.2,90.52857142857144,107.7807244663507,108.01345568829146,104.74148577848865,109.57970644117236,101.23002530018778,102.4360221045358,102.92081994344278,104.96687511351053,104.16310765447663,105.10837328544325,105.35077220489674,106.37379978993062
S05,2026-09-23,10,93.4,2026-09-13,89.7,83.41428571428571,96.04086322864546,95.26757312234545,93.3947165682214,95.69935985496497,89.30520414743876,90.74689298357282,91.65923890274803,93.70619163704352,96.03529750104117,93.39387810610914,93.85005106569675,94.8735274328445
S06,2026-09-23,10,95.1,2026-09-13,77.9,87.47142857142856,96.07052337426742,95.92029494573246,96.03956256745792,95.39055817256788,92.1910418315896,93.30847233363559,91.92173647265984,96.60551915489351,93.55225443685093,94.68949785395151,93.99612992346363,96.33802126458048
S07,2026-09-23,10,81.4,2026-09-13,81.3,77.28571428571429,86.12046684794826,84.85290503259839,83.55603495014316,85.25603899967368,76.43809143387958,79.38583268438067,81.68754899029518,81.56544298544301,80.00866549014579,82.75314976616447,83.90400791912172,83.84295491669565
S08,2026-09-23,10,127.1,2026-09-13,114.3,115.81428571428572,121.04412571075365,120.43104998804387,119.18563944179446,123.07028358932544,116.86232570228213,116.83155639852797,116.19871779167359,117.36477735952029,115.15870915094192,118.93784105464081,118.62142175121362,119.20445153513697
S09,2026-09-23,10,102.4,2026-09-13,103.2,103.75714285714285,110.8970002235068,110.47710386748999,109.74063278339705,111.99418059984309,112.31889321103164,111.92936499459402,109.77675378359596,112.96508211744055,110.60359971362298,111.41318260905041,110.33687700355138,111.93104117047366
S10,2026-09-23,10,124.9,2026-09-13,103.2,109.21428571428571,114.97649458929699,114.17922844767897,113.11868994355221,116.39980473572173,110.87833536866333,112.38072310175214,112.51432835459498,111.82058378294883,110.13388414063087,113.67860884552456,113.74541147194599,113.39853918612292
S11,2026-09-23,10,95.0,2026-09-13,79.8,72.57142857142857,87.33758987034138,87.15508092014136,86.35593521547815,87.01868201545327,84.70383647040154,85.99311283656529,88.51005411624406,85.90098693094211,86.15991694532192,86.66535135345333,87.92382199329272,86.61928840064174
S12,2026-09-23,10,132.0,2026-09-13,116.0,125.25714285714285,129.41389778442277,129.30694278478433,128.1396219179293,131.80554525355168,119.7075532492001,121.02794010979788,120.10455933594741,124.63126080460654,120.9773730858099,125.22091894711033,124.7592285601851,127.02257929451466
S13,2026-09-23,10,250.5,2026-09-13,90.9,109.35714285714286,119.16824768850154,118.173838196611,115.9893337621876,120.18601342393957,112.13125030976772,114.59755556924003,113.73999269133557,113.32696590832523,112.6665731155954,116.88290162887078,116.45412018991856,116.24760679841339
S14,2026-09-23,10,161.7,2026-09-13,102.9,88.10000000000001,98.11268381819383,98.61717068148502,98.00880357651074,97.67705667322431,97.26274860121256,97.50469646453858,97.84574690832069,99.5769129891386,101.45417666475234,97.80869014136621,97.97921536325725,98.84479840366622
S15,2026-09-23,10,84.8,2026-09-13,75.6,82.02857142857142,95.32552863390237,93.91092354235425,92.14827458558585,94.70654020024763,90.68607470393042,91.06487780979701,92.34299159489473,92.87709031191716,93.33692172109394,93.19520322184968,93.83426011439855,94.10130947290976
S01,2026-09-21,1,97.3,2026-09-20,104.2,94.70000000000002,95.35304733236347,96.85659589575323,97.90608110004285,93.5531797917993,103.76025927755212,101.36964578628542,98.8321956502556,96.52479662696913,99.58611588511172,98.36134655932445,97.09262149130953,95.9389219796663
S02,2026-09-21,1,123.9,2026-09-20,117.3,126.5,120.46279366711777,120.41716898675777,121.3839236912765,118.70397194264116,115.99526691630355,116.46201610565186,112.53452624630488,119.91408977500932,117.31160354943088,118.4624048863848,116.49865995671132,120.18844172106354
S03,2026-09-21,1,99.4,2026-09-20,121.4,140.45714285714286,106.57785007965926,108.69651997338963,113.7017728242349,104.32485528842709,108.2305202448228,117.00563910348075,115.92992981286869,117.96551007009074,121.42120592843784,111.79174459157,111.25388994626397,112.271680074875
S04,2026-09-21,1,96.3,2026-09-20,98.8,112.1,104.67051536285763,104.78178903234333,105.1511808534585,103.07934061966907,103.98802303460381,107.96420202255248,106.96606719187669,108.57057129113241,113.25129763009997,106.31735869270506,105.81829127736717,106.62054332699502
S05,2026-09-21,1,90.3,2026-09-20,67.2,76.0142857142857,79.98983413503463,80.84303095736631,79.48830494095957,78.18578865594782,75.54479766334805,74.77724221433911,71.55670839667626,72.18760633374467,70.06757287935264,77.38353817468686,75.77327126585544,76.08872023438965
S06,2026-09-21,1,150.9,2026-09-20,68.1,83.57142857142857,84.87663837841609,85.563161145256,86.40253799625805,81.87845915993069,78.24276954469198,79.71549800464085,74.6893329465878,77.59900049941741,73.84730538385958,82.29606819152846,79.78298566250194,81.23781943891674
S07,2026-09-21,1,74.0,2026-09-20,93.7,86.07142857142857,83.23009233831422,83.95860551609259,85.7930011978385,79.82243408210213,79.23663838332484,77.59009293147496,75.38147365339825,78.6116338393523,75.71806947402989,80.4100926348946,79.30578299585623,80.92086308883326
S08,2026-09-21,1,93.1,2026-09-20,110.4,122.52857142857144,111.1549703444594,110.00169504379308,110.05377324360103,110.42306076085478,110.45919077921292,110.37887126377652,105.87811517168464,110.97472851731143,112.92813016633424,110.76692080411796,108.51654275807202,111.06484943088542
S09,2026-09-21,1,105.2,2026-09-20,115.5,108.08571428571429,104.28578257388148,103.96865497069606,104.56641705578134,102.44442033689975,98.94351905022029,101.49827665601458,98.21739368328303,107.9702364106884,108.50653508535007,102.89202961494803,101.25158812858226,106.12800949228495
S10,2026-09-21,1,100.8,2026-09-20,116.6,115.21428571428571,112.34035042623326,112.65379132233288,113.66743744428346,110.6964699060118,114.59517854549466,112.72695551599774,110.43375688455355,113.5783840610232,114.59039775264176,112.5336529711155,111.3870536553934,112.95936724362824
S11,2026-09-21,1,59.6,2026-09-20,71.5,74.84285714285714,76.73554992521022,76.71257332268546,76.63095548332714,74.1023402027064,72.96408086500888,70.75890328543527,67.77297791299995,70.91742604776434,68.76584911722713,73.74722660532274,72.25426391910509,73.82648798648728
S12,2026-09-21,1,99.9,2026-09-20,131.0,134.34285714285716,125.53864259263943,124.74950130672813,125.75237789904858,124.27355844527958,122.97149019620927,120.01115300314768,117.2098713708249,127.17640839619511,126.41126297466532,122.77489779789356,121.37425698173217,126.35752549441727
S13,2026-09-21,1,112.5,2026-09-20,121.2,124.17142857142858,118.78567305610038,119.14107268729045,120.91406861837378,116.52630558483457,113.1959422861095,119.0986756188529,117.35683332748089,120.89641769768383,122.16849519956268,118.94217433747664,118.07125319179063,119.84104537689211
S14,2026-09-21,1,72.8,2026-09-20,74.8,85.6857142857143,88.04239991529518,87.87300454561621,87.6152336699039,84.99026186459855,86.47245407888819,84.2412950209209,82.61917846274906,81.23650345005835,84.4325496175851,86.14184746810804,85.33078918902211,84.63945168267676
S15,2026-09-21,1,83.5,2026-09-20,107.9,87.52857142857144,84.27033314225073,84.90625156162749,84.52172691021437,80.97377706935208,86.60603775451692,81.48752337864468,86.0609102966376,82.88676541717285,85.3913855675739,82.87892826044771,85.16562171944418,83.5785492797118
S01,2026-09-22,2,96.7,2026-09-20,104.2,94.70000000000002,94.53093959280446,96.07793693483039,97.13653594406698,94.19577370549777,103.22796892066745,99.85126657485964,98.126348763089,95.54615176399608,100.25565820075047,97.19110308383205,96.32864417794673,95.03854567840027
S02,2026-09-22,2,144.4,2026-09-20,117.3,126.5,119.64068592755875,119.63851002583493,120.61437853530062,119.34656585633964,120.2628022484173,120.25125455856323,119.11852369641765,122.63697341352383,118.21872786808257,119.945970243061,119.3796048119882,121.1388296705413
S03,2026-09-22,2,116.7,2026-09-20,121.4,140.45714285714286,105.75574234010023,107.91786101246679,112.93222766825903,104.96744920212558,114.91904891283808,121.45739653451102,116.58945668789407,120.99050512802245,122.9633359834692,113.60656943730562,111.17259951399714,113.37312373406134
S04,2026-09-22,2,102.3,2026-09-20,98.8,112.1,103.84840762329861,104.00313007142049,104.38163569748264,103.72193453336756,102.30404746007645,105.8957305908203,105.17025373824363,107.47798320274862,108.28552852854283,104.87206910705946,104.50933068077111,105.66319541302362
S05,2026-09-22,2,96.9,2026-09-20,67.2,76.0142857142857,79.1677263954756,80.06437199644347,78.7187597849837,78.8283825696463,70.81693356368046,72.08118811334882,71.79395644399065,70.10985466379765,67.31071735623561,75.6244572544122,75.48084141973312,74.63879052963662
S06,2026-09-22,2,80.0,2026-09-20,68.1,83.57142857142857,84.05453063885707,84.78450218433316,85.63299284028218,82.52105307362916,74.73380980623779,76.97075584956578,77.04260531017279,75.97498932659491,72.67029126227877,80.51264324421143,80.54856797451492,80.01475998272599
S07,2026-09-22,2,74.9,2026-09-20,93.7,86.07142857142857,82.4079845987552,83.17994655516976,85.02345604186264,80.46502799580061,77.28023155529583,76.44319180079869,77.3582494919356,78.13789732780502,74.52720830571526,79.42558819977694,79.8831170453454,80.27294096328012
S08,2026-09-22,2,119.1,2026-09-20,110.4,122.52857142857144,110.33286260490038,109.22303608287025,109.28422808762517,111.06565467455326,115.67592449339062,113.95676547459195,112.69309041682047,115.5016384050263,115.52415054454826,112.14481403974617,111.51297651086043,112.91725050496333
S09,2026-09-22,2,120.9,2026-09-20,115.5,108.08571428571429,103.46367483432246,103.18999600977322,103.79687189980548,103.08701425059823,100.25985904012198,101.19747490201678,100.31067356962056,105.12749583408791,104.68484318766389,102.33057486816962,101.8871742019715,104.29558533420519
S10,2026-09-22,2,89.8,2026-09-20,116.6,115.21428571428571,111.51824268667424,111.87513236141004,112.89789228830759,111.33906381971028,111.68118834609254,111.43283925737653,109.48046010143383,115.41175604564584,115.38113112406114,111.47554097202539,110.49935139405403,113.46499936616004
S11,2026-09-22,2,59.1,2026-09-20,71.5,74.84285714285714,75.91344218565119,75.93391436176262,75.86141032735128,74.74493411640488,71.46058083306073,68.1175363268171,70.2112398510364,70.97795776630848,74.0036676217104,72.01548925623415,73.0623410183438,73.44569997597984
S12,2026-09-22,2,231.6,2026-09-20,131.0,134.34285714285716,124.71653485308042,123.9708423458053,124.98283274307272,124.91615235897805,125.11170383377522,126.0763919557844,124.32635098353627,129.55396293012535,127.51024563932855,125.39646340443241,124.52144291830834,127.13524889160288
S13,2026-09-22,2,117.1,2026-09-20,121.2,124.17142857142858,117.96356531654136,118.3624137263676,120.14452346239791,117.16889949853307,117.75620389509386,119.66748655864171,120.03470666267401,123.57748670360147,123.49288824599672,118.81552593759153,118.99913598960768,120.77052601007142
S14,2026-09-22,2,100.0,2026-09-20,74.8,85.6857142857143,87.22029217573615,87.09434558469337,86.84568851392802,85.63285577829703,80.4269627497742,80.54625705991474,78.73447460139579,76.94911853663422,73.75136772397823,83.88327461782544,82.97738338856597,82.08470535618518
S15,2026-09-22,2,67.4,2026-09-20,107.9,87.52857142857144,83.4482254026917,84.12759260070465,83.7521817542385,81.61637098305056,79.59768475281255,78.02114325932095,78.76088063779507,77.70158194399225,75.31874562685826,80.73468433100632,81.10455302024339,80.57490367334198
S01,2026-09-23,3,91.8,2026-09-20,104.2,94.70000000000002,102.97715462889155,104.3522552285597,103.85794633993501,103.80864269472433,111.23329217810019,108.95382804870607,107.86806746415952,108.32958759678007,110.11199017491614,105.96549133879881,105.42261104652553,105.65337111283581
S02,2026-09-23,3,118.0,2026-09-20,117.3,126.5,128.08690096364586,127.91282831956424,127.33578893116865,128.9594348455662,120.44356926362335,122.53692245483398,119.33916388923049,123.55655149195414,119.96742525787322,125.31191170923992,123.71303242643818,125.8217262278
S03,2026-09-23,3,136.9,2026-09-20,121.4,140.45714285714286,114.20195737618734,116.1921793061961,119.65363806412707,114.58031819135212,118.48561523215821,119.46535971505301,118.10937451268003,121.84697361979576,122.84475018005737,116.83365854562018,116.15566594443368,118.02446549799156
S04,2026-09-23,3,106.7,2026-09-20,98.8,112.1,112.29462265938571,112.27744836514981,111.10304609335067,113.33480352259411,112.26217309640091,114.7597409248352,112.5721352803237,113.13854407737239,112.63088374464768,113.52718179211045,112.43337896985472,112.71658336837905
S05,2026-09-23,3,93.4,2026-09-20,67.2,76.0142857142857,87.6139414315627,88.33869029017279,85.44017018085174,88.44125155887285,83.01078912421414,82.86829105104718,82.3929387868214,83.37448133207987,86.79599796729659,85.24111624130494,85.00344010919204,85.49421138182129
S06,2026-09-23,3,95.1,2026-09-20,68.1,83.57142857142857,92.50074567494417,93.05882047806247,92.35440323615022,92.13392206285572,86.71921990401545,88.05819061824253,85.474037656356,89.28501631762849,89.98526616322684,90.27946814659336,88.98739166565008,90.89288099628632
S07,2026-09-23,3,81.4,2026-09-20,93.7,86.07142857142857,90.8541996348423,91.45426484889907,91.74486643773068,90.07789698502717,89.41652891798725,86.43208018371037,87.43966162584626,95.04169979866779,90.43991440727666,88.64313990927633,89.14693063034429,92.94794971675505
S08,2026-09-23,3,127.1,2026-09-20,110.4,122.52857142857144,118.77907764098748,117.49735437659956,116.0056384834932,120.67852366377981,117.78315074544771,116.07024079731534,113.83328181082302,117.37560519534735,116.9810614484363,117.42465921915141,116.30617972590525,118.0773414181674
S09,2026-09-23,3,102.4,2026-09-20,115.5,108.08571428571429,111.90988987040956,111.46431430350255,110.51828229567352,112.69988323982479,105.10743126996921,106.77462572370257,105.02282211816954,110.56717881559624,108.11289669522967,109.34225779705606,108.46635599428956,111.2385343430029
S10,2026-09-23,3,124.9,2026-09-20,116.6,115.21428571428571,119.96445772276134,120.14945065513935,119.61930268417562,120.95193280893683,122.99599012016795,120.15778241838727,116.84761589365183,118.75120374456351,118.39656327951857,120.0611200705743,118.40603680820658,119.35783073366242
S11,2026-09-23,3,95.0,2026-09-20,71.5,74.84285714285714,84.3596572217383,84.20823265549194,82.58282072321931,84.35780310563143,82.69443974110033,79.24813582556588,79.1785738906576,84.32036865409859,84.6027391590475,81.8038965236521,81.76911555619796,84.34001293791844
S12,2026-09-23,3,132.0,2026-09-20,131.0,134.34285714285716,133.16274988916751,132.24516063953462,131.70424313894074,134.5290213482046,130.10855774223944,126.36587693350657,125.17619746812535,130.83041550905776,128.3966324096524,129.76431341133704,129.16947367864643,131.99658269911265
S13,2026-09-23,3,250.5,2026-09-20,121.2,124.17142857142858,126.40978035262846,126.63673202009691,126.86593385826595,126.78176848775962,126.63112649464878,126.15449918338231,124.46680926952598,126.29879777270064,126.45463360451183,126.28213976800538,125.43829481107721,126.35428906266455
S14,2026-09-23,3,161.7,2026-09-20,74.8,85.6857142857143,95.66650721182326,95.36866387842268,93.56709890979607,95.24572476752358,94.00330854214107,92.03113750730243,91.3822743005403,91.69982748410963,94.63226180480873,93.84882235956285,93.52439075618179,93.68316734796645
S15,2026-09-23,3,84.8,2026-09-20,107.9,87.52857142857144,91.89444043877882,92.40191089443395,90.47359215010654,91.22923997227711,94.468510155714,89.27318233421872,92.91440184987978,95.05736862151112,94.73641821658465,90.58381138649877,92.40442114432929,93.47590453014496
S01,2026-09-24,4,109.5,2026-09-20,104.2,94.70000000000002,108.45899527652753,109.69308056808553,107.4403904339202,107.74832312496409,113.50919313747886,111.0723831176758,112.27112807556951,110.83932396431128,111.71505775931865,109.76568919710166,110.36506167604853,109.64915962041941
S02,2026-09-24,4,141.4,2026-09-20,117.3,126.5,133.56874161128184,133.25365365909008,130.91823302515382,132.89911527580597,130.32125465696976,128.5922577381134,127.75222195012886,130.12577974677308,125.87774695617875,131.08049967469762,130.66048178070534,131.84726067902744
S03,2026-09-24,4,118.5,2026-09-20,121.4,140.45714285714286,119.68379802382331,121.53300464572192,123.23608215811225,118.5199986215919,126.35844113505387,125.47684481484549,124.84399218710412,129.58326900584143,125.68289636400615,122.58032141933441,122.26389510546372,124.63353351483238
S04,2026-09-24,4,103.9,2026-09-20,98.8,112.1,117.77646330702169,117.61827370467563,114.68549018733586,117.27448395283388,114.38133316592695,116.44101200103759,115.25871184584562,115.72640647048206,115.21751391505946,117.10873765402964,116.51758757643366,116.75143488875187
S05,2026-09-24,4,111.4,2026-09-20,67.2,76.0142857142857,93.09578207919867,93.67951562969861,89.02261427483691,92.38093198911261,87.94108701769635,86.95615163530621,86.28187250670024,85.84093380301374,87.79167230129914,90.02596685725244,89.68882729294945,89.4683579411062
S06,2026-09-24,4,96.5,2026-09-20,68.1,83.57142857142857,97.98258632258015,98.39964581758831,95.9368473301354,96.07360249309548,89.10610724669938,89.89188746043614,88.29536542623465,90.7136668011274,90.7019344139944,93.93723689150815,93.13897587440741,94.34812656185377
S07,2026-09-24,4,95.3,2026-09-20,93.7,86.07142857142857,96.33604028247828,96.7950901884249,95.32731053171585,94.01757741526694,86.91513604827696,87.66463390418461,87.54760412630635,94.0808489445384,90.27985092026344,92.00033709333144,91.94182220439231,95.20844461350833
S08,2026-09-24,4,122.3,2026-09-20,110.4,122.52857142857144,124.26091828862346,122.83817971612538,119.58808257747837,124.61820409401957,123.56428527012831,122.34472817352841,120.02933759922307,120.60680777456913,119.77807344961042,123.30282323107593,122.14512794392326,122.4338630315963
S09,2026-09-24,4,128.7,2026-09-20,115.5,108.08571428571429,117.39173051804553,116.80513964302837,114.10072638965869,116.63956367006455,114.88346964501024,111.73548335347857,111.98140965912916,114.57736487394048,111.02668969195166,114.56360693576205,114.68657008858735,115.984547695993
S10,2026-09-24,4,92.7,2026-09-20,116.6,115.21428571428571,125.44629837039732,125.49027599466518,123.20174677816081,124.89161323917659,128.32418552561222,122.51349244798932,121.31364903317171,125.20748593070927,124.14685699491281,123.97989540919332,123.37997370178451,125.32689215055329
S11,2026-09-24,4,63.4,2026-09-20,71.5,74.84285714285714,89.84149786937427,89.54905799501776,86.1652648172045,88.2974835358712,82.12297723087092,80.80712916510446,81.55795781790759,85.84658540024083,84.28542839704036,85.32431351723936,85.69972784364093,87.84404163480755
S12,2026-09-24,4,127.4,2026-09-20,131.0,134.34285714285716,138.6445905368035,137.58598597906044,135.28668723292594,138.46870177844437,135.31689591958124,132.8561953510557,131.6351182788222,135.23057629138327,132.08485393785514,135.7503929439296,135.13985440781283,136.93758341409338
S13,2026-09-24,4,136.9,2026-09-20,121.2,124.17142857142858,131.89162100026442,131.97755735962275,130.44837795225112,130.7214489179994,131.7847793517575,128.75697125026159,130.61545561388948,132.8149896622509,131.59393040853536,130.324296125263,131.25353830707695,132.35330533125767
S14,2026-09-24,4,74.3,2026-09-20,74.8,85.6857142857143,101.14834785945922,100.70948921794852,97.14954300378125,99.18540519776334,97.44651434728623,93.86483339582172,92.82130450440644,92.4059843206746,94.82874356484908,97.50659062764046,96.98482618193283,96.77716609006691
S15,2026-09-24,4,94.5,2026-09-20,107.9,87.52857142857144,97.37628108641478,97.74273623395979,94.05603624409171,95.16892040251689,93.89263959301398,91.96881276539395,95.7680986431393,94.54520914708547,95.01419142520233,94.67254692590436,96.57218986477704,95.96074511675013
S01,2026-09-25,5,192.0,2026-09-20,104.2,94.70000000000002,113.63331834762529,114.71916860434708,111.6190169158211,112.18465530323456,120.90004635177615,118.58252258300783,118.6757905004994,115.36618147402227,121.61253334425355,116.10792046531657,116.15455442406235,114.49974991082378
S02,2026-09-25,5,121.8,2026-09-20,117.3,126.5,138.74306468237958,138.27974169535162,135.09685950705475,137.33544745407642,155.24715112948985,154.5012149810791,153.9151235445405,154.13744019253625,152.51638774829973,146.62213983172933,146.32909411346003,146.4402524374579
S03,2026-09-25,5,114.8,2026-09-20,121.4,140.45714285714286,124.85812109492107,126.55909268198347,127.41470864001315,122.95633079986236,128.86069680750006,136.58596566064017,129.49316838185757,124.38199692175175,123.91428592309317,130.7220433777806,127.17564473838932,124.62005900833643
S04,2026-09-25,5,124.2,2026-09-20,98.8,112.1,122.95078637811945,122.64436174093719,118.86411666923676,121.71081613110434,134.98871318722655,129.70546684265136,133.43140734279962,137.91101093454162,133.5757419931687,126.3281266103854,128.19109686045954,130.43089865633053
S05,2026-09-25,5,94.0,2026-09-20,67.2,76.0142857142857,98.27010515029643,98.70560366596015,93.20124075673783,96.81726416738309,87.24491311566665,88.85452714647565,88.52049441687431,88.97628658223071,90.02051176764003,93.56231614838603,93.39529978358537,93.62319586626359
S06,2026-09-25,5,63.2,2026-09-20,68.1,83.57142857142857,103.1569093936779,103.42573385384985,100.1154738120363,100.50993467136595,88.91471507396766,94.15992096492222,92.4447497510853,98.25380335546382,96.35200953991647,98.65841517930006,97.8008295723816,100.70535637457087
S07,2026-09-25,5,110.9,2026-09-20,93.7,86.07142857142857,101.51036335357604,101.82117822468645,99.50593701361676,98.4539095935374,90.07858540853954,91.25577095576695,91.32655885886197,95.07578088550923,94.49117438203528,96.3830671546715,96.41846110621901,98.29307211954264
S08,2026-09-25,5,146.3,2026-09-20,110.4,122.52857142857144,129.4352413597212,127.86426775238694,123.76670905937928,129.05453627229005,131.92353144746136,136.9255135672433,134.61431272361398,131.50789121081615,134.0015395615844,133.18037746348227,132.0247770416676,130.4715662852687
S09,2026-09-25,5,124.2,2026-09-20,115.5,108.08571428571429,122.5660535891433,121.83122767928992,118.2793528715596,121.07589584833501,143.38119460500022,130.33058542524066,135.03614364657963,136.65841117198363,132.93217206269298,126.44831950719197,128.80109861786147,129.61223238056346
S10,2026-09-25,5,116.7,2026-09-20,116.6,115.21428571428571,130.62062144149508,130.51636403092672,127.38037326006172,129.32794541744707,158.96390915457016,148.4307507106236,160.50052417902563,150.98660994383235,153.45797047024445,139.52568607605934,145.56057281026034,140.8036156926637
S11,2026-09-25,5,96.1,2026-09-20,71.5,74.84285714285714,95.01582094047203,94.57514603127932,90.3438912991054,92.73381571414166,83.11421018522717,84.34705807822091,83.42029779858231,84.02451248864728,84.37794862590621,89.68143950934646,89.21805936952717,89.52016671455965
S12,2026-09-25,5,125.0,2026-09-20,131.0,134.34285714285716,143.81891360790127,142.61207401532198,139.46531371482683,142.90503395671485,157.64066960990002,154.38806321280344,154.3219613189632,157.69664212895975,159.1019731527199,149.10348841035236,149.07043746343223,150.7577778684305
S13,2026-09-25,5,110.8,2026-09-20,121.2,124.17142857142858,137.0659440713622,137.0036453958843,134.627004434152,135.15778109626984,145.7999776220496,154.1634482247489,152.31523368298505,155.62202611027135,157.75097488960458,145.61469614805554,144.69058887717364,146.34398509081677
S14,2026-09-25,5,101.6,2026-09-20,74.8,85.6857142857143,106.322670930557,105.73557725421006,101.32816948568215,103.62173737603382,101.54792911555678,98.43161157880512,99.46806046773159,100.5391167377942,102.25740765483062,102.37714125468105,102.89536569914429,103.4308938341756
S15,2026-09-25,5,99.8,2026-09-20,107.9,87.52857142857144,102.55060415751254,102.76882427022133,98.23466272599262,99.60525258078735,93.42342578171989,94.5880954878671,96.0210196718826,96.82412426168844,96.51609212463697,98.56934982268982,99.28581191469758,99.68736420960049
S01,2026-09-26,6,96.5,2026-09-20,104.2,94.70000000000002,109.58751497487131,110.74891688975657,108.23870582457793,107.60445807272228,116.08754685141373,113.90572280883791,113.3746301308577,108.09818749939144,110.61199647630036,111.74661889185461,111.4810725528645,108.84285123713138
S02,2026-09-26,6,155.8,2026-09-20,117.3,126.5,134.69726130962562,134.30948998076113,131.7165484158116,132.75525022356413,123.16842711696738,125.22949433326721,124.35834134630521,124.45049660704815,121.21782954447487,129.96337782144641,129.52780132796542,129.57387895833688
S03,2026-09-26,6,121.4,2026-09-20,121.4,140.45714285714286,120.8123177221671,122.58884096739297,124.03439754876999,118.37613356935007,117.24965528466987,119.06617644173758,119.50429974464689,123.06739260775647,123.88187894446527,119.93924708195235,120.15830873340698,121.93985516496178
S04,2026-09-26,6,111.7,2026-09-20,98.8,112.1,118.90498300536548,118.67411002634668,115.48380557799359,117.13061890059205,116.19196295139547,118.32016763687133,119.26900358338753,112.8382148345861,112.8450263877956,118.61257532111841,119.0869932943765,115.87159891997578
S05,2026-09-26,6,87.5,2026-09-20,67.2,76.0142857142857,94.22430177754246,94.73535195136965,89.82092966549466,92.2370669368708,89.41069635735133,88.49456182207379,91.2371733140566,90.53012655676453,91.28642008070636,91.35943179980814,92.73073754579954,92.3772141671535
S06,2026-09-26,6,98.10816326530612,2026-09-20,68.1,83.57142857142857,99.11110602092393,99.45548213925935,96.73516272079314,95.92973744085367,92.29466422810236,92.6096327645438,92.41311735392064,94.55007448771795,94.11536326852271,95.86036939273387,95.76211168742228,96.83059025432094
S07,2026-09-26,6,86.0,2026-09-20,93.7,86.07142857142857,97.46455998082207,97.85092651009595,96.1256259223736,93.87371236302512,91.08164349041357,90.74209002086094,90.35164303309786,94.79090042012305,91.96188252283221,94.10332500084151,93.90810150695997,96.12773020047257
S08,2026-09-26,6,129.9,2026-09-20,110.4,122.52857142857144,125.38943798696724,123.89401603779643,120.38639796813612,124.47433904177777,120.12154325934934,118.60582047871182,116.5455112682842,119.79837691702224,118.79850988862496,121.99762923283953,120.96747462762572,122.59390745199474
S09,2026-09-26,6,105.0,2026-09-20,115.5,108.08571428571429,118.52025021638931,117.8609759646994,114.89904178031642,116.49569861782274,106.61273139987185,109.57945830140795,109.02402001640432,110.89897169145274,109.39277749507735,114.04985425889863,113.77213511639681,114.70961095392103
S10,2026-09-26,6,109.4,2026-09-20,116.6,115.21428571428571,126.57481806874111,126.54611231633622,124.00006216881854,124.74774818693479,121.3855719002828,123.05187497820172,119.14376148590242,118.87967913253681,118.98281486117259,124.81334652347141,122.85928977732176,122.72724860063896
S11,2026-09-26,6,97.5,2026-09-20,71.5,74.84285714285714,90.97001756771806,90.6048943166888,86.96358020786224,88.15361848362937,84.6285101565134,83.45901181357247,82.5552737386578,84.94440312815837,84.71823001003725,87.21451469064527,86.76264565318793,87.95721034793822
S12,2026-09-26,6,142.3,2026-09-20,131.0,134.34285714285716,139.77311023514727,138.6418223007315,136.08500262358368,138.32483672620256,131.95225535070827,129.62167718069895,130.75225205399494,131.15342467820875,130.15578101517474,134.6973937079231,135.2626811445711,135.463267456678
S13,2026-09-26,6,134.9,2026-09-20,121.2,124.17142857142858,133.02014069860823,133.03339368129377,131.24669334290886,130.57758386575756,124.93578962875613,128.04708350726537,126.33650634994456,124.55662304928744,126.02326473655502,130.5336121029368,129.67832352427638,128.78838187394783
S14,2026-09-26,6,93.7,2026-09-20,74.8,85.6857142857143,102.27686755780302,101.76532553961955,97.94785839443898,99.04154014552154,99.04382018497608,96.6420131138393,96.29173480977657,97.82408069073446,98.61584083900624,99.45944033582116,99.2843011837898,100.05047412426873
S15,2026-09-26,6,82.7,2026-09-20,107.9,87.52857142857144,98.50480078475857,98.79857255563083,94.85435163474946,95.02505535027507,97.43540993379821,94.04852086475918,96.40893050696134,95.60725932008577,96.31437374297984,96.27666082475888,97.45686564585995,97.05603005242217
S01,2026-09-27,7,111.2,2026-09-20,104.2,94.70000000000002,103.97233732306998,105.25400247637789,104.49782136152385,101.20908284044125,106.93137532135142,108.36834163665773,108.899916647729,104.21850453259074,108.88871247604611,106.17033947986386,106.43612698539948,104.09542092783036
S02,2026-09-27,7,141.6,2026-09-20,117.3,126.5,129.08208365782426,128.81457556738243,127.97566395275749,126.3598749912831,118.71192849224086,120.69588851928711,116.98940987222903,119.6766799759723,118.68509678341057,124.88898608855568,123.03574676502664,124.37938181689827
S03,2026-09-27,7,117.47551020408164,2026-09-20,121.4,140.45714285714286,115.19714007036575,117.09392655401429,120.2935130857159,111.98075833706905,111.14547905606737,115.43929007393973,116.91418316459199,120.9877621606941,123.74190669785537,115.31821507215274,116.05566161747888,118.09245111552993
S04,2026-09-27,7,138.2,2026-09-20,98.8,112.1,113.28980535356413,113.179195612968,111.7429211149395,110.73524366831103,112.94695557984562,113.49205110073089,111.58844266619221,109.30391830676463,110.25698123276031,113.39092822714751,112.43912400987817,111.29686183016437
S05,2026-09-27,7,86.2,2026-09-20,67.2,76.0142857142857,88.60912412574112,89.24043753799097,86.08004520244057,85.84169170458978,81.4787145306479,82.38062396730695,79.7353235235481,79.72759770421413,81.57691665342305,85.49487404652403,84.17222382464462,84.16836091497763
S06,2026-09-27,7,94.2,2026-09-20,68.1,83.57142857142857,93.4959283691226,93.96056772588067,92.99427825773905,89.53436220857265,85.45946504891222,87.80625990458897,82.52712258977485,85.40145839988894,85.1143861639155,90.65109413685579,88.01152547944872,89.44869338450576
S07,2026-09-27,7,53.7,2026-09-20,93.7,86.07142857142857,91.84938232902073,92.35601209671727,92.38474145931951,87.4783371307441,85.92714392838347,85.85891087778977,86.2834064410559,89.74789899431843,87.00045202833508,88.85414660340524,89.06639438503831,90.79864066166958
S08,2026-09-27,7,114.7,2026-09-20,110.4,122.52857142857144,119.7742603351659,118.39910162441775,116.64551350508204,118.07896380949674,115.48930836411115,114.0851576941354,111.5895956367019,113.96896692225891,116.19642316633869,116.92970901465065,115.6819279859339,116.8716136287124
S09,2026-09-27,7,102.5,2026-09-20,115.5,108.08571428571429,112.90507256458798,112.36606155132073,111.15815731726235,110.10032338554171,101.30350648789901,105.83684629712786,105.2169713730182,108.31405065267364,108.55705282521134,109.37095943085792,109.06102196880309,110.60956160863081
S10,2026-09-27,7,129.9,2026-09-20,116.6,115.21428571428571,120.95964041693976,121.05119790295754,120.25917770576446,118.35237295465376,116.66067052554004,118.56043372835431,114.96642127517255,111.66620576029239,112.18961552331312,119.76003707264704,117.96303084605616,116.31292308861609
S11,2026-09-27,7,76.3,2026-09-20,71.5,74.84285714285714,85.35483991591671,85.10997990331012,83.22269574480815,81.75824325134835,85.12639977146699,78.94932820456368,80.85825880945416,82.91935109470995,82.34990851470327,82.1520840602402,83.10654936268543,84.13709550531334
S12,2026-09-27,7,136.0,2026-09-20,131.0,134.34285714285716,134.15793258334594,133.1469078873528,132.34411816052958,131.92946149392154,130.01575185641613,125.30686261313303,124.85648815474286,127.57007209265794,127.52043938114292,129.7323975982395,129.5072103690444,130.86400233800194
S13,2026-09-27,7,120.8,2026-09-20,121.2,124.17142857142858,127.40496304680688,127.53847926791511,127.50580887985477,124.18220863347653,118.45950611894567,123.00319648810796,119.58686432970826,119.17574122570021,120.42426627658799,125.20407976745742,123.49591368825757,123.29035213625355
S14,2026-09-27,7,84.0,2026-09-20,74.8,85.6857142857143,96.66168990600167,96.27041112624087,94.2069739313849,92.64616491324051,92.76585725490702,91.70572952542987,89.5521140772901,88.9311860373024,90.84347018093075,94.18370971571576,93.10690199164588,92.79643797165204
S15,2026-09-27,7,100.8,2026-09-20,107.9,87.52857142857144,92.88962313295723,93.30365814225215,91.11346717169538,88.62968011799404,91.13339015214561,89.38796538284848,91.37028471572651,92.01286180513911,93.61535356429611,91.13879425790284,92.12995392434186,92.45124246904817
S01,2026-09-28,8,110.8,2026-09-20,104.2,94.70000000000002,98.68820781640791,100.08629078642942,100.03647972183052,97.29433837970161,103.55013270161673,101.85856790542604,101.71244899193385,98.64495700946927,100.82647888073993,100.27338786091698,100.20032840417088,98.6665824129386
S02,2026-09-28,8,118.1,2026-09-20,117.3,126.5,123.7979541511622,123.64686387743396,123.51432231306416,122.44513053054348,117.75323185166933,118.22502994537354,115.61959336568097,119.94569836676013,117.23213369771113,121.01149204826787,119.70877375842159,121.87182625896116
S03,2026-09-28,8,125.9,2026-09-20,121.4,140.45714285714286,109.9130105637037,111.9262148640658,115.83217144602256,108.06601387632941,108.07942728632426,117.29210760934012,117.60341714054626,117.9686558061652,122.30800178894239,113.60255908652191,113.75821385212498,113.94083318493445
S04,2026-09-28,8,117.3,2026-09-20,98.8,112.1,108.00567584690207,108.01148392301951,107.28157947524618,106.8204992075714,110.47630614858419,110.31281230449676,111.69438544417967,108.97334404938255,113.59510093303736,109.1592440756994,109.85003064554087,108.48950994814231
S05,2026-09-28,8,71.5,2026-09-20,67.2,76.0142857142857,83.32499461907905,84.0727258480425,81.61870356274724,81.92694724385014,76.05535993534639,75.1032407590321,73.4907807199589,73.81116436073523,71.03158258440804,79.21411768905557,78.40788766951897,78.56807948990715
S06,2026-09-28,8,68.6,2026-09-20,68.1,83.57142857142857,88.21179886246053,88.79285603593218,88.53293661804572,85.619617747833,78.06479673734135,79.76736835071019,76.65976463045727,79.27984484101842,75.04538867093838,83.98958360658536,82.4357817464589,83.74582185173946
S07,2026-09-28,8,89.7,2026-09-20,93.7,86.07142857142857,86.56525282235866,87.18830040676878,87.92339981962618,83.56359267000445,78.04998298860167,78.5515706879752,77.01834405278792,80.10339085368054,76.16425873040085,82.55841175516693,81.79179843757329,83.3343218380196
S08,2026-09-28,8,101.3,2026-09-20,110.4,122.52857142857144,114.49013082850384,113.23138993446926,112.18417186538869,114.1642193487571,112.53467866395458,112.19950705936978,108.21028112244808,111.01474159571345,113.06977477364516,113.34481894393682,111.35020597547596,112.75243621210865
S09,2026-09-28,8,106.4,2026-09-20,115.5,108.08571428571429,107.62094305792591,107.19834986137225,106.696815677569,106.18557892480207,98.28030226322781,102.77149338041033,100.82370134820127,107.91615686589356,108.82429263647104,105.19621821916812,104.22232220306358,107.76854996190974
S10,2026-09-28,8,121.4,2026-09-20,116.6,115.21428571428571,115.6755109102777,115.88348621300905,115.79783606607113,114.43762849391412,117.1610343614826,114.87164370502744,114.12879812530784,113.66702622401175,115.08115228739072,115.27357730765257,114.90215451779277,114.67126856714472
S11,2026-09-28,8,96.3,2026-09-20,71.5,74.84285714285714,80.07071040925464,79.94226821336164,78.76135410511482,77.84349879060872,72.13525094683509,71.53222491400582,70.33181547344364,71.89481912278748,69.22211924539836,75.80146766163023,75.20126294134914,75.98276476602106
S12,2026-09-28,8,115.0,2026-09-20,131.0,134.34285714285716,128.87380307668386,127.97919619740432,127.88277652083625,128.01471703318188,125.85373427095978,122.32484795706614,120.11894834186496,127.1889457755673,126.46521414416443,125.599325516875,124.49637570927442,128.03137442612558
S13,2026-09-28,8,123.2,2026-09-20,121.2,124.17142857142858,122.12083354014482,122.37076757796663,123.04446724016144,120.26746417273691,115.30138508585799,120.78008950778417,119.6944223572767,121.00409565812208,122.27712651292639,121.45046152396449,120.90762794871075,121.56246459913345
S14,2026-09-28,8,76.3,2026-09-20,74.8,85.6857142857143,91.3775603993396,91.10269943629238,89.74563229169156,88.73142045250087,87.04415113649495,84.51967064653125,85.48123939562966,83.42609856356125,85.42023036391545,87.94861552293543,88.42939989748463,87.40182948145042
S15,2026-09-28,8,170.2,2026-09-20,107.9,87.52857142857144,87.60549362629516,88.13594645230367,86.65212553200203,84.7149356572544,87.39204890656958,82.79553157261441,85.83442800276364,83.81304718807955,86.01403228882775,85.20051259945478,86.7199608145294,85.70927040718735
S01,2026-09-29,9,88.0,2026-09-20,104.2,94.70000000000002,97.86610007684888,99.30763182550658,99.26693456585465,97.93693229340009,103.01784234473206,100.69611425399782,99.71403595358967,96.0151197191031,100.44636692832856,99.28110716542335,98.79006801521928,96.94060989797599
S02,2026-09-29,9,105.2,2026-09-20,117.3,126.5,122.97584641160319,122.86820491651112,122.7447771570883,123.08772444424196,122.14386573114129,122.30090951919556,122.46213859450106,122.73402484515117,118.95043882445471,122.63837796539937,122.71899250305212,122.85493562837718
S03,2026-09-29,9,112.9,2026-09-20,121.4,140.45714285714286,109.09090282414468,111.14755590314297,115.0626262900467,108.70860779002788,116.98776980486767,122.66991713387625,118.74517689466481,121.50746040727526,123.90648605018013,115.88040997901047,113.91803985940474,115.29918161570997
S04,2026-09-29,9,103.91836734693877,2026-09-20,98.8,112.1,107.18356810734305,107.23282496209667,106.5120343192703,107.46309312126988,108.91542912141502,109.04863963127136,110.59830324583129,107.98592682480655,109.10253329427837,108.11610386930721,108.89093567658716,107.5847474660748
S05,2026-09-29,9,79.0,2026-09-20,67.2,76.0142857142857,82.50288687952003,83.29406688711966,80.84915840677137,82.56954115754861,71.32749583567879,72.6838413783482,73.86190489698305,71.99009533965571,69.45810882629958,77.59336412893413,78.18239588825153,77.24649110958788
S06,2026-09-29,9,77.8,2026-09-20,68.1,83.57142857142857,87.38969112290151,88.01419707500935,87.76339146206985,86.26221166153148,74.58984289249015,77.48743752070835,78.6120924317654,77.72220146484153,74.48014918240969,82.43856432180493,83.00089177733346,82.55594629387153
S07,2026-09-29,9,82.0,2026-09-20,93.7,86.07142857142857,85.74314508279964,86.40964144584595,87.1538546636503,84.20618658370293,76.28678764423914,78.22703054973057,78.66973509388113,79.95183698939854,75.97075105321744,81.98508781626511,82.20644008834039,82.84749103609909
S08,2026-09-29,9,124.8,2026-09-20,110.4,122.52857142857144,113.6680230889448,112.45273097354644,111.41462670941283,114.80681326245558,117.87451092549047,116.17122107914517,115.34049028442898,115.71777817340292,115.9877153979532,114.91962208404499,114.50425668668689,114.69290063117387
S09,2026-09-29,9,98.0,2026-09-20,115.5,108.08571428571429,106.79883531836688,106.41969090044941,105.92727052159314,106.82817283850055,99.7197408004877,103.0532183102199,103.45675721532483,105.3819797624495,105.1222515041286,104.9260268142934,105.12779626684585,106.0904075404082
S10,2026-09-29,9,100.9,2026-09-20,116.6,115.21428571428571,114.85340317071866,115.10482725208622,115.02829091009527,115.0802224076126,114.44025564574696,114.16163144792829,113.70843850173469,115.58441932672588,115.67042086705989,114.50751730932348,114.28092083622667,115.21891124872226
S11,2026-09-29,9,67.4,2026-09-20,71.5,74.84285714285714,79.24860266969563,79.1636092524388,77.99180894913894,78.4860927043072,70.66575680848992,69.50206162588937,71.95796158511133,73.49280227273272,76.24345103905621,74.3753321477925,75.60328212740347,76.37070247121417
S12,2026-09-29,9,129.8,2026-09-20,131.0,134.34285714285716,128.05169533712484,127.20053723648148,127.11323136486038,128.6573109468804,128.11704645588392,129.01246049063548,128.16101001704882,129.5614048339292,128.2298416016106,128.53207791388016,128.10635267708682,128.80655008552702
S13,2026-09-29,9,121.4,2026-09-20,121.2,124.17142857142858,121.29872580058579,121.59210861704379,122.27492208418558,120.91005808643538,121.3132988016746,122.32099820205144,122.9767834723111,123.59264543066321,123.55071516797848,121.8098620013186,122.13775463644845,122.4456856156245
S14,2026-09-29,9,108.3,2026-09-20,74.8,85.6857142857143,90.55545265978058,90.32404047536956,88.9760871357157,89.37401436619935,81.03266570098394,81.28944639478412,81.01858506955055,78.25655541128096,75.47922961075558,85.92244952728235,85.78701886466557,84.40600403553077
S15,2026-09-29,9,74.0,2026-09-20,107.9,87.52857142857144,86.78338588673614,87.35728749138083,85.88258037602617,85.35752957095288,80.41770179846822,80.31366568974087,79.56620020388507,78.76959370203431,77.32728442451011,83.5485257882385,83.17479304531061,82.77648979438523
S01,2026-09-30,10,90.2,2026-09-20,104.2,94.70000000000002,106.31231511293599,107.58195011923588,105.98834496172269,107.54980128262665,110.94782221835696,109.45148868560793,110.05345089824442,109.89692354639732,110.65625521062688,107.88190189927195,108.18288300559021,108.10461932966666
S02,2026-09-30,10,148.8,2026-09-20,117.3,126.5,131.42206144769028,131.14252321024043,129.4661875529563,132.7005934334685,122.92231771937846,124.49731874465942,122.8219950780088,123.8472284547028,120.33473747341961,127.95969009617485,127.12202826284954,127.63464495119655
S03,2026-09-30,10,206.5,2026-09-20,121.4,140.45714285714286,117.53711786023177,119.42187419687228,121.78403668591474,118.32147677925444,120.25307529974222,121.27902319771903,120.35487585286134,122.00484065315257,123.82173102294604,119.4080705289754,118.94599685654656,119.77097925669217
S04,2026-09-30,10,122.0,2026-09-20,98.8,112.1,115.62978314343015,115.507143255826,113.23344471513835,117.07596211049643,117.36081043832378,117.69459114074706,118.13023860201524,113.53302240080832,113.91512605546299,116.66218714208861,116.88001087272269,114.58140277211923
S05,2026-09-30,10,93.0,2026-09-20,67.2,76.0142857142857,90.94910191560713,91.56838518084896,87.5705688026394,92.18241014677517,82.92795558201331,83.16599956239972,83.30214639315861,83.95661003103466,87.04707510871027,87.05755073900343,87.12562415438288,87.4528559733209
S06,2026-09-30,10,92.1,2026-09-20,68.1,83.57142857142857,95.8359061589886,96.28851536873866,94.4848018579379,95.87508065075804,86.77066924255041,88.3486430985587,87.11571680523335,90.35997655639466,90.117532966312,92.09227462877365,91.47581148211097,93.09794135769164
S07,2026-09-30,10,94.1,2026-09-20,93.7,86.07142857142857,94.18936011888674,94.68395973957526,93.87526505951834,93.81905557292949,87.88481699802833,87.98968843051365,88.57499334876084,95.05881824735714,91.09833619879834,91.0895242747002,91.3821767338238,94.62408918312195
S08,2026-09-30,10,134.5,2026-09-20,110.4,122.52857142857144,122.11423812503192,120.72704926727575,118.13603710528086,124.41968225168213,119.06793996177848,118.19544059208462,116.39902932892686,117.95718729206035,117.66486101832993,120.15483935855826,119.25663372697939,120.03571270854613
S09,2026-09-30,10,128.6,2026-09-20,115.5,108.08571428571429,115.245050354454,114.69400919417873,112.64868091746118,116.4410418277271,106.39710489452052,108.54110870276179,109.44489333383531,111.31094645649237,109.34708039610713,111.8930795286079,112.34497184414465,113.27799840547318
S10,2026-09-30,10,106.1,2026-09-20,116.6,115.21428571428571,123.29961820680577,123.37914554581553,121.7497013059633,124.69309139683915,124.84339397743946,122.66851888384137,120.41092493160565,119.15571996357305,119.02574872795633,122.98406854532357,121.85527156920571,121.2276690851894
S11,2026-09-30,10,92.5,2026-09-20,71.5,74.84285714285714,87.69481770578273,87.43792754616811,84.71321934500699,88.09896169353375,82.1451081673799,80.26482560294015,80.46030094208423,84.69760403029595,84.57496274296884,83.97982165436144,84.07755932393349,86.19621086803934
S12,2026-09-30,10,143.4,2026-09-20,131.0,134.34285714285716,136.49791037321194,135.4748555302108,133.83464176072843,138.27017993610693,132.30304575962114,129.34830596106394,128.60371869870025,131.08008015138404,128.94263681429135,132.92310816713794,132.55081453595608,133.788995262298
S13,2026-09-30,10,123.1,2026-09-20,121.2,124.17142857142858,129.7449408366729,129.8664269107731,128.9963324800536,130.52292707566193,129.33402574733893,128.58995235988073,127.45671680430793,126.54074603490616,126.59171531679186,129.1674465982768,128.60082882049042,128.14284343578953
S14,2026-09-30,10,119.1,2026-09-20,74.8,85.6857142857143,99.0016676958677,98.59835876909887,95.69749753158374,98.9868833554259,93.60287111357059,92.55686287198749,92.74111919620634,92.47234767695006,94.69469709661027,95.7792652839276,95.87139344603702,95.73700768640887
S15,2026-09-30,10,115.4,2026-09-20,107.9,87.52857142857144,95.22960092282324,95.63160578511014,92.6039907718942,94.97039856017943,95.69353494763622,91.17344385555813,93.41614085164672,95.68736406861318,95.6897249878541,93.20152238919069,94.32287088723498,95.45848249571821
S01,2026-09-28,1,110.8,2026-09-27,111.2,113.57142857142857,94.26474287820392,94.62073013616478,98.74218093745526,92.8491676186495,84.03816185616601,91.83337048121861,90.89654037297876,95.39665255904058,97.07457672252849,93.04905667971127,92.58064162559134,94.83069771862225
S02,2026-09-28,1,118.1,2026-09-27,141.6,135.27142857142857,125.71054258363323,126.48333133067646,130.27339632998053,123.63920447225144,124.72967689502234,126.71337364741734,122.32590152431482,127.25715510619004,126.8860097000213,126.21195811552528,124.01822205397403,126.48384884491163
S03,2026-09-28,1,125.9,2026-09-27,117.47551020408164,117.88221574344024,116.08584626320432,116.24031524350251,119.61486453074028,114.11819396884773,116.6206718787489,119.14076078452453,115.45355997479982,111.98684614157949,113.93594392527042,117.61330352386443,115.76970311900206,114.03634620239191
S04,2026-09-28,1,117.3,2026-09-27,138.2,111.89999999999999,107.3275639681927,107.19873984087,109.2026531633514,106.11929324097116,111.74467008556856,109.2998212814331,110.72813503927503,106.85827390466115,114.5391087224451,108.3136926248129,109.02784950373388,107.09291893642693
S05,2026-09-28,1,71.5,2026-09-27,86.2,94.24285714285713,90.78405415896752,90.5839013483768,93.35614348842765,88.34051306463877,92.04283531547618,88.99994866507393,86.08549788194976,91.45455911112394,88.94404989335898,89.89200141202073,88.43477602045864,91.11930663504573
S06,2026-09-28,1,68.6,2026-09-27,94.2,96.85830903790088,87.57706825427006,86.16276868391773,89.55476222085265,84.19917968529857,82.72246995547972,79.47954774639697,80.62335607317658,87.23883010567965,84.7084175184813,83.52830800033351,84.10021216372331,87.40794917997485
S07,2026-09-28,1,89.7,2026-09-27,53.7,82.31428571428572,81.37212470647262,80.60578485664982,82.41728215223256,78.68622413219015,83.11807088306222,78.5838787146977,78.10595553719288,79.49428180957882,80.87333369719826,79.97800171058516,79.73904012183274,80.43320325802571
S08,2026-09-28,1,101.3,2026-09-27,114.7,121.78571428571426,118.53999890572496,117.06605122910922,117.82891278887283,117.33012215580305,116.7987343413696,117.7553559712001,115.82274529863155,114.27364874399518,114.69076234207311,118.14767743846252,117.18137210217824,116.40682382486007
S09,2026-09-28,1,106.4,2026-09-27,102.5,112.7,107.69993281771194,108.7387842991323,111.5763058177491,106.02468354463993,107.93629754864953,109.56697340011597,105.36150684086047,107.95332522890506,109.80233346420371,108.63345310891395,106.5307198292862,107.8266290233085
S10,2026-09-28,1,121.4,2026-09-27,129.9,109.17142857142858,108.27114515837161,108.41394582983324,109.00119104955601,107.20647266418932,112.31043171235757,113.07003630229406,111.96880964959587,106.38484206006447,108.62091419726667,110.67059073033283,110.11997740398374,107.32799360921804
S11,2026-09-28,1,96.3,2026-09-27,76.3,78.14285714285714,74.61852394074803,76.03420097066052,77.9356208255095,72.91976792218857,72.58985240327897,73.67942483084542,73.26822061637381,74.81026499276989,76.47282912454448,74.14897438579672,73.94337227856093,74.71439446675896
S12,2026-09-28,1,115.0,2026-09-27,136.0,142.02857142857144,123.24750761758281,121.28243700450795,124.36080057161755,122.42517788618392,122.29141624910224,125.40373546055386,126.62089515747986,123.0111307208006,128.36717519279765,124.32562153906834,124.93420138753135,123.1293191691917
S13,2026-09-28,1,123.2,2026-09-27,120.8,140.5,113.53470661977576,114.57675720612175,120.15291479562725,112.0582617433596,116.70219043790138,121.67643165588379,121.17918813575616,117.97768048199204,121.92112189887887,117.60556913782978,117.35694737776596,115.75619355088389
S14,2026-09-28,1,76.3,2026-09-27,84.0,98.3,86.61521865998292,86.24290087025514,89.40479255826911,84.67584415603515,80.68919673587529,83.31673793792724,83.85500743167646,86.29896452710315,85.9495215821261,84.96597829895508,85.23511304582968,86.45709159354303
S15,2026-09-28,1,170.2,2026-09-27,100.8,87.64285714285714,88.78422001476292,88.65869828091188,89.96856164951893,86.30307891148607,92.88956548859571,89.38539154188973,90.24328842131004,89.61430765257066,90.6754772642253,89.08480577832633,89.51375421803648,89.19926383366679
S01,2026-09-29,2,88.0,2026-09-27,111.2,113.57142857142857,94.45049153751684,94.83078705364191,98.80815035852613,94.19606249502422,97.7732404441202,98.63701942988804,96.9875261959603,101.68118292456487,101.83588509558214,96.54375548370244,95.71900886673856,98.06583723104086
S02,2026-09-29,2,105.2,2026-09-27,141.6,135.27142857142857,125.89629124294615,126.6933882481536,130.3393657510514,124.98609934862617,145.05426446674278,139.43676565715245,143.3571385563124,147.53714259490533,145.22088040455333,132.6665284500493,134.6267148996293,136.71671691892573
S03,2026-09-29,2,112.9,2026-09-27,117.47551020408164,117.88221574344024,116.27159492251724,116.45037216097964,119.68083395181115,115.46508884522245,120.7001143060699,122.51753020800933,121.3539051597294,122.71156056338847,123.97895768932165,119.39456256526329,118.81275004112331,119.49157774295287
S04,2026-09-29,2,103.91836734693877,2026-09-27,138.2,111.89999999999999,107.51331262750563,107.40879675834714,109.26862258442227,107.46618811734588,108.24044768601395,109.14518990516662,107.5424621510771,111.778451068412,110.20109014407309,108.32925126633612,107.52788738929137,109.6458818479588
S05,2026-09-29,2,79.0,2026-09-27,86.2,94.24285714285713,90.96980281828044,90.79395826585393,93.42211290949852,89.68740794101349,89.82439292857703,87.8277351106916,87.4365320914827,87.90756646128891,85.78419110482537,89.39876896448602,89.20316745488157,89.43868463978467
S06,2026-09-29,2,77.8,2026-09-27,94.2,96.85830903790088,87.76281691358298,86.37282560139487,89.62073164192353,85.5460745616733,82.63504459038126,83.5361025407085,84.82649918580545,88.15233028676963,85.99889618640303,85.64945972714574,86.29465804969422,87.9575736001763
S07,2026-09-29,2,82.0,2026-09-27,53.7,82.31428571428572,81.55787336578554,80.81584177412695,82.48325157330343,80.03311900856485,73.96732878777902,75.72039886202131,74.42690978291974,74.37952542399857,73.32689315348054,78.63913611390342,77.99239157435264,77.96869939489206
S08,2026-09-29,2,124.8,2026-09-27,114.7,121.78571428571426,118.72574756503788,117.27610814658635,117.8948822099437,118.67701703217777,125.88850937172607,125.61208714757645,129.8422730598934,129.9611990921001,128.33836747456456,122.16891735630716,124.28401031246563,124.34347332856899
S09,2026-09-29,2,98.0,2026-09-27,102.5,112.7,107.88568147702486,108.94884121660944,111.64227523881998,107.37157842101465,111.36409314865692,110.54852600097657,106.85686393498192,111.04292639661413,110.07254047695199,109.21710373900072,107.3712727060034,109.4643039368195
S10,2026-09-29,2,100.9,2026-09-27,129.9,109.17142857142858,108.45689381768453,108.62400274731037,109.06716047062689,108.55336754056404,115.30094297349397,112.85411680766515,113.99231132857012,109.23827542618791,110.52587694905264,110.65550531267485,111.22460257312733,108.84758462193622
S11,2026-09-29,2,67.4,2026-09-27,76.3,78.14285714285714,74.80427260006095,76.24425788813765,78.00159024658038,74.26666279856329,72.05105636689423,70.99762398856026,72.70623375226957,73.40072397097055,75.75859438146784,72.90094829431061,73.75525317616527,74.10249828551575
S12,2026-09-29,2,129.8,2026-09-27,136.0,142.02857142857144,123.43325627689573,121.49249392198509,124.4267699926884,123.77207276255865,158.18689479912837,144.7199724333627,146.96252623595993,134.18779594036312,136.23099487019988,134.0766143551292,135.19789125642782,128.81052610862943
S13,2026-09-29,2,121.4,2026-09-27,120.8,140.5,113.72045527908868,114.7868141235989,120.21888421669813,113.40515661973431,134.44879453411045,133.34948301315308,133.99160828747412,126.27738404353707,125.6496786244515,123.53496914612089,123.8560317832814,119.99891966131287
S14,2026-09-29,2,108.3,2026-09-27,84.0,98.3,86.80096731929584,86.45295778773229,89.47076197933998,86.02273903240987,82.5943055439393,87.02389411926269,85.56948859967692,88.66337505384692,87.63993036851402,86.91243071927926,86.18522795948638,87.73217118657138
S15,2026-09-29,2,74.0,2026-09-27,100.8,87.64285714285714,88.96996867407584,88.86875519838901,90.0345310705898,87.64997378786079,85.94989353013166,85.53309685843331,86.61577687424251,84.20389613636252,83.69914909536625,87.25153276625457,87.79287277415918,86.58693240521919
S01,2026-09-30,3,90.2,2026-09-27,111.2,113.57142857142857,103.22564129801773,103.43663645289962,105.27856972278191,103.60991191730733,103.96125711228797,101.02683476039341,101.57303121276044,104.94234436479692,103.04075562154829,102.12623802920558,102.39933625538909,104.08399283140733
S02,2026-09-30,3,148.8,2026-09-27,141.6,135.27142857142857,134.67144100344703,135.2992376474113,136.80978511530716,134.39994877090928,139.26974121449342,137.3580422265189,134.88002374074654,140.07234611336293,138.81376928542682,136.01474161498297,134.7757323720968,137.37189355840496
S03,2026-09-30,3,206.5,2026-09-27,117.47551020408164,117.88221574344024,125.04674468301813,125.05622156023735,126.15125331606693,124.87893826750556,128.81033510297698,130.54641843356475,128.45866397358665,126.07141017149006,127.02673277317578,127.79658155829145,126.7527043283024,125.5590774272541
S04,2026-09-30,3,122.0,2026-09-27,138.2,111.89999999999999,116.28846238800652,116.01464615760484,115.73904194867805,116.88003753962899,120.37003571563278,118.67967929840087,117.73685077765904,117.45838025077452,115.45873671630434,117.4840708432037,117.01265658283279,116.87342131939053
S05,2026-09-30,3,93.0,2026-09-27,86.2,94.24285714285713,99.74495257878134,99.39980766511164,99.8925322737543,99.10125736329661,100.99775205743565,98.5444270815168,99.2549807326159,102.11189971136552,98.18762837737683,99.14468983014908,99.49996665569861,100.92842614507343
S06,2026-09-30,3,92.1,2026-09-27,94.2,96.85830903790088,96.53796667408388,94.97867500065257,96.0911510061793,94.9599239839564,91.14445567576263,88.32860494396778,91.62734654327953,93.26433920943039,92.07914335872272,92.43328580902582,94.0826566086817,94.90115294175713
S07,2026-09-30,3,94.1,2026-09-27,53.7,82.31428571428572,90.33302312628643,89.42169117338466,88.95367093755921,89.44696843084797,87.05867548429842,86.83995195116316,88.7100628493649,92.2754433101154,90.63927563634805,88.5864875387248,89.52154298782567,91.30423321820092
S08,2026-09-30,3,134.5,2026-09-27,114.7,121.78571428571426,127.50089732553877,125.88195754584406,124.36530157419948,128.0908664544609,129.48458564547073,127.21974767957413,129.03916458468274,124.1369354734568,125.69698206893595,127.36032250255644,128.27003095511077,125.8189163994978
S09,2026-09-30,3,128.6,2026-09-27,102.5,112.7,116.66083123752576,117.55469061586714,118.11269460307575,116.78542784329777,122.64363015228263,120.39372034072876,118.7048537026487,122.80407369441537,116.08803524056293,118.52727578912726,117.68284247008722,119.73245246597057
S10,2026-09-30,3,106.1,2026-09-27,129.9,109.17142857142858,117.23204357818543,117.22985214656808,115.53757983488266,117.96721696284715,128.28210523530365,124.11187447139196,130.66054401711745,124.0398580488433,126.28159553603972,120.67195902478869,123.94629379765144,120.63595081351437
S11,2026-09-30,3,92.5,2026-09-27,76.3,78.14285714285714,83.57942236056185,84.85010728739536,84.47200961083615,83.6805122208464,83.50128594541488,82.35310465948922,83.01721495497044,87.23269798073213,86.7411824558091,82.96626351002553,83.29831865776615,85.40606017064698
S12,2026-09-30,3,143.4,2026-09-27,136.0,142.02857142857144,132.20840603739663,130.0983433212428,130.89718935694418,133.18592218484176,139.4329491069697,134.98232489994595,136.57033110579383,134.91800536323942,136.593115264483,133.59536546867128,134.38936857159524,133.563205700318
S13,2026-09-30,3,123.1,2026-09-27,120.8,140.5,122.49560503958958,123.39266352285661,126.6893035809539,122.81900604201742,135.25260443567254,130.73131561279297,132.2022277137375,127.38222969468765,126.65690859945744,126.61346032619127,127.34891637666354,124.9389173671386
S14,2026-09-30,3,119.1,2026-09-27,84.0,98.3,95.57611707979673,95.05880718699,95.94118134359574,95.436588454693,90.81739487336179,91.81639890670776,93.06981802061806,93.17169417451103,93.31203485300995,93.69625799325225,94.3229675502074,94.37390562715387
S15,2026-09-30,3,115.4,2026-09-27,100.8,87.64285714285714,97.74511843457674,97.47460459764673,96.50495043484557,97.0638232101439,98.31017518422256,97.26994282858712,101.31358530417579,101.40448131777322,102.38925813739215,97.50753063158193,99.52935186937626,99.57479987617498
S01,2026-10-01,4,115.7,2026-09-27,111.2,113.57142857142857,107.14047326307227,107.24910658930494,108.08356880973318,107.19799619872927,105.03030750502805,105.18629482814244,105.61468753970695,107.70299593854256,104.01782817525904,106.16338404560736,106.37758040138961,107.42173460080741
S02,2026-10-01,4,138.0,2026-09-27,141.6,135.27142857142857,138.5862729685016,139.11170778381663,139.61478420225842,137.98803305233122,144.30824589911785,139.17997382708958,138.96036984276776,141.3964811992981,138.61693433953135,138.8831233977956,138.77332140563468,139.99137708389986
S03,2026-10-01,4,138.7,2026-09-27,117.47551020408164,117.88221574344024,128.96157664807268,128.86869169664268,128.9562524030182,128.4670225489275,128.54263462710946,132.46280122317657,129.56935369437758,127.22938535155191,127.63649152181134,130.71218893562462,129.26546517122512,128.0954809998123
S04,2026-10-01,4,128.3,2026-09-27,138.2,111.89999999999999,120.20329435306105,119.82711629401017,118.5440410356293,120.46812182105094,117.80073744101492,119.70488348007201,117.36151072429975,117.19176127764972,115.21811743449334,119.95408891656653,118.7824025386804,118.69752781535539
S05,2026-10-01,4,101.3,2026-09-27,86.2,94.24285714285713,103.65978454383587,103.21227780151696,102.69753136070557,102.68934164471855,99.70797035080714,97.63452784674507,95.22145258234676,97.89894785018635,97.01318670680836,100.64715619529048,99.4406185630913,100.77936619701111
S06,2026-10-01,4,92.9,2026-09-27,94.2,96.85830903790088,100.45279863913841,98.7911451370579,98.89615009313057,98.54800826537834,93.52996266207882,91.98809028408618,92.42692270192758,96.86678164946777,94.6090930222206,96.22044446161229,96.439860670533,98.65979014430309
S07,2026-10-01,4,76.0,2026-09-27,53.7,82.31428571428572,94.24785509134097,93.23416130978998,91.75867002451048,93.03505271226992,88.29211014598796,88.57010074343,88.47342428213992,91.22453845282432,90.53865319357875,91.40897791738549,91.36063968674044,92.73619677208265
S08,2026-10-01,4,129.4,2026-09-27,114.7,121.78571428571426,131.4157292905933,129.69442768224937,127.17030066115075,131.67895073588284,131.66229636254315,130.92565550122941,133.29356268568253,126.42561480048433,126.4789590778105,131.17069239591137,132.35464598813792,128.92067204553882
S09,2026-10-01,4,131.0326530612245,2026-09-27,102.5,112.7,120.57566320258029,121.36716075227247,120.91769369002702,120.37351212471971,120.18826025550372,120.4543592453003,115.7704221287865,119.38935654222665,115.67717407562291,120.51501122394029,118.1730426656834,119.98250987240347
S10,2026-10-01,4,121.7,2026-09-27,129.9,109.17142857142858,121.14687554323997,121.0423222829734,118.34257892183393,121.55530124426909,127.9185008533664,124.3787573678153,127.76808813153127,120.48434980561953,126.58136154202097,122.76281645552763,124.45748183738561,120.81561267442976
S11,2026-10-01,4,94.2,2026-09-27,76.3,78.14285714285714,87.49425432561638,88.66257742380068,87.27700869778742,87.26859650226834,84.17872096312598,83.59574658530099,83.10176842553443,86.48288887063097,86.11091782401004,85.54500045545868,85.29801137557541,86.98857159812368
S12,2026-10-01,4,134.2,2026-09-27,136.0,142.02857142857144,136.12323800245116,133.91081345764812,133.70218844389547,136.7740064662637,136.91595108316977,139.01364547184536,136.222435350178,136.4899404096936,136.78519995235513,137.56844173714825,136.17283667631457,136.30658920607237
S13,2026-10-01,4,116.5,2026-09-27,120.8,140.5,126.41043700464411,127.20513365926193,129.49430266790517,126.40709032343936,131.52070735158108,132.73680353164673,134.61085935759291,131.93900156764613,128.04732796256081,129.57362026814542,130.5106481811185,129.17471928614512
S14,2026-10-01,4,104.8,2026-09-27,84.0,98.3,99.49094904485126,98.87127732339532,98.74618043054701,99.02467273611494,95.40123310037475,95.4301565170288,95.03196246757683,96.95334963839758,95.90010359164218,97.46055278094003,97.26145575621405,98.22214934162443
S15,2026-10-01,4,102.3,2026-09-27,100.8,87.64285714285714,101.65995039963127,101.28707473405206,99.30994952179684,100.65190749156585,98.22262702056848,96.92626053946358,97.41116083649314,95.90166557086354,99.91897287765401,99.29310546954743,99.5355556180622,98.7808079852474
S01,2026-10-02,5,124.0,2026-09-27,111.2,113.57142857142857,112.59340596148989,112.55734960614407,112.4898155011239,111.5553790947365,114.19579385196711,112.37337664195469,119.72804165749697,115.42796446659243,108.0027560481303,112.48339130172229,116.16072380949343,114.01068521404116
S02,2026-10-02,5,156.3,2026-09-27,141.6,135.27142857142857,144.0392056669192,144.41995080065576,144.02103089364917,142.34541594833846,143.861047792338,149.5076718194144,143.18364538537188,148.35866121393076,145.1285063516399,146.77343874316682,143.61142552614552,146.19893344042498
S03,2026-10-02,5,102.7,2026-09-27,117.47551020408164,117.88221574344024,134.4145093464903,134.1769347134818,133.36249909440892,132.82440544493474,149.72166366510353,141.84466004886016,145.85441794366227,142.72169721570526,149.5335988274602,138.12958469767523,140.13446364507627,138.56810328109776
S04,2026-10-02,5,136.9,2026-09-27,138.2,111.89999999999999,125.65622705147868,125.1353593108493,122.95028772702004,124.82550471705817,134.36557336559136,130.69992485046384,134.35433661840855,136.84417988713105,135.3062022595404,128.17807595097128,130.00528183494362,131.25020346930486
S05,2026-10-02,5,107.2,2026-09-27,86.2,94.24285714285713,109.1127172422535,108.52052081835609,107.10377805209629,107.04672454072578,114.2238441702145,105.52195279257637,109.12910791164008,110.81036255272643,111.92638376765271,107.31733501741493,109.12091257694678,109.96153989748996
S06,2026-10-02,5,96.8,2026-09-27,94.2,96.85830903790088,105.90573133755603,104.09938815389702,103.3023967845213,102.90539116138557,93.1896138872204,96.0471213533649,97.56786065954755,101.0666066804731,98.36088559278369,100.97642634546047,101.7367959985518,103.48616900901456
S07,2026-10-02,5,90.5,2026-09-27,53.7,82.31428571428572,99.70078778975859,98.54240432662911,96.16491671590121,97.39243560827714,90.18942085939386,92.90124364580427,92.27551251566959,91.71567327857422,90.46669631975426,96.30101571778144,95.9881501527141,95.7082305341664
S08,2026-10-02,5,139.0,2026-09-27,114.7,121.78571428571426,136.86866198901095,135.0026706990885,131.57654735254147,136.03633363189005,148.29962462291536,142.0332385471889,144.43255258230857,142.58365321382905,139.93476988394994,139.45095026809992,140.65060728565976,139.72615760142
S09,2026-10-02,5,118.1,2026-09-27,102.5,112.7,126.02859590099791,126.6754037691116,125.32394038141776,124.73089502072693,143.36728197165473,132.78648872375487,137.02340619978906,141.0702803474625,138.2781638718895,129.4075423123764,131.5260010503935,133.54943812423022
S10,2026-10-02,5,115.7,2026-09-27,129.9,109.17142857142858,126.5998082416576,126.35056529981253,122.74882561322465,125.91268414027633,138.84869886995952,134.3932837350028,132.26151146464255,133.36151962746317,133.09518012997873,130.49654598833018,129.43065985315008,129.98066393456037
S11,2026-10-02,5,115.9,2026-09-27,76.3,78.14285714285714,92.94718702403401,93.97082044063981,91.68325538917814,91.62597939827558,86.5613168944577,87.657776423863,87.02848448575642,88.316832528748,87.15424356383825,90.3024817239485,89.98783575489522,90.632009776391
S12,2026-10-02,5,140.1,2026-09-27,136.0,142.02857142857144,141.5761707008688,139.21905647448725,138.1084351352862,141.13138936227094,138.1934743069755,139.34975868633816,136.48774693016824,138.33850010820808,138.16826514511433,140.46296469360348,139.03195881551852,139.95733540453844
S13,2026-10-02,5,143.4,2026-09-27,120.8,140.5,131.86336970306172,132.51337667610105,133.9005493592959,130.7644732194466,129.7056272805913,134.15918636322021,131.71153174611422,127.87717514099825,127.74097662640871,133.01127803314097,131.78745072458798,129.87027242202998
S14,2026-10-02,5,95.0,2026-09-27,84.0,98.3,104.94388174326889,104.17952034023443,103.15242712193775,103.38205563212216,93.34022299640772,97.82439418435096,100.31693893159954,103.16211096220728,100.42108506313326,101.38413796380993,102.63041033743421,104.05299635273809
S15,2026-10-02,5,109.1,2026-09-27,100.8,87.64285714285714,107.1128830980489,106.59531775089118,103.71619621318757,105.00929038757306,105.76785350824395,103.74981362479073,103.81624128503091,102.18039207105699,104.04686363409999,105.43134836141982,105.4645621915399,104.64663758455293
S01,2026-10-03,6,92.5,2026-09-27,111.2,113.57142857142857,108.39477385566983,108.4339908539219,108.98035699772176,107.06727493305276,103.75492112337774,103.05197743007115,102.52386760081461,108.7826952038868,105.40762477939039,105.72337564287048,105.45932072824222,108.58873452977832
S02,2026-10-03,6,137.8,2026-09-27,141.6,135.27142857142857,139.84057356109915,140.29659204843358,140.511572390247,137.85731178665472,141.47739816694687,139.03918622561864,138.59702879652502,139.15592803279048,139.90495644523315,139.4398798933589,139.2188011788121,139.49825079694483
S03,2026-10-03,6,142.0,2026-09-27,117.47551020408164,117.88221574344024,130.21587724067024,130.05357596125964,129.85304059100676,128.336301283251,128.5249149281737,130.44896626986846,126.47032249756198,122.21234504780398,126.35106887809906,130.33242175526937,128.34309986911612,126.21411114423711
S04,2026-10-03,6,99.1,2026-09-27,138.2,111.89999999999999,121.45759494565861,121.01200055862714,119.4408292236179,120.33740055537443,118.383678405933,118.93826570510863,116.54039706438756,114.7577848687403,114.73509814430633,120.19793032538362,118.99899600502309,118.10768990719946
S05,2026-10-03,6,72.8,2026-09-27,86.2,94.24285714285713,104.91408513643343,104.39716206613392,103.59431954869414,102.55862037904204,101.86248776191812,100.0218908037458,97.45786702158188,99.05108413457326,97.08689421707979,102.46798797008961,101.18597607900765,101.98258463550334
S06,2026-10-03,6,101.6,2026-09-27,94.2,96.85830903790088,101.70709923173597,99.97602940167486,99.79293828111915,98.41728699970183,92.18680448401669,90.49819827816577,92.48718751515922,96.77192257483884,94.75908753310587,96.10264875495088,97.0971433734476,99.2395109032874
S07,2026-10-03,6,102.6,2026-09-27,53.7,82.31428571428572,95.50215568393853,94.41904557440695,92.65545821249907,92.9043314465934,89.59018293775948,89.41573901857649,88.83854369394541,92.22830271504165,91.26935233708681,92.4589473512575,92.17034968894197,93.86522919949009
S08,2026-10-03,6,152.51818181818183,2026-09-27,114.7,121.78571428571426,132.67002988319086,130.87931194686635,128.06708884913934,131.5482294702063,129.35630628465475,128.07317652021135,131.26280758979942,125.04361759499622,127.60834272536913,130.3716032017011,131.96641873649514,128.85682373909356
S09,2026-10-03,6,118.3,2026-09-27,102.5,112.7,121.82996379517785,122.55204501688944,121.81448187801561,120.2427908590432,121.14249273052944,121.36076850891114,116.70182618601751,117.97419093239698,115.81573966118681,121.59536615204449,119.26589499059767,119.90207736378741
S10,2026-10-03,6,143.1,2026-09-27,129.9,109.17142857142858,122.40117613583753,122.22720654759037,119.23936710982251,121.42457997859259,127.44410342766174,124.44726170131139,126.7592977884828,117.75339197906813,125.32386755943264,123.42421891857447,124.58023696216017,120.07728405745283
S11,2026-10-03,6,87.8,2026-09-27,76.3,78.14285714285714,88.74855491821394,89.84746168841765,88.173796885776,87.13787523659184,85.66891104414815,84.92663771765572,84.22308458445545,87.0172254417078,86.69003840814312,86.83759631793484,86.4858197513347,87.88289017996087
S12,2026-10-03,6,136.2,2026-09-27,136.0,142.02857142857144,137.37753859504872,135.09569772226507,134.59897663188403,136.6432852005872,142.25076715792633,138.26568442753384,137.82042363998556,136.74424957818806,137.49650987704334,137.82161151129128,137.59898111751716,137.06089408661836
S13,2026-10-03,6,136.9,2026-09-27,120.8,140.5,127.66473759724167,128.3900179238789,130.39109085589376,126.27636905776285,134.9176023810347,132.8781361579895,134.18700381398284,128.49483602500504,127.45034606383422,130.2714368776156,130.92587070561225,128.07978681112337
S14,2026-10-03,6,88.0,2026-09-27,84.0,98.3,100.74524963744882,100.05616158801227,99.6429686185356,98.89395147043842,93.3582017680321,93.92989234924316,95.46140333840572,97.92945390423559,96.19008186379173,97.33757099334599,98.10332648792726,99.3373517708422
S15,2026-10-03,6,82.5,2026-09-27,100.8,87.64285714285714,102.91425099222883,102.47195899866901,100.20673770978541,100.52118622588934,101.48171268204382,99.22952706473214,101.42253640802906,98.14714476796395,100.74064223591319,101.07188902848048,102.16839370012895,100.5306978800964
S01,2026-10-04,7,93.2,2026-09-27,111.2,113.57142857142857,103.00939171786236,103.16000645381918,105.43623486918386,101.13378410366313,99.6989702995378,99.47515133449009,100.49148008979054,101.89135547398821,102.16436338778371,101.24227152617622,101.75043590382646,102.45037359592529
S02,2026-10-04,7,131.9,2026-09-27,141.6,135.27142857142857,134.45519142329167,135.02260764833088,136.9674502617091,131.92382095726506,136.2470128987189,135.5707273049014,132.07607923904175,135.30412066474966,138.0088212588048,135.01295936409653,133.26563533116672,134.87965604402066
S03,2026-10-04,7,110.6,2026-09-27,117.47551020408164,117.88221574344024,124.83049510286276,124.7795915611569,126.30891846246888,122.40281045386136,121.33535110992793,125.81455302752838,121.79534652884402,119.54508188916306,122.02703823642462,125.32252406519557,123.31292081585339,122.1877884960129
S04,2026-10-04,7,98.6,2026-09-27,138.2,111.89999999999999,116.07221280785114,115.7380161585244,115.89670709508,114.40390972598479,117.00879341607072,116.26178445816039,115.106879458843,114.40599398868378,115.38434369663261,116.16699863300576,115.58954613334707,115.23910339826746
S05,2026-10-04,7,126.8,2026-09-27,86.2,94.24285714285713,99.52870299862596,99.1231776660312,100.05019742015625,96.62512954965241,95.5946519584362,95.3039622749601,97.26182028965933,96.01171338226085,95.34696414146202,97.41633263679303,98.39526164414264,97.77020819044341
S06,2026-10-04,7,84.0,2026-09-27,94.2,96.85830903790088,96.3217170939285,94.70204500157213,96.24881615258126,92.4837961703122,85.82909480846772,85.47258401653858,87.36167114667695,91.61946492891883,92.82584042701896,90.89715055523354,91.84169412030272,93.97059101142366
S07,2026-10-04,7,71.6,2026-09-27,53.7,82.31428571428572,90.11677354613106,89.14506117430422,89.11133608396116,86.97084061720378,84.88773120850269,85.70533676828657,83.87164977269131,86.77353149683873,85.99822992288277,87.9110551572088,86.99421165941118,88.44515252148489
S08,2026-10-04,7,137.8,2026-09-27,114.7,121.78571428571426,127.2846477453834,125.60532754676362,124.52296672060143,125.6147386408167,123.22123657597805,124.30498208318436,121.9224815829925,121.13959330587872,124.64735226921525,125.79481491428388,124.60356466418796,124.21212052563106
S09,2026-10-04,7,125.22244897959185,2026-09-27,102.5,112.7,116.44458165737038,117.2780606167867,118.2703597494777,114.30930002965357,117.2235574916427,118.71622343063355,115.25667545591342,113.48516249161148,113.10410600033904,117.58040254400197,115.85062855664191,114.96487207449093
S10,2026-10-04,7,98.5,2026-09-27,129.9,109.17142857142858,117.01579399803005,116.95322214748764,115.69524498128462,115.49108914920295,122.21185208135469,121.47164429255895,122.5936825594915,114.7148411050795,122.8298579660552,119.2437191452945,119.80473827876077,115.86531755155477
S11,2026-10-04,7,89.9,2026-09-27,76.3,78.14285714285714,83.36317278040647,84.57347728831492,84.6296747572381,81.2043844072022,83.61774967544439,82.32501704352242,87.17825037308191,81.5236802875186,82.59176788325044,82.84409491196445,85.27071157674419,82.44342653396254
S12,2026-10-04,7,123.3,2026-09-27,136.0,142.02857142857144,131.99215645724126,129.82171332216234,131.05485450334615,130.70979437119755,138.62185386086762,135.81870299748013,134.37996974443627,131.25865918953122,135.03128327962347,133.90542972736068,133.18606310083877,131.62540782338624
S13,2026-10-04,7,130.6,2026-09-27,120.8,140.5,122.2793554594342,123.11603352377617,126.84696872735586,120.34287822837322,127.8830726859992,127.89947414398193,126.97547120778252,125.60999670192592,126.96883614850893,125.08941480170807,124.62741333360836,123.94467608068007
S14,2026-10-04,7,91.0,2026-09-27,84.0,98.3,95.35986749964135,94.78217718790955,96.0988464899977,92.9604606410488,88.48531293716546,89.02919750213623,89.43861428670807,89.96962894278886,93.37731255116567,92.19453250088878,92.39924089317472,92.6647482212151
S15,2026-10-04,7,86.1,2026-09-27,100.8,87.64285714285714,97.52886885442136,97.19797459856628,96.66261558124752,94.5876953964997,95.48938657544902,95.16002900259835,97.35913159052478,90.7117774046942,95.58709152136336,96.34444892850985,97.44400022247308,94.12032312955779
S01,2026-10-05,8,109.3,2026-09-27,111.2,113.57142857142857,97.62862970452059,97.90669745645009,100.9036276394716,96.61869773583572,88.83600148552159,94.82249096461705,92.88324319294307,95.29650472470249,97.33958661522824,96.22556033456883,95.25593644873183,96.46256721461154
S02,2026-10-05,8,122.1,2026-09-27,141.6,135.27142857142857,129.0744294099499,129.7692986509618,132.43484303199685,127.40873458943767,126.83317119509728,128.96538065501622,125.42297159733502,127.24764603192139,127.23408465789812,129.01990503248305,127.24870050364245,128.16103772093564
S03,2026-10-05,8,103.1,2026-09-27,117.47551020408164,117.88221574344024,119.44973308952099,119.52628256378782,121.7763112327566,117.88772408603396,118.60483707811805,119.36788464106903,116.8755765147665,112.20260960380294,114.04118299706505,119.40880886529501,118.16265480214375,115.82617134666197
S04,2026-10-05,8,99.8,2026-09-27,138.2,111.89999999999999,110.69145079450938,110.48470716115531,111.36409986536772,109.8888233581574,113.53019856338453,110.4983829498291,113.76523348614958,107.36236351816162,114.61886392925922,110.59491687216924,112.22834214032949,109.0269071563355
S05,2026-10-05,8,76.5,2026-09-27,86.2,94.24285714285713,94.1479409852842,93.86986866866211,95.51759019044398,92.110043181825,96.96383374558923,91.36181633131844,89.34237029317566,93.81953083208157,90.43106001147586,92.75487865830132,91.74515563922992,93.98373590868289
S06,2026-10-05,8,69.4,2026-09-27,94.2,96.85830903790088,90.94095508058672,89.44873600420304,91.71620892286899,87.9687098024848,85.76026331859171,81.70989061138721,82.67010437944964,87.47858245013683,85.50253467613314,86.32542284598696,86.80552973001818,89.20976876536177
S07,2026-10-05,8,88.5,2026-09-27,53.7,82.31428571428572,84.73601153278929,83.89175217693513,84.5787288542489,82.45575424937637,85.25830098329158,79.86444063867842,79.60227541680246,81.36671482423695,81.57410950362951,82.30022608573385,82.16914347479587,83.05136317851313
S08,2026-10-05,8,97.5,2026-09-27,114.7,121.78571428571426,121.90388573204163,120.35201854939453,119.99035949088916,121.09965227298929,120.1758915421586,118.47760738645279,117.44298637108874,114.46279376971128,115.01625883118852,120.1907465592472,119.67343605156518,118.18333975087646
S09,2026-10-05,8,109.3,2026-09-27,102.5,112.7,111.06381964402861,112.02475161941761,113.73775251976544,109.79421366182616,111.10963060677385,112.2909381210804,108.85804833026482,108.16441048261139,109.99458412430577,111.6773788825545,109.96093398714672,109.61411506332
S10,2026-10-05,8,137.0,2026-09-27,129.9,109.17142857142858,111.63503198468828,111.69991315011855,111.16263775157235,110.97600278137556,112.56948909371344,114.42853439876012,112.97371259898094,106.51658343337567,109.02284127375725,113.0317831917242,112.30437229183461,109.07580770903198
S11,2026-10-05,8,82.3,2026-09-27,76.3,78.14285714285714,77.9824107670647,79.32016829094583,80.09706752752584,76.68929803937479,74.47718688235055,75.32222015517098,74.51479162445142,76.14398519652659,77.48190366194059,76.65231546111784,76.24860119575806,77.06319798179564
S12,2026-10-05,8,126.4,2026-09-27,136.0,142.02857142857144,126.61139444389948,124.56840432479326,126.52224727363387,126.19470800337015,126.44292742676168,129.39210444859097,127.92409751343791,123.13169074080291,128.45901261561218,128.00174944624524,127.2677459786687,124.8715425923512
S13,2026-10-05,8,135.5,2026-09-27,120.8,140.5,116.89859344609243,117.86272452640708,122.31436149764359,115.82779186054582,120.44907138091511,124.12109756469727,123.32757676121794,117.98085404149458,122.35421129365423,120.50984550539485,120.11308510365518,117.43972374379351
S14,2026-10-05,8,113.4,2026-09-27,84.0,98.3,89.97910548629959,89.52886819054046,91.56623926028543,88.44537427322139,85.1009751416779,85.24483280181884,84.41889904581966,86.40009910318267,86.62975200930188,87.61196914405922,87.19900226605962,88.18960229474112
S15,2026-10-05,8,96.5,2026-09-27,100.8,87.64285714285714,92.14810684107958,91.94466560119719,92.13000835153525,90.07260902867229,95.41066732880088,90.39798600333077,91.64931175164168,91.18433433209219,91.64778469371552,91.27304642220517,91.89870929636064,91.6662205865859
S01,2026-10-06,9,97.9,2026-09-27,111.2,113.57142857142857,97.81437836383351,98.11675437392722,100.96959706054247,97.96559261221044,101.8062681891574,102.27273872920445,99.7767234828359,101.6842124617472,102.5753180038532,100.04355854651898,98.7955509233347,99.74929541279036
S02,2026-10-06,9,137.1,2026-09-27,141.6,135.27142857142857,129.26017806926282,129.9793555684389,132.5008124530677,128.75562946581238,146.11603954116296,141.96799992152623,146.73191906706586,148.11464948975868,145.51114107219212,135.61408899539452,137.99604856816433,138.68741377951076
S03,2026-10-06,9,116.9,2026-09-27,117.47551020408164,117.88221574344024,119.63548174883391,119.73633948126495,121.84228065382747,119.23461896240867,122.44737611360694,122.88839746035919,123.66493556574255,124.19975712259209,123.96799372506061,121.26193960459655,121.65020865728823,121.917619435713
S04,2026-10-06,9,111.9,2026-09-27,138.2,111.89999999999999,110.8771994538223,110.69476407863245,111.4300692864386,111.2357182345321,110.04038757917397,110.77354469299316,110.61435861652062,114.10695342498524,111.94215651697232,110.82537207340772,110.74577903517147,112.49207643940377
S05,2026-10-06,9,97.6,2026-09-27,86.2,94.24285714285713,94.33368964459711,94.07992558613924,95.58355961151486,93.45693805819973,94.42888629458042,90.88867704527718,89.78944076954521,89.09235732974139,87.40054450776321,92.61118334493715,92.06156520707117,91.71302348716925
S06,2026-10-06,9,100.8,2026-09-27,94.2,96.85830903790088,91.12670373989965,89.65879292168017,91.78217834393986,89.31560467885951,85.08049725767754,85.8600189759502,87.0467931032469,88.16663056818857,86.72035580554441,88.49336135792493,89.08674842157328,89.64666715404411
S07,2026-10-06,9,84.6,2026-09-27,53.7,82.31428571428572,84.92176019210221,84.10180909441226,84.64469827531977,83.80264912575109,76.441016060084,77.3126430102757,75.55693003289237,77.04130399113377,75.98928784217847,81.11720160118895,80.23934511249729,80.98153209161799
S08,2026-10-06,9,116.8,2026-09-27,114.7,121.78571428571426,122.08963439135455,120.56207546687166,120.05632891196004,122.44654714936401,128.9415022012352,126.5507193974086,132.2905836567328,131.4580139975005,129.01659744314105,124.32017689438158,127.19010902404366,126.77382419442753
S09,2026-10-06,9,135.9,2026-09-27,102.5,112.7,111.24956830334153,112.23480853689475,113.80372194083631,111.14110853820088,114.76808488459939,113.68907697200775,111.36070339081743,112.69172264587701,111.78912763681905,112.46932263767465,111.30513584707948,111.97064547460927
S10,2026-10-06,9,122.1,2026-09-27,129.9,109.17142857142858,111.8207806440012,111.90997006759568,111.22860717264322,112.32289765775027,115.50994446811599,114.52167833873204,116.03190242887247,110.7578606069296,111.63041730498468,113.17122949136663,113.92634153643684,111.2893206254654
S11,2026-10-06,9,64.8,2026-09-27,76.3,78.14285714285714,78.16815942637763,79.53022520842296,80.16303694859671,78.03619291574951,74.27184801804142,72.95209986822945,74.19538140704378,77.27319438623852,78.9503216128634,75.56012964730354,76.1817704167107,77.72067690630807
S12,2026-10-06,9,112.0,2026-09-27,136.0,142.02857142857144,126.7971431032124,124.7784612422704,126.58821669470474,127.54160287974487,161.3868042773681,149.03566152027676,149.35516492092907,134.24833202721507,136.41407443793415,137.91640231174458,138.07615401207073,130.52273756521373
S13,2026-10-06,9,117.5,2026-09-27,120.8,140.5,117.08434210540534,118.0727814438842,122.38033091871446,117.17468673692053,137.56311953443603,136.0083999633789,137.96765881819547,126.69803847357308,126.2702346297294,126.54637103439212,127.52600046180041,121.8911902894892
S14,2026-10-06,9,95.7,2026-09-27,84.0,98.3,90.16485414561251,89.73892510801758,91.6322086813563,89.79226914959611,86.56031782215513,89.59131031036377,87.99186673918985,88.43132896688272,88.39986712384712,89.87808222798813,89.07836044240118,89.29809155624761
S15,2026-10-06,9,103.7,2026-09-27,100.8,87.64285714285714,92.33385550039252,92.15472251867432,92.19597777260613,91.41950390504701,88.5951378192657,86.88279158728463,87.89687339478584,86.57747357747316,87.45189910991247,89.60832354383857,90.11536444758917,89.45566453893284
S01,2026-10-07,10,140.4,2026-09-27,111.2,113.57142857142857,106.58952812433441,106.72260377318493,107.44001642479823,107.37944203449355,107.04953491148473,104.41107586451939,104.63268860465405,105.13141343421593,104.05185522656004,105.5003019944269,105.61110836449423,105.86047077927518
S02,2026-10-07,10,137.9,2026-09-27,141.6,135.27142857142857,138.0353278297637,138.58520496769663,138.97123181732348,138.1694788880955,141.09284194692404,139.78991125651768,138.71198480148993,140.28119195519582,140.16068654168188,138.9126195431407,138.37365631562682,139.15825989247975
S03,2026-10-07,10,135.2,2026-09-27,117.47551020408164,117.88221574344024,128.41063150933482,128.34218888052266,128.31270001808326,128.6484683846918,130.557596910514,130.92321038760528,131.03400503059646,127.03422137973683,127.67261148816546,129.66692094847005,129.72231826996563,127.72242644453584
S04,2026-10-07,10,77.1,2026-09-27,138.2,111.89999999999999,119.6523492143232,119.30061347789015,117.90048865069437,120.64956765681522,121.99669838259227,120.16184940338134,121.36703080571222,119.08391141065196,116.23778283231987,119.90709930885227,120.5096900100177,119.36813031248758
S05,2026-10-07,10,100.0,2026-09-27,86.2,94.24285714285713,103.10883940509801,102.68577498539695,102.05397897577063,102.87078748048283,104.19001845289529,101.35389535086495,103.30144938513624,102.45064232048573,99.73866138366482,102.23136737798148,103.20514439511712,102.77974086279187
S06,2026-10-07,10,84.2,2026-09-27,94.2,96.85830903790088,99.90185350040055,98.26464232093788,98.25259770819562,98.72945410114262,92.64515839721848,90.40104652187915,94.9119937131262,94.36873768259518,95.0700204471672,95.15145001113984,97.40692360676337,97.13529559149787
S07,2026-10-07,10,83.0,2026-09-27,53.7,82.31428571428572,93.69690995260311,92.70765849366997,91.11511763957554,93.2164985480342,89.29853615651213,88.2860078402928,91.34444548540353,93.57166336534405,91.43226196449619,90.99145889644795,92.52067771900332,93.63428665897358
S08,2026-10-07,10,130.6,2026-09-27,114.7,121.78571428571426,130.86478415185545,129.16792486612937,126.52674827621581,131.86039657164713,132.70287703540328,128.16430105481828,131.869378046364,125.07199891008452,126.90978717628624,129.51454260333685,131.36708109910973,127.96839153096998
S09,2026-10-07,10,125.2,2026-09-27,102.5,112.7,120.02471806384243,120.84065793615245,120.27414130509209,120.55495796048399,125.41612881660213,123.2827980041504,123.96799960361236,124.19511962561228,117.72452331316717,121.65375803399641,121.99635883372738,122.10991884472736
S10,2026-10-07,10,131.1,2026-09-27,129.9,109.17142857142858,120.5959304045021,120.51581946685339,117.699026536899,121.73674708003338,128.15253094330177,125.66936100551061,132.55231129348016,126.38310131492389,127.91496748354773,123.13264570500635,126.57412084899113,123.489515859713
S11,2026-10-07,10,88.2,2026-09-27,76.3,78.14285714285714,86.94330918687852,88.13607460768067,86.63345631285247,87.45004233803263,85.21948576301853,84.05609948294503,86.70700351937737,87.73540809731493,87.31763257936812,85.49970433491177,86.82515635312794,87.33935864209673
S12,2026-10-07,10,134.3,2026-09-27,136.0,142.02857142857144,135.5722928637133,133.3843106415281,133.0586360589605,136.955452302028,141.87489845447033,139.1986501829965,138.94073913916844,134.87346397612993,136.7843863221856,137.3854715233549,137.25651600144087,135.2228784199216
S13,2026-10-07,10,129.7,2026-09-27,120.8,140.5,125.85949186590625,126.67863084314192,128.85075028297024,126.58853615920364,139.257156332088,133.29086828231812,135.360369536796,127.1884630233209,127.22525718115678,129.57518007411218,130.60993070135112,126.52397744461356
S14,2026-10-07,10,113.7,2026-09-27,84.0,98.3,98.9400039061134,98.3447745072753,98.10262804561208,99.20611857187922,93.83865720573719,94.1323392868042,96.59937000870305,94.4681995877496,96.48769631485504,96.5361715964588,97.76968695740823,96.7041017469315
S15,2026-10-07,10,87.2,2026-09-27,100.8,87.64285714285714,101.10900526089341,100.76057191793203,98.6663971368619,100.83335332733013,100.65324100907668,98.47345215933663,104.36792766107703,102.77586858087977,103.43245581837596,99.79122871011502,102.73846646098522,101.94243692088659
S01,2026-10-05,1,109.3,2026-10-04,93.2,102.05714285714285,99.14876057647643,100.0174597124035,102.28998426082322,97.62776384364591,102.40531198496265,103.25144243580954,101.72972189239908,102.30294907671619,106.86887973933558,101.20010150614299,100.43924123443776,100.7258548265963
S02,2026-10-05,1,122.1,2026-10-04,131.9,133.72857142857143,128.87595702542387,128.94067639063002,130.66142892955096,126.21167013883635,124.42090206180411,125.76451827457973,123.43715792553921,123.81673789518501,123.0937212662567,127.3202376500018,126.15655747548155,126.34634746030444
S03,2026-10-05,1,103.1,2026-10-04,110.6,134.18571428571428,115.60683407189214,115.42070500148338,119.53165738955481,113.49234866656201,109.47750920814985,115.07619623456682,112.75621651715328,115.00710153927389,117.59755785686332,115.34151515322948,114.18152529452271,115.30696780558301
S04,2026-10-05,1,99.8,2026-10-04,98.6,115.1597667638484,112.21708593610306,112.53712011043784,113.76934130419454,110.30481741037904,112.37062870826338,114.85650342742834,113.16679025734882,112.82027009626526,119.81745199859046,113.5367946817657,112.69193809672595,112.51867801618417
S05,2026-10-05,1,76.5,2026-10-04,126.8,93.08571428571427,91.20560782082018,91.5664019052332,92.89952840980038,88.44781570668897,90.71389603219856,91.32692438874925,92.3799332688859,96.75477148966624,99.72745580542039,91.2662661047847,91.79277054485304,93.98018965524321
S06,2026-10-05,1,69.4,2026-10-04,84.0,87.68571428571428,89.12971592608466,89.33227706986236,91.02482460707598,86.38119723607116,95.3732772540378,90.83534220967974,93.27019680146397,93.07270115871594,96.46417165781928,89.9825290678822,91.1999563637743,91.1012085424003
S07,2026-10-05,1,88.5,2026-10-04,71.6,86.64285714285714,85.60715108888652,85.51990017013844,87.73615878396565,82.90291214838818,88.29040360523192,86.04008538382394,87.3234903816084,92.17074410555378,95.0596811519327,85.82361823635523,86.46532073524746,88.88894759722015
S08,2026-10-05,1,97.5,2026-10-04,137.8,131.33116883116884,125.41201935291762,124.32388242668752,125.68916794435602,123.22062643008866,122.39337616843844,122.95793598967714,119.98020648487504,120.99830259754762,119.9085273094432,124.18497767129739,122.69611291889633,123.20516097523262
S09,2026-10-05,1,109.3,2026-10-04,125.22244897959185,117.95072886297376,114.51101385659521,114.8281213175839,116.99751004193453,111.73217108043144,113.10774538876989,119.45589372465284,115.48150144218467,114.83774936752263,119.70675069780603,116.98345379062403,114.99625764938995,114.67438161205892
S10,2026-10-05,1,137.0,2026-10-04,98.5,115.34285714285714,113.28169034805347,112.57681093148668,112.90497838065053,111.6556610913977,105.35393291574145,107.84977414267404,105.45921497982921,109.73250480369757,106.58355985358148,110.56573224536376,109.37045266394134,111.50709757587552
S11,2026-10-05,1,82.3,2026-10-04,89.9,92.0,88.01705940419409,87.15072619753693,89.78397468814009,84.23900313352418,88.60325195382723,86.64638662338257,87.78712685203743,93.83847852690363,94.94262369790475,87.33172301378832,87.90209312811575,90.92776896554886
S12,2026-10-05,1,126.4,2026-10-04,123.3,131.71428571428572,128.8471131789107,128.70844479462738,130.20729755339403,128.1617913512478,122.4138377829482,125.59823308672225,121.55712841302439,122.89089666775435,123.91519865576839,127.22267313281647,125.20212079596755,125.86900492333251
S13,2026-10-05,1,135.5,2026-10-04,130.6,127.87142857142858,123.77383258651355,124.65455759805738,128.11620288978042,121.83255236370577,123.88905753410921,124.57615121432714,122.10466661960177,119.92422012194862,119.8434242125647,124.17499190042034,122.93924960305766,121.84902635423109
S14,2026-10-05,1,113.4,2026-10-04,91.0,97.5,94.99379703193277,95.01060372263171,97.55775977892363,92.11161536723031,101.17621114230803,98.02113151550293,100.29892465660687,101.96221559518237,103.6617337226445,96.50746427371786,97.64636084426982,98.47800631355757
S15,2026-10-05,1,96.5,2026-10-04,86.1,105.65714285714286,92.93677363266738,92.42148174149729,95.74888320623532,89.44095964269812,91.25150066266515,89.83932803017753,89.74657294188705,90.80875489524803,90.58599983446203,91.38805083142245,91.34167328727722,91.8727642639577
S01,2026-10-06,2,97.9,2026-10-04,93.2,102.05714285714285,98.55227141463355,99.45584277975986,101.71236200791832,98.34580493444186,99.18319574886577,100.07732427460806,99.44109920844858,99.40341024343499,100.26116675293844,99.31479784462081,98.99668531154106,98.97784082903428
S02,2026-10-06,2,137.1,2026-10-04,131.9,133.72857142857143,128.27946786358098,128.3790594579864,130.08380667664608,126.92971122963229,144.73775664032837,132.99699355534145,133.19695864093634,136.94636305998182,137.2007649226442,130.6382307094612,130.73821325225867,132.6129154617814
S03,2026-10-06,2,116.9,2026-10-04,110.6,134.18571428571428,115.01034491004924,114.85908806883975,118.95403513664989,114.21038975735796,114.9534326034432,121.79483751569475,120.71161203258845,125.98573340126313,123.49944615904234,118.402591212872,117.86097847131884,120.49803915565619
S04,2026-10-06,2,111.9,2026-10-04,98.6,115.1597667638484,111.62059677426016,111.97550317779421,113.19171905128962,111.022858501175,108.4757853730474,111.00949534813795,110.03407218446397,109.8468205346287,109.00938874518826,111.31504606119906,110.82733447936207,110.73370865444443
S05,2026-10-06,2,97.6,2026-10-04,126.8,93.08571428571427,90.6091186589773,91.00478497258956,92.32190615689548,89.1658567974849,84.90552362986628,88.1637534550258,84.34357005657968,87.03265621598024,86.4441750624571,89.38643605700155,87.47634435777849,88.82088743747877
S06,2026-10-06,2,100.8,2026-10-04,84.0,87.68571428571428,88.53322676424177,88.77066013721871,90.44720235417107,87.0992383268671,86.69943632892507,85.15834836278643,85.89636604042161,82.35388656283469,84.21449887634334,86.84578756351411,87.2147964023317,85.44355666353823
S07,2026-10-06,2,84.6,2026-10-04,71.6,86.64285714285714,85.01066192704364,84.95828323749481,87.15853653106073,83.62095323918412,78.92226837326255,79.95738560812813,79.05676421389325,79.46151125315701,78.05393504905656,82.48402376758588,82.03371307046845,82.23608659010033
S08,2026-10-06,2,116.8,2026-10-04,137.8,131.33116883116884,124.81553019107474,123.76226549404387,125.11154569145111,123.9386675208846,128.29813435559194,127.06970852690858,129.54206055236267,135.3278776079283,135.11108543332566,125.94261935899166,127.1787953717187,130.07170389950153
S09,2026-10-06,2,135.9,2026-10-04,125.22244897959185,117.95072886297376,113.91452469475233,114.26650438494026,116.41988778902962,112.45021217122739,111.1592061660705,116.57583996603162,115.59324247483342,112.56646635875875,112.53760817945418,115.24518233039197,114.75388358479287,113.24049552675554
S10,2026-10-06,2,122.1,2026-10-04,98.5,115.34285714285714,112.68520118621059,112.01519399884303,112.32735612774562,112.37370218219365,109.12894233153355,111.65763451712472,110.42119951814688,111.27576839457207,109.39113911923788,112.17141785166766,111.55320035217873,111.98048479039133
S11,2026-10-06,2,64.8,2026-10-04,89.9,92.0,87.4205702423512,86.5891092648933,89.20635243523519,84.95704422432011,77.56897086285379,81.21460437774658,80.33255776032665,82.61797884915339,80.85833870363035,84.31758731004889,83.87656400133892,85.0192745457523
S12,2026-10-06,2,112.0,2026-10-04,123.3,131.71428571428572,128.25062401706782,128.14682786198375,129.6296753004891,128.87983244204375,155.7437988952335,152.13864026750838,145.2419291051743,136.59814495231907,145.07105900868132,140.1946321422881,136.74627656112108,132.42438448469346
S13,2026-10-06,2,117.5,2026-10-04,130.6,127.87142857142858,123.17734342467067,124.09294066541374,127.53858063687554,122.55059345450171,129.08235494394836,131.28798850604466,131.30395826222147,131.30901829564542,133.12752796555222,127.23266596535765,127.24065084344608,127.24318086015805
S14,2026-10-06,2,95.7,2026-10-04,91.0,97.5,94.39730787008989,94.44898678998807,96.98013752601872,92.82965645802625,93.14545191561378,93.12508726119995,92.91427451181289,91.1749064417703,92.58556746472401,93.76119756564492,93.65579119095139,92.7861071559301
S15,2026-10-06,2,103.7,2026-10-04,86.1,105.65714285714286,92.34028447082449,91.85986480885366,95.17126095333042,90.15900073349405,92.02603486509159,93.07496664864676,91.37685570788977,94.30556209871706,95.65784258079483,92.70762555973562,91.85857008935713,93.32292328477078
S01,2026-10-07,3,140.4,2026-10-04,93.2,102.05714285714285,108.43775347356475,109.16601452096235,108.74946600312205,108.61738850359163,110.40951160762903,112.21744883401053,112.14066346332794,113.08861869900896,112.19213888089563,110.32760115378764,110.28920846844635,110.76318608628685
S02,2026-10-07,3,137.9,2026-10-04,131.9,133.72857142857143,138.1649499225122,138.08923119918887,137.12091067184983,137.20129479878207,141.31384463183318,140.741826071058,143.10274537340857,142.01329139988383,141.8566569299549,139.4533879967851,140.63384764796038,140.08912066119802
S03,2026-10-07,3,135.2,2026-10-04,110.6,134.18571428571428,124.89582696898044,124.56925981004224,125.99113913185366,124.48197332650773,134.50033766618805,133.37252179895128,142.9164733842657,129.94479426616064,126.70587706127424,129.13417438396587,133.90615017662307,127.42031061757055
S04,2026-10-07,3,77.1,2026-10-04,98.6,115.1597667638484,121.50607883319138,121.6856749189967,120.22882304649337,121.29444207032476,121.80747767462111,124.95240935723218,125.65046977183066,127.14776958647742,123.1763018885952,123.22924409521178,123.57827430251102,124.3269242098344
S05,2026-10-07,3,100.0,2026-10-04,126.8,93.08571428571427,100.4946007179085,100.71495671379205,99.35901015209923,99.43744036663468,96.8128099560554,99.96060413633073,102.63826135183282,102.56431048489866,102.78597973973511,100.22760242711962,101.56643103487066,101.52945560140358
S06,2026-10-07,3,84.2,2026-10-04,84.0,87.68571428571428,98.41870882317298,98.48083187842121,97.48430634937482,97.37082189601686,99.9786643574321,97.42279962812151,102.60342129357991,100.07806155853078,100.77016625411493,97.92075422564724,100.51106505837645,99.24838519085188
S07,2026-10-07,3,83.0,2026-10-04,71.6,86.64285714285714,94.89614398597485,94.6684549786973,94.19564052626448,93.89253680833389,91.98022962080094,92.32156426565987,92.7141748115395,96.98526201462153,93.49209033807486,93.60885412581736,93.80515939875717,95.94070300029819
S08,2026-10-07,3,130.6,2026-10-04,137.8,131.33116883116884,134.70101225000596,133.47243723524636,132.14864968665486,134.21025109003438,143.0858392949955,138.13275879698915,140.05498378108393,139.0094798387496,138.55039867966983,136.41688552349757,137.37799801554496,136.8552460443778
S09,2026-10-07,3,125.2,2026-10-04,125.22244897959185,117.95072886297376,123.80000675368353,123.97667612614275,123.45699178423337,122.72179574037716,135.64667914749543,135.68448015997083,139.13514410266458,132.7829087791025,128.97885223138223,129.74224345682717,131.46757542817406,128.29145776639302
S10,2026-10-07,3,131.1,2026-10-04,98.5,115.34285714285714,122.5706832451418,121.72536574004553,119.36446012294937,122.64528575134341,119.48600587908028,123.10325171606881,126.75403710736109,125.84334228900362,122.33275714149401,122.8369674806053,124.66236017625144,124.20701276707271
S11,2026-10-07,3,88.2,2026-10-04,89.9,92.0,97.3060523012824,96.29928100609578,96.24345643043894,95.22862779346988,91.23823955203618,93.13401520252228,93.26752507085723,100.21747460433386,95.77112389578916,95.22003375190235,95.28678868606983,98.76176345280814
S12,2026-10-07,3,134.3,2026-10-04,123.3,131.71428571428572,138.136106075999,137.85699960318624,136.66677929569286,139.1514160111935,138.27572344411564,141.0448568889073,138.1138406673066,140.36982965276283,139.00824838333088,139.59048148245316,138.1249733716528,139.25296786438093
S13,2026-10-07,3,129.7,2026-10-04,130.6,127.87142857142858,133.06282548360187,133.80311240661624,134.5756846320793,132.82217702365148,140.0956984022807,141.49552734919956,140.18972193137637,142.28944418567642,140.70566937434978,137.27917641640073,136.62627370748913,137.67613483463913
S14,2026-10-07,3,113.7,2026-10-04,91.0,97.5,104.28278992902109,104.15915853119056,104.01724152122247,103.10124002717602,105.19041651821962,105.2702054977417,111.32845792076178,108.27881312864389,108.32149643583149,104.77649771338139,107.80562392489144,106.28080152883248
S15,2026-10-07,3,87.2,2026-10-04,86.1,105.65714285714286,102.2257665297557,101.57003655005614,102.20836494853417,100.43058430264382,100.75967940300511,98.22556469781058,103.64628311446862,101.28446876748254,99.8224630061895,100.22566561378315,102.93602482211216,101.75511764861912
S01,2026-10-08,4,115.6,2026-10-04,93.2,102.05714285714285,111.59370851352328,112.24063045868584,111.26643980790566,111.80588137344525,117.63380484519078,115.33579504830496,114.78249845421348,117.35591313845498,114.30421642246844,113.46475178091413,113.18810348386839,114.47481082598912
S02,2026-10-08,4,149.4,2026-10-04,131.9,133.72857142857143,141.3209049624707,141.16384713691235,139.63788447663342,140.38978766863568,139.2792120093615,138.37086726597377,139.98446867448965,141.42312708581764,141.71049325487746,139.84588611422225,140.65268681848016,141.37201602414416
S03,2026-10-08,4,130.4,2026-10-04,110.6,134.18571428571428,128.05178200893897,127.64387574776573,128.50811293663725,127.67046619636136,124.12257948105436,127.65778354917254,127.6272586008671,129.9248901638839,127.42027513974651,127.85478277905575,127.83952030490303,128.98833608641144
S04,2026-10-08,4,115.2,2026-10-04,98.6,115.1597667638484,124.66203387314991,124.76029085672019,122.74579685127696,124.48293494017838,120.71845546210898,123.24932250420484,122.49625378166411,124.3815148283692,123.07415637315823,123.95567818867738,123.57914382740701,124.52177435075956
S05,2026-10-08,4,95.7,2026-10-04,126.8,93.08571428571427,103.65055575786702,103.78957265151554,101.87598395688282,102.62593323648831,98.00884636321639,99.93818611417497,98.30786416730604,100.47418190944975,101.70575543845256,101.794370936021,100.97920996258654,102.06236883365838
S06,2026-10-08,4,101.0,2026-10-04,84.0,87.68571428571428,101.5746638631315,101.55544781614469,100.00128015415841,100.5593147658705,100.06942608879281,99.50269369397844,99.10051424773869,99.07709747672682,100.13964679467695,100.53867877855498,100.3375890554351,100.32588066992916
S07,2026-10-08,4,88.9,2026-10-04,71.6,86.64285714285714,98.05209902593337,97.74307091642079,96.71261433104807,97.08102967818752,92.34675061310435,93.7292662348066,92.13503952643437,92.9615946960335,92.38144369081436,95.89068263036998,95.09356927618387,95.50684686098344
S08,2026-10-08,4,139.9,2026-10-04,137.8,131.33116883116884,137.85696728996447,136.54705317296987,134.66562349143845,137.39874395988798,135.60217513661738,134.64979952651186,136.2472561216986,137.56737962648495,137.57543722168583,136.25338340823816,137.05211170583152,137.7121734582247
S09,2026-10-08,4,116.0,2026-10-04,125.22244897959185,117.95072886297376,126.95596179364206,127.05129206386624,125.97396558901696,125.91028861023078,122.70970671276959,127.3268007929054,127.09543386990828,128.67468470864648,127.81950906429611,127.14138129327372,127.02569783177518,127.81532325114426
S10,2026-10-08,4,132.4,2026-10-04,98.5,115.34285714285714,125.72663828510032,124.79998167776901,121.88143392773296,125.83377862119704,118.47602134526953,120.86494853155953,120.64439760736808,124.25991203384896,122.45155217845335,123.29579340832993,123.1855179462342,124.99327515947465
S11,2026-10-08,4,89.6,2026-10-04,89.9,92.0,100.46200734124093,99.37389694381928,98.76043023522253,98.4171206633235,89.56337494125079,93.34603118896484,91.01815695098958,95.84948090874407,93.54135244950233,96.90401926510289,95.74008214611526,98.15574412499251
S12,2026-10-08,4,141.3,2026-10-04,123.3,131.71428571428572,141.29206111595755,140.93161554090972,139.18375310047645,142.33990888104714,140.06369280691666,140.79621778215682,138.4828150171519,139.92274167453988,138.9234288336163,141.04413944905718,139.88743806655472,140.6074013952487
S13,2026-10-08,4,127.1,2026-10-04,130.6,127.87142857142858,136.2187805235604,136.87772834433972,137.09265843686288,136.0106698935051,137.72209513661082,137.78789242335728,137.69953404198043,139.49138871825647,140.79175702472332,137.00333647345883,136.95915728277043,137.85508462090843
S14,2026-10-08,4,120.2,2026-10-04,91.0,97.5,107.43874496897962,107.23377446891405,106.53421532600606,106.28973289702965,106.98596187636643,106.85844326019287,106.7068789513645,106.56480134150112,107.44171795186423,107.14859411458625,107.07281196017206,107.00177315524037
S15,2026-10-08,4,89.0,2026-10-04,86.1,105.65714285714286,105.38172156971422,104.64465248777964,104.72533875331776,103.61907717249746,102.80130089778636,102.64420101983207,101.06799091144225,103.26698829893922,102.02493449890889,104.01296129477313,103.22485624057823,104.32435493432672
S01,2026-10-09,5,213.7,2026-10-04,93.2,102.05714285714285,116.95011214881563,117.46176088619562,115.59796401246822,116.16072442833548,128.77669901187355,125.35392630440847,134.6853680826687,122.1740517028257,134.8175225281117,121.15201922661205,125.81774011574217,119.56208192582066
S02,2026-10-09,5,126.9,2026-10-04,131.9,133.72857142857143,146.67730859776307,146.38497756442214,143.96940868119597,144.74463072352594,150.63793095336555,150.23232318333217,148.32691691959883,147.8072802037174,148.39542630652062,148.45481589054762,147.50211275868094,147.24229440074024
S03,2026-10-09,5,122.2,2026-10-04,110.6,134.18571428571428,133.40818564423134,132.8650061752755,132.8396371411998,132.0253092512516,127.11446781819149,131.48081139836992,126.38011796859381,134.63796487265512,131.12672855392464,132.44449852130063,129.89415180641257,134.0230752584432
S04,2026-10-09,5,143.6,2026-10-04,98.6,115.1597667638484,130.01843750844225,129.98142128422995,127.07732105583953,128.83777799506862,127.34133120719906,134.61796912590893,135.1695072475348,133.72070102955132,137.740247441341,132.31820331717557,132.5939723779885,131.86956926899677
S05,2026-10-09,5,112.2,2026-10-04,126.8,93.08571428571427,109.00695939315938,109.01070307902532,106.20750816144539,106.98077629137855,101.55811068387423,104.56907266889299,104.03052202400184,106.8062382705676,106.95610398841335,106.78801603102619,106.51874070858061,107.90659883186349
S06,2026-10-09,5,99.5,2026-10-04,84.0,87.68571428571428,106.93106749842386,106.77657824365448,104.33280435872098,104.91415782076074,104.68079946359705,102.70255903516497,102.99693127284087,103.7682295754673,105.18460474201603,104.81681326679441,104.96399938563236,105.34964853694558
S07,2026-10-09,5,88.5,2026-10-04,71.6,86.64285714285714,103.40850266122573,102.96420134393057,101.04413853561064,101.43587273307776,97.34043030927465,97.78914792197091,96.29468088918611,101.77153856674946,98.9255191271276,100.59882529159832,99.85159177520592,102.59002061398758
S08,2026-10-09,5,143.1,2026-10-04,137.8,131.33116883116884,143.21337092525684,141.76818360047963,138.997147696001,141.75358701477825,146.94055673488464,144.6765610583417,143.44679224544115,146.2189075186536,143.49641791717787,143.94496599179928,143.33008158534898,144.7161392219552
S09,2026-10-09,5,115.2,2026-10-04,125.22244897959185,117.95072886297376,132.3123654289344,132.27242249137603,130.30548979357954,130.26513166512103,140.90137083634465,139.65846773931654,141.57878299471415,139.29566766806403,140.60099615046047,135.98541658412546,136.9455742118243,135.80401654849922
S10,2026-10-09,5,114.1,2026-10-04,98.5,115.34285714285714,131.08304192039267,130.0211121052788,126.21295813229553,130.18862167608728,129.73069846012777,131.45445038931712,129.33026780090117,133.12609092047254,133.33732008705192,131.2687461548549,130.20665486064692,132.1045664204326
S11,2026-10-09,5,100.2,2026-10-04,89.9,92.0,105.81841097653329,104.59502737132905,103.0919544397851,102.77196371821375,94.7059462777435,98.22807788848877,97.48825743166347,103.84548230479088,102.63601900009083,102.02324443251104,101.65333420409837,104.83194664066208
S12,2026-10-09,5,145.6,2026-10-04,123.3,131.71428571428572,146.6484647512499,146.1527459684195,143.515277305039,146.69475193593738,142.10280440741118,148.24365506853377,146.32148582337462,147.15020076876436,149.9549425094082,147.44605990989183,146.48497528731224,146.89933276000713
S13,2026-10-09,5,132.8,2026-10-04,130.6,127.87142857142858,141.57518415885275,142.0988587718495,141.42418264142543,140.36551294839535,144.16956589458044,146.21487911769321,146.09969801896088,142.64186714799175,146.63603610518217,143.895031638273,143.83744108890681,142.10852565342225
S14,2026-10-09,5,116.2,2026-10-04,91.0,97.5,112.79514860427197,112.45490489642383,110.86573953056863,110.64457595191989,116.8246332032721,113.5700511932373,112.22376100368132,115.71441243632772,118.78293670374197,113.18259989875463,112.50945480397664,114.25478052029985
S15,2026-10-09,5,112.9,2026-10-04,86.1,105.65714285714286,110.73812520500658,109.86578291528942,109.05686295788033,107.9739202273877,105.90931886316574,103.97223506314414,104.85210618839179,108.64587778901304,105.89328693529575,107.35518013407537,107.79511569669918,109.69200149700981
S01,2026-10-10,6,124.5,2026-10-04,93.2,102.05714285714285,112.57366012754011,113.15946802043163,111.94228174417044,111.52493624670504,112.14067258768519,114.28977263314383,112.10772180949849,110.89444468245775,112.2154806259332,113.43171638034197,112.3406909685193,111.73405240499892
S02,2026-10-10,6,156.9,2026-10-04,131.9,133.72857142857143,142.30085657648755,142.08268469865814,140.3137264128982,140.10884254189548,140.67259860909965,140.0532570021493,141.4273641972644,143.04012589471165,142.12064085684497,141.17705678931844,141.86411038687598,142.6704912355996
S03,2026-10-10,6,136.8,2026-10-04,110.6,134.18571428571428,129.0317336229558,128.56271330951154,129.18395487290204,127.38952106962114,123.3489606440476,126.75758079801287,127.80801219459717,131.0848538803557,127.43917747817684,127.89465721048434,128.41987290877648,130.05829375165575
S04,2026-10-10,6,110.4,2026-10-04,98.6,115.1597667638484,125.64198548716674,125.67912841846598,123.42163878754175,124.20198981343817,120.1053696952145,123.88672313134107,121.18370546320257,122.28802209588106,121.51908247313281,124.7643543092539,123.41284547518465,123.9650037915239
S05,2026-10-10,6,90.8,2026-10-04,126.8,93.08571428571427,104.63050737188385,104.70841021326133,102.55182589314761,102.34498810974809,98.53541487367853,100.97918218885148,98.58908621338296,100.0973673239747,101.9563563150156,102.80484478036766,101.6097967926334,102.36393734792927
S06,2026-10-10,6,87.8,2026-10-04,84.0,87.68571428571428,102.55461547714833,102.4742853778905,100.67712209042321,100.27836963913028,101.74318207960945,100.41135744367327,98.46725710445766,98.14355817311154,100.41043044927538,101.4829864604108,100.51093629080299,100.34908682512994
S07,2026-10-10,6,97.7,2026-10-04,71.6,86.64285714285714,99.0320506399502,98.66190847816658,97.38845626731288,96.8000845514473,93.82617406242758,94.60984427588326,92.54600025779061,93.47299753282819,93.21450598683307,96.82094745791673,95.7890254488704,96.2525240863892
S08,2026-10-10,6,142.6530612244898,2026-10-04,137.8,131.33116883116884,138.8369189039813,137.46589073471566,135.34146542770324,137.1177988331478,137.71116803533025,135.13472145873232,138.0584811814654,137.16327282654564,137.96527757916274,136.98582018135681,138.44770004272334,138.00009586526346
S09,2026-10-10,6,136.8,2026-10-04,125.22244897959185,117.95072886297376,127.93591340765889,127.97012962561203,126.64980752528174,125.62934348349057,122.99419160013895,127.97378298589857,125.07900378141215,125.06020263203185,126.0336532502229,127.95484819677873,126.50745859453552,126.49805801984536
S10,2026-10-10,6,138.7795918367347,2026-10-04,98.5,115.34285714285714,126.70658989911715,125.71881923951481,122.55727586399775,125.55283349445682,119.13113033524206,121.2634709085737,121.59324493974887,122.30290838632001,121.43061167946917,123.98503040384543,124.14991741943301,124.50474914271858
S11,2026-10-10,6,100.4,2026-10-04,89.9,92.0,101.44195895525776,100.29273450556506,99.43627217148732,98.1361755365833,91.33144286857119,94.90006923675537,92.95908903403719,93.92957482986114,92.74349792410034,98.17101409600656,97.20052399464748,97.68576689255946
S12,2026-10-10,6,148.3,2026-10-04,123.3,131.71428571428572,142.27201272997436,141.85045310265554,139.85959503674124,142.05896375430692,137.61564184062425,139.74213777269637,137.51365991188808,137.29597697084392,138.66179409474236,141.00707525133538,139.89283632093122,139.78399485040916
S13,2026-10-10,6,120.0,2026-10-04,130.6,127.87142857142858,137.19873213757722,137.7965659060855,137.76850037312767,135.7297247667649,137.84901791570468,138.47702225276402,137.9351262602007,138.54982408827317,140.93469532333125,137.83787719517062,137.56692919888894,137.8742781129252
S14,2026-10-10,6,91.0,2026-10-04,91.0,97.5,108.41869658299645,108.15261203065984,107.21005726227085,106.00878777028943,105.85102839364703,106.7968807220459,105.94053975585746,104.1947419616907,106.83625375911902,107.60778865252118,107.17961816942696,106.30671927234357
S15,2026-10-10,6,98.9,2026-10-04,86.1,105.65714285714286,106.36167318373106,105.56349004952543,105.40118068958255,103.33813204575723,100.438882092261,100.23613379342216,100.64652111276436,101.84224255791935,100.50080152187797,103.2989034885766,103.50409714824771,104.1019578708252
S01,2026-10-11,7,229.4,2026-10-04,93.2,102.05714285714285,107.11345199645592,107.80427121309278,108.34529558007806,105.36499725269378,107.15199319985412,109.13368904931204,109.10957036861157,107.69281763087339,110.32882450711553,108.12357052288398,108.11151118253375,107.40313481366465
S02,2026-10-11,7,153.8,2026-10-04,131.9,133.72857142857143,136.84064844540336,136.7274878913193,136.71674024880582,133.9489035478842,136.19015676106628,135.53104223183223,133.22293784376913,135.80738170141635,137.52883191593818,136.1858453386178,135.03179314458623,136.32401507340984
S03,2026-10-11,7,114.6,2026-10-04,110.6,134.18571428571428,123.57152549187161,123.20751650217267,125.58696870880965,121.2295820756099,115.98852996967085,120.30612520490374,118.74943992343309,121.47969887906302,122.14373449568517,121.93882534838767,121.16048270765235,122.52561218546731
S04,2026-10-11,7,120.4,2026-10-04,98.6,115.1597667638484,120.18177735608253,120.32393161112711,119.82465262344937,118.04205081942692,118.27583171632523,120.55332097451124,117.48884803099335,116.09588131065533,118.43375974776326,120.36754916529688,118.83531269353794,118.13882933336893
S05,2026-10-11,7,95.1,2026-10-04,126.8,93.08571428571427,99.17029924079966,99.35321340592247,98.95483972905522,96.18504911573685,98.40882678355047,97.7969149998256,101.48625596554731,99.2444451912508,101.37390549684108,98.48360712031263,100.32827760317349,99.20737221602523
S06,2026-10-11,7,200.9,2026-10-04,84.0,87.68571428571428,97.09440734606414,97.11908857055163,97.08013592633081,94.11843064511903,95.50163588278558,94.50518945966448,91.51508650749457,90.13656990877301,93.36235179606398,95.79979840286431,94.30474692677936,93.61548862741859
S07,2026-10-11,7,92.7,2026-10-04,71.6,86.64285714285714,93.57184250886601,93.30671167082772,93.79147010322048,90.64014555743606,88.11045322672678,90.41480905669076,85.31474214975898,85.70467881843135,84.72251174872612,91.99332578277838,89.4432923293125,89.63826066364868
S08,2026-10-11,7,129.09591836734694,2026-10-04,137.8,131.33116883116884,133.3767107728971,132.1106939273768,131.74447926361086,130.95785983913652,129.9283737762191,130.0717368729703,128.54469320927305,132.08733083552642,134.86471484952756,131.7242238229337,130.96070199108507,132.73202080421174
S09,2026-10-11,7,112.4,2026-10-04,125.22244897959185,117.95072886297376,122.4757052765747,122.61493281827318,123.05282136118936,119.46940448947932,120.6133522580884,124.14985319921644,120.64328177239489,117.80633470881746,121.63867099861739,123.31277923789557,121.5594935244848,120.14101999269607
S10,2026-10-11,7,123.4,2026-10-04,98.5,115.34285714285714,121.24638176803296,120.36362243217594,118.96028969990536,119.39289450044558,113.32626429806744,117.2095797266279,113.23394548942991,115.12440534749618,115.66661465910083,119.22798074733043,117.24016362873144,118.18539355776457
S11,2026-10-11,7,104.8,2026-10-04,89.9,92.0,95.98175082417357,94.93753769822621,95.83928600739493,91.97623654257204,91.61627719901126,92.12163385748863,93.0262440175472,91.94266346233997,91.90615139645385,94.0516923408311,94.50399742086039,93.96220714325676
S12,2026-10-11,7,121.7,2026-10-04,123.3,131.71428571428572,136.81180459889018,136.49525629531666,136.26260887264885,135.89902476029567,127.10734599398884,133.22893748964583,128.73729705548286,129.71747659248814,132.61594807700806,135.02037104426802,132.77455082718652,133.26464059568917
S13,2026-10-11,7,119.7,2026-10-04,130.6,127.87142857142858,131.73852400649304,132.44136909874663,134.17151420903528,129.56978577275365,128.28959308052384,130.93677958079746,127.47732897933557,128.2611127998249,132.0197861832639,131.33765179364525,129.60792649291432,129.99981840315897
S14,2026-10-11,7,112.2,2026-10-04,91.0,97.5,102.95848845191226,102.79741522332098,103.61307109817847,99.84884877627817,103.79520769001545,103.46810722351074,105.50642275977131,102.11663264380675,105.86508076842199,103.21329783771151,104.23245560584178,102.5375605478595
S15,2026-10-11,7,78.4,2026-10-04,86.1,105.65714285714286,100.90146505264686,100.20829324218656,101.80419452549016,97.17819305174599,95.60436646947657,94.6697828565325,94.9143765874971,93.93906177193608,94.80456709598026,97.78562395458968,97.90792082007198,97.42026341229146
S01,2026-10-12,8,111.1,2026-10-04,93.2,102.05714285714285,102.52900222495845,103.32314819658913,104.49606198339931,101.4020092436088,104.03552476680298,104.59717548234121,104.30460018442481,102.74614233187157,106.99071261397276,103.56308885364983,103.41680120469164,102.637572278415
S02,2026-10-12,8,132.8,2026-10-04,131.9,133.72857142857143,132.25619867390589,132.24636487481564,132.86750665212708,129.98591553879925,129.51557772759793,128.2369203703744,125.28436666050372,123.84121353750562,123.4400409597044,130.24655952214016,128.7702826672048,128.04870610570575
S03,2026-10-12,8,118.5,2026-10-04,110.6,134.18571428571428,118.98707572037414,118.72639348566902,121.7377351121309,117.26659406652492,112.59424147524203,117.6606269291469,115.67340557682022,115.13196929364275,118.00759590241537,118.32385132476051,117.33024064859717,117.05952250700844
S04,2026-10-12,8,117.5,2026-10-04,98.6,115.1597667638484,115.59732758458506,115.84280859462348,115.97541902677064,114.07906281034194,116.18502553289422,116.95021602551374,116.18774820112948,112.5484260022758,119.89682041645716,116.27377180504939,115.89253789285726,114.07287679343042
S05,2026-10-12,8,115.7,2026-10-04,126.8,93.08571428571427,94.58584946930219,94.87209038941884,95.10560613237648,92.22206110665186,95.64160322215369,93.18766581778014,95.0089561548353,96.43370401721663,99.71654919971743,93.88675764354116,94.79740281206875,95.50977674325941
S06,2026-10-12,8,100.8,2026-10-04,84.0,87.68571428571428,92.50995757456667,92.637965554048,93.23090232965208,90.15544263603405,96.4247230661167,91.80726627622332,94.70588809756202,94.10195878857472,96.72922857843496,92.158611925395,93.60792283606435,93.3059581815707
S07,2026-10-12,8,82.4,2026-10-04,71.6,86.64285714285714,88.98739273736854,88.8255886543241,89.94223650654175,86.67715754835108,89.4329323747497,87.66335148470742,89.40223706488275,93.30122043529904,95.90175612654025,88.32537211103798,89.19481490112565,91.14430658633378
S08,2026-10-12,8,127.4,2026-10-04,137.8,131.33116883116884,128.79226100139962,127.62957091087316,127.89524566693211,126.99487183005155,125.88788674568578,125.09869164305849,123.0300677656462,121.15468609371352,120.31835040419844,126.94547632222906,125.9111643835229,124.97347354755658
S09,2026-10-12,8,115.6,2026-10-04,125.22244897959185,117.95072886297376,117.89125550507723,118.13380980176954,119.20358776451063,115.50641648039434,117.56540175656531,120.3193921739784,116.86322843898371,114.77747408039463,119.64044383940464,119.10532383952781,117.37724197203048,116.33436479273593
S10,2026-10-12,8,107.8,2026-10-04,98.5,115.34285714285714,116.66193199653549,115.88249941567231,115.11105610322663,115.4299064913606,110.55902147230536,110.6866076196943,108.41128597434083,109.68591013182949,106.91906025970479,113.6742698081149,112.53660898543816,113.17392106418248
S11,2026-10-12,8,56.9,2026-10-04,89.9,92.0,91.3973010526761,90.45641468172258,91.9900524107162,88.01324853348707,90.72091958305536,88.6090795993805,90.31239809829837,95.3617505092991,95.77545365488442,90.00319032602829,90.85484957548724,93.37952578098759
S12,2026-10-12,8,119.8,2026-10-04,123.3,131.71428571428572,132.2273548273927,132.01413327881303,132.4133752759701,131.9360367512107,124.59849769631371,126.72373424257552,123.52739062575223,123.09673595060221,124.0792722965977,129.47554453498412,127.87737272657247,127.66204538899746
S13,2026-10-12,8,98.6,2026-10-04,130.6,127.87142857142858,127.15407423499556,127.96024608224302,130.32228061235654,125.60679776366867,124.99850813928593,125.38608654567174,122.39905301723961,119.91262989111405,120.17481616387903,126.27008039033365,124.77656362611759,123.5333520630548
S14,2026-10-12,8,79.5,2026-10-04,91.0,97.5,98.37403868041478,98.31629220681735,99.76383750149974,95.88586076719321,103.02535352100715,99.293248295784,102.46950764605398,102.77808092015393,103.76151531042372,98.8336434880994,100.42177316323438,100.57605980028436
S15,2026-10-12,8,72.5,2026-10-04,86.1,105.65714285714286,96.31701528114938,95.72717022568293,97.95496092881143,93.21520504266101,93.02616558634972,92.0648948941912,93.19147681651778,91.01876884765966,91.12549515584129,94.19095508767029,94.75424604883358,93.66789206440453
S01,2026-10-13,9,99.2,2026-10-04,93.2,102.05714285714285,101.93251306311555,102.7615312639455,103.91843973049441,102.12005033440475,101.25671426637317,102.0370676830943,102.3924440967454,99.82474379867492,100.5947919679178,101.98479037310493,102.16247857993048,100.87862843089523
S02,2026-10-13,9,158.2,2026-10-04,131.9,133.72857142857143,131.659709512063,131.684747942172,132.28988439922216,130.70395662959518,149.97984637405494,136.24254800251552,135.52605644260052,137.52954952887416,137.0285633041869,133.95112875728927,133.59288297733175,134.59462952046857
S03,2026-10-13,9,114.4,2026-10-04,110.6,134.18571428571428,118.39058655853125,118.16477655302539,121.160112859226,117.98463515732085,118.59799004658694,125.06678156171526,124.44133167573129,126.42044882996716,124.58655751412132,121.72868406012326,121.41595911713128,122.4055176942492
S04,2026-10-13,9,120.7,2026-10-04,98.6,115.1597667638484,115.00083842274218,115.28119166197985,115.39779677386572,114.79710390113789,113.12099752944023,113.6737227145854,113.76501539423482,111.30545413363708,109.7888356767299,114.33728056866379,114.3829269084885,113.15314627818964
S05,2026-10-13,9,88.4,2026-10-04,126.8,93.08571428571427,93.98936030745931,94.3104734567752,94.52798387947158,92.9401021974478,90.98683809320298,90.57532066617692,88.22558752906936,88.35036588465866,88.06041639365546,92.28234048681811,91.10747391826433,91.16986309605898
S06,2026-10-13,9,87.2,2026-10-04,84.0,87.68571428571428,91.91346841272379,92.07634862140435,92.65328007674718,90.87348372682999,88.88920601837532,86.59072808538164,88.50079497325851,83.6944834464306,86.2601120122544,89.25209824905272,90.20713169299114,87.80397592957719
S07,2026-10-13,9,76.0,2026-10-04,71.6,86.64285714285714,88.39090357552564,88.26397172168045,89.36461425363684,87.39519863914701,81.19768560125483,82.0411091532026,81.67577673701837,81.62623818645041,80.62815992017082,85.21600636436412,85.033340156272,85.00857088098803
S08,2026-10-13,9,140.7,2026-10-04,137.8,131.33116883116884,128.19577183955676,127.06795397822951,127.31762341402721,127.71291292084749,131.47010846932227,129.5129728921048,132.81631920815238,136.15785106264053,135.21336580510106,128.85437236583078,130.50604552385457,132.17681145109864
S09,2026-10-13,9,82.0,2026-10-04,125.22244897959185,117.95072886297376,117.29476634323433,117.5721928691259,118.62596551160573,116.22445757119029,116.24937776461799,117.9148287321058,116.47894082002114,114.39108605229927,113.39227718037739,117.60479753767007,116.88685358162773,115.8429261977668
S10,2026-10-13,9,134.3,2026-10-04,98.5,115.34285714285714,116.0654428346926,115.32088248302867,114.53343385032173,116.14794758215655,113.63914897173736,114.76727076428277,114.39353003083025,112.57219460608923,110.04764002849741,115.41635679948769,115.22948643276143,114.31881872039091
S11,2026-10-13,9,87.0,2026-10-04,89.9,92.0,90.80081189083322,89.89479774907893,91.41243015781129,88.73128962428301,80.15933454080768,83.38815689086914,83.09747627795171,83.44807273252883,81.66874163518679,87.09448439085118,86.94914408439246,87.12444231168102
S12,2026-10-13,9,125.2,2026-10-04,123.3,131.71428571428572,131.6308656655498,131.4525163461694,131.83575302306522,132.65407784200664,158.29912432806591,153.68758283342635,147.30263333244906,137.38756706994124,145.40674023747357,142.6592242494881,139.46674949899943,134.50921636774552
S13,2026-10-13,9,230.1,2026-10-04,130.6,127.87142857142858,126.55758507315268,127.39862914959937,129.74465835945162,126.3248388544646,130.42024981845958,132.56224878856113,131.6762038176691,132.452145029777,133.3429920404896,129.5599169308569,129.11689444541088,129.50486505146483
S14,2026-10-13,9,87.4,2026-10-04,91.0,97.5,97.7775495185719,97.7546752741737,99.18621524859482,96.60390185798914,96.12748275278737,94.93181538581848,95.84455404155383,92.72107775946829,93.69848763320213,96.35468245219519,96.81105178006287,95.2493136390201
S15,2026-10-13,9,87.9,2026-10-04,86.1,105.65714285714286,95.7205261193065,95.1655532930393,97.37733867590651,93.93324613345695,94.3285249648277,95.58554671151298,95.63084523702338,94.10143617640746,95.67961379225976,95.65303641540973,95.67568567816494,94.91098114785697
S01,2026-10-14,10,120.8,2026-10-04,93.2,102.05714285714285,111.81799512204677,112.47170300514799,110.95554372569816,112.39163390355452,111.79500119072958,114.34982550484793,115.2036683150113,115.29981291333138,113.22989783796646,113.08391031344735,113.51083171852903,113.55890401768907
S02,2026-10-14,10,161.3,2026-10-04,131.9,133.72857142857143,141.5451915709942,141.3949196833745,139.3269883944259,140.97554019874497,147.0124174593118,143.7810835974557,144.6585626083613,142.6749563704003,142.04785492102576,142.66313758422496,143.10187708967777,142.11007397069727
S03,2026-10-14,10,131.1,2026-10-04,110.6,134.18571428571428,128.27606861746244,127.87494829422788,128.19721685442974,128.25621872647062,137.43766978477163,136.7560346535274,144.4863679533418,130.26517621545597,127.87771644486958,132.51605163549493,136.38121828540213,129.27062241645922
S04,2026-10-14,10,131.3,2026-10-04,98.6,115.1597667638484,124.88632048167338,124.99136340318233,122.43490076906947,125.06868747028766,125.65038229054508,127.41033896843824,128.24067329703692,128.13149560920846,124.21836582955866,126.14832972505582,126.56349688935515,126.50890804544092
S05,2026-10-14,10,101.4,2026-10-04,126.8,93.08571428571427,103.87484236639051,104.02064519797769,101.56508787467533,103.21168576659757,102.3926701376821,102.1322011402675,105.9890385641702,104.09595600074596,104.28771490689402,103.00352175332901,104.93194046528035,103.98539918356823
S06,2026-10-14,10,105.3,2026-10-04,84.0,87.68571428571428,101.79895047165499,101.78652036260684,99.69038407195092,101.14506729597976,101.10449624479341,98.59941057477678,104.6240194683261,101.55672189549583,101.2683019160375,100.19918052321589,103.21148496999055,101.67783618357541
S07,2026-10-14,10,60.6,2026-10-04,71.6,86.64285714285714,98.27638563445686,97.97414346288294,96.40171824884058,97.66678220829678,93.47037545563406,94.16638381140572,93.41333250427786,97.96584792318048,94.57780099429743,96.22138472293129,95.84485906936736,98.12111677881867
S08,2026-10-14,10,139.5,2026-10-04,137.8,131.33116883116884,138.08125389848794,136.778125719432,134.35472740923097,137.98449648999727,145.74830870420092,140.61933201628847,141.91746199870082,139.4255186736633,139.100362936584,139.3502929573882,139.99935794859437,138.75338628607562
S09,2026-10-14,10,123.0,2026-10-04,125.22244897959185,117.95072886297376,127.18024840216555,127.28236461032839,125.66306950680946,126.49604114034005,139.97756542340872,136.89840647527845,137.74304892117397,133.05251529693257,129.28053239184604,132.039327438722,132.46164866166976,130.11638184954904
S10,2026-10-14,10,140.1,2026-10-04,98.5,115.34285714285714,125.9509248936238,125.03105422423117,121.57053784552546,126.41953115130632,123.80388811707876,126.25619389670236,129.4891191087571,126.6429425065072,123.40755403571708,126.10355939516307,127.72002200119046,126.2969337000655
S11,2026-10-14,10,78.2,2026-10-04,89.9,92.0,100.68629394976442,99.60496949028142,98.44953415301504,99.00287319343278,93.16857910592071,95.6121335029602,94.69385988482891,100.36954351885852,96.42194498739421,98.14921372636232,97.69007691729666,100.52791873431147
S12,2026-10-14,10,125.7,2026-10-04,123.3,131.71428571428572,141.51634772448102,141.1626880873719,138.87285701826897,142.9256614111564,140.35053891258374,142.05576883043562,139.55532784790228,140.38762703465616,139.64369939264108,141.78605827745832,140.53583778619165,140.9519873795686
S13,2026-10-14,10,157.9,2026-10-04,130.6,127.87142857142858,136.44306713208388,137.10880089080186,136.78176235465537,136.59642242361437,140.79385292963593,142.2512837273734,139.0133459071174,142.12327164983265,141.52490654445268,139.34717542972862,137.72820651960063,139.28316939095828
S14,2026-10-14,10,106.8,2026-10-04,91.0,97.5,107.6630315775031,107.4648470153762,106.22331924379857,106.87548542713891,107.28462537266512,106.9471607208252,113.43503237601894,109.37302108554093,109.55684132169006,107.30509614916414,110.54903197676103,108.51802633152201
S15,2026-10-14,10,114.8,2026-10-04,86.1,105.65714285714286,105.6060081782377,104.87572503424178,104.41444267111027,104.20482970260672,102.98047116883583,100.85597060067313,107.27541746162422,102.04061302377562,100.96576125902976,103.23098938945542,106.44071281993095,103.82331060100665
S01,2026-10-12,1,111.1,2026-10-11,229.4,147.25714285714284,108.10212783552393,111.59636349375742,120.45757048799862,104.7636648381932,119.52835064271244,126.81017477852956,125.62492491169868,124.77499948589893,124.36907784935286,117.45615130702674,116.86352637361131,116.43856366071142
S02,2026-10-12,1,132.8,2026-10-11,153.8,140.5857142857143,131.9726241553167,133.01835212949925,136.2609454465233,130.56651781538733,130.09435998754026,132.77392095838275,130.3394133826834,128.5645371209236,127.10223758568522,132.3732725568497,131.15601876900007,130.26858063812017
S03,2026-10-12,1,118.5,2026-10-11,114.6,122.74285714285715,118.20732410683442,119.01620253110124,121.62427301739987,117.07571052039248,122.32713061230592,123.94818656103952,122.57205880714493,116.96840810513318,120.22454195213912,121.07775533393698,120.38969145698968,117.5878661059838
S04,2026-10-12,1,117.5,2026-10-11,120.4,111.20000000000002,111.90540105892272,110.50362519731185,109.37155763340803,110.77019290887284,107.2390999485157,110.2524870157242,106.33381979989755,108.01360132773344,108.324442096556,111.07894403732345,109.11961042941013,109.95950119332808
S05,2026-10-12,1,115.7,2026-10-11,95.1,95.41428571428571,95.88412909344798,95.57619000834141,96.83584706652204,93.76689158258976,96.3612336021413,99.52927022661481,96.06427648030467,98.59993808131077,98.710277506995,97.7066996600314,95.97420278687633,97.24203358737938
S06,2026-10-12,1,100.8,2026-10-11,200.9,106.22857142857143,88.19228170319728,87.67998998367239,90.915344954555,86.0656528156719,89.76128435642482,90.82686950138637,89.51178948033797,88.11860284670348,90.06685750167473,89.50957560229182,88.85203559176762,88.15544227495039
S07,2026-10-12,1,82.4,2026-10-11,92.7,89.12857142857142,90.45310901521614,90.76402680161218,92.8055485912699,88.29658046565622,89.1956697722931,92.32236186436243,89.59335505283136,93.07014497648633,93.40520449841819,91.38773543978928,90.02323203402375,91.76162699585123
S08,2026-10-12,1,127.4,2026-10-11,129.09591836734694,128.52128279883382,124.29760941689649,124.49260841810134,125.37238341658866,123.35994362839774,119.98316401184846,124.63271868903158,124.75215311063542,117.61713952885678,121.3472532921556,124.46516405296404,124.52488126376596,120.95737447287664
S09,2026-10-12,1,115.6,2026-10-11,112.4,121.54285714285713,116.05365484595308,117.1076636808673,120.12292171582601,114.56733428687673,115.49772804886021,120.43072936194282,119.85509071283762,116.77365082611539,118.25805186475165,118.24219210394796,117.95437277939536,116.41365283603423
S10,2026-10-12,1,107.8,2026-10-11,123.4,128.41137026239068,121.93990533933163,122.44742958882804,125.48085977373496,120.33229404779851,122.8180453212782,120.72521351266533,120.25292754993282,121.6801889692811,123.48255398017761,121.33255942599848,121.09641644463223,121.81004715430637
S11,2026-10-12,1,56.9,2026-10-11,104.8,90.04285714285713,89.86667424870978,90.39864132716778,92.24724566590069,86.80824442331722,89.08508232934528,93.05900857107979,90.75374612755027,92.834459664265,91.41071313077177,91.46284140989479,90.31021018813003,91.3505669564874
S12,2026-10-12,1,119.8,2026-10-11,121.7,132.8,127.70584261706092,127.43882969461437,128.1112876183772,127.92872010324656,122.33479460473927,125.29352264404298,123.18618440730506,121.04027927082225,119.06820381586203,126.49968263055194,125.44601351218299,124.3730609439416
S13,2026-10-12,1,98.6,2026-10-11,119.7,126.04285714285716,122.60620893141602,123.10352679703247,125.32805391590968,121.97423500488263,120.63036438517865,123.12784764426097,121.44260132203289,119.64281573907408,122.9205318657301,122.8670282878385,122.02440512672445,121.12451233524504
S14,2026-10-12,1,79.5,2026-10-11,112.2,108.91428571428571,101.10539613941876,102.33088597619624,106.70950484456752,98.30704895010486,110.42754257115776,110.40048092092786,105.6786068998313,108.2960989274401,107.36338377613016,105.75293853017331,103.39200151962503,104.70074753342942
S15,2026-10-12,1,72.5,2026-10-11,78.4,95.22857142857143,95.22653919151598,95.62450229002995,97.66857472345508,93.18872475509247,105.99160405191688,103.94129039219447,99.53054429150019,98.58574368859198,100.60587696235336,99.58391479185522,97.37854174150809,96.90614144005397
S01,2026-10-13,2,99.2,2026-10-11,229.4,147.25714285714284,107.7949232744838,111.31638064967113,120.1180041774513,105.73767564943972,120.2199691564854,123.36153586251393,126.30319589563794,125.68145539313007,124.92257538490784,115.57822956849887,117.04905958506087,116.73818933380693
S02,2026-10-13,2,158.2,2026-10-11,153.8,140.5857142857143,131.66541959427659,132.73836928541297,135.92137913597594,131.54052862663383,147.03313736952575,145.5056518963405,141.62048315582223,143.478852931863,145.77483295880972,138.58553574530856,136.6429513750494,137.5721362630698
S03,2026-10-13,2,114.4,2026-10-11,114.6,122.74285714285715,117.9001195457943,118.73621968701497,121.28470670685253,118.049721331639,123.27419357061665,124.80785171645029,123.66592565713657,119.83638482038042,120.87344713603709,121.3539856311223,120.78302260146543,118.86825218308735
S04,2026-10-13,2,120.7,2026-10-11,120.4,111.20000000000002,111.5981964978826,110.22364235322557,109.0319913228607,111.74420372011936,111.58545726943323,113.08448095321657,110.11368883914086,109.3596643085989,110.15052162319104,112.34133872554958,110.85594266851173,110.47893040324075
S05,2026-10-13,2,88.4,2026-10-11,95.1,95.41428571428571,95.57692453240786,95.29620716425512,96.49628075597471,94.74090239383628,92.01768518823721,95.72889381136213,91.28826850929312,92.66821904893415,93.04380019403833,95.652909171885,93.4325965208505,94.122571790671
S06,2026-10-13,2,87.2,2026-10-11,200.9,106.22857142857143,87.88507714215716,87.40000713958611,90.57577864400766,87.03966362691841,95.31453805623804,93.42710639408656,92.39644600805414,88.78743207568374,91.30104415112851,90.65609176812185,90.14076157510564,88.33625460892046
S07,2026-10-13,2,76.0,2026-10-11,92.7,89.12857142857142,90.14590445417602,90.48404395752588,92.46598228072256,89.27059127690273,85.30424970051118,87.7914681809289,84.51032003410977,86.13937792439229,84.36413894937677,88.96868631755245,87.32811224414289,88.14264118928415
S08,2026-10-13,2,140.7,2026-10-11,129.09591836734694,128.52128279883382,123.99040485585637,124.21262557401505,125.03281710604134,124.33395443964426,126.83048198326719,129.44056130129812,130.23392951321,128.93344155776055,132.4778164221648,126.71548307857725,127.11216718453318,126.46192320680845
S09,2026-10-13,2,82.0,2026-10-11,112.4,121.54285714285713,115.74645028491295,116.82768083678101,119.78335540527867,115.54134509812324,115.99721897251126,120.90435478346687,118.79687343151735,120.652689129187,120.17696610503587,118.32540253418992,117.27166185821515,118.19956970704997
S10,2026-10-13,2,134.3,2026-10-11,123.4,128.41137026239068,121.6327007782915,122.16744674474175,125.14129346318762,121.30630485904503,124.49171556088086,125.56244777131707,124.52518205066752,128.18931293589657,126.90533783481268,123.59757427480429,123.07894141447952,124.91100685709404
S11,2026-10-13,2,87.0,2026-10-11,104.8,90.04285714285713,89.55946968766966,90.11865848308149,91.90767935535337,87.78225523456373,85.77768780852442,88.60736522333961,85.40694556959319,87.36023540975697,84.93441620505212,89.08341745550464,87.48320762863142,88.45985254871331
S12,2026-10-13,2,125.2,2026-10-11,121.7,132.8,127.3986380560208,127.15884685052808,127.77172130782985,128.90273091449308,137.9645863941839,138.69378547668458,133.45811808810817,132.17299604434774,135.97493094765244,133.04621176635268,130.42837807206448,129.78581705018428
S13,2026-10-13,2,230.1,2026-10-11,119.7,126.04285714285716,122.29900437037588,122.82354395294618,124.98848760536234,122.94824581612914,121.85415497999878,122.88818499701365,121.97261230678485,125.3683255475287,125.40746313505603,122.59359468369476,122.13580833858038,123.83366495895228
S14,2026-10-13,2,87.4,2026-10-11,112.2,108.91428571428571,100.79819157837863,102.05090313210995,106.36993853402018,99.28105976135137,105.3041281132283,106.72678261484418,103.97240595708173,103.52777157243617,103.35048475278839,103.76248709661141,102.38529876773018,102.1629815754074
S15,2026-10-13,2,87.9,2026-10-11,78.4,95.22857142857143,94.91933463047586,95.34451944594366,97.32900841290774,94.16273556633898,101.07578963466544,101.26529218128749,94.73539464488458,94.13163515781807,97.69160034278728,98.09231340588167,94.82736463768022,94.52548489414696
S01,2026-10-14,3,120.8,2026-10-11,229.4,147.25714285714284,117.34593312802046,120.7077284677413,126.97999948512968,115.66515329301201,130.1980796254352,130.59525473458424,135.62993567848218,131.01595497312286,125.30481096045236,123.97059393130235,126.48793440325133,124.18094405057167
S02,2026-10-14,3,161.3,2026-10-11,153.8,140.5857142857143,141.21642944781323,142.12971710348313,142.78337444365434,141.46800627020613,146.2860761590968,146.92168278012957,145.388681723905,147.13543289551498,147.30581567078295,144.06905611397139,143.30255558585912,144.1759311716641
S03,2026-10-14,3,131.1,2026-10-11,114.6,122.74285714285715,127.45112939933095,128.12756750508512,128.14670201453092,127.9771989752113,139.18906839197916,136.87720601218086,139.69503057340714,134.5217996127205,135.0738226008105,132.16416770575591,133.57307998636904,130.98646450602573
S04,2026-10-14,3,131.3,2026-10-11,120.4,111.20000000000002,121.14920635141925,119.61499017129573,115.89398663053909,121.67168136369166,120.30871449102372,120.40755863189699,118.12605282671555,116.84544337159126,122.02412326898221,120.77838249165812,119.6376295890674,118.99732486150526
S05,2026-10-14,3,101.4,2026-10-11,95.1,95.41428571428571,105.12793438594451,104.68755498232528,103.3582760636531,104.66838003740858,103.56197838269051,106.9990892955235,103.78287918602936,104.55530421740741,103.79671134454385,106.06351184073401,104.45540678598694,104.84161930167596
S06,2026-10-14,3,105.3,2026-10-11,200.9,106.22857142857143,97.43608699569381,96.79135495765627,97.43777395168604,96.96714127049071,98.1583920047612,97.75551558903285,96.45410371505182,96.01188602254906,95.06559357354305,97.59580129236333,96.94509535537281,96.72398650912143
S07,2026-10-14,3,60.6,2026-10-11,92.7,89.12857142857142,99.69691430771269,99.87539177559604,99.32797758840096,99.19806892047504,97.21740933138518,100.13126555851527,96.602094590386,97.93985580033292,99.26434775768722,99.91408993311398,98.14950444904935,98.8183850540228
S08,2026-10-14,3,139.5,2026-10-11,129.09591836734694,128.52128279883382,133.54141470939302,133.6039733920852,131.89481241371973,134.26143208321656,135.8144194534964,138.59269679266927,139.04436301882464,135.98605171423986,136.239733022846,136.06705575103115,136.29288886410882,134.76373321181643
S09,2026-10-14,3,123.0,2026-10-11,112.4,121.54285714285713,125.29746013844961,126.21902865485119,126.64535071295707,125.46882274169555,129.3565177730872,133.57751462118966,131.9647177929069,129.2041583812646,125.03313981414622,129.43748737981963,128.63108896567826,127.2508092598571
S10,2026-10-14,3,140.1,2026-10-11,123.4,128.41137026239068,131.18371063182815,131.55879456281193,132.00328877086602,131.23378250261732,137.75078622014234,133.41253326821953,136.8442121022466,136.42015083823776,132.80029867148284,132.29812195002384,134.01396136703738,133.80193073503295
S11,2026-10-14,3,78.2,2026-10-11,104.8,90.04285714285713,99.11047954120633,99.51000630115166,98.76967466303175,97.70973287813604,97.37987188735023,100.92524811880928,97.50585947655992,100.12888691962023,99.22000477358978,100.0178638300078,98.30816950888313,99.61968323041327
S12,2026-10-14,3,125.7,2026-10-11,121.7,132.8,136.94964790955746,136.55019466859824,134.63371661550823,138.83020855806538,137.98123619118718,140.26077156066896,138.2416250705691,137.12445200315295,139.2441673294802,138.6052097351132,137.59563649006327,137.0370499563552
S13,2026-10-14,3,157.9,2026-10-11,119.7,126.04285714285716,131.85001422391255,132.21489177101634,131.85048291304074,132.87572345970145,133.10670065195754,135.223116847447,134.69251738369988,136.32250170726036,133.7081632949054,133.53656553567976,133.27126580380622,134.08625796558647
S14,2026-10-14,3,106.8,2026-10-11,112.2,108.91428571428571,110.34920143191529,111.44225095018012,113.23193384169856,109.20853740492366,116.349345000006,117.40810399736677,116.20722877260518,115.7018855514525,114.28416020716499,113.87865271464102,113.27821510226023,113.0255434916839
S15,2026-10-14,3,114.8,2026-10-11,78.4,95.22857142857143,104.47034448401251,104.73586726401383,104.19100372058612,104.09021320991128,113.48700141936973,111.42154361179897,107.87816494405396,105.05921113804774,107.3456510958175,107.94594404790574,106.17425471403324,104.76477781103013
S01,2026-10-15,4,107.2,2026-10-11,229.4,147.25714285714284,120.52844253129588,123.80826163884716,129.41260334859172,118.80239062051886,128.12362017253815,132.48086531502858,134.44974038922322,135.4006565291487,126.96760094727499,126.50465392316224,127.48909146025954,127.96454953022229
S02,2026-10-15,4,154.8,2026-10-11,153.8,140.5857142857143,144.39893885108864,145.230250274589,145.21597830711636,144.60524359771298,147.87615720749287,147.15110773359027,147.67733434785933,148.76426350322026,147.8105638383181,145.77502329233945,146.038136599474,146.58160117715445
S03,2026-10-15,4,134.9061224489796,2026-10-11,114.6,122.74285714285715,130.63363880260638,131.228100676191,130.57930587799297,131.11443630271816,137.1648605308273,138.08982674734932,136.26474405411886,133.43060770347043,134.9729456160199,134.36173277497784,133.4491914283626,132.0321232530384
S04,2026-10-15,4,141.6,2026-10-11,120.4,111.20000000000002,124.33171575469467,122.7155233424016,118.32659049400111,124.80891869119851,121.10979537924824,122.21051712036135,120.25766930433397,117.9530698694059,122.39430837103606,123.27111643752801,122.29469252951432,121.14239281205028
S05,2026-10-15,4,94.4,2026-10-11,95.1,95.41428571428571,108.31044378921995,107.78808815343115,105.79087992711513,107.80561736491542,105.42858871791142,107.53027921404157,103.35349191527487,103.37149712219855,103.72012383974989,107.92036150163077,105.8319678522474,105.84097045570925
S06,2026-10-15,4,107.2,2026-10-11,200.9,106.22857142857143,100.61859639896925,99.89188812876213,99.87037781514806,100.10437859799757,98.2472246857102,101.47494460514613,99.02275143774573,97.14034631792015,95.84377777259854,101.04677050205768,99.82067391835749,98.8794713584447
S07,2026-10-15,4,107.7,2026-10-11,92.7,89.12857142857142,102.8794237109881,102.97592494670191,101.76058145186298,102.33530624798189,97.34768948943098,100.52055446079798,97.65981317632209,97.1574277099674,99.42261201697373,101.69998908589304,100.2696184436551,100.01842571047774
S08,2026-10-15,4,224.5,2026-10-11,129.09591836734694,128.52128279883382,136.72392411266844,136.70450656319107,134.32741627718175,137.39866941072341,135.95532079453037,138.2373625107479,139.05338166353022,136.63497918522313,136.83690236277698,137.48064331170815,137.88865288809933,136.6794516489458
S09,2026-10-15,4,112.8,2026-10-11,112.4,121.54285714285713,128.47996954172504,129.31956182595704,129.0779545764191,128.60606006920239,126.59756300482867,130.63404271262033,127.87543418608148,128.55868235225498,125.55304444320885,129.55700612717268,128.17770186390325,128.51932594699002
S10,2026-10-15,4,148.0,2026-10-11,123.4,128.41137026239068,134.3662200351036,134.6593277339178,134.43589263432804,134.37101983012417,132.4075761253309,132.86934278894097,130.78244361394744,135.16329646820148,133.5580060451029,133.61778141202228,132.57433182452553,134.76475825165255
S11,2026-10-15,4,107.2,2026-10-11,104.8,90.04285714285713,102.29298894448175,102.61053947225751,101.20227852649379,100.84697020564289,97.51696444876696,100.92533490317207,97.92019504446404,98.27361902931874,99.13586232300419,101.60916192382692,100.1065919944729,100.28330398690025
S12,2026-10-15,4,155.2,2026-10-11,121.7,132.8,140.13215731283287,139.6507278397041,137.06632047897028,141.96744588557223,138.33619787888654,140.99821453094484,139.55369060215085,138.085994793617,139.69191042185568,140.56518592188885,139.84292395749185,139.10907605322495
S13,2026-10-15,4,146.6,2026-10-11,119.7,126.04285714285716,135.03252362718797,135.3154249421222,134.28308677650276,136.0129607872083,131.4030631658883,134.43059155600412,131.5533271785362,134.23439272044723,133.79803062081626,134.73155759159604,133.29292540286207,134.6334581738176
S14,2026-10-15,4,218.4,2026-10-11,112.2,108.91428571428571,113.53171083519072,114.54278412128598,115.6645377051606,112.34577473243051,114.83155367054945,117.30012803758893,112.65130458977522,115.27589651366087,113.46232463870882,115.41591943638983,113.09150771248298,114.4038036744258
S15,2026-10-15,4,123.1,2026-10-11,78.4,95.22857142857143,107.65285388728793,107.8364004351197,106.62360758404816,107.22745053741814,113.43520998733473,111.62056781223842,106.86035978752862,105.76519095510665,107.53951886404697,109.63671084976318,107.25660683740827,106.70902242119729
S01,2026-10-16,5,114.2,2026-10-11,229.4,147.25714285714284,126.16517810526963,129.3150065845625,133.96954307312564,123.11074821778706,138.73902049953776,139.44411595208302,140.90066056177244,129.4091660554179,124.96826526593881,132.80464702867633,133.53291933352102,127.78717208034377
S02,2026-10-16,5,165.6,2026-10-11,153.8,140.5857142857143,150.0356744250624,150.73699522030432,149.7729180316503,148.9136011949812,148.52215720904337,154.25191873822894,150.33203429059034,147.33828377741366,147.70967027512165,152.1437965816457,150.18385435782636,148.68697910123802
S03,2026-10-16,5,140.1,2026-10-11,114.6,122.74285714285715,136.27037437658012,136.73484562190632,135.13624560252688,135.42279389998635,138.76144136001722,143.35510842459541,138.83230280323681,135.24837170465648,133.5827936939316,139.81274140058775,137.55133858990848,135.7593730406183
S04,2026-10-16,5,150.0,2026-10-11,120.4,111.20000000000002,129.96845132866844,128.2222682881169,122.88353021853506,129.1172762884667,127.52844411480652,131.01622695922853,128.4223082200333,130.28878528576467,131.74411788714272,130.49233914394847,129.19537977435087,130.12861830721656
S05,2026-10-16,5,117.5,2026-10-11,95.1,95.41428571428571,113.9471793631937,113.29483309914647,110.34781965164906,112.11397496218362,118.93870075392762,116.8633118220738,115.47738729337883,116.514634301276,118.5611604416214,115.40524559263375,114.71228332828626,115.23090683223485
S06,2026-10-16,5,116.4,2026-10-11,200.9,106.22857142857143,106.255331972943,105.39863307447746,104.42731753968201,104.41273619526577,106.24229666413952,102.37603570393154,101.26368302309591,103.79880062250173,101.90116921452027,104.31568383843727,103.75950749801945,105.02706629772237
S07,2026-10-16,5,115.4,2026-10-11,92.7,89.12857142857142,108.51615928496186,108.48266989241723,106.31752117639692,106.64366384525007,113.09169270532033,109.02211657932826,110.42053890207076,105.58074743305995,112.91797251634544,108.76913793214506,109.46834909351631,107.0484533590109
S08,2026-10-16,5,146.3,2026-10-11,129.09591836734694,128.52128279883382,142.3606596866422,142.2112515089064,138.88435600171567,141.7070270079916,142.64186130845033,146.26556456763265,144.19805311991473,142.49948634271936,143.2725200264042,144.31311212713743,143.27935640327848,142.43007301468077
S09,2026-10-16,5,114.7,2026-10-11,112.4,121.54285714285713,134.11670511569878,134.82630677167236,133.63489430095302,132.9144176664706,137.94844356319507,141.26105591910226,137.51483083909724,136.08662015573668,136.31846013490278,137.68888051740052,135.81576797739802,135.10166263571773
S10,2026-10-16,5,148.1,2026-10-11,123.4,128.41137026239068,140.00295560907733,140.16607267963312,138.992832358862,138.67937742739238,133.7157032136618,140.12768362451226,133.09860266584494,138.58130176826683,134.75656773018315,140.0653196167948,136.55077913746112,139.29212868867208
S11,2026-10-16,5,129.3,2026-10-11,104.8,90.04285714285713,107.9297245184555,108.11728441797284,105.75921825102772,105.15532780291107,105.35593066649459,105.51630684988838,103.74828590396669,104.12555065825225,102.57717106920322,106.72301568417194,105.83900521121109,106.02763758835388
S12,2026-10-16,5,143.5,2026-10-11,121.7,132.8,145.76889288680664,145.15747278541943,141.6232602035042,146.27580348284042,142.1612418428435,147.57438831329347,144.73042632629088,143.75524921728,142.9362314956186,146.67164060005007,145.24965960654876,144.76207105204332
S13,2026-10-16,5,131.5,2026-10-11,119.7,126.04285714285716,140.66925920116174,140.82216988783753,138.8400265010367,140.32131838447648,139.1080688456475,142.29630562918527,137.3741637575943,136.85278935387066,135.9203865293957,141.48278241517352,139.021711479378,138.76102427751619
S14,2026-10-16,5,115.6,2026-10-11,112.2,108.91428571428571,119.16844640916447,120.0495290670013,120.22147742969453,116.65413232969871,128.16316962427575,126.59102826799665,127.85049959752499,127.81971744355091,131.1508336013895,122.87973733858055,123.50947300334474,123.4940819263577
S15,2026-10-16,5,114.1,2026-10-11,78.4,95.22857142857143,113.2895894612617,113.34314538083501,111.18054730858209,111.53580813468633,130.5845320361691,121.04516459873744,121.52832778367707,120.01707408056781,124.22733056405306,117.16737702999957,117.40895862246938,116.65333177091475
S01,2026-10-17,6,124.2,2026-10-11,229.4,147.25714285714284,121.59941417461225,124.81772379425563,130.15325795821335,118.73637098843366,126.19119949132235,130.68105490548268,131.98317990872323,130.21095558388598,126.5655913854147,126.14023454004746,126.79129704166775,125.9051848792491
S02,2026-10-17,6,158.1,2026-10-11,153.8,140.5857142857143,145.46991049440504,146.23971242999747,145.95663291673802,144.5392239656278,147.96127614805178,148.35686249051776,149.1820805923397,149.2774679805679,149.26058117166093,146.9133864924614,147.32599554337236,147.37368923748647
S03,2026-10-17,6,165.3,2026-10-11,114.6,122.74285714285715,131.70461044592275,132.23756283159946,131.3199604876146,131.04841667063295,136.9058998696932,137.01031319754463,135.89060419478898,132.16912076796893,135.0334286179216,134.3574618217337,133.79760732035587,131.93686560694584
S04,2026-10-17,6,123.4,2026-10-11,120.4,111.20000000000002,125.40268739801104,123.72498549781005,119.06724510362275,124.74289905911331,121.56075317970519,123.4725820541382,122.80174489148975,118.38066595958539,122.8155737067648,124.43763472607462,124.1022161447504,121.8916766787982
S05,2026-10-17,6,96.4,2026-10-11,95.1,95.41428571428571,109.38141543253631,108.79755030883962,106.53153453673676,107.73959773283022,105.16072592468203,108.234807068961,102.83313558382339,99.99618374970545,103.38620144273686,108.80811125074865,106.10727550817985,104.68879959112088
S06,2026-10-17,6,120.0,2026-10-11,200.9,106.22857142857143,101.68956804228561,100.90135028417059,100.6110324247697,100.03835896591237,102.34046692504367,99.16579200199672,98.65123050004573,97.69658473576662,97.22618999464422,100.42768002214117,100.17039927116568,99.69307638902612
S07,2026-10-17,6,108.2,2026-10-11,92.7,89.12857142857142,103.95039535430448,103.98538710211038,102.50123606148462,102.26928661589668,98.80567913425234,102.2786759512765,99.12515438720828,96.97523979254328,100.27323269383815,103.1145356527905,101.53777487075638,100.46281757342388
S08,2026-10-17,6,173.3,2026-10-11,129.09591836734694,128.52128279883382,137.7948957559848,137.71396871859955,135.06807088680338,137.3326497786382,138.9036403875084,139.23511756140707,140.9568364202523,138.09063573054067,137.7358743181022,138.51500665869594,139.37586608811856,137.94276574326273
S09,2026-10-17,6,142.7,2026-10-11,112.4,121.54285714285713,129.5509411850414,130.3290239813655,129.81860918604073,128.5400404371172,125.86489605980765,131.44102761404855,128.21909774326858,127.84014443198197,125.01005207369352,130.49598439954497,128.885019464155,128.69554280851168
S10,2026-10-17,6,126.8,2026-10-11,123.4,128.41137026239068,135.43719167841996,135.66878988932626,135.17654724394967,134.30500019803898,133.0562270076524,134.00590561319024,132.1894139701829,134.1014499946345,132.34291674885694,134.72154864580511,133.81330282430145,134.76932083652724
S11,2026-10-17,6,94.9,2026-10-11,104.8,90.04285714285713,103.36396058779812,103.62000162766599,101.94293313611541,100.78095057355769,100.10698822240357,102.586997958592,99.99856431289395,97.22851161119515,99.49128604457569,102.97547927319505,101.68126245034603,100.29623609949662
S12,2026-10-17,6,146.0,2026-10-11,121.7,132.8,141.20312895614924,140.66018999511257,137.8069750885919,141.90142625348702,139.10118479180326,141.5881660461426,140.59801524696792,139.0585114063382,141.38106540746642,141.3956475011459,140.90057210155857,140.13082018124373
S13,2026-10-17,6,135.4,2026-10-11,119.7,126.04285714285716,136.10349527050434,136.32488709753068,135.02374138612439,135.9469411551231,133.0531557288716,135.79498669760568,132.41240002821505,132.9960066607648,134.14001284434804,135.949240984055,134.2579476493597,134.5497509656346
S14,2026-10-17,6,122.5,2026-10-11,112.2,108.91428571428571,114.60268247850709,115.55224627669445,116.40519231478223,112.27975510034531,118.73900325744609,118.67295270647321,113.79205845439743,111.73796290208293,113.1604045279782,116.63781759249015,114.19737046645227,113.17032269029501
S15,2026-10-17,6,108.9,2026-10-11,78.4,95.22857142857143,108.7238255306043,108.84586259052816,107.36426219366979,107.16143090533294,116.80022667011815,112.49810840061733,107.4615473282909,101.85358996171678,107.03318219190785,110.61096696561081,108.09268642944761,105.28870774616054
S01,2026-10-18,7,131.4,2026-10-11,229.4,147.25714285714284,117.14494861251859,120.44691019813592,127.39299158568754,112.71303841095097,121.21173089248575,127.74955923897878,138.1201532271853,127.33012608858729,126.63507848675451,122.44725392574868,127.63255091985195,122.23753735055294
S02,2026-10-18,7,117.9,2026-10-11,153.8,140.5857142857143,141.01544493231137,141.86889883387775,143.1963665442122,138.5158913881451,144.80371545558032,144.75249714170184,142.17549082066895,142.75769392595342,145.53472216715963,142.8839710370066,141.59546787649015,141.8865694291324
S03,2026-10-18,7,114.8,2026-10-11,114.6,122.74285714285715,127.25014488382908,127.86674923547974,128.5596941150888,125.02508409315027,128.65055305428302,131.63884656088692,129.8274447184239,123.07531847791739,126.77293772823927,129.444495722358,128.53879480112647,125.16273168087324
S04,2026-10-18,7,111.4,2026-10-11,120.4,111.20000000000002,120.94822183591738,119.35417190169035,116.30697873109695,118.71956648163062,121.24271828000407,120.8188726425171,118.17519092950633,115.70002404483154,121.36375877150775,120.88354723921725,119.56170638271186,118.32412294037445
S05,2026-10-18,7,102.8,2026-10-11,95.1,95.41428571428571,104.92694987044264,104.4267367127199,103.77126816421097,101.71626515534754,105.96212298754074,109.01428800310407,111.51316947740305,108.86738651565473,107.0554730355414,106.97061893677335,108.22005967392285,106.89716819304869
S06,2026-10-18,7,97.4,2026-10-11,200.9,106.22857142857143,97.23510248019194,96.53053668805089,97.85076605224391,94.01502638842967,101.44575588158796,98.87658311298915,103.84392072383547,95.00890705540756,95.3615421035437,98.05584279659055,100.5395116020137,96.12200476779975
S07,2026-10-18,7,119.1,2026-10-11,92.7,89.12857142857142,99.4959297922108,99.61457350599068,99.74096968895881,96.245954038414,100.01703599625077,101.64131347111292,101.90972176780087,101.07224441833446,99.77291132049614,100.56862163166187,100.70282578000584,100.28408710527263
S08,2026-10-18,7,129.0,2026-10-11,129.09591836734694,128.52128279883382,133.34043019389117,133.34315512247986,132.3078045142776,131.30931720115552,132.02146824035475,134.89643395621297,134.3768473170021,130.75655021472915,131.31850991966255,134.11843207505206,133.85863875544663,132.04849020431016
S09,2026-10-18,7,117.7,2026-10-11,112.4,121.54285714285713,125.09647562294774,125.9582103852458,127.05834281351493,122.51670785963451,122.17103442696964,128.06862446921212,124.2924644860964,120.65293677034478,121.54345126848106,126.58255004607993,124.69447005452207,122.87470619664626
S10,2026-10-18,7,133.4,2026-10-11,123.4,128.41137026239068,130.9827261163263,131.29797629320655,132.41628087142388,128.28166762055628,127.2416303032042,128.46200488496453,124.51525399668728,125.9582669195414,126.00410033414971,129.72236550064542,127.74899005650678,128.47049651793384
S11,2026-10-18,7,83.0,2026-10-11,104.8,90.04285714285713,98.90949502570444,99.24918803154628,99.18266676358962,94.757617996075,103.45406451369864,104.52019498007637,107.04511310664245,101.50753322631752,99.0170651894739,101.7148450028904,102.97730406617345,100.20851412601098
S12,2026-10-18,7,129.8,2026-10-11,121.7,132.8,136.7486633940556,136.28937639899286,135.04670871606612,135.87809367600434,133.2517946709199,137.36883096694947,134.38884818683238,131.03332338919188,135.95298214311032,137.05874718050254,135.568755790444,133.89099339162374
S13,2026-10-18,7,135.1,2026-10-11,119.7,126.04285714285716,131.64902970841067,131.95407350141096,132.2634750135986,129.9236085776404,127.3601745893989,131.37254426138742,127.82488516886703,124.99596286872953,127.27710613333291,131.51078698489903,129.73695743863885,128.3224962885701
S14,2026-10-18,7,103.7,2026-10-11,112.2,108.91428571428571,110.14821691641342,111.18143268057474,113.64492594225644,106.25642252286264,120.91123677687472,118.99774842943464,120.98741541804986,114.94618605780028,114.09302307630988,114.57298267292403,115.56781616723164,112.54720148710685
S15,2026-10-18,7,96.2,2026-10-11,78.4,95.22857142857143,104.26935996851064,104.47504899440845,104.603995821144,101.13809832785024,116.26423938737858,112.18627597263881,115.5701501740433,107.92496718616455,110.33056612951879,108.22781797057473,109.91975507127697,106.0971635773376
S01,2026-10-19,8,119.1,2026-10-11,229.4,147.25714285714284,111.5179168485024,114.93173174563306,122.67457089280748,108.5028096670303,123.09447509633505,129.3103578839983,127.82819228948566,124.99638907639913,126.43268016444465,120.41413736625034,119.67305456899402,118.25715296245076
S02,2026-10-19,8,132.0,2026-10-11,153.8,140.5857142857143,135.3884131682952,136.3537203813749,138.47794585133215,134.30566264422444,133.83747614312693,134.83359236036029,132.7783688716832,128.65128110497656,127.23667478037302,135.11100276432774,134.0833910199892,132.01984713663586
S03,2026-10-19,8,141.0,2026-10-11,114.6,122.74285714285715,121.62311311981288,122.35157078297689,123.84127342220873,120.81485534922959,124.48271553592586,125.20944873946054,123.4946305059744,116.9831042821138,119.9902455245008,123.41628092963671,122.55887181289364,119.30310870096335
S04,2026-10-19,8,122.7,2026-10-11,120.4,111.20000000000002,115.32119007190119,113.8389934491875,111.58855803821689,114.50933773770996,110.41737334641128,112.25732595920564,109.70024074186368,107.77028693088107,108.7522573234,113.78925801555341,112.51071540688244,111.54573850139113
S05,2026-10-19,8,107.6,2026-10-11,95.1,95.41428571428571,99.29991810642646,98.91155826021705,99.05284747133089,97.50603641142686,100.85554277236076,101.6157475062779,99.83266009625139,100.03858732965725,99.64362564986729,100.45783280635217,99.56628910133892,99.66925271804186
S06,2026-10-19,8,90.2,2026-10-11,200.9,106.22857142857143,91.60807071617575,91.01535823554802,93.13234535936385,89.80479764450901,95.62326791599692,93.54800177982875,93.93407638669154,88.24830196017302,91.02386678401315,92.57803624800225,92.77107355143364,89.92818633817438
S07,2026-10-19,8,88.4,2026-10-11,92.7,89.12857142857142,93.86889802819462,94.09939505348781,95.02254899607875,92.03572529449333,92.41666764276016,94.0102376120431,93.3506532229161,93.4321750532608,93.63689922958376,93.93956782011887,93.60977562555536,93.65053654072771
S08,2026-10-19,8,107.5,2026-10-11,129.09591836734694,128.52128279883382,127.71339842987496,127.82797666997698,127.58938382139752,127.09908845723486,122.00265427210891,125.68104446608541,126.49350039125476,117.43824929915746,121.18309648050335,126.69722144798018,127.10344941056485,122.57582386451621
S09,2026-10-19,8,113.3,2026-10-11,112.4,121.54285714285713,119.46944385893156,120.44303193274295,122.33992212063487,118.30647911571384,117.51217647698145,121.4726423423205,120.55603166250536,116.6224257415397,118.18978544294104,120.47104310062602,120.01273776071847,118.04593480023563
S10,2026-10-19,8,135.8,2026-10-11,123.4,128.41137026239068,125.3556943523101,125.78279784070368,127.69786017854382,124.07143887663561,125.55351992257403,122.95139501977593,122.19911657190072,121.64753240282438,123.53324704578452,124.153544686043,123.7774054621054,123.50161337756724
S11,2026-10-19,8,83.1,2026-10-11,104.8,90.04285714285713,93.28246326168826,93.73400957904342,94.46424607070955,90.54738925215433,93.02404025059496,94.357683631352,93.72965035243085,93.58250740947625,92.19676633614058,93.82007344652013,93.50605680705957,93.43248533558226
S12,2026-10-19,8,131.9,2026-10-11,121.7,132.8,131.1216316300394,130.77419794649,130.32828802318605,131.66786493208366,124.2492159895707,126.11537294387819,123.81562137386113,121.12051356790784,119.36154047147048,128.6185022869588,127.46862650195027,126.12107259897361
S13,2026-10-19,8,136.6,2026-10-11,119.7,126.04285714285716,126.02199794439449,126.43889504890811,127.54505432071853,125.71337983371974,122.28996305365403,124.31743940966471,122.60849444775488,119.59337691947525,122.7181347644391,125.1697186770296,124.31524619607468,122.80768743193487
S14,2026-10-19,8,88.0,2026-10-11,112.2,108.91428571428571,104.52118515239724,105.66625422807188,108.92650524937638,102.04619377894196,116.88801953416046,113.31386237825666,111.80977903005197,108.97120270199304,108.10786728358015,108.91752376532695,108.1654820912246,106.74619392719514
S15,2026-10-19,8,70.3,2026-10-11,78.4,95.22857142857143,98.64232820449445,98.95987054190559,99.88557512826394,96.92786958392958,110.88725025402104,105.53117515019008,105.42618461104684,100.28664640451808,101.6804861364635,102.08675167734226,102.03425640777064,99.46448730450626
S01,2026-10-20,9,109.1,2026-10-11,229.4,147.25714285714284,111.21071228746227,114.65174890154678,122.33500458226015,109.47682047827684,124.34510569496234,126.56713278634206,127.96978775536405,126.5228245370468,127.02453113806048,118.88892253690216,119.59025002141317,118.86676841225454
S02,2026-10-20,9,145.9,2026-10-11,153.8,140.5857142857143,135.08120860725504,136.0737375372886,138.1383795407848,135.27967345547094,150.72171706770297,148.17360634122576,144.57277371299026,145.67751319163534,146.5518077985166,141.62740747424039,139.82699116012265,140.3793608994452
S03,2026-10-20,9,94.5,2026-10-11,114.6,122.74285714285715,121.31590855877276,122.0715879388906,123.50170711166139,121.7888661604761,125.2490497875626,126.47162358420236,125.27126018202223,121.45624513926255,121.47726861550115,123.89376607148756,123.2935843703975,121.38607684901766
S04,2026-10-20,9,211.8,2026-10-11,120.4,111.20000000000002,115.01398551086106,113.55901060510121,111.24899172766955,115.48334854895647,114.34159361190949,115.11310620307924,112.70463500570088,111.25689376458804,111.96246998510601,115.06354585697015,113.85931025828097,113.13543963772455
S05,2026-10-20,9,94.6,2026-10-11,95.1,95.41428571428571,98.99271354538632,98.63157541613076,98.71328116078357,98.48004722267338,96.65997937705025,98.27660160745893,94.99916121166568,95.7852240581118,97.08490723544703,98.63465757642263,96.99593737852601,97.38896880174906
S06,2026-10-20,9,87.0,2026-10-11,200.9,106.22857142857143,91.30086615513562,90.73537539146174,92.79277904881651,90.77880845575552,101.3998995020017,96.40759612492153,95.33168227346995,89.25231488807927,92.45239847005561,93.85423114002857,93.31627421430278,90.27659052160745
S07,2026-10-20,9,109.2,2026-10-11,92.7,89.12857142857142,93.56169346715448,93.81941220940152,94.68298268553141,93.00973610573985,88.8814100282401,89.83917275837489,88.54729604902188,89.15772733978115,86.58755949159757,91.70043311276469,91.05449475808818,91.35971040346782
S08,2026-10-20,9,141.9,2026-10-11,129.09591836734694,128.52128279883382,127.40619386883483,127.5479938258907,127.24981751085019,128.07309926848137,129.17129587916895,130.83520425040243,132.1782229729621,130.8437802188176,133.21537617368017,129.12069905961863,129.79220842089848,129.12498704382622
S09,2026-10-20,9,145.1,2026-10-11,112.4,121.54285714285713,119.16223929789142,120.16304908865666,122.00035581008753,119.28048992696036,118.37922636344858,122.50353345530372,120.22938701670226,123.64426143001099,122.67941733726366,120.83288637659757,119.69581315729684,121.4032503639512
S10,2026-10-20,9,136.4,2026-10-11,123.4,128.41137026239068,125.04848979126997,125.5028149966174,127.35829386799648,125.04544968788213,127.11321808556893,128.4227920788142,127.11605042861308,130.62464632792077,128.38125286850757,126.73564093504208,126.08227010994153,127.83656805959538
S11,2026-10-20,9,75.4,2026-10-11,104.8,90.04285714285713,92.97525870064813,93.45402673495713,94.12467976016222,91.52140006340085,89.44077663213434,90.26586728053432,88.99162054077976,90.39305900028214,86.76383099084894,91.62056299059122,90.98343962071394,91.68415885046514
S12,2026-10-20,9,141.9,2026-10-11,121.7,132.8,130.81442706899927,130.49421510240373,129.98872171263872,132.6418757433302,139.7620858025672,140.3141854286194,134.8569468496161,133.5596518989356,136.355713740288,135.56430624880932,132.83568695930768,132.18703948396745
S13,2026-10-20,9,133.3,2026-10-11,119.7,126.04285714285716,125.71479338335436,126.15891220482182,127.2054880101712,126.68739064496626,124.1695893703157,124.77110800402507,124.2761533501383,128.15080404028876,126.6515730229486,125.24295069368972,124.99547336674632,126.93279871182156
S14,2026-10-20,9,100.8,2026-10-11,112.2,108.91428571428571,104.2139805913571,105.38627138398559,108.58693893882904,103.02020459018847,111.38629286265257,110.06234055246625,109.89608542592217,105.15938289961846,104.51227332555166,107.13816057191167,107.05503300863964,104.68668174548779
S15,2026-10-20,9,112.1,2026-10-11,78.4,95.22857142857143,98.33512364345432,98.67988769781931,99.5460088177166,97.9018803951761,105.6087081474641,103.11350871494838,100.4077568121503,95.22877410312023,99.41350684229177,100.72431617920135,99.37144022780231,96.78194887328728
S01,2026-10-21,10,103.8,2026-10-11,229.4,147.25714285714284,120.76172214099893,124.04309671961693,129.19699988993852,119.40429812184912,134.47219521911012,133.40627844674245,137.93355624728056,131.4631773572674,127.67883867391014,127.08400029387069,129.34763919413973,126.11244974913316
S02,2026-10-21,10,163.7,2026-10-11,153.8,140.5857142857143,144.6322184607917,145.46508535535878,145.0003748484632,145.20715109904324,149.08054693124484,149.33101362500872,148.8534124184065,147.6666877304642,147.96201481874505,146.9816160429002,146.7428154395991,146.14945309562796
S03,2026-10-21,10,119.1,2026-10-11,114.6,122.74285714285715,130.86691841230942,131.46293575696077,130.36370241933977,131.7163438040484,141.18592843270648,138.09468762534004,141.64603413836025,134.105191605128,135.12435639653546,134.48080301882473,136.25647627533482,132.48605500871872
S04,2026-10-21,10,128.8,2026-10-11,120.4,111.20000000000002,124.56499536439773,122.95035842317137,118.11098703534795,125.41082619252877,122.41367210893814,122.20253295898439,121.21151856034359,118.52811289635615,123.24350266691921,123.38376416169106,122.88825696237066,121.54655413037693
S05,2026-10-21,10,111.2,2026-10-11,95.1,95.41428571428571,108.54372339892299,108.02292323420092,105.57527646846195,108.40752486624568,107.1237895896193,109.14655404772077,106.6771053860159,106.81060091059948,106.70374047526192,108.84513872332188,107.61041439246944,107.67716215476123
S06,2026-10-21,10,87.9,2026-10-11,200.9,106.22857142857143,100.85187600867229,100.1267232095319,99.6547743564949,100.70628609932783,103.95234069508348,100.52502776554653,99.99988234181725,97.09500415985062,96.90695572350099,100.68845188710941,100.42587917524477,98.97344008426145
S07,2026-10-21,10,91.8,2026-10-11,92.7,89.12857142857142,103.11270332069115,103.21076002747168,101.54497799320981,102.93721374931215,99.71408667722986,101.81387797764368,99.65012178868758,100.05016359222648,100.4443224799636,102.46329064916742,101.38141255468938,101.58143345645883
S08,2026-10-21,10,145.6,2026-10-11,129.09591836734694,128.52128279883382,136.9572037223715,136.93934164396086,134.1118128185286,138.00057691205367,137.8563607840057,139.66600096899984,141.2735498946885,136.4185221057816,136.54141718495606,138.31160234568569,139.11537680853002,136.68786291407656
S09,2026-10-21,10,138.3,2026-10-11,112.4,121.54285714285713,128.71324915142807,129.55439690672682,128.8623511177659,129.20796757053265,130.77935180947006,134.6701974596296,133.18676815310158,128.8439753872353,125.41266740598972,131.69172330552885,130.95000865226484,128.7786122693317
S10,2026-10-21,10,103.3,2026-10-11,123.4,128.41137026239068,134.59949964480663,134.89416281468755,134.22028917567488,134.97292733145443,139.65291766854105,136.0142536013189,137.99217935242314,135.25682065118602,132.95977916766677,135.30687662306275,136.2958394986149,134.92816014799632
S11,2026-10-21,10,183.0,2026-10-11,104.8,90.04285714285713,102.5262685541848,102.8453745530273,100.98667506784061,101.44887770697315,99.96247772907591,102.19270798819404,100.87174217630621,101.78415530223576,100.14036508128336,102.35948827118942,101.69900536524551,102.15521192821028
S12,2026-10-21,10,149.3,2026-10-11,121.7,132.8,140.36543692253593,139.8855629204739,136.8507170203171,142.5693533869025,139.5522570803753,141.6296422958374,139.9661724471487,137.1561438311589,139.60972986929505,140.99753960918667,140.16580468484233,138.7607903768474
S13,2026-10-21,10,146.8,2026-10-11,119.7,126.04285714285716,135.26580323689103,135.550260022892,134.0674833178496,136.61486828853856,134.56782557615585,136.8380260195051,135.9631513518626,135.85811783019577,134.01925046722783,136.05191462819806,135.6144772943768,135.5619605335434
S14,2026-10-21,10,88.5,2026-10-11,112.2,108.91428571428571,113.76499044489377,114.77761920205576,115.44893424650742,112.94768223376077,120.89093980927288,120.43744092668805,120.49340804565075,116.47573377341696,116.14822864154972,117.10121568579092,117.12919924527226,115.12036210915537
S15,2026-10-21,10,110.5,2026-10-11,78.4,95.22857142857143,107.886133496991,108.07123551588947,106.40800412539498,107.8293580387484,116.93267077501163,112.79944278172084,112.38767053004197,106.80524255834327,109.46825847625553,110.34278813935592,110.13690201351648,107.34568802766714
S01,2026-10-19,1,119.1,2026-10-18,131.4,115.44285714285715,112.95100506766461,114.55034668439019,118.55583454058156,110.89015677854448,111.02403262675567,111.7610813345228,111.33152386986366,110.75892938894278,112.14487861617414,112.35604320109371,112.14126446876413,111.85496722830369
S02,2026-10-19,1,132.0,2026-10-18,117.9,149.81428571428572,139.2721233629942,140.45176748492221,144.07019833759335,137.29256727494717,137.1831048417728,139.3161511012486,139.33156668618776,138.43146287879728,138.27000680254866,139.2941372321214,139.301845024591,138.85179312089574
S03,2026-10-19,1,141.0,2026-10-18,114.8,131.3008746355685,122.40638975678824,122.74989118293365,125.05499257718235,121.84998690802617,119.3038293938233,121.26801578699673,121.32416423488112,118.13118800336606,117.74394866516981,121.83720277189249,121.86527699583468,120.26878888007715
S04,2026-10-19,1,122.7,2026-10-18,111.4,127.98571428571428,120.78293460877835,121.02763777136789,123.17882748325005,119.86346377270259,117.65549548799744,115.79245695386614,115.833531939664,117.88427304020442,116.57098219787169,118.28769578132224,118.30823327422118,119.33360382449138
S05,2026-10-19,1,107.6,2026-10-18,102.8,102.37142857142858,100.10824513241121,100.60358666648682,102.62930592415404,98.44355660616857,102.40853154202219,102.92769613095693,97.3566405290481,100.19139686099084,96.84968030412897,101.51797063168408,98.73244283072965,100.14982099670102
S06,2026-10-19,1,90.2,2026-10-18,97.4,104.89999999999999,99.1765920873596,100.2176510289406,104.20238525133973,96.68077160856747,104.3580889050308,104.59379660487174,102.86831673457851,101.22405646774963,100.9124860391475,101.88519434611567,101.02245441096906,100.20032427755461
S07,2026-10-19,1,88.4,2026-10-18,119.1,95.62857142857142,92.19310979648685,92.84448789533289,93.62524131370071,89.95026803820859,96.52407851285408,92.30644909313746,93.11697156418819,94.78345153507412,95.00188206763391,92.24977944481216,92.65504068033752,93.48828066578048
S08,2026-10-19,1,107.5,2026-10-18,129.0,154.3857142857143,132.42157365196988,133.3777136468689,137.9109720435836,131.38824846639432,135.28209828531055,135.14193224225727,136.06809696436278,135.4813656904259,137.51640958249942,133.78175294711357,134.24483530816633,133.95146967119788
S09,2026-10-19,1,113.3,2026-10-18,117.7,115.49999999999999,116.89133823762309,115.86064022862847,114.90884232477973,115.88342408722231,120.72342300210555,118.57983326911925,116.82446757096277,113.07757689305564,115.06940443903979,117.73558575337117,116.85790290429293,114.98445756533937
S10,2026-10-19,1,135.8,2026-10-18,133.4,134.07142857142858,127.72469619060047,128.48603571417064,131.22374216738385,125.9027077666545,126.0350237968759,126.16328075953894,125.12388223784444,123.60944024603297,122.88281347181838,126.9439884750697,126.42428921422245,125.66706821831673
S11,2026-10-19,1,83.1,2026-10-18,83.0,90.92857142857143,90.20009006552323,89.62733182266184,89.43501083946978,88.46873527400376,87.09046691174997,87.62495633534023,88.34326456275612,90.84116713483272,90.93576316811331,88.91252320043174,89.27167731413968,90.52062860017797
S12,2026-10-19,1,131.9,2026-10-18,129.8,135.02857142857144,132.0299303884022,131.68718489074305,131.5055454256747,132.78286160964214,124.07762244224526,126.27721148899624,126.09625014490369,122.61578878559142,123.0560536714628,129.1535709386992,129.06309026665295,127.3228595869968
S13,2026-10-19,1,136.6,2026-10-18,135.1,147.88571428571427,127.44047467811943,126.26590647151659,129.7170200182154,126.28008923473456,129.22940599854434,131.51937364850724,131.52653443059523,128.42187858977013,131.44724722380727,129.47992416331334,129.48350455435732,127.93117663394477
S14,2026-10-19,1,88.0,2026-10-18,103.7,119.12857142857142,99.49175449333755,100.02082867532371,103.68155089297774,97.52363892598278,98.71527670470307,102.8440999167306,99.28979743467968,99.3948034721585,102.96003522298052,101.16792720503408,99.39077596400861,99.44327898274803
S15,2026-10-19,1,70.3,2026-10-18,96.2,102.5,98.47957914414265,98.61998650495565,99.84021570953519,96.72113232592017,100.07643808968173,102.64689114689827,99.3455429020354,100.49352927819908,100.30732424787446,100.56323514552045,98.91256102308903,99.48655421117087
S01,2026-10-20,2,109.1,2026-10-18,131.4,115.44285714285715,113.43490296467823,115.05270950095388,118.86582557872185,112.15024931624853,110.38938682206883,111.96909725325449,110.56552783971742,113.55559948792205,114.99076965480445,112.70200010896636,112.00021540219782,113.49525122630014
S02,2026-10-20,2,145.9,2026-10-18,117.9,149.81428571428572,139.75602126000783,140.95413030148592,144.38018937573366,138.5526598126512,163.4680743435142,154.72400708879744,160.48197251956563,159.92505847205013,162.83101276184703,147.24001417440263,150.11899688978673,149.84053986602896
S03,2026-10-20,2,94.5,2026-10-18,114.8,131.3008746355685,122.89028765380188,123.25225399949734,125.36498361532264,123.11007944573022,138.00951240572155,135.44714157282436,144.55565091844852,141.44923367266696,139.7049470335357,129.1687146133131,133.7229692861252,132.16976066323443
S04,2026-10-20,2,211.8,2026-10-18,111.4,127.98571428571428,121.26683250579198,121.53000058793158,123.48881852139034,121.12355631040664,122.5338866548597,123.4020307949611,124.4273694398975,128.81307737002496,125.64562429013996,122.33443165037654,122.84710097284474,125.03995493790848
S05,2026-10-20,2,94.6,2026-10-18,102.8,102.37142857142858,100.59214302942485,101.1059494830505,102.93929696229434,99.70364914387262,101.14805640208203,101.62318422624044,98.58049519813824,96.5691847383691,94.27877923853612,101.10766362783264,99.58631911378154,98.58066388389697
S06,2026-10-20,2,87.0,2026-10-18,97.4,104.89999999999999,99.66048998437321,100.72001384550427,104.51237628948004,97.94086414627152,102.01128373629415,103.11718382835387,100.17138398014576,100.43172731369587,101.57528552967163,101.38883690636354,99.9159369822595,100.04610864903455
S07,2026-10-20,2,109.2,2026-10-18,119.1,95.62857142857142,92.67700769350049,93.34685071189658,93.93523235184102,91.21036057591263,94.70163928286262,91.08192197254725,91.17385814890322,89.53736443842268,87.21160387012544,91.87946483302386,91.92543292120186,91.10718606596159
S08,2026-10-20,2,141.9,2026-10-18,129.0,154.3857142857143,132.9054715489835,133.88007646343257,138.22096308172388,132.64834100409837,153.46744412226087,146.49513792310444,147.72754259421134,144.71053416883265,144.4493617657245,139.70030473604396,140.3165070715974,138.80800285890808
S09,2026-10-20,2,145.1,2026-10-18,117.7,115.49999999999999,117.37523613463672,116.36300304519216,115.21883336292004,117.14351662492636,121.10257558342143,120.34448289871214,120.57363172270392,116.55734960705207,116.16812189060283,118.85985951667443,118.97443392867032,116.9662928708444
S10,2026-10-20,2,136.4,2026-10-18,133.4,134.07142857142858,128.2085940876141,128.98839853073434,131.53373320552416,127.16280030435856,132.58568793868486,134.54101154633932,135.59766335140407,140.93236545403337,138.2288180446088,131.3748028169767,131.90312871950908,134.57047977082374
S11,2026-10-20,2,75.4,2026-10-18,83.0,90.92857142857143,90.68398796253685,90.12969463922552,89.74500187761008,89.72882781170782,84.8262916841239,84.56453629902431,86.01230241626482,86.34691413577775,83.1384375690569,87.62426213078058,88.34814518940084,88.51545104915729
S12,2026-10-20,2,141.9,2026-10-18,129.8,135.02857142857144,132.51382828541583,132.18954770730673,131.81553646381502,134.0429541473462,145.78451588079852,142.93251115253994,149.83172265907876,148.9229458706366,151.1124515903332,137.72316971897789,141.17277547224728,140.7183870780262
S13,2026-10-20,2,133.3,2026-10-18,135.1,147.88571428571427,127.92437257513305,126.76826928808026,130.02701105635572,127.5401817724386,138.5467200396274,139.13123297010148,137.77682274968433,133.97147528159803,139.15345028728694,133.52780277261726,132.8505976624087,130.94792392836553
S14,2026-10-20,2,100.8,2026-10-18,103.7,119.12857142857142,99.97565239035117,100.52319149188739,103.99154193111804,98.78373146368682,100.53713978451545,103.75547210148402,98.65139876075145,101.399702366559,103.33220859049652,101.8655622459176,99.31352557555131,100.68767737845508
S15,2026-10-20,2,112.1,2026-10-18,96.2,102.5,98.96347704115627,99.12234932151934,100.1502067476755,97.98122486362422,98.6090867450797,101.44567811489105,99.21150240644849,95.64073289937487,94.38074941084533,100.20457757802366,99.08748972380238,97.30210497026556
S01,2026-10-21,3,103.8,2026-10-18,131.4,115.44285714285715,122.69332155752186,124.16977309205285,125.55839566977686,122.23124833658214,123.42245854428796,123.37540137427195,127.74300825943828,129.2304226445239,131.19252732217095,123.0343614658969,125.21816490848008,125.96187210102289
S02,2026-10-21,3,163.7,2026-10-18,117.9,149.81428571428572,149.01443985285144,150.0711938925849,151.07275946678865,148.63365883298482,153.0259250077733,153.83277412142073,154.11961643628084,158.02745298295068,158.99321364305925,151.42360698713608,151.56702814456614,153.52094641790106
S03,2026-10-21,3,119.1,2026-10-18,114.8,131.3008746355685,132.1487062466455,132.36931759059632,132.05755370637766,133.19107846606383,137.20633864292083,137.62811510264004,139.2862264789616,140.08517137792487,141.1640057124098,134.88841067464278,135.71746636280355,136.11693881228518
S04,2026-10-21,3,128.8,2026-10-18,111.4,127.98571428571428,130.5252510986356,130.64706417903056,130.18138861244535,131.20455533074025,136.18841253060498,130.66954240117752,134.6530327248304,134.61634821737553,132.26103757670597,130.59739674990658,132.589141911733,132.57079965800557
S05,2026-10-21,3,111.2,2026-10-18,102.8,102.37142857142858,109.85056162226846,110.22301307414948,109.63186705334934,109.78464816420623,113.41580114247378,112.58061798640661,110.33497336113946,109.05966265099836,111.40718452561728,111.21558980433753,110.09276749170397,109.4551121366334
S06,2026-10-21,3,87.9,2026-10-18,97.4,104.89999999999999,108.91890857721684,109.83707743660327,111.20494638053505,108.02186316660513,114.49435753943374,114.72125377655028,113.20371617131843,115.20857730359815,118.14507809965154,111.82008117688356,111.06131237426763,112.0637429404075
S07,2026-10-21,3,91.8,2026-10-18,119.1,95.62857142857142,101.9354262863441,102.46391430299556,100.62780244289603,101.29135959624624,105.7170225080489,102.28313294819422,102.2589534975491,101.19373640664375,103.98337111338144,102.10927961726915,102.0971898919466,101.56458134649392
S08,2026-10-21,3,145.6,2026-10-18,129.0,154.3857142857143,142.16389014182712,142.99714005453157,144.9135331727789,142.729340024432,147.1912644070994,144.83738970075336,145.87141342555756,149.63769373597947,146.55272520249386,143.50063992129026,144.01765178369234,145.9007919389033
S09,2026-10-21,3,138.3,2026-10-18,117.7,115.49999999999999,126.63365472748033,125.48006663629113,121.91140345397503,127.22451564525997,133.380421466522,130.31693077087402,135.07070314021274,128.12990499209707,133.12343717455775,128.47529274917719,130.85217893384655,127.38177985978871
S10,2026-10-21,3,103.3,2026-10-18,133.4,134.07142857142858,137.4670126804577,138.1054621218333,138.22630329657915,137.24379932469216,142.55811199226062,143.0418017251151,144.24285845061058,145.7995791714264,147.41142085118472,140.2544072027864,140.85493556553416,141.63329592594204
S11,2026-10-21,3,183.0,2026-10-18,83.0,90.92857142857143,99.94240655538046,99.2467582303245,96.43757196866508,99.80982683204142,96.4913325674598,96.07079717091152,96.84412477804233,96.86966897493286,97.85160221831143,98.00660186314599,98.39326566671139,98.40603776515667
S12,2026-10-21,3,149.3,2026-10-18,129.8,135.02857142857144,141.77224687825944,141.30661129840573,138.50810655487,144.1239531676798,140.17548652122088,142.05795508793423,142.6412156751976,145.38085464741854,146.52550164173613,141.91510098309683,142.20673127672853,143.576550762839
S13,2026-10-21,3,146.8,2026-10-18,135.1,147.88571428571427,137.18279116797666,135.88533287917926,136.7195811474107,137.6211807927722,143.05264518467098,141.49766182218278,143.26116181870375,143.34325601944462,143.85882505628186,139.34022649507972,140.2219764933402,140.26302359371064
S14,2026-10-21,3,88.5,2026-10-18,103.7,119.12857142857142,109.2340709831948,109.64025508298637,110.68411202217304,108.86473048402044,108.23781155692895,109.8754490988595,106.53231668760402,109.82243034363293,108.56949343130529,109.55476004102715,107.88319383539941,109.52825066341387
S15,2026-10-21,3,110.5,2026-10-18,96.2,102.5,108.22189563399989,108.23941291261832,106.8427768387305,108.06222388395783,111.32277047581258,112.23759269714355,112.56107938541071,111.16051375204803,110.99975409908748,110.22974416557173,110.3914875097053,109.69120469302396
S01,2026-10-22,4,138.7,2026-10-18,131.4,115.44285714285715,126.976946412387,128.35639806812827,128.81785549633605,125.73450607085765,134.0594301029427,134.4021581377302,139.31863043286506,132.50293594335164,134.45648752538014,130.6895522750586,133.14778842262604,129.73994117786933
S02,2026-10-22,4,134.4,2026-10-18,117.9,149.81428571428572,153.29806470771658,154.2578188686603,154.33221929334786,152.13691656726033,156.700650437686,160.68592115129744,161.1021593719766,164.65139728092902,162.87925815274826,156.991992929507,157.2001120398466,158.97473099432278
S03,2026-10-22,4,142.4,2026-10-18,114.8,131.3008746355685,136.43233110151064,136.55594256667175,135.31701353293684,136.69433620033934,143.95786541618588,145.98358814417446,151.1745769578598,147.8776034953093,144.89111939665506,141.20795962284257,143.8034540296852,142.15496729840999
S04,2026-10-22,4,133.9,2026-10-18,111.4,127.98571428571428,134.80887595350075,134.833689155106,133.44084843900453,134.70781306501576,134.84652012954734,135.40243610654557,135.98450949818607,136.50086609042535,134.3457566067744,135.10565603002317,135.39669272584342,135.65487102196306
S05,2026-10-22,4,115.5,2026-10-18,102.8,102.37142857142858,114.1341864771336,114.40963805022491,112.89132687990853,113.28790589848174,117.88771569137702,119.16147144862585,118.1491685226324,116.68346175990911,116.4651301291701,116.64782896287971,116.141677499883,115.40882411852135
S06,2026-10-22,4,91.8,2026-10-18,97.4,104.89999999999999,113.20253343208198,114.02370241267869,114.46440620709424,111.52512090088064,129.54909080390334,124.91709938049316,129.5352307359195,127.00305253828593,123.51785034630234,119.05981640628757,121.36888208400075,120.10279298518395
S07,2026-10-22,4,96.7,2026-10-18,119.1,95.62857142857142,106.21905114120923,106.65053927907098,103.88726226945522,104.79461733052176,111.28697073950606,109.3858479636056,110.04742689071755,104.52749901563853,107.45531712079612,107.80244955240741,108.1332390159634,105.37327507842389
S08,2026-10-22,4,156.9,2026-10-18,129.0,154.3857142857143,146.44751499669226,147.183765030607,148.1729929993381,146.2325977587075,158.01384631748354,153.58667921338764,155.97319584056996,148.2164844274109,146.63810232420988,150.01709710503997,151.2103554186311,147.33199971205158
S09,2026-10-22,4,152.7,2026-10-18,117.7,115.49999999999999,130.9172795823455,129.66669161236655,125.17086328053423,130.72777337953548,137.78728221533098,137.49956130981445,141.4955544331932,130.83911096287255,135.20894741458778,134.20842044607997,136.20641700776935,130.87819527260902
S10,2026-10-22,4,137.9,2026-10-18,133.4,134.07142857142858,141.75063753532285,142.29208709790873,141.48576312313836,140.74705705896767,150.40993666734053,149.4449990136283,150.70673165664502,151.07278683513664,151.51162613902068,145.59781827447557,146.22868459598394,146.41171218522976
S11,2026-10-22,4,107.5,2026-10-18,83.0,90.92857142857143,104.22603141024561,103.43338320639994,99.69703179522428,103.31308456631693,102.34327399104063,103.25202533176967,103.97359866014963,99.52641743439476,102.30236523500713,103.73902837100763,104.09981503519762,101.87622442232018
S12,2026-10-22,4,139.9,2026-10-18,129.8,135.02857142857144,146.05587173312458,145.49323627448115,141.76756638142922,147.6272109019553,154.73469333779133,152.19930201939175,157.41883960254458,154.7400309220279,152.36258640181865,149.12758687625816,151.73735566783458,150.39795132757624
S13,2026-10-22,4,120.4,2026-10-18,135.1,147.88571428571427,141.4664160228418,140.07195785525468,139.97904097396992,141.12443852704772,154.47093427975216,151.42527221952164,151.9592457022743,141.42384933232356,143.33969584533557,146.44584412118172,146.71283086255806,141.44513267758268
S14,2026-10-22,4,132.1,2026-10-18,103.7,119.12857142857142,113.51769583805994,113.8268800590618,113.94357184873223,112.36798821829595,123.39054049497224,121.1317078249795,120.60233639362167,110.72601701805795,109.10345418982733,117.32470183151972,117.0600161158408,112.12185642805895
S15,2026-10-22,4,102.6,2026-10-18,96.2,102.5,112.50552048886503,112.42603788869374,110.1022366652897,111.56548161823333,126.07604702709108,122.02742576599121,126.73571159757682,121.29115021881009,116.34173194649605,117.26647312742813,119.62061604322093,116.89833535383755
S01,2026-10-23,5,127.9,2026-10-18,131.4,115.44285714285715,131.66701560976037,132.93725997469585,132.5939806251566,129.85672068048007,138.2588790838175,136.99736344473703,153.8862843602092,134.9509659877929,151.95995272773675,134.33218952724872,142.77664998498477,133.30899079877662
S02,2026-10-23,5,132.6,2026-10-18,117.9,149.81428571428572,157.98813390508994,158.83868077522789,158.10834442216841,156.25913117688273,159.45127339369637,161.65125795091902,160.99613398244256,159.75917780203875,159.71692816954413,159.81969592800448,159.49213394376625,158.87365585356434
S03,2026-10-23,5,140.3,2026-10-18,114.8,131.3008746355685,141.122400298884,141.1368044732393,139.0931386617574,140.81655080996174,140.8715696599687,142.8249682634982,142.97086212504584,141.81753010790098,140.60738403377226,141.97368428119108,142.04663121196492,141.4699652033925
S04,2026-10-23,5,143.2,2026-10-18,111.4,127.98571428571428,139.4989451508741,139.41455106167354,137.2169735678251,138.83002767463816,135.74449341810183,136.90936311994278,137.53239411957568,139.8671511489066,139.4439859786572,138.20415413540843,138.5156696352249,139.68304814989034
S05,2026-10-23,5,125.22244897959185,2026-10-18,102.8,102.37142857142858,118.82425567450696,118.99049995679246,116.66745200872909,117.41012050810416,124.48377361649361,123.82920368739538,122.17031699007583,122.12152827862857,123.28726613425448,121.32672968095116,120.4972863322914,120.47289197656777
S06,2026-10-23,5,105.3,2026-10-18,97.4,104.89999999999999,117.89260262945534,118.60456431924624,118.2405313359148,115.64733551050305,128.4236747092966,125.9928611755371,124.29925658040592,125.47354919440204,127.94909057460313,121.94273190249622,121.09592960493063,121.68307591192868
S07,2026-10-23,5,109.9,2026-10-18,119.1,95.62857142857142,110.9091203385826,111.23140118563855,107.66338739827577,108.91683194014416,111.84528821973073,110.56189242771693,111.15886688820545,110.32475680170371,113.6374678794782,110.73550638314975,111.03399361339402,110.61693857014315
S08,2026-10-23,5,137.5,2026-10-18,129.0,154.3857142857143,151.13758419406562,151.76462693717454,151.94911812815866,150.3548123683299,148.4938091697413,149.5616986683437,146.71261518466468,150.67158819557727,151.28874542774025,150.34964143120465,148.92509968936514,150.90458619482143
S09,2026-10-23,5,150.9,2026-10-18,117.7,115.49999999999999,135.60734877971885,134.24755351893413,128.9469884093548,134.8499879891579,144.85512254856158,141.89194297790527,143.35182814338492,136.4851174856307,143.6327610906502,138.74964587881206,139.47958846155188,136.0462331326748
S10,2026-10-23,5,252.7,2026-10-18,133.4,134.07142857142858,146.4407067326962,146.8729490044763,145.2618882519589,144.86927166859007,147.21866242552053,148.41677025386267,147.97696085729925,144.9980314719638,145.83522658897004,147.42873849327944,147.20883379499773,145.71936910233
S11,2026-10-23,5,138.0,2026-10-18,83.0,90.92857142857143,108.91610060761897,108.01424511296749,103.47315692404484,107.43529917593935,101.74244207187706,103.72342654636928,106.47063957910731,104.68798295156401,110.8123412550279,106.31976357699412,107.69337009336314,106.80204177959149
S12,2026-10-23,5,153.0,2026-10-18,129.8,135.02857142857144,150.74594093049794,150.0740981810487,145.54369151024977,151.74942551157773,147.46175582316533,149.2817900793893,149.80848185045582,147.34140521027342,147.46125828958694,150.01386550494362,150.27721139047688,149.0436730703857
S13,2026-10-23,5,152.2,2026-10-18,135.1,147.88571428571427,146.15648522021516,144.65281976182223,143.75516610279047,145.24665313667015,145.07526534855697,146.67562364850724,144.28761674270365,141.61725426099528,147.971992360524,146.4160544343612,145.2220509814594,143.88686974060522
S14,2026-10-23,5,108.6,2026-10-18,103.7,119.12857142857142,118.2077650354333,118.40774196562936,117.7196969775528,116.49020282791835,120.72325737199075,117.36962191036768,115.21695400096542,113.91565263137139,110.94115205446545,117.78869347290049,116.71235951819935,116.06170883340235
S15,2026-10-23,5,131.0,2026-10-18,96.2,102.5,117.19558968623839,117.0068997952613,113.87836179411025,115.68769622785575,117.93252931340598,121.3820743560791,120.44379774708321,119.76381779962045,120.504554919636,119.28883202115875,118.8196937166608,118.47970374292942
S01,2026-10-24,6,123.5,2026-10-18,131.4,115.44285714285715,127.32166033025463,128.6514641542776,128.97093063905902,125.58598019096283,123.0957413324958,124.97495686667307,126.96154942475695,129.4989726966208,131.44165579076662,126.14830859846384,127.14160487750578,128.41031651343772
S02,2026-10-24,6,148.6,2026-10-18,117.9,149.81428571428572,153.64277862558424,154.55288495480963,154.48529443607083,151.9883906873655,156.19020716711066,158.12023587908064,159.24469365198965,161.3132133721454,160.72194110953617,155.88150725233243,156.44373613878696,157.47799599886483
S03,2026-10-24,6,144.7,2026-10-18,114.8,131.3008746355685,136.77704501937828,136.85100865282106,135.4700886756598,136.5458103204445,137.98119796682732,139.7684611529025,141.66207758793033,143.0695162227647,142.21495888424272,138.27275308614037,139.2195613036543,139.92328062107148
S04,2026-10-24,6,157.6,2026-10-18,111.4,127.98571428571428,135.15358987136838,135.1287552412553,133.59392358172752,134.55928718512092,132.90931365263478,132.39785846982682,133.35854199335628,133.45694567170645,131.2790998481367,133.77572417059758,134.25606593236233,134.30526777153742
S05,2026-10-24,6,116.4,2026-10-18,102.8,102.37142857142858,114.47890039500125,114.70470413637422,113.0444020226315,113.13938001858692,113.67050965076533,116.03000935145788,114.58555238592011,109.00298448689392,113.47032593571917,115.25445487322956,114.53222639046068,111.74094244094758
S06,2026-10-24,6,122.0,2026-10-18,97.4,104.89999999999999,113.54724734994963,114.31876849882799,114.61748134981721,111.37659502098582,115.83881619797117,117.13848056793212,115.96203004722415,114.38063395498035,118.90821846259952,115.34286395894088,114.75463869858689,113.963940652465
S07,2026-10-24,6,124.1,2026-10-18,119.1,95.62857142857142,106.56376505907689,106.9456053652203,104.04033741217819,104.64609145062693,108.6326030588733,105.12067309788294,106.27969907112552,101.92344950236765,104.59582068321865,105.84221907847991,106.4217320651012,104.24360728072227
S08,2026-10-24,6,131.9,2026-10-18,129.0,154.3857142857143,146.7922289145599,147.4788311167563,148.32606814206108,146.08407187881267,148.6674743455675,149.19568752561298,150.62733242595917,150.34765583068167,147.94285459590498,147.99395822008643,148.70978067025953,148.5699423726208
S09,2026-10-24,6,141.5,2026-10-18,117.7,115.49999999999999,131.26199350021312,129.96175769851587,125.3239384232572,130.57924749964067,134.50279072936704,133.52359008789062,137.3568728916764,129.52986775808773,133.48871153598492,132.39279179405187,134.30943319594476,130.39593062915043
S10,2026-10-24,6,263.6181818181818,2026-10-18,133.4,134.07142857142858,142.0953514531905,142.58715318405805,141.63883826586132,140.59853117907284,144.16342942214604,145.4221260888236,148.1071229486962,147.39154839281935,148.50724936353154,143.75873877100705,145.10123720094333,144.7434499230049
S11,2026-10-24,6,89.4,2026-10-18,83.0,90.92857142857143,104.57074532811325,103.72844929254924,99.85010693794726,103.16455868642211,98.69675664618005,98.52351495197841,100.7834970466397,97.68285309232382,100.15136606266206,101.54713014004582,102.67712118737647,101.12679921021854
S12,2026-10-24,6,140.2,2026-10-18,129.8,135.02857142857144,146.4005856509922,145.78830236063044,141.9206415241522,147.4786850220605,143.84239512342327,146.09146243504117,147.916694626068,148.93486766846542,149.98263530838753,146.2460240430167,147.1586401385301,147.66772665972883
S13,2026-10-24,6,157.7,2026-10-18,135.1,147.88571428571427,141.81112994070946,140.36702394140397,140.13211611669288,140.9759126471529,144.74686550220028,145.8211479118892,146.447718713431,143.57304706545372,144.89666605110875,143.81613892629935,144.12942432707024,142.6920885030816
S14,2026-10-24,6,108.9,2026-10-18,103.7,119.12857142857142,113.86240975592759,114.12194614521111,114.09664699145522,112.21946233840113,109.67609519643221,114.0306495802743,112.9653324575352,112.07373527763212,110.07035807342288,113.94652966810094,113.41387110673139,112.96807251677986
S15,2026-10-24,6,96.8,2026-10-18,96.2,102.5,112.85023440673268,112.72110397484306,110.25531180801266,111.41695573833852,111.37774825693211,115.71484088897705,114.68197284155335,110.15851792606674,112.43109097502149,114.28253764785487,113.76610362414301,111.50437616639971
S01,2026-10-25,7,131.3,2026-10-18,131.4,115.44285714285715,122.1657031765481,123.58576981353713,125.63593654111536,118.95970996730127,121.68079949925287,120.21634614127024,122.68351820335039,119.16113366798155,121.78314644673948,121.19102465890917,122.42461068994925,120.66341842226483
S02,2026-10-25,7,118.1,2026-10-18,117.9,149.81428571428572,148.4868214718777,149.48719061406916,151.15030033812715,145.36212046370395,147.34932866777558,149.86210033680712,146.92868873577982,147.01570280885107,148.26249602545704,149.17446090434242,147.70775510382876,147.7512621403644
S03,2026-10-25,7,127.6,2026-10-18,114.8,131.3008746355685,131.62108786567174,131.7853143120806,132.13509457771616,129.91954009678295,127.71396077216863,132.73058585821713,129.39403391917492,128.9691242547695,130.5993109447479,132.17583686194445,130.50756089242333,130.29510606022063
S04,2026-10-25,7,128.3,2026-10-18,111.4,127.98571428571428,129.99763271766184,130.06306090051484,130.25892948378385,127.93301696145937,119.76042559451119,124.62601098333086,120.33721122616785,124.02827285450351,124.9549478468434,127.31182185049636,125.16742197191485,127.01295278608268
S05,2026-10-25,7,118.6,2026-10-18,102.8,102.37142857142858,109.32294324129471,109.63900979563377,109.70940792468784,106.51310979492536,115.5941129485947,113.69683273860387,116.31093744291437,113.41642448869004,115.11449580076459,111.50988798994929,112.81694034210454,111.36968386499237
S06,2026-10-25,7,111.3,2026-10-18,97.4,104.89999999999999,108.39129019624309,109.25307415808754,111.28248725187355,104.75032479732425,116.484512553524,115.0375274658203,117.41581418496436,119.20996433214934,120.12981150975745,111.7144088310317,112.90355219060373,113.80062726419621
S07,2026-10-25,7,94.7,2026-10-18,119.1,95.62857142857142,101.40780790537035,101.87991102447984,100.70534331423453,98.01982122696538,109.04334820830292,105.11148921421595,106.24815682882117,102.29240089843074,105.70469182189397,103.25964855979315,103.82798236709576,101.85010440190054
S08,2026-10-25,7,145.0,2026-10-18,129.0,154.3857142857143,141.63627176085336,142.41313677601585,144.9910740441174,139.45780165515112,134.26675000318676,139.88562464032856,138.8624665483649,140.91633605183677,142.49325139845587,140.76094820059097,140.24936915460913,141.27630390634505
S09,2026-10-25,7,144.0,2026-10-18,117.7,115.49999999999999,126.10603634650658,124.89606335777542,121.98894432531354,123.95297727597911,131.44933264529206,128.61010074615479,128.14672787470465,120.69565195453049,126.75237716614913,127.35806854633068,127.12638211060562,123.40084415051854
S10,2026-10-25,7,130.0,2026-10-18,133.4,134.07142857142858,136.93939429948395,137.5214588433176,138.30384416791765,133.9722609554113,134.59376108977642,138.42173889705114,135.84836799748967,132.7208996495168,135.51057690609161,137.68056659826755,136.3938811484868,134.8301469745004
S11,2026-10-25,7,99.7,2026-10-18,83.0,90.92857142857143,99.41478817440671,98.66275495180878,96.51511284000358,96.53828846276056,97.07356193242384,97.00261231831142,96.52889589662959,96.07103924851172,99.73884736240831,98.20870024635906,97.97184203551815,97.74291371145921
S12,2026-10-25,7,142.4,2026-10-18,129.8,135.02857142857144,141.24462849728567,140.72260801989,138.5856474262085,140.85241479839894,132.25710530278337,136.4064571278436,135.7597837584129,131.98945651770134,133.67459025945485,138.82554281256463,138.5022061278493,136.61704250749352
S13,2026-10-25,7,133.5,2026-10-18,135.1,147.88571428571427,136.65517278700293,135.30132960066354,136.7971220187492,134.34964242349133,132.59498934539502,136.98959898267472,137.26756473548127,135.80036611813503,139.1088578579035,136.8223858848388,136.9613687612421,136.22776945256896
S14,2026-10-25,7,123.0,2026-10-18,103.7,119.12857142857142,108.70645260222105,109.05625180447066,110.76165289351154,105.59319211473957,111.15696029211954,109.76730243137904,109.65927233568729,108.90100148980214,109.12638731445062,109.23687751680004,109.18286246895417,108.8037270460116
S15,2026-10-25,7,118.1,2026-10-18,96.2,102.5,107.69427725302614,107.6554096341026,106.920317710069,104.79068551467695,112.82211567642409,114.2518892288208,116.90687630327693,111.50145014726289,112.17146114710715,110.97308324092347,112.30057677815154,109.59786370014452
S01,2026-10-26,8,110.4,2026-10-18,131.4,115.44285714285715,116.3618262847273,117.91210991465343,120.79516907650668,114.6547782482608,111.22864788651582,113.3835223879133,111.87782108946732,110.95241553894553,112.22952668914972,114.8726743363203,114.11982368709731,113.65712091183642
S02,2026-10-26,8,138.0,2026-10-18,117.9,149.81428571428572,142.6829445800569,143.81353071518546,146.3095328735185,141.05718874466348,138.93777263808772,142.3405732699803,141.05012422033522,138.4653967580775,138.42916473376977,142.5117589250186,141.86653440019606,140.5741706690672
S03,2026-10-26,8,127.3,2026-10-18,114.8,131.3008746355685,125.81721097385095,126.11165441319689,127.29432711310747,125.61460837774248,120.60891629802951,123.90032522379482,122.61999381625864,118.144833651349,117.90338786659197,124.85876809882288,124.2186023950548,121.98102231259998
S04,2026-10-26,8,140.4,2026-10-18,111.4,127.98571428571428,124.19375582584105,124.38940100163113,125.41816201917517,123.6280852424189,118.42452957149303,118.19961389814104,117.15679672180303,118.02668347942036,116.88846998555054,121.19668486199105,120.67527627382205,121.1102196526307
S05,2026-10-26,8,96.2,2026-10-18,102.8,102.37142857142858,103.51906634947392,103.96534989675006,104.86864046007916,102.20817807588489,105.98810257110357,106.21396430560522,103.57162209965298,100.9266712170834,97.23411499125251,104.86651532753956,103.54534422456345,102.22286878327866
S06,2026-10-26,8,93.5,2026-10-18,97.4,104.89999999999999,102.5874133044223,103.57941425920383,106.44171978726487,100.44539307828379,106.6066278709246,106.95865502357482,105.31149654800237,101.85279486107972,101.71380921044384,104.77303416399856,103.94945492621233,102.220104082751
S07,2026-10-26,8,75.7,2026-10-18,119.1,95.62857142857142,95.60393101354956,96.20625112559613,95.86457584962585,93.71488950792491,99.92831986193968,95.50606274626084,96.7081140334655,95.44290486447652,95.26770499239352,95.55499687990519,96.15602252350753,95.52341793901303
S08,2026-10-26,8,140.7,2026-10-18,129.0,154.3857142857143,135.83239486903258,136.73947687713212,140.15030657950874,135.15286993611065,136.75450288022571,138.62608026776996,137.34880685327195,135.8827753710356,138.87188376445658,137.2292375684013,136.59060086115227,135.8575851200341
S09,2026-10-26,8,112.5,2026-10-18,117.7,115.49999999999999,120.30215945468579,119.2224034588917,117.14817686070487,119.64804555693863,122.22707551108266,120.48061943054198,117.94191666571606,112.81232525511884,114.95179545838322,120.39138944261389,119.12203806020094,116.55724235490231
S10,2026-10-26,8,132.4,2026-10-18,133.4,134.07142857142858,131.13551740766317,131.8477989444339,133.46307670330899,129.66732923637082,127.8805344053474,128.88030794688635,128.82104586386356,123.59511888199488,122.85288867498191,130.00791267727476,129.97828163576338,127.36531814482902
S11,2026-10-26,8,113.7,2026-10-18,83.0,90.92857142857143,93.61091128258592,92.98909505292508,91.6743453753949,92.23335674372008,88.54032019622525,89.57047292164394,89.02696646458644,91.40697831922645,91.26333311982827,91.59069210211493,91.31893887358618,92.50894480090619
S12,2026-10-26,8,132.4,2026-10-18,129.8,135.02857142857144,135.4407516054649,135.04894812100628,133.74487996159985,136.54748307935847,125.07366211028942,128.43548375538418,127.07530533446428,122.57855649013234,123.03553179363692,131.93811768042454,131.2580284699646,129.00965404779862
S13,2026-10-26,8,123.8,2026-10-18,135.1,147.88571428571427,130.85129589518212,129.6276697017798,131.95635455414055,130.04471070445086,131.92231781019078,134.8520123890468,133.5221235762144,128.8135556714004,131.826407002373,132.85165414211446,132.18670973569826,129.83242578329126
S14,2026-10-26,8,72.3,2026-10-18,103.7,119.12857142857142,102.90257571040026,103.38259190558695,105.92088542890286,101.2882603956991,101.91772192287205,106.0778473990304,101.24268401497412,99.48331934410822,103.5365612720054,104.49021155471533,102.0726298626872,101.19294752725423
S15,2026-10-26,8,79.9,2026-10-18,96.2,102.5,101.89040036120535,101.9817497352189,102.07955024546033,100.48575379563648,103.49922491993131,105.79604482650757,103.85964025442405,101.2763577461479,100.7491988209532,103.84322259385647,102.87502030781471,101.58337905367662
S01,2026-10-27,9,115.2,2026-10-18,131.4,115.44285714285715,116.84572418174093,118.41447273121712,121.10516011464699,115.91487078596485,110.72843268691598,113.75202059405191,111.46720413536251,114.20370594659933,114.96562347970863,115.29887238789642,114.15646415855173,115.52471506417012
S02,2026-10-27,9,145.6,2026-10-18,117.9,149.81428571428572,143.16684247707053,144.31589353174914,146.6195239116588,142.31728128236753,169.69993784588468,159.43329377855574,164.99101841402083,161.19464668114395,163.1460821796654,151.30006812781312,154.07893044554567,152.18074457910723
S03,2026-10-27,9,129.2,2026-10-18,114.8,131.3008746355685,126.30110887086457,126.61401722976058,127.60431815124778,126.87470091544654,143.4383680260862,139.4354943483981,148.6208533923439,143.06425501311202,140.11689774570783,132.86830160963132,137.46098113160423,134.68268194198828
S04,2026-10-27,9,130.9,2026-10-18,111.4,127.98571428571428,124.67765372285467,124.89176381819482,125.72815305731548,124.88817778012296,125.29471287092301,127.4940490416118,127.3954697583709,130.58389247286536,126.34074788132189,126.08585138223324,126.03656174061278,127.63077309786001
S05,2026-10-27,9,86.1,2026-10-18,102.8,102.37142857142858,104.00296424648754,104.46771271331374,105.17863149821946,103.46827061358894,105.9191027115266,105.41361363955907,105.49944438550847,98.49162429093464,96.43910551731113,104.7082889430233,104.751204315998,101.24729426871109
S06,2026-10-27,9,127.3,2026-10-18,97.4,104.89999999999999,103.07131120143592,104.08177707576752,106.75171082540517,101.70548561598784,105.12871077396224,106.12280371189117,103.19054210795332,100.75086891887199,102.00961071321942,104.59705745666355,103.13092665469462,101.91109006015395
S07,2026-10-27,9,107.1,2026-10-18,119.1,95.62857142857142,96.08782891056318,96.70861394215981,96.17456688776615,94.97498204562895,99.99068253039626,94.8339264171464,95.17463131717776,90.64700237294596,89.05593353078238,95.46087766385479,95.63123011387046,93.36741564175458
S08,2026-10-27,9,115.1,2026-10-18,129.0,154.3857142857143,136.3162927660462,137.24183969369582,140.46029761764902,136.4129624738147,159.31104718064822,151.68200587545124,151.21162205370763,144.96409410146325,145.35342945834273,143.9991493207487,143.76395740987692,140.64019343375472
S09,2026-10-27,9,113.2,2026-10-18,117.7,115.49999999999999,120.78605735169941,119.7247662754554,117.45816789884516,120.90813809464268,123.06744639030629,122.84473752975462,123.213620043422,117.92967972499228,116.93876386216097,121.81539744072703,121.9998386975607,119.35786853834585
S10,2026-10-27,9,131.4,2026-10-18,133.4,134.07142857142858,131.6194153046768,132.35016176099757,133.7730677414493,130.92742177407487,134.91452136040803,138.1255843979972,140.33399814264536,142.70262791893919,139.07744477222664,134.872499851337,135.9767067236611,137.161021611808
S11,2026-10-27,9,94.0,2026-10-18,83.0,90.92857142857143,94.09480917959955,93.49145786948877,91.98433641353522,93.49344928142413,87.56831830786783,87.1508071081979,87.23419674526592,87.24881144495451,84.63988203757876,90.62280814389872,90.66450296243273,90.67181031227703
S12,2026-10-27,9,164.1,2026-10-18,129.8,135.02857142857144,135.92464950247853,135.55131093756998,134.05487099974013,137.8075756170625,150.86686299319138,146.8543980734689,153.10182702888176,151.26557819852098,151.75054157934937,141.3895237879737,144.51323826568014,143.59511385049976
S13,2026-10-27,9,128.6,2026-10-18,135.1,147.88571428571427,131.33519379219575,130.1300325183435,132.26634559228086,131.30480324215492,142.82502638892856,143.64124511991227,140.49339531826098,134.6028846353204,139.13130868167664,137.48821945605403,135.91429455522837,132.9690392137581
S14,2026-10-27,9,119.6,2026-10-18,103.7,119.12857142857142,103.38647360741388,103.88495472215064,106.23087646704317,102.54835293340315,107.30488038627317,108.1320466177804,101.81647506334215,102.23327277975963,104.5160353276776,105.75926011259713,102.60147433537801,102.80987319358675
S15,2026-10-27,9,133.6,2026-10-18,96.2,102.5,102.37429825821897,102.48411255178257,102.38954128360062,101.74584633334054,103.12563458622196,105.09899091720581,103.9198437906017,96.57257014679877,95.78434527912766,103.73664458771239,103.14707102441034,99.47343420250887
S01,2026-10-28,10,121.3,2026-10-18,131.4,115.44285714285715,126.10414277458455,127.5315363223161,127.797730205702,125.99586980629846,123.77265178591477,125.01549946921213,128.98871883962502,129.49815204863873,131.24605560650755,125.55982112189834,127.54643080710478,127.80114741161164
S02,2026-10-28,10,136.7,2026-10-18,117.9,149.81428571428572,152.42526106991414,153.43295712284814,153.3120940027138,152.39828030270112,156.1051073682502,158.07178445543562,158.0883713196232,159.27128902801402,160.058291555083,155.2485227626749,155.25681619476867,155.84827504896407
S03,2026-10-28,10,137.4,2026-10-18,114.8,131.3008746355685,135.55952746370818,135.73108082085955,134.29688824230277,136.95569993578013,139.76006762062698,140.82905761896694,142.32544721134175,141.14789153071087,142.22198373222133,138.19429254133757,138.94248733752497,138.35370949720954
S04,2026-10-28,10,132.6,2026-10-18,111.4,127.98571428571428,133.93607231569828,134.00882740929381,132.42072314837048,134.96917680045655,139.47832321752728,134.3339999607631,136.86489076850592,134.78124797008584,132.86879213747096,134.1350361382307,135.4004815421021,134.35866014289206
S05,2026-10-28,10,88.5,2026-10-18,102.8,102.37142857142858,113.26138283933116,113.58477630441273,111.87120158927446,113.54926963392255,117.31913265204453,116.05172260829382,116.80725416637537,110.81458974515455,114.7352668527358,114.6565527238125,115.03431850285327,112.03798629224286
S06,2026-10-28,10,101.0,2026-10-18,97.4,104.89999999999999,112.32972979427954,113.1988406668665,113.44428091646017,111.78648463632145,117.27954628244912,117.31918182373046,116.47610480205503,116.17960019229605,119.91084532665485,114.824455809005,114.4029172981673,114.2546649932878
S07,2026-10-28,10,102.4,2026-10-18,119.1,95.62857142857142,105.3462475034068,105.8256775332588,102.86713697882115,105.05598106596256,110.88317014017566,105.73579207829066,106.79257564735912,102.26903616260974,106.04362042481286,105.54101979084874,106.06941157538296,103.80764183300826
S08,2026-10-28,10,135.4,2026-10-18,129.0,154.3857142857143,145.57471135888983,146.3589032847948,147.15286770870404,146.4939614941483,150.38819773912,149.14121507917133,148.66233198179336,150.40153933313215,147.75047892098402,147.35796321903058,147.11852167034158,147.98812534601097
S09,2026-10-28,10,113.6,2026-10-18,117.7,115.49999999999999,130.04447594454302,128.84182986655438,124.15073798990016,130.9891371149763,135.59166650944852,132.4366226196289,137.26884392246373,129.22774687277996,133.21834213792104,131.24054928208596,133.65665993350336,129.63611140866152
S10,2026-10-28,10,151.7,2026-10-18,133.4,134.07142857142858,140.87783389752042,141.46722535209656,140.46563783250429,141.00842079440847,145.6841024021507,146.6396782738822,149.54249266974443,146.55183989110387,148.51773367162502,143.7587560857013,145.21016328363243,143.71483689431216
S11,2026-10-28,10,116.2,2026-10-18,83.0,90.92857142857143,103.35322777244316,102.60852146058775,98.67690650459022,103.57444830175774,99.02708217275958,98.40908976963588,99.0526969029497,98.57034917300994,98.55158691320442,100.88115877103952,101.20296233769643,100.96178847272655
S12,2026-10-28,10,158.7,2026-10-18,129.8,135.02857142857144,145.18306809532214,144.66837452866895,140.74744109079515,147.88857463739612,142.54954577268694,145.42119151524136,146.11084553742938,145.8317877004369,147.25097104436415,145.30212980528177,145.64695681637576,145.50742789787952
S13,2026-10-28,10,144.5,2026-10-18,135.1,147.88571428571427,140.59361238503936,139.24709610944248,138.95891568333585,141.38580226248854,147.45190788247572,146.07780515466416,145.89348716314373,143.42382773006312,144.12967742895822,143.33570876985175,143.24354977409155,142.00872005755124
S14,2026-10-28,10,115.53877551020408,2026-10-18,103.7,119.12857142857142,112.64489220025749,113.00201831324961,112.92344655809818,112.62935195373674,115.16819349760483,114.33473149708338,111.04653389602822,110.44712022230826,110.06309712857401,113.48981184867043,111.84571304814285,111.54600621128287
S15,2026-10-28,10,93.2,2026-10-18,96.2,102.5,111.6327168510626,111.60117614288156,109.08211137465563,111.82684535367414,115.67505877447981,115.63321876525879,117.28967450814582,111.90123782505702,113.41395185237435,113.63296780816069,114.4611956796042,111.7669773380598
